[2026-09-11 18:40:09.212]
[TELEMETRY] Motors: [0, 0, 0, 0] || Vision: CX:  0 CY:  0 W:  0 H:  0 Px:    0 || IMU: AX: -0.4 AY: -0.7 AZ: -8.8 TZ: -0.0 || Yaw Error:-28.7deg || Batt: 3.58V  || State: MANUAL   
[COMMAND] Mode: MANUAL                || Motors: [0, 20, 0, 0]
[LATENCY] Delta:   4.0ms | Avg:   4.6ms | Rate: 219.5 FPS | Queue: 0B

[2026-09-11 18:40:09.243]
[TELEMETRY] Motors: [0, 0, 0, 0] || Vision: CX:  0 CY:  0 W:  0 H:  0 Px:    0 || IMU: AX: -0.5 AY: -0.7 AZ: -8.8 TZ: -0.1 || Yaw Error:-28.7deg || Batt: 3.58V  || State: MANUAL   
[COMMAND] Mode: MANUAL                || Motors: [0, 20, 0, 0]
[LATENCY] Delta:  59.5ms | Avg:   8.0ms | Rate: 125.2 FPS | Queue: 0B

[2026-09-11 18:40:09.275]
[TELEMETRY] Motors: [0, 0, 0, 0] || Vision: CX:  0 CY:  0 W:  0 H:  0 Px:    0 || IMU: AX: -0.5 AY: -0.6 AZ: -8.6 TZ: -0.1 || Yaw Error:-28.7deg || Batt: 3.58V  || State: MANUAL   
[COMMAND] Mode: MANUAL                || Motors: [0, 20, 0, 0]
[LATENCY] Delta:  33.4ms | Avg:   9.5ms | Rate: 105.4 FPS | Queue: 0B

[2026-09-11 18:40:09.313]
[TELEMETRY] Motors: [0, 0, 0, 0] || Vision: CX:  0 CY:  0 W:  0 H:  0 Px:    0 || IMU: AX: -0.5 AY: -0.4 AZ: -8.6 TZ: -0.1 || Yaw Error:-28.7deg || Batt: 3.58V  || State: MANUAL   
[COMMAND] Mode: MANUAL                || Motors: [0, 20, 0, 0]
[LATENCY] Delta:  38.0ms | Avg:  11.1ms | Rate: 90.3 FPS | Queue: 0B

[2026-09-11 18:40:09.461]
[TELEMETRY] Motors: [0, 0, 0, 0] || Vision: CX:  0 CY:  0 W:  0 H:  0 Px:    0 || IMU: AX: -0.5 AY: -0.5 AZ: -8.6 TZ: -0.1 || Yaw Error:-28.7deg || Batt: 3.58V  || State: MANUAL   
[COMMAND] Mode: MANUAL                || Motors: [0, 20, 0, 0]
[LATENCY] Delta: 147.4ms | Avg:  18.2ms | Rate: 54.8 FPS | Queue: 0B

[2026-09-11 18:40:09.465]
[TELEMETRY] Motors: [0, 0, 0, 0] || Vision: CX:  0 CY:  0 W:  0 H:  0 Px:    0 || IMU: AX: -0.6 AY: -0.5 AZ: -8.6 TZ: -0.1 || Yaw Error:-28.7deg || Batt: 3.58V  || State: MANUAL   
[COMMAND] Mode: MANUAL                || Motors: [0, 20, 0, 0]
[LATENCY] Delta:   3.6ms | Avg:  17.5ms | Rate: 57.1 FPS | Queue: 0B

[2026-09-11 18:40:09.471]
[TELEMETRY] Motors: [0, 0, 0, 0] || Vision: CX:  0 CY:  0 W:  0 H:  0 Px:    0 || IMU: AX: -0.6 AY: -0.4 AZ: -8.7 TZ: -0.1 || Yaw Error:-28.7deg || Batt: 3.58V  || State: MANUAL   
[COMMAND] Mode: MANUAL                || Motors: [0, 20, 0, 0]
[LATENCY] Delta:   7.2ms | Avg:  17.0ms | Rate: 58.7 FPS | Queue: 0B

[2026-09-11 18:40:09.498]
[TELEMETRY] Motors: [0, 0, 0, 0] || Vision: CX:  0 CY:  0 W:  0 H:  0 Px:    0 || IMU: AX: -0.7 AY: -0.3 AZ: -8.7 TZ: -0.0 || Yaw Error:-28.7deg || Batt: 3.58V  || State: MANUAL   
[COMMAND] Mode: MANUAL                || Motors: [0, 20, 0, 0]
[LATENCY] Delta:  26.8ms | Avg:  17.5ms | Rate: 57.3 FPS | Queue: 0B

[2026-09-11 18:40:09.503]
[TELEMETRY] Motors: [0, 20, 0, 0] || Vision: CX:  0 CY:  0 W:  0 H:  0 Px:    0 || IMU: AX: -0.8 AY: -0.4 AZ: -8.8 TZ: -0.0 || Yaw Error:-28.7deg || Batt: 3.58V  || State: MANUAL   
[COMMAND] Mode: MANUAL                || Motors: [0, 20, 0, 0]
[LATENCY] Delta:   3.5ms | Avg:  16.9ms | Rate: 59.3 FPS | Queue: 0B

[2026-09-11 18:40:09.583]
[TELEMETRY] Motors: [0, 20, 0, 0] || Vision: CX:  0 CY:  0 W:  0 H:  0 Px:    0 || IMU: AX: -0.5 AY: -0.3 AZ: -8.8 TZ: -0.0 || Yaw Error:-28.7deg || Batt: 3.58V  || State: MANUAL   
[COMMAND] Mode: MANUAL                || Motors: [0, 20, 0, 0]
[LATENCY] Delta:  80.5ms | Avg:  19.5ms | Rate: 51.3 FPS | Queue: 0B

[2026-09-11 18:40:09.588]
[TELEMETRY] Motors: [0, 20, 0, 0] || Vision: CX:  0 CY:  0 W:  0 H:  0 Px:    0 || IMU: AX: -0.6 AY: -0.4 AZ: -8.7 TZ: -0.0 || Yaw Error:-28.7deg || Batt: 3.58V  || State: MANUAL   
[COMMAND] Mode: MANUAL                || Motors: [0, 20, 0, 0]
[LATENCY] Delta:   1.7ms | Avg:  18.8ms | Rate: 53.2 FPS | Queue: 0B

[2026-09-11 18:40:09.663]
[TELEMETRY] Motors: [0, 20, 0, 0] || Vision: CX:  0 CY:  0 W:  0 H:  0 Px:    0 || IMU: AX: -0.5 AY: -0.4 AZ: -8.7 TZ: -0.0 || Yaw Error:-28.7deg || Batt: 3.58V  || State: MANUAL   
[COMMAND] Mode: MANUAL                || Motors: [0, 20, 0, 0]
[LATENCY] Delta:  78.8ms | Avg:  21.1ms | Rate: 47.4 FPS | Queue: 0B

[2026-09-11 18:40:09.698]
[TELEMETRY] Motors: [0, 20, 0, 0] || Vision: CX:  0 CY:  0 W:  0 H:  0 Px:    0 || IMU: AX: -0.6 AY: -0.4 AZ: -8.7 TZ:  0.0 || Yaw Error:-28.7deg || Batt: 3.58V  || State: MANUAL   
[COMMAND] Mode: MANUAL                || Motors: [0, 20, 0, 0]
[LATENCY] Delta:  35.9ms | Avg:  21.7ms | Rate: 46.2 FPS | Queue: 0B

[2026-09-11 18:40:09.717]
[TELEMETRY] Motors: [0, 20, 0, 0] || Vision: CX:  0 CY:  0 W:  0 H:  0 Px:    0 || IMU: AX: -0.5 AY: -0.3 AZ: -8.7 TZ:  0.0 || Yaw Error:-28.7deg || Batt: 3.58V  || State: MANUAL   
[COMMAND] Mode: MANUAL                || Motors: [0, 20, 0, 0]
[LATENCY] Delta:  18.4ms | Avg:  21.5ms | Rate: 46.4 FPS | Queue: 0B

[2026-09-11 18:40:09.759]
[TELEMETRY] Motors: [0, 20, 0, 1] || Vision: CX:  0 CY:  0 W:  0 H:  0 Px:    0 || IMU: AX: -0.3 AY: -0.3 AZ: -8.6 TZ:  0.1 || Yaw Error:-28.7deg || Batt: 3.58V  || State: MANUAL   
[COMMAND] Mode: MANUAL                || Motors: [0, 20, 0, 0]
[LATENCY] Delta:  42.4ms | Avg:  22.3ms | Rate: 44.9 FPS | Queue: 0B

[2026-09-11 18:40:09.816]
[TELEMETRY] Motors: [0, 20, 0, 2] || Vision: CX:  0 CY:  0 W:  0 H:  0 Px:    0 || IMU: AX: -0.3 AY: -0.4 AZ: -8.7 TZ:  0.1 || Yaw Error:-28.7deg || Batt: 3.58V  || State: MANUAL   
[COMMAND] Mode: MANUAL                || Motors: [0, 20, 0, 0]
[LATENCY] Delta:  56.2ms | Avg:  23.4ms | Rate: 42.8 FPS | Queue: 0B

[2026-09-11 18:40:09.822]
[TELEMETRY] Motors: [0, 20, 0, 3] || Vision: CX:  0 CY:  0 W:  0 H:  0 Px:    0 || IMU: AX: -0.2 AY: -0.5 AZ: -8.8 TZ:  0.1 || Yaw Error:-28.7deg || Batt: 3.58V  || State: MANUAL   
[COMMAND] Mode: MANUAL                || Motors: [0, 20, 0, 0]
[LATENCY] Delta:   5.5ms | Avg:  22.8ms | Rate: 43.8 FPS | Queue: 0B

[2026-09-11 18:40:09.893]
[TELEMETRY] Motors: [0, 20, 0, 5] || Vision: CX:  0 CY:  0 W:  0 H:  0 Px:    0 || IMU: AX: -0.0 AY: -0.5 AZ: -8.9 TZ:  0.2 || Yaw Error:-28.7deg || Batt: 3.58V  || State: MANUAL   
[COMMAND] Mode: MANUAL                || Motors: [0, 20, 0, 0]
[LATENCY] Delta:  71.9ms | Avg:  24.3ms | Rate: 41.1 FPS | Queue: 0B

[2026-09-11 18:40:09.929]
[TELEMETRY] Motors: [0, 20, 0, 6] || Vision: CX:  0 CY:  0 W:  0 H:  0 Px:    0 || IMU: AX: -0.2 AY: -0.7 AZ: -8.8 TZ:  0.3 || Yaw Error:-28.7deg || Batt: 3.58V  || State: MANUAL   
[COMMAND] Mode: MANUAL                || Motors: [0, 20, 0, 0]
[LATENCY] Delta:  34.8ms | Avg:  24.7ms | Rate: 40.5 FPS | Queue: 0B

[2026-09-11 18:40:09.951]
[TELEMETRY] Motors: [0, 20, 0, 9] || Vision: CX:  0 CY:  0 W:  0 H:  0 Px:    0 || IMU: AX: -0.2 AY: -0.6 AZ: -8.9 TZ:  0.4 || Yaw Error:-28.7deg || Batt: 3.58V  || State: MANUAL   
[COMMAND] Mode: MANUAL                || Motors: [0, 20, 0, 0]
[LATENCY] Delta:  24.0ms | Avg:  24.6ms | Rate: 40.6 FPS | Queue: 0B

[2026-09-11 18:40:10.023]
[TELEMETRY] Motors: [0, 20, 0, 10] || Vision: CX:  0 CY:  0 W:  0 H:  0 Px:    0 || IMU: AX: -0.0 AY: -0.5 AZ: -8.7 TZ:  0.4 || Yaw Error:-28.7deg || Batt: 3.58V  || State: MANUAL   
[COMMAND] Mode: MANUAL                || Motors: [0, 20, 0, 0]
[LATENCY] Delta:  70.1ms | Avg:  25.9ms | Rate: 38.6 FPS | Queue: 0B

[2026-09-11 18:40:10.027]
[TELEMETRY] Motors: [0, 20, 0, 10] || Vision: CX:  0 CY:  0 W:  0 H:  0 Px:    0 || IMU: AX:  0.1 AY: -0.5 AZ: -8.6 TZ:  0.4 || Yaw Error:-28.7deg || Batt: 3.58V  || State: MANUAL   
[COMMAND] Mode: MANUAL                || Motors: [0, 20, 0, 0]
[LATENCY] Delta:   3.9ms | Avg:  25.3ms | Rate: 39.5 FPS | Queue: 0B

[2026-09-11 18:40:10.084]
[TELEMETRY] Motors: [0, 20, 0, 10] || Vision: CX:  0 CY:  0 W:  0 H:  0 Px:    0 || IMU: AX:  0.0 AY: -0.2 AZ: -8.6 TZ:  0.4 || Yaw Error:-28.7deg || Batt: 3.58V  || State: MANUAL   
[COMMAND] Mode: MANUAL                || Motors: [0, 20, 0, 0]
[LATENCY] Delta:  57.6ms | Avg:  26.2ms | Rate: 38.2 FPS | Queue: 0B

[2026-09-11 18:40:10.109]
[TELEMETRY] Motors: [0, 20, 0, 9] || Vision: CX:  0 CY:  0 W:  0 H:  0 Px:    0 || IMU: AX:  0.0 AY: -0.3 AZ: -8.6 TZ:  0.4 || Yaw Error:-28.7deg || Batt: 3.58V  || State: MANUAL   
[COMMAND] Mode: MANUAL                || Motors: [0, 20, 0, 0]
[LATENCY] Delta:  25.8ms | Avg:  26.2ms | Rate: 38.2 FPS | Queue: 0B

[2026-09-11 18:40:10.162]
[TELEMETRY] Motors: [0, 20, 0, 8] || Vision: CX:  0 CY:  0 W:  0 H:  0 Px:    0 || IMU: AX:  0.1 AY: -0.2 AZ: -8.7 TZ:  0.3 || Yaw Error:-28.7deg || Batt: 3.58V  || State: MANUAL   
[COMMAND] Mode: MANUAL                || Motors: [0, 20, 0, 0]
[LATENCY] Delta:  52.6ms | Avg:  26.9ms | Rate: 37.2 FPS | Queue: 0B

[2026-09-11 18:40:10.277]
[TELEMETRY] Motors: [0, 20, 0, 6] || Vision: CX:  0 CY:  0 W:  0 H:  0 Px:    0 || IMU: AX:  0.2 AY: -1.0 AZ: -8.7 TZ:  0.3 || Yaw Error:-28.7deg || Batt: 3.58V  || State: MANUAL   
[COMMAND] Mode: MANUAL                || Motors: [0, 20, 0, 0]
[LATENCY] Delta: 116.3ms | Avg:  29.1ms | Rate: 34.4 FPS | Queue: 0B

[2026-09-11 18:40:10.285]
[TELEMETRY] Motors: [0, 20, 0, 4] || Vision: CX:  0 CY:  0 W:  0 H:  0 Px:    0 || IMU: AX:  0.3 AY: -1.0 AZ: -8.8 TZ:  0.2 || Yaw Error:-28.7deg || Batt: 3.58V  || State: MANUAL   
[COMMAND] Mode: MANUAL                || Motors: [0, 20, 0, 0]
[LATENCY] Delta:   6.1ms | Avg:  28.5ms | Rate: 35.0 FPS | Queue: 0B

[2026-09-11 18:40:10.289]
[TELEMETRY] Motors: [0, 20, 0, 1] || Vision: CX:  0 CY:  0 W:  0 H:  0 Px:    0 || IMU: AX:  0.1 AY: -0.7 AZ: -8.8 TZ:  0.1 || Yaw Error:-28.7deg || Batt: 3.58V  || State: MANUAL   
[COMMAND] Mode: MANUAL                || Motors: [0, 20, 0, 0]
[LATENCY] Delta:   1.7ms | Avg:  27.9ms | Rate: 35.8 FPS | Queue: 0B

[2026-09-11 18:40:10.402]
[TELEMETRY] Motors: [3, 20, 0, 0] || Vision: CX:  0 CY:  0 W:  0 H:  0 Px:    0 || IMU: AX:  0.1 AY: -0.1 AZ: -8.6 TZ: -0.1 || Yaw Error:-28.7deg || Batt: 3.58V  || State: MANUAL   
[COMMAND] Mode: MANUAL                || Motors: [0, 20, 0, 0]
[LATENCY] Delta: 116.5ms | Avg:  30.0ms | Rate: 33.4 FPS | Queue: 0B

[2026-09-11 18:40:10.437]
[TELEMETRY] Motors: [5, 20, 0, 0] || Vision: CX:  0 CY:  0 W:  0 H:  0 Px:    0 || IMU: AX:  0.0 AY: -0.1 AZ: -8.6 TZ: -0.2 || Yaw Error:-28.7deg || Batt: 3.58V  || State: MANUAL   
[COMMAND] Mode: MANUAL                || Motors: [0, 20, 0, 0]
[LATENCY] Delta:  33.9ms | Avg:  30.1ms | Rate: 33.3 FPS | Queue: 0B

[2026-09-11 18:40:10.462]
[TELEMETRY] Motors: [6, 20, 0, 0] || Vision: CX:  0 CY:  0 W:  0 H:  0 Px:    0 || IMU: AX: -0.3 AY: -0.3 AZ: -8.7 TZ: -0.3 || Yaw Error:-28.7deg || Batt: 3.58V  || State: MANUAL   
[COMMAND] Mode: MANUAL                || Motors: [0, 20, 0, 0]
[LATENCY] Delta:  24.6ms | Avg:  29.9ms | Rate: 33.4 FPS | Queue: 0B

[2026-09-11 18:40:10.517]
[TELEMETRY] Motors: [7, 20, 0, 0] || Vision: CX:  0 CY:  0 W:  0 H:  0 Px:    0 || IMU: AX: -0.3 AY: -0.6 AZ: -8.7 TZ: -0.3 || Yaw Error:-28.7deg || Batt: 3.58V  || State: MANUAL   
[COMMAND] Mode: MANUAL                || Motors: [0, 20, 0, 0]
[LATENCY] Delta:  55.6ms | Avg:  30.5ms | Rate: 32.8 FPS | Queue: 0B

[2026-09-11 18:40:10.599]
[TELEMETRY] Motors: [8, 20, 0, 0] || Vision: CX:  0 CY:  0 W:  0 H:  0 Px:    0 || IMU: AX: -0.5 AY: -0.4 AZ: -8.7 TZ: -0.3 || Yaw Error:-28.7deg || Batt: 3.58V  || State: MANUAL   
[COMMAND] Mode: MANUAL                || Motors: [0, 20, 0, 0]
[LATENCY] Delta:  82.4ms | Avg:  31.6ms | Rate: 31.7 FPS | Queue: 0B

[2026-09-11 18:40:10.604]
[TELEMETRY] Motors: [8, 20, 0, 0] || Vision: CX:  0 CY:  0 W:  0 H:  0 Px:    0 || IMU: AX: -0.4 AY: -0.5 AZ: -8.6 TZ: -0.3 || Yaw Error:-28.7deg || Batt: 3.58V  || State: MANUAL   
[COMMAND] Mode: MANUAL                || Motors: [0, 20, 0, 0]
[LATENCY] Delta:   4.0ms | Avg:  31.0ms | Rate: 32.2 FPS | Queue: 0B

[2026-09-11 18:40:10.628]
[TELEMETRY] Motors: [7, 20, 0, 0] || Vision: CX:  0 CY:  0 W:  0 H:  0 Px:    0 || IMU: AX: -0.2 AY: -0.4 AZ: -8.7 TZ: -0.3 || Yaw Error:-28.7deg || Batt: 3.58V  || State: MANUAL   
[COMMAND] Mode: MANUAL                || Motors: [0, 20, 0, 0]
[LATENCY] Delta:  24.4ms | Avg:  30.9ms | Rate: 32.4 FPS | Queue: 0B

[2026-09-11 18:40:10.676]
[TELEMETRY] Motors: [9, 20, 0, 0] || Vision: CX:  0 CY:  0 W:  0 H:  0 Px:    0 || IMU: AX: -0.8 AY: -0.8 AZ: -8.6 TZ: -0.4 || Yaw Error:-28.7deg || Batt: 3.58V  || State: MANUAL   
[COMMAND] Mode: MANUAL                || Motors: [0, 20, 0, 0]
[LATENCY] Delta:  49.3ms | Avg:  31.2ms | Rate: 32.0 FPS | Queue: 0B

[2026-09-11 18:40:10.730]
[TELEMETRY] Motors: [8, 20, 0, 0] || Vision: CX:  0 CY:  0 W:  0 H:  0 Px:    0 || IMU: AX: -0.6 AY: -0.4 AZ: -8.9 TZ: -0.3 || Yaw Error:-28.7deg || Batt: 3.58V  || State: MANUAL   
[COMMAND] Mode: MANUAL                || Motors: [0, 20, 0, 0]
[LATENCY] Delta:  53.0ms | Avg:  31.7ms | Rate: 31.6 FPS | Queue: 0B

[2026-09-11 18:40:10.771]
[TELEMETRY] Motors: [7, 20, 0, 0] || Vision: CX:  0 CY:  0 W:  0 H:  0 Px:    0 || IMU: AX: -0.7 AY: -0.3 AZ: -8.7 TZ: -0.3 || Yaw Error:-28.7deg || Batt: 3.58V  || State: MANUAL   
[COMMAND] Mode: MANUAL                || Motors: [0, 20, 0, 0]
[LATENCY] Delta:  41.1ms | Avg:  31.9ms | Rate: 31.4 FPS | Queue: 0B

[2026-09-11 18:40:10.831]
[TELEMETRY] Motors: [7, 20, 0, 0] || Vision: CX:168 CY:168 W:148 H: 62 Px:  125 || IMU: AX: -0.4 AY: -0.1 AZ: -8.8 TZ: -0.3 || Yaw Error: +1.4deg || Batt: 3.58V  || State: MANUAL   
[COMMAND] Mode: MANUAL                || Motors: [0, 20, 0, 0]
[LATENCY] Delta:  59.5ms | Avg:  32.4ms | Rate: 30.9 FPS | Queue: 0B

[2026-09-11 18:40:10.835]
[TELEMETRY] Motors: [7, 20, 0, 0] || Vision: CX:146 CY:178 W:112 H: 62 Px:   84 || IMU: AX: -0.3 AY: -0.6 AZ: -8.8 TZ: -0.3 || Yaw Error: -2.5deg || Batt: 3.58V  || State: MANUAL   
[COMMAND] Mode: MANUAL                || Motors: [0, 20, 0, 0]
[LATENCY] Delta:   4.2ms | Avg:  31.9ms | Rate: 31.4 FPS | Queue: 0B

[2026-09-11 18:40:10.884]
[TELEMETRY] Motors: [5, 20, 0, 0] || Vision: CX:  0 CY:  0 W:  0 H:  0 Px:    0 || IMU: AX: -0.3 AY: -0.8 AZ: -8.6 TZ: -0.2 || Yaw Error:-28.7deg || Batt: 3.58V  || State: MANUAL   
[COMMAND] Mode: MANUAL                || Motors: [0, 20, 0, 0]
[LATENCY] Delta:  50.2ms | Avg:  32.2ms | Rate: 31.1 FPS | Queue: 0B

[2026-09-11 18:40:11.001]
[TELEMETRY] Motors: [1, 20, 0, 0] || Vision: CX:  0 CY:  0 W:  0 H:  0 Px:    0 || IMU: AX: -0.7 AY: -0.1 AZ: -8.8 TZ: -0.1 || Yaw Error:-28.7deg || Batt: 3.57V  || State: MANUAL   
[COMMAND] Mode: MANUAL                || Motors: [0, 20, 0, 0]
[LATENCY] Delta: 115.7ms | Avg:  33.7ms | Rate: 29.7 FPS | Queue: 0B

[2026-09-11 18:40:11.005]
[TELEMETRY] Motors: [0, 20, 0, 8] || Vision: CX:  0 CY:  0 W:  0 H:  0 Px:    0 || IMU: AX: -0.3 AY: -0.6 AZ: -8.9 TZ:  0.3 || Yaw Error:-28.7deg || Batt: 3.57V  || State: MANUAL   
[COMMAND] Mode: MANUAL                || Motors: [0, 20, 0, 0]
[LATENCY] Delta:   0.1ms | Avg:  32.6ms | Rate: 30.7 FPS | Queue: 0B

[2026-09-11 18:40:11.032]
[TELEMETRY] Motors: [0, 20, 0, 15] || Vision: CX:  0 CY:  0 W:  0 H:  0 Px:    0 || IMU: AX: -0.2 AY: -0.4 AZ: -8.9 TZ:  0.6 || Yaw Error:-28.7deg || Batt: 3.57V  || State: MANUAL   
[COMMAND] Mode: MANUAL                || Motors: [0, 20, 0, 0]
[LATENCY] Delta:  27.3ms | Avg:  32.5ms | Rate: 30.8 FPS | Queue: 0B

[2026-09-11 18:40:11.081]
[TELEMETRY] Motors: [0, 20, 0, 21] || Vision: CX:  0 CY:  0 W:  0 H:  0 Px:    0 || IMU: AX: -0.3 AY: -0.6 AZ: -8.9 TZ:  0.8 || Yaw Error:-28.7deg || Batt: 3.57V  || State: MANUAL   
[COMMAND] Mode: MANUAL                || Motors: [0, 20, 0, 0]
[LATENCY] Delta:  49.5ms | Avg:  32.8ms | Rate: 30.5 FPS | Queue: 0B

[2026-09-11 18:40:11.104]
[TELEMETRY] Motors: [0, 20, 0, 26] || Vision: CX:  0 CY:  0 W:  0 H:  0 Px:    0 || IMU: AX: -0.2 AY: -0.5 AZ: -8.6 TZ:  1.0 || Yaw Error:-28.7deg || Batt: 3.57V  || State: MANUAL   
[COMMAND] Mode: MANUAL                || Motors: [0, 20, 0, 0]
[LATENCY] Delta:  21.9ms | Avg:  32.6ms | Rate: 30.7 FPS | Queue: 0B

[2026-09-11 18:40:11.165]
[TELEMETRY] Motors: [0, 20, 0, 28] || Vision: CX:  0 CY:  0 W:  0 H:  0 Px:    0 || IMU: AX:  0.7 AY: -0.5 AZ: -8.2 TZ:  1.1 || Yaw Error:-28.7deg || Batt: 3.57V  || State: MANUAL   
[COMMAND] Mode: MANUAL                || Motors: [0, 20, 0, 0]
[LATENCY] Delta:  61.4ms | Avg:  33.1ms | Rate: 30.2 FPS | Queue: 0B

[2026-09-11 18:40:11.214]
[TELEMETRY] Motors: [0, 20, 0, 29] || Vision: CX:  0 CY:  0 W:  0 H:  0 Px:    0 || IMU: AX:  0.6 AY: -0.8 AZ: -8.7 TZ:  1.2 || Yaw Error:-28.7deg || Batt: 3.57V  || State: MANUAL   
[COMMAND] Mode: MANUAL                || Motors: [0, 20, 0, 0]
[LATENCY] Delta:  49.3ms | Avg:  33.3ms | Rate: 30.0 FPS | Queue: 0B

[2026-09-11 18:40:11.225]
[TELEMETRY] Motors: [0, 20, 0, 27] || Vision: CX:  0 CY:  0 W:  0 H:  0 Px:    0 || IMU: AX: -2.3 AY:  0.4 AZ: -8.8 TZ:  1.1 || Yaw Error:-28.7deg || Batt: 3.57V  || State: MANUAL   
[COMMAND] Mode: MANUAL                || Motors: [0, 20, 0, 0]
[LATENCY] Delta:  11.1ms | Avg:  33.0ms | Rate: 30.3 FPS | Queue: 0B

[2026-09-11 18:40:11.270]
[TELEMETRY] Motors: [0, 20, 0, 24] || Vision: CX:  0 CY:  0 W:  0 H:  0 Px:    0 || IMU: AX: -1.8 AY: -0.7 AZ: -7.6 TZ:  1.0 || Yaw Error:-28.7deg || Batt: 3.57V  || State: MANUAL   
[COMMAND] Mode: MANUAL                || Motors: [0, 20, 0, 0]
[LATENCY] Delta:  45.2ms | Avg:  33.2ms | Rate: 30.1 FPS | Queue: 0B

[2026-09-11 18:40:11.349]
[TELEMETRY] Motors: [0, 20, 0, 19] || Vision: CX:  0 CY:  0 W:  0 H:  0 Px:    0 || IMU: AX: -3.7 AY:  2.8 AZ: -8.4 TZ:  0.8 || Yaw Error:-28.7deg || Batt: 3.57V  || State: MANUAL   
[COMMAND] Mode: MANUAL                || Motors: [0, 20, 0, 0]
[LATENCY] Delta:  78.3ms | Avg:  33.9ms | Rate: 29.5 FPS | Queue: 0B

[2026-09-11 18:40:11.358]
[TELEMETRY] Motors: [0, 20, 0, 12] || Vision: CX:  0 CY:  0 W:  0 H:  0 Px:    0 || IMU: AX:  0.5 AY:  1.0 AZ: -9.4 TZ:  0.5 || Yaw Error:-28.7deg || Batt: 3.57V  || State: MANUAL   
[COMMAND] Mode: MANUAL                || Motors: [0, 20, 0, 0]
[LATENCY] Delta:   8.2ms | Avg:  33.5ms | Rate: 29.9 FPS | Queue: 0B

[2026-09-11 18:40:11.394]
[TELEMETRY] Motors: [0, 20, 0, 7] || Vision: CX:  0 CY:  0 W:  0 H:  0 Px:    0 || IMU: AX: -0.5 AY: -0.3 AZ: -8.5 TZ:  0.3 || Yaw Error:-28.7deg || Batt: 3.57V  || State: MANUAL   
[COMMAND] Mode: MANUAL                || Motors: [0, 20, 0, 0]
[LATENCY] Delta:  36.3ms | Avg:  33.5ms | Rate: 29.8 FPS | Queue: 0B

[2026-09-11 18:40:11.428]
[TELEMETRY] Motors: [0, 20, 0, 1] || Vision: CX:  0 CY:  0 W:  0 H:  0 Px:    0 || IMU: AX:  0.0 AY: -0.5 AZ: -8.6 TZ:  0.1 || Yaw Error:-28.7deg || Batt: 3.57V  || State: MANUAL   
[COMMAND] Mode: MANUAL                || Motors: [0, 20, 0, 0]
[LATENCY] Delta:  34.3ms | Avg:  33.5ms | Rate: 29.8 FPS | Queue: 0B

[2026-09-11 18:40:11.466]
[TELEMETRY] Motors: [3, 20, 0, 0] || Vision: CX:  0 CY:  0 W:  0 H:  0 Px:    0 || IMU: AX:  0.9 AY: -0.7 AZ: -8.2 TZ: -0.1 || Yaw Error:-28.7deg || Batt: 3.57V  || State: MANUAL   
[COMMAND] Mode: MANUAL                || Motors: [0, 20, 0, 0]
[LATENCY] Delta:  37.2ms | Avg:  33.6ms | Rate: 29.8 FPS | Queue: 0B

[2026-09-11 18:40:11.502]
[TELEMETRY] Motors: [7, 20, 0, 0] || Vision: CX:  0 CY:  0 W:  0 H:  0 Px:    0 || IMU: AX: -0.3 AY: -0.5 AZ: -9.1 TZ: -0.3 || Yaw Error:-28.7deg || Batt: 3.57V  || State: MANUAL   
[COMMAND] Mode: MANUAL                || Motors: [0, 20, 0, 0]
[LATENCY] Delta:  37.8ms | Avg:  33.6ms | Rate: 29.7 FPS | Queue: 0B

[2026-09-11 18:40:11.609]
[TELEMETRY] Motors: [10, 20, 0, 0] || Vision: CX:  0 CY:  0 W:  0 H:  0 Px:    0 || IMU: AX:  0.1 AY: -0.1 AZ: -8.9 TZ: -0.4 || Yaw Error:-28.7deg || Batt: 3.57V  || State: MANUAL   
[COMMAND] Mode: MANUAL                || Motors: [0, 20, 0, 0]
[LATENCY] Delta: 107.1ms | Avg:  34.7ms | Rate: 28.8 FPS | Queue: 0B

[2026-09-11 18:40:11.613]
[TELEMETRY] Motors: [13, 20, 0, 0] || Vision: CX:  0 CY:  0 W:  0 H:  0 Px:    0 || IMU: AX: -0.1 AY: -0.6 AZ: -8.9 TZ: -0.5 || Yaw Error:-28.7deg || Batt: 3.57V  || State: MANUAL   
[COMMAND] Mode: MANUAL                || Motors: [0, 20, 0, 0]
[LATENCY] Delta:   3.1ms | Avg:  34.2ms | Rate: 29.2 FPS | Queue: 0B

[2026-09-11 18:40:11.663]
[TELEMETRY] Motors: [15, 20, 0, 0] || Vision: CX:  0 CY:  0 W:  0 H:  0 Px:    0 || IMU: AX: -0.4 AY: -0.7 AZ: -8.6 TZ: -0.6 || Yaw Error:-28.7deg || Batt: 3.57V  || State: MANUAL   
[COMMAND] Mode: MANUAL                || Motors: [0, 20, 0, 0]
[LATENCY] Delta:  49.8ms | Avg:  34.4ms | Rate: 29.0 FPS | Queue: 0B

[2026-09-11 18:40:11.668]
[TELEMETRY] Motors: [16, 20, 0, 0] || Vision: CX:  0 CY:  0 W:  0 H:  0 Px:    0 || IMU: AX: -0.2 AY: -0.3 AZ: -8.5 TZ: -0.7 || Yaw Error:-28.7deg || Batt: 3.57V  || State: MANUAL   
[COMMAND] Mode: MANUAL                || Motors: [0, 20, 0, 0]
[LATENCY] Delta:   6.5ms | Avg:  34.1ms | Rate: 29.4 FPS | Queue: 0B

[2026-09-11 18:40:11.717]
[TELEMETRY] Motors: [19, 20, 0, 0] || Vision: CX:  0 CY:  0 W:  0 H:  0 Px:    0 || IMU: AX: -0.3 AY: -0.3 AZ: -8.6 TZ: -0.8 || Yaw Error:-28.7deg || Batt: 3.57V  || State: MANUAL   
[COMMAND] Mode: MANUAL                || Motors: [0, 20, 0, 0]
[LATENCY] Delta:  47.4ms | Avg:  34.2ms | Rate: 29.2 FPS | Queue: 0B

[2026-09-11 18:40:11.764]
[TELEMETRY] Motors: [20, 20, 0, 0] || Vision: CX:  0 CY:  0 W:  0 H:  0 Px:    0 || IMU: AX: -0.4 AY: -0.9 AZ: -8.5 TZ: -0.8 || Yaw Error:-28.7deg || Batt: 3.57V  || State: MANUAL   
[COMMAND] Mode: MANUAL                || Motors: [0, 20, 0, 0]
[LATENCY] Delta:  46.6ms | Avg:  34.4ms | Rate: 29.1 FPS | Queue: 0B

[2026-09-11 18:40:11.821]
[TELEMETRY] Motors: [22, 20, 0, 0] || Vision: CX:  0 CY:  0 W:  0 H:  0 Px:    0 || IMU: AX:  0.5 AY: -0.2 AZ: -9.0 TZ: -0.9 || Yaw Error:-28.7deg || Batt: 3.57V  || State: MANUAL   
[COMMAND] Mode: MANUAL                || Motors: [0, 20, 0, 0]
[LATENCY] Delta:  57.4ms | Avg:  34.7ms | Rate: 28.8 FPS | Queue: 0B

[2026-09-11 18:40:11.826]
[TELEMETRY] Motors: [22, 20, 0, 0] || Vision: CX:  0 CY:  0 W:  0 H:  0 Px:    0 || IMU: AX:  0.5 AY:  0.2 AZ: -9.2 TZ: -0.9 || Yaw Error:-28.7deg || Batt: 3.57V  || State: MANUAL   
[COMMAND] Mode: MANUAL                || Motors: [0, 20, 0, 0]
[LATENCY] Delta:   1.9ms | Avg:  34.3ms | Rate: 29.2 FPS | Queue: 0B

[2026-09-11 18:40:11.872]
[TELEMETRY] Motors: [21, 20, 0, 0] || Vision: CX:  0 CY:  0 W:  0 H:  0 Px:    0 || IMU: AX:  0.2 AY:  0.0 AZ: -9.4 TZ: -0.9 || Yaw Error:-28.7deg || Batt: 3.57V  || State: MANUAL   
[COMMAND] Mode: MANUAL                || Motors: [0, 20, 0, 0]
[LATENCY] Delta:  49.9ms | Avg:  34.5ms | Rate: 29.0 FPS | Queue: 0B

[2026-09-11 18:40:11.906]
[TELEMETRY] Motors: [18, 20, 0, 0] || Vision: CX:  0 CY:  0 W:  0 H:  0 Px:    0 || IMU: AX: -1.2 AY: -1.5 AZ: -7.9 TZ: -0.8 || Yaw Error:-28.7deg || Batt: 3.57V  || State: MANUAL   
[COMMAND] Mode: MANUAL                || Motors: [0, 20, 0, 0]
[LATENCY] Delta:  33.8ms | Avg:  34.5ms | Rate: 29.0 FPS | Queue: 0B

[2026-09-11 18:40:11.975]
[TELEMETRY] Motors: [16, 20, 0, 0] || Vision: CX:  0 CY:  0 W:  0 H:  0 Px:    0 || IMU: AX: -0.5 AY: -1.2 AZ: -8.7 TZ: -0.7 || Yaw Error:-28.7deg || Batt: 3.56V  || State: MANUAL   
[COMMAND] Mode: MANUAL                || Motors: [0, 20, 0, 0]
[LATENCY] Delta:  69.2ms | Avg:  34.9ms | Rate: 28.7 FPS | Queue: 0B

[2026-09-11 18:40:12.036]
[TELEMETRY] Motors: [13, 20, 0, 0] || Vision: CX:  0 CY:  0 W:  0 H:  0 Px:    0 || IMU: AX: -0.0 AY: -0.3 AZ: -8.7 TZ: -0.5 || Yaw Error:-28.7deg || Batt: 3.56V  || State: MANUAL   
[COMMAND] Mode: MANUAL                || Motors: [0, 20, 0, 0]
[LATENCY] Delta:  61.3ms | Avg:  35.2ms | Rate: 28.4 FPS | Queue: 0B

[2026-09-11 18:40:12.041]
[TELEMETRY] Motors: [8, 20, 0, 0] || Vision: CX:  0 CY:  0 W:  0 H:  0 Px:    0 || IMU: AX:  0.4 AY:  0.3 AZ: -9.2 TZ: -0.3 || Yaw Error:-28.7deg || Batt: 3.56V  || State: MANUAL   
[COMMAND] Mode: MANUAL                || Motors: [0, 20, 0, 0]
[LATENCY] Delta:   4.3ms | Avg:  34.8ms | Rate: 28.7 FPS | Queue: 0B

[2026-09-11 18:40:12.073]
[TELEMETRY] Motors: [3, 20, 0, 0] || Vision: CX:  0 CY:  0 W:  0 H:  0 Px:    0 || IMU: AX: -1.2 AY: -1.1 AZ: -8.3 TZ: -0.2 || Yaw Error:-28.7deg || Batt: 3.56V  || State: MANUAL   
[COMMAND] Mode: MANUAL                || Motors: [0, 20, 0, 0]
[LATENCY] Delta:  31.1ms | Avg:  34.8ms | Rate: 28.7 FPS | Queue: 0B

[2026-09-11 18:40:12.116]
[TELEMETRY] Motors: [0, 20, 0, 0] || Vision: CX:  0 CY:  0 W:  0 H:  0 Px:    0 || IMU: AX: -0.1 AY: -0.2 AZ: -9.0 TZ:  0.0 || Yaw Error:-28.7deg || Batt: 3.56V  || State: MANUAL   
[COMMAND] Mode: MANUAL                || Motors: [0, 20, 0, 0]
[LATENCY] Delta:  44.8ms | Avg:  34.9ms | Rate: 28.6 FPS | Queue: 0B

[2026-09-11 18:40:12.175]
[TELEMETRY] Motors: [0, 20, 0, 3] || Vision: CX:  0 CY:  0 W:  0 H:  0 Px:    0 || IMU: AX: -0.6 AY: -0.8 AZ: -8.7 TZ:  0.1 || Yaw Error:-28.7deg || Batt: 3.56V  || State: MANUAL   
[COMMAND] Mode: MANUAL                || Motors: [0, 20, 0, 0]
[LATENCY] Delta:  58.3ms | Avg:  35.2ms | Rate: 28.4 FPS | Queue: 0B

[2026-09-11 18:40:12.181]
[TELEMETRY] Motors: [0, 20, 0, 6] || Vision: CX:  0 CY:  0 W:  0 H:  0 Px:    0 || IMU: AX: -0.5 AY: -0.8 AZ: -8.7 TZ:  0.3 || Yaw Error:-28.7deg || Batt: 3.56V  || State: MANUAL   
[COMMAND] Mode: MANUAL                || Motors: [0, 20, 0, 0]
[LATENCY] Delta:   5.7ms | Avg:  34.8ms | Rate: 28.7 FPS | Queue: 0B

[2026-09-11 18:40:12.235]
[TELEMETRY] Motors: [0, 20, 0, 7] || Vision: CX:  0 CY:  0 W:  0 H:  0 Px:    0 || IMU: AX: -0.5 AY: -0.3 AZ: -8.9 TZ:  0.3 || Yaw Error:-28.7deg || Batt: 3.56V  || State: MANUAL   
[COMMAND] Mode: MANUAL                || Motors: [0, 20, 0, 0]
[LATENCY] Delta:  53.7ms | Avg:  35.1ms | Rate: 28.5 FPS | Queue: 0B

[2026-09-11 18:40:12.266]
[TELEMETRY] Motors: [0, 20, 0, 9] || Vision: CX:  0 CY:  0 W:  0 H:  0 Px:    0 || IMU: AX: -0.4 AY: -0.5 AZ: -8.8 TZ:  0.4 || Yaw Error:-28.7deg || Batt: 3.56V  || State: MANUAL   
[COMMAND] Mode: MANUAL                || Motors: [0, 20, 0, 0]
[LATENCY] Delta:  31.3ms | Avg:  35.0ms | Rate: 28.6 FPS | Queue: 0B

[2026-09-11 18:40:12.310]
[TELEMETRY] Motors: [0, 20, 0, 10] || Vision: CX:  0 CY:  0 W:  0 H:  0 Px:    0 || IMU: AX: -0.4 AY: -0.6 AZ: -9.0 TZ:  0.4 || Yaw Error:-28.7deg || Batt: 3.56V  || State: MANUAL   
[COMMAND] Mode: MANUAL                || Motors: [0, 20, 0, 0]
[LATENCY] Delta:  43.7ms | Avg:  35.1ms | Rate: 28.5 FPS | Queue: 0B

[2026-09-11 18:40:12.346]
[TELEMETRY] Motors: [0, 20, 0, 10] || Vision: CX:  0 CY:  0 W:  0 H:  0 Px:    0 || IMU: AX: -0.4 AY: -0.6 AZ: -8.8 TZ:  0.4 || Yaw Error:-28.7deg || Batt: 3.56V  || State: MANUAL   
[COMMAND] Mode: MANUAL                || Motors: [0, 20, 0, 0]
[LATENCY] Delta:  35.9ms | Avg:  35.1ms | Rate: 28.5 FPS | Queue: 0B

[2026-09-11 18:40:12.379]
[TELEMETRY] Motors: [0, 20, 0, 10] || Vision: CX:  0 CY:  0 W:  0 H:  0 Px:    0 || IMU: AX: -0.2 AY: -0.1 AZ: -8.7 TZ:  0.4 || Yaw Error:-28.7deg || Batt: 3.56V  || State: MANUAL   
[COMMAND] Mode: MANUAL                || Motors: [0, 20, 0, 0]
[LATENCY] Delta:  34.4ms | Avg:  35.1ms | Rate: 28.5 FPS | Queue: 0B

[2026-09-11 18:40:12.461]
[TELEMETRY] Motors: [0, 20, 0, 10] || Vision: CX:  0 CY:  0 W:  0 H:  0 Px:    0 || IMU: AX: -0.2 AY: -0.3 AZ: -8.8 TZ:  0.4 || Yaw Error:-28.7deg || Batt: 3.56V  || State: MANUAL   
[COMMAND] Mode: MANUAL                || Motors: [0, 20, 0, 0]
[LATENCY] Delta:  81.2ms | Avg:  35.6ms | Rate: 28.1 FPS | Queue: 0B

[2026-09-11 18:40:12.465]
[TELEMETRY] Motors: [0, 20, 0, 10] || Vision: CX:  0 CY:  0 W:  0 H:  0 Px:    0 || IMU: AX: -0.3 AY: -0.6 AZ: -8.8 TZ:  0.4 || Yaw Error:-28.7deg || Batt: 3.53V  || State: MANUAL   
[COMMAND] Mode: MANUAL                || Motors: [0, 20, 0, 0]
[LATENCY] Delta:   3.9ms | Avg:  35.3ms | Rate: 28.4 FPS | Queue: 0B

[2026-09-11 18:40:12.575]
[TELEMETRY] Motors: [0, 20, 0, 10] || Vision: CX:  0 CY:  0 W:  0 H:  0 Px:    0 || IMU: AX: -0.4 AY: -0.4 AZ: -8.9 TZ:  0.4 || Yaw Error:-28.7deg || Batt: 3.53V  || State: MANUAL   
[COMMAND] Mode: MANUAL                || Motors: [0, 20, 0, 0]
[LATENCY] Delta: 109.8ms | Avg:  36.0ms | Rate: 27.7 FPS | Queue: 0B

[2026-09-11 18:40:12.583]
[TELEMETRY] Motors: [0, 20, 0, 10] || Vision: CX:  0 CY:  0 W:  0 H:  0 Px:    0 || IMU: AX: -0.1 AY: -0.1 AZ: -8.8 TZ:  0.4 || Yaw Error:-28.7deg || Batt: 3.53V  || State: MANUAL   
[COMMAND] Mode: MANUAL                || Motors: [0, 20, 0, 0]
[LATENCY] Delta:   9.2ms | Avg:  35.8ms | Rate: 28.0 FPS | Queue: 0B

[2026-09-11 18:40:12.588]
[TELEMETRY] Motors: [0, 20, 0, 10] || Vision: CX:  0 CY:  0 W:  0 H:  0 Px:    0 || IMU: AX: -0.2 AY:  0.0 AZ: -8.7 TZ:  0.4 || Yaw Error:-28.7deg || Batt: 3.53V  || State: MANUAL   
[COMMAND] Mode: MANUAL                || Motors: [0, 20, 0, 0]
[LATENCY] Delta:   4.0ms | Avg:  35.4ms | Rate: 28.2 FPS | Queue: 0B

[2026-09-11 18:40:12.654]
[TELEMETRY] Motors: [0, 20, 0, 10] || Vision: CX:  0 CY:  0 W:  0 H:  0 Px:    0 || IMU: AX: -0.5 AY: -0.1 AZ: -8.9 TZ:  0.4 || Yaw Error:-28.7deg || Batt: 3.53V  || State: MANUAL   
[COMMAND] Mode: MANUAL                || Motors: [0, 20, 0, 0]
[LATENCY] Delta:  65.8ms | Avg:  35.8ms | Rate: 28.0 FPS | Queue: 0B

[2026-09-11 18:40:12.687]
[TELEMETRY] Motors: [0, 20, 0, 10] || Vision: CX:  0 CY:  0 W:  0 H:  0 Px:    0 || IMU: AX: -0.2 AY: -0.0 AZ: -8.6 TZ:  0.4 || Yaw Error:-28.7deg || Batt: 3.53V  || State: MANUAL   
[COMMAND] Mode: MANUAL                || Motors: [0, 20, 0, 0]
[LATENCY] Delta:  32.7ms | Avg:  35.7ms | Rate: 28.0 FPS | Queue: 0B

[2026-09-11 18:40:12.739]
[TELEMETRY] Motors: [0, 20, 0, 11] || Vision: CX:  0 CY:  0 W:  0 H:  0 Px:    0 || IMU: AX:  0.7 AY: -0.3 AZ: -8.5 TZ:  0.4 || Yaw Error:-28.7deg || Batt: 3.53V  || State: MANUAL   
[COMMAND] Mode: MANUAL                || Motors: [0, 20, 0, 0]
[LATENCY] Delta:  53.1ms | Avg:  35.9ms | Rate: 27.9 FPS | Queue: 0B

[2026-09-11 18:40:12.742]
[TELEMETRY] Motors: [0, 20, 0, 11] || Vision: CX:  0 CY:  0 W:  0 H:  0 Px:    0 || IMU: AX:  0.4 AY: -0.5 AZ: -8.3 TZ:  0.4 || Yaw Error:-28.7deg || Batt: 3.53V  || State: MANUAL   
[COMMAND] Mode: MANUAL                || Motors: [0, 20, 0, 0]
[LATENCY] Delta:   3.3ms | Avg:  35.6ms | Rate: 28.1 FPS | Queue: 0B

[2026-09-11 18:40:12.795]
[TELEMETRY] Motors: [0, 20, 0, 10] || Vision: CX:  0 CY:  0 W:  0 H:  0 Px:    0 || IMU: AX: -0.7 AY:  0.1 AZ: -9.4 TZ:  0.4 || Yaw Error:-28.7deg || Batt: 3.53V  || State: MANUAL   
[COMMAND] Mode: MANUAL                || Motors: [0, 20, 0, 0]
[LATENCY] Delta:  51.8ms | Avg:  35.7ms | Rate: 28.0 FPS | Queue: 0B

[2026-09-11 18:40:12.873]
[TELEMETRY] Motors: [0, 20, 0, 11] || Vision: CX:  0 CY:  0 W:  0 H:  0 Px:    0 || IMU: AX:  0.6 AY: -0.8 AZ: -8.2 TZ:  0.5 || Yaw Error:-28.7deg || Batt: 3.53V  || State: MANUAL   
[COMMAND] Mode: MANUAL                || Motors: [0, 20, 0, 0]
[LATENCY] Delta:  78.0ms | Avg:  36.1ms | Rate: 27.7 FPS | Queue: 0B

[2026-09-11 18:40:12.925]
[TELEMETRY] Motors: [0, 20, 0, 10] || Vision: CX:  0 CY:  0 W:  0 H:  0 Px:    0 || IMU: AX: -0.4 AY:  0.0 AZ: -9.2 TZ:  0.4 || Yaw Error:-28.7deg || Batt: 3.53V  || State: MANUAL   
[COMMAND] Mode: MANUAL                || Motors: [0, 20, 0, 0]
[LATENCY] Delta:  53.0ms | Avg:  36.3ms | Rate: 27.5 FPS | Queue: 0B

[2026-09-11 18:40:12.932]
[TELEMETRY] Motors: [0, 20, 0, 11] || Vision: CX:  0 CY:  0 W:  0 H:  0 Px:    0 || IMU: AX: -0.7 AY: -0.1 AZ: -8.9 TZ:  0.5 || Yaw Error:-28.7deg || Batt: 3.53V  || State: MANUAL   
[COMMAND] Mode: MANUAL                || Motors: [0, 20, 0, 0]
[LATENCY] Delta:   7.6ms | Avg:  36.0ms | Rate: 27.8 FPS | Queue: 0B

[2026-09-11 18:40:12.999]
[TELEMETRY] Motors: [0, 20, 0, 12] || Vision: CX:  0 CY:  0 W:  0 H:  0 Px:    0 || IMU: AX:  0.8 AY: -0.5 AZ: -8.1 TZ:  0.5 || Yaw Error:-28.7deg || Batt: 3.53V  || State: MANUAL   
[COMMAND] Mode: MANUAL                || Motors: [0, 20, 0, 0]
[LATENCY] Delta:  66.5ms | Avg:  36.3ms | Rate: 27.5 FPS | Queue: 0B

[2026-09-11 18:40:13.006]
[TELEMETRY] Motors: [0, 20, 0, 11] || Vision: CX:  0 CY:  0 W:  0 H:  0 Px:    0 || IMU: AX: -0.4 AY:  0.1 AZ: -9.2 TZ:  0.5 || Yaw Error:-28.7deg || Batt: 3.56V  || State: MANUAL   
[COMMAND] Mode: MANUAL                || Motors: [0, 20, 0, 0]
[LATENCY] Delta:   6.0ms | Avg:  36.0ms | Rate: 27.8 FPS | Queue: 0B

[2026-09-11 18:40:13.041]
[TELEMETRY] Motors: [0, 20, 0, 13] || Vision: CX:  0 CY:  0 W:  0 H:  0 Px:    0 || IMU: AX: -1.2 AY:  0.4 AZ: -9.3 TZ:  0.5 || Yaw Error:-28.7deg || Batt: 3.56V  || State: MANUAL   
[COMMAND] Mode: MANUAL                || Motors: [0, 20, 0, 0]
[LATENCY] Delta:  34.0ms | Avg:  36.0ms | Rate: 27.8 FPS | Queue: 0B

[2026-09-11 18:40:13.096]
[TELEMETRY] Motors: [0, 20, 0, 13] || Vision: CX:  0 CY:  0 W:  0 H:  0 Px:    0 || IMU: AX: -1.3 AY:  0.4 AZ: -9.1 TZ:  0.6 || Yaw Error:-28.7deg || Batt: 3.56V  || State: MANUAL   
[COMMAND] Mode: MANUAL                || Motors: [0, 20, 0, 0]
[LATENCY] Delta:  56.4ms | Avg:  36.2ms | Rate: 27.6 FPS | Queue: 0B

[2026-09-11 18:40:13.158]
[TELEMETRY] Motors: [0, 20, 0, 13] || Vision: CX:  0 CY:  0 W:  0 H:  0 Px:    0 || IMU: AX: -0.6 AY:  0.1 AZ: -9.0 TZ:  0.6 || Yaw Error:-28.7deg || Batt: 3.56V  || State: MANUAL   
[COMMAND] Mode: MANUAL                || Motors: [0, 20, 0, 0]
[LATENCY] Delta:  62.3ms | Avg:  36.4ms | Rate: 27.4 FPS | Queue: 0B

[2026-09-11 18:40:13.162]
[TELEMETRY] Motors: [0, 20, 0, 14] || Vision: CX:  0 CY:  0 W:  0 H:  0 Px:    0 || IMU: AX:  0.8 AY: -0.8 AZ: -8.3 TZ:  0.6 || Yaw Error:-28.7deg || Batt: 3.56V  || State: MANUAL   
[COMMAND] Mode: MANUAL                || Motors: [0, 20, 0, 0]
[LATENCY] Delta:   3.0ms | Avg:  36.1ms | Rate: 27.7 FPS | Queue: 0B

[2026-09-11 18:40:13.205]
[TELEMETRY] Motors: [0, 20, 0, 14] || Vision: CX:  0 CY:  0 W:  0 H:  0 Px:    0 || IMU: AX: -1.3 AY: -0.1 AZ: -8.9 TZ:  0.6 || Yaw Error:-28.7deg || Batt: 3.56V  || State: MANUAL   
[COMMAND] Mode: MANUAL                || Motors: [0, 20, 0, 0]
[LATENCY] Delta:  44.7ms | Avg:  36.2ms | Rate: 27.6 FPS | Queue: 0B

[2026-09-11 18:40:13.219]
[TELEMETRY] Motors: [0, 20, 0, 13] || Vision: CX:  0 CY:  0 W:  0 H:  0 Px:    0 || IMU: AX:  0.7 AY: -0.9 AZ: -8.3 TZ:  0.5 || Yaw Error:-28.7deg || Batt: 3.56V  || State: MANUAL   
[COMMAND] Mode: MANUAL                || Motors: [0, 20, 0, 0]
[LATENCY] Delta:  13.5ms | Avg:  36.0ms | Rate: 27.8 FPS | Queue: 0B

[2026-09-11 18:40:13.291]
[TELEMETRY] Motors: [0, 20, 0, 9] || Vision: CX:  0 CY:  0 W:  0 H:  0 Px:    0 || IMU: AX: -0.3 AY: -0.0 AZ: -8.9 TZ:  0.4 || Yaw Error:-28.7deg || Batt: 3.56V  || State: MANUAL   
[COMMAND] Mode: MANUAL                || Motors: [0, 20, 0, 0]
[LATENCY] Delta:  71.3ms | Avg:  36.3ms | Rate: 27.5 FPS | Queue: 0B

[2026-09-11 18:40:13.299]
[TELEMETRY] Motors: [0, 20, 0, 7] || Vision: CX:  0 CY:  0 W:  0 H:  0 Px:    0 || IMU: AX: -0.7 AY: -0.5 AZ: -8.8 TZ:  0.3 || Yaw Error:-28.7deg || Batt: 3.56V  || State: MANUAL   
[COMMAND] Mode: MANUAL                || Motors: [0, 20, 0, 0]
[LATENCY] Delta:   8.8ms | Avg:  36.1ms | Rate: 27.7 FPS | Queue: 0B

[2026-09-11 18:40:13.360]
[TELEMETRY] Motors: [0, 20, 0, 3] || Vision: CX:  0 CY:  0 W:  0 H:  0 Px:    0 || IMU: AX: -1.1 AY: -0.1 AZ: -8.9 TZ:  0.1 || Yaw Error:-28.7deg || Batt: 3.56V  || State: MANUAL   
[COMMAND] Mode: MANUAL                || Motors: [0, 20, 0, 0]
[LATENCY] Delta:  59.9ms | Avg:  36.3ms | Rate: 27.6 FPS | Queue: 0B

[2026-09-11 18:40:13.397]
[TELEMETRY] Motors: [3, 20, 0, 0] || Vision: CX:  0 CY:  0 W:  0 H:  0 Px:    0 || IMU: AX:  0.0 AY: -0.4 AZ: -8.5 TZ: -0.1 || Yaw Error:-28.7deg || Batt: 3.56V  || State: MANUAL   
[COMMAND] Mode: MANUAL                || Motors: [0, 20, 0, 0]
[LATENCY] Delta:  37.2ms | Avg:  36.3ms | Rate: 27.6 FPS | Queue: 0B

[2026-09-11 18:40:13.433]
[TELEMETRY] Motors: [8, 20, 0, 0] || Vision: CX:  0 CY:  0 W:  0 H:  0 Px:    0 || IMU: AX: -0.6 AY: -0.8 AZ: -8.7 TZ: -0.3 || Yaw Error:-28.7deg || Batt: 3.56V  || State: MANUAL   
[COMMAND] Mode: MANUAL                || Motors: [0, 20, 0, 0]
[LATENCY] Delta:  35.8ms | Avg:  36.3ms | Rate: 27.6 FPS | Queue: 0B

[2026-09-11 18:40:13.470]
[TELEMETRY] Motors: [13, 20, 0, 0] || Vision: CX:  0 CY:  0 W:  0 H:  0 Px:    0 || IMU: AX: -0.4 AY: -0.2 AZ: -8.7 TZ: -0.5 || Yaw Error:-28.7deg || Batt: 3.56V  || State: MANUAL   
[COMMAND] Mode: MANUAL                || Motors: [0, 20, 0, 0]
[LATENCY] Delta:  35.8ms | Avg:  36.3ms | Rate: 27.6 FPS | Queue: 0B

[2026-09-11 18:40:13.503]
[TELEMETRY] Motors: [19, 20, 0, 0] || Vision: CX:  0 CY:  0 W:  0 H:  0 Px:    0 || IMU: AX: -0.6 AY: -0.4 AZ: -8.8 TZ: -0.8 || Yaw Error:-28.7deg || Batt: 3.56V  || State: MANUAL   
[COMMAND] Mode: MANUAL                || Motors: [0, 20, 0, 0]
[LATENCY] Delta:  36.0ms | Avg:  36.3ms | Rate: 27.6 FPS | Queue: 0B

[2026-09-11 18:40:13.549]
[TELEMETRY] Motors: [23, 20, 0, 0] || Vision: CX:  0 CY:  0 W:  0 H:  0 Px:    0 || IMU: AX: -0.4 AY: -0.7 AZ: -8.7 TZ: -1.0 || Yaw Error:-28.7deg || Batt: 3.56V  || State: MANUAL   
[COMMAND] Mode: MANUAL                || Motors: [0, 20, 0, 0]
[LATENCY] Delta:  45.6ms | Avg:  36.4ms | Rate: 27.5 FPS | Queue: 0B

[2026-09-11 18:40:13.593]
[TELEMETRY] Motors: [27, 20, 0, 0] || Vision: CX:  0 CY:  0 W:  0 H:  0 Px:    0 || IMU: AX: -0.9 AY: -0.9 AZ: -8.4 TZ: -1.1 || Yaw Error:-28.7deg || Batt: 3.56V  || State: MANUAL   
[COMMAND] Mode: MANUAL                || Motors: [0, 20, 0, 0]
[LATENCY] Delta:  43.6ms | Avg:  36.4ms | Rate: 27.5 FPS | Queue: 0B

[2026-09-11 18:40:13.630]
[TELEMETRY] Motors: [30, 20, 0, 0] || Vision: CX:  0 CY:  0 W:  0 H:  0 Px:    0 || IMU: AX: -1.2 AY: -1.0 AZ: -8.2 TZ: -1.2 || Yaw Error:-28.7deg || Batt: 3.56V  || State: MANUAL   
[COMMAND] Mode: MANUAL                || Motors: [0, 20, 0, 0]
[LATENCY] Delta:  37.3ms | Avg:  36.4ms | Rate: 27.5 FPS | Queue: 0B

[2026-09-11 18:40:13.716]
[TELEMETRY] Motors: [31, 20, 0, 0] || Vision: CX:  0 CY:  0 W:  0 H:  0 Px:    0 || IMU: AX: -1.5 AY: -1.8 AZ: -7.8 TZ: -1.3 || Yaw Error:-28.7deg || Batt: 3.56V  || State: MANUAL   
[COMMAND] Mode: MANUAL                || Motors: [0, 20, 0, 0]
[LATENCY] Delta:  85.4ms | Avg:  36.8ms | Rate: 27.2 FPS | Queue: 0B

[2026-09-11 18:40:13.721]
[TELEMETRY] Motors: [34, 20, 0, 0] || Vision: CX:  0 CY:  0 W:  0 H:  0 Px:    0 || IMU: AX:  0.1 AY:  0.8 AZ: -8.9 TZ: -1.4 || Yaw Error:-28.7deg || Batt: 3.56V  || State: MANUAL   
[COMMAND] Mode: MANUAL                || Motors: [0, 20, 0, 0]
[LATENCY] Delta:   1.7ms | Avg:  36.5ms | Rate: 27.4 FPS | Queue: 0B

[2026-09-11 18:40:13.820]
[TELEMETRY] Motors: [33, 20, 0, 0] || Vision: CX:  0 CY:  0 W:  0 H:  0 Px:    0 || IMU: AX: -1.2 AY:  1.5 AZ: -9.6 TZ: -1.3 || Yaw Error:-28.7deg || Batt: 3.56V  || State: MANUAL   
[COMMAND] Mode: MANUAL                || Motors: [0, 20, 0, 0]
[LATENCY] Delta: 102.4ms | Avg:  37.1ms | Rate: 27.0 FPS | Queue: 0B

[2026-09-11 18:40:13.853]
[TELEMETRY] Motors: [31, 20, 0, 0] || Vision: CX:  0 CY:  0 W:  0 H:  0 Px:    0 || IMU: AX: -0.3 AY:  1.1 AZ: -9.3 TZ: -1.2 || Yaw Error:-28.7deg || Batt: 3.56V  || State: MANUAL   
[COMMAND] Mode: MANUAL                || Motors: [0, 20, 0, 0]
[LATENCY] Delta:  32.1ms | Avg:  37.0ms | Rate: 27.0 FPS | Queue: 0B

[2026-09-11 18:40:13.857]
[TELEMETRY] Motors: [31, 20, 0, 0] || Vision: CX:  0 CY:  0 W:  0 H:  0 Px:    0 || IMU: AX: -2.4 AY: -2.6 AZ: -7.6 TZ: -1.2 || Yaw Error:-28.7deg || Batt: 3.56V  || State: MANUAL   
[COMMAND] Mode: MANUAL                || Motors: [0, 20, 0, 0]
[LATENCY] Delta:   3.8ms | Avg:  36.8ms | Rate: 27.2 FPS | Queue: 0B

[2026-09-11 18:40:13.966]
[TELEMETRY] Motors: [25, 20, 0, 0] || Vision: CX:  0 CY:  0 W:  0 H:  0 Px:    0 || IMU: AX:  1.8 AY:  0.4 AZ: -9.2 TZ: -1.0 || Yaw Error:-28.7deg || Batt: 3.56V  || State: MANUAL   
[COMMAND] Mode: MANUAL                || Motors: [0, 20, 0, 0]
[LATENCY] Delta: 108.3ms | Avg:  37.3ms | Rate: 26.8 FPS | Queue: 0B

[2026-09-11 18:40:13.979]
[TELEMETRY] Motors: [22, 20, 0, 0] || Vision: CX:  0 CY:  0 W:  0 H:  0 Px:    0 || IMU: AX:  0.9 AY:  1.9 AZ: -9.5 TZ: -0.9 || Yaw Error:-28.7deg || Batt: 3.56V  || State: MANUAL   
[COMMAND] Mode: MANUAL                || Motors: [0, 20, 0, 0]
[LATENCY] Delta:  11.1ms | Avg:  37.1ms | Rate: 26.9 FPS | Queue: 0B

[2026-09-11 18:40:13.983]
[TELEMETRY] Motors: [18, 20, 0, 0] || Vision: CX:  0 CY:  0 W:  0 H:  0 Px:    0 || IMU: AX:  0.4 AY: -0.9 AZ: -8.4 TZ: -0.7 || Yaw Error:-28.7deg || Batt: 3.56V  || State: MANUAL   
[COMMAND] Mode: MANUAL                || Motors: [0, 20, 0, 0]
[LATENCY] Delta:   6.9ms | Avg:  36.9ms | Rate: 27.1 FPS | Queue: 0B

[2026-09-11 18:40:13.991]
[TELEMETRY] Motors: [13, 20, 0, 0] || Vision: CX:  0 CY:  0 W:  0 H:  0 Px:    0 || IMU: AX: -0.8 AY:  0.2 AZ: -8.1 TZ: -0.6 || Yaw Error:-28.7deg || Batt: 3.56V  || State: MANUAL   
[COMMAND] Mode: MANUAL                || Motors: [0, 20, 0, 0]
[LATENCY] Delta:   8.5ms | Avg:  36.7ms | Rate: 27.3 FPS | Queue: 0B

[2026-09-11 18:40:14.028]
[TELEMETRY] Motors: [9, 20, 0, 0] || Vision: CX:  0 CY:  0 W:  0 H:  0 Px:    0 || IMU: AX:  1.3 AY:  1.1 AZ: -9.6 TZ: -0.4 || Yaw Error:-28.7deg || Batt: 3.57V  || State: MANUAL   
[COMMAND] Mode: MANUAL                || Motors: [0, 20, 0, 0]
[LATENCY] Delta:  36.2ms | Avg:  36.7ms | Rate: 27.3 FPS | Queue: 0B

[2026-09-11 18:40:14.067]
[TELEMETRY] Motors: [5, 20, 0, 0] || Vision: CX:  0 CY:  0 W:  0 H:  0 Px:    0 || IMU: AX:  0.5 AY: -0.0 AZ: -9.2 TZ: -0.2 || Yaw Error:-28.7deg || Batt: 3.57V  || State: MANUAL   
[COMMAND] Mode: MANUAL                || Motors: [0, 20, 0, 0]
[LATENCY] Delta:  39.4ms | Avg:  36.7ms | Rate: 27.3 FPS | Queue: 0B

[2026-09-11 18:40:14.143]
[TELEMETRY] Motors: [2, 20, 0, 0] || Vision: CX:  0 CY:  0 W:  0 H:  0 Px:    0 || IMU: AX: -0.1 AY: -0.6 AZ: -8.6 TZ: -0.1 || Yaw Error:-28.7deg || Batt: 3.57V  || State: MANUAL   
[COMMAND] Mode: MANUAL                || Motors: [0, 20, 0, 0]
[LATENCY] Delta:  76.2ms | Avg:  37.0ms | Rate: 27.0 FPS | Queue: 0B

[2026-09-11 18:40:14.151]
[TELEMETRY] Motors: [0, 20, 0, 1] || Vision: CX:  0 CY:  0 W:  0 H:  0 Px:    0 || IMU: AX:  0.1 AY: -0.3 AZ: -8.5 TZ:  0.1 || Yaw Error:-28.7deg || Batt: 3.57V  || State: MANUAL   
[COMMAND] Mode: MANUAL                || Motors: [0, 20, 0, 0]
[LATENCY] Delta:   9.3ms | Avg:  36.8ms | Rate: 27.2 FPS | Queue: 0B

[2026-09-11 18:40:14.220]
[TELEMETRY] Motors: [0, 20, 0, 4] || Vision: CX:  0 CY:  0 W:  0 H:  0 Px:    0 || IMU: AX:  0.2 AY:  0.0 AZ: -8.7 TZ:  0.2 || Yaw Error:-28.7deg || Batt: 3.57V  || State: MANUAL   
[COMMAND] Mode: MANUAL                || Motors: [0, 20, 0, 0]
[LATENCY] Delta:  67.7ms | Avg:  37.0ms | Rate: 27.0 FPS | Queue: 0B

[2026-09-11 18:40:14.224]
[TELEMETRY] Motors: [0, 20, 0, 6] || Vision: CX:  0 CY:  0 W:  0 H:  0 Px:    0 || IMU: AX:  0.3 AY:  0.3 AZ: -8.9 TZ:  0.3 || Yaw Error:-28.7deg || Batt: 3.57V  || State: MANUAL   
[COMMAND] Mode: MANUAL                || Motors: [0, 20, 0, 0]
[LATENCY] Delta:   3.8ms | Avg:  36.8ms | Rate: 27.2 FPS | Queue: 0B

[2026-09-11 18:40:14.261]
[TELEMETRY] Motors: [0, 20, 0, 8] || Vision: CX:  0 CY:  0 W:  0 H:  0 Px:    0 || IMU: AX:  0.3 AY: -0.3 AZ: -8.7 TZ:  0.3 || Yaw Error:-28.7deg || Batt: 3.57V  || State: MANUAL   
[COMMAND] Mode: MANUAL                || Motors: [0, 20, 0, 0]
[LATENCY] Delta:  36.1ms | Avg:  36.8ms | Rate: 27.2 FPS | Queue: 0B

[2026-09-11 18:40:14.303]
[TELEMETRY] Motors: [0, 20, 0, 9] || Vision: CX:  0 CY:  0 W:  0 H:  0 Px:    0 || IMU: AX:  0.4 AY: -0.1 AZ: -8.6 TZ:  0.4 || Yaw Error:-28.7deg || Batt: 3.57V  || State: MANUAL   
[COMMAND] Mode: MANUAL                || Motors: [0, 20, 0, 0]
[LATENCY] Delta:  43.2ms | Avg:  36.8ms | Rate: 27.2 FPS | Queue: 0B

[2026-09-11 18:40:14.368]
[TELEMETRY] Motors: [0, 20, 0, 9] || Vision: CX:  0 CY:  0 W:  0 H:  0 Px:    0 || IMU: AX:  0.2 AY:  0.0 AZ: -8.6 TZ:  0.4 || Yaw Error:-28.7deg || Batt: 3.57V  || State: MANUAL   
[COMMAND] Mode: MANUAL                || Motors: [0, 20, 0, 0]
[LATENCY] Delta:  65.4ms | Avg:  37.0ms | Rate: 27.0 FPS | Queue: 0B

[2026-09-11 18:40:14.379]
[TELEMETRY] Motors: [0, 20, 0, 10] || Vision: CX:  0 CY:  0 W:  0 H:  0 Px:    0 || IMU: AX:  0.5 AY: -0.2 AZ: -8.8 TZ:  0.4 || Yaw Error:-28.7deg || Batt: 3.57V  || State: MANUAL   
[COMMAND] Mode: MANUAL                || Motors: [0, 20, 0, 0]
[LATENCY] Delta:  10.3ms | Avg:  36.8ms | Rate: 27.2 FPS | Queue: 0B

[2026-09-11 18:40:14.429]
[TELEMETRY] Motors: [0, 20, 0, 9] || Vision: CX:  0 CY:  0 W:  0 H:  0 Px:    0 || IMU: AX:  0.2 AY: -0.7 AZ: -8.9 TZ:  0.4 || Yaw Error:-28.7deg || Batt: 3.57V  || State: MANUAL   
[COMMAND] Mode: MANUAL                || Motors: [0, 20, 0, 0]
[LATENCY] Delta:  50.6ms | Avg:  36.9ms | Rate: 27.1 FPS | Queue: 0B

[2026-09-11 18:40:14.584]
[TELEMETRY] Motors: [0, 20, 0, 9] || Vision: CX:  0 CY:  0 W:  0 H:  0 Px:    0 || IMU: AX:  0.3 AY: -0.4 AZ: -8.7 TZ:  0.4 || Yaw Error:-28.7deg || Batt: 3.57V  || State: MANUAL   
[COMMAND] Mode: MANUAL                || Motors: [0, 20, 0, 0]
[LATENCY] Delta: 154.7ms | Avg:  37.7ms | Rate: 26.5 FPS | Queue: 0B

[2026-09-11 18:40:14.669]
[TELEMETRY] Motors: [0, 20, 0, 7] || Vision: CX:  0 CY:  0 W:  0 H:  0 Px:    0 || IMU: AX:  0.1 AY:  0.2 AZ: -9.0 TZ:  0.3 || Yaw Error:-28.7deg || Batt: 3.57V  || State: MANUAL   
[COMMAND] Mode: MANUAL                || Motors: [0, 20, 0, 0]
[LATENCY] Delta:  85.7ms | Avg:  38.1ms | Rate: 26.3 FPS | Queue: 0B

[2026-09-11 18:40:14.733]
[TELEMETRY] Motors: [0, 20, 0, 6] || Vision: CX:  0 CY:  0 W:  0 H:  0 Px:    0 || IMU: AX: -0.2 AY:  0.3 AZ: -8.9 TZ:  0.3 || Yaw Error:-28.7deg || Batt: 3.56V  || State: MANUAL   
[COMMAND] Mode: MANUAL                || Motors: [0, 20, 0, 0]
[LATENCY] Delta:  63.1ms | Avg:  38.2ms | Rate: 26.2 FPS | Queue: 0B

[2026-09-11 18:40:14.738]
[TELEMETRY] Motors: [0, 20, 0, 5] || Vision: CX:  0 CY:  0 W:  0 H:  0 Px:    0 || IMU: AX:  0.2 AY: -0.4 AZ: -8.6 TZ:  0.2 || Yaw Error:-28.7deg || Batt: 3.56V  || State: MANUAL   
[COMMAND] Mode: MANUAL                || Motors: [0, 20, 0, 0]
[LATENCY] Delta:   3.6ms | Avg:  38.0ms | Rate: 26.3 FPS | Queue: 0B

[2026-09-11 18:40:14.773]
[TELEMETRY] Motors: [0, 20, 0, 3] || Vision: CX:  0 CY:  0 W:  0 H:  0 Px:    0 || IMU: AX:  0.5 AY: -1.1 AZ: -8.6 TZ:  0.2 || Yaw Error:-28.7deg || Batt: 3.56V  || State: MANUAL   
[COMMAND] Mode: MANUAL                || Motors: [0, 20, 0, 0]
[LATENCY] Delta:  36.9ms | Avg:  38.0ms | Rate: 26.3 FPS | Queue: 0B

[2026-09-11 18:40:14.846]
[TELEMETRY] Motors: [0, 20, 0, 2] || Vision: CX:  0 CY:  0 W:  0 H:  0 Px:    0 || IMU: AX:  0.1 AY: -0.6 AZ: -8.8 TZ:  0.1 || Yaw Error:-28.7deg || Batt: 3.56V  || State: MANUAL   
[COMMAND] Mode: MANUAL                || Motors: [0, 20, 0, 0]
[LATENCY] Delta:  72.1ms | Avg:  38.2ms | Rate: 26.2 FPS | Queue: 0B

[2026-09-11 18:40:14.866]
[TELEMETRY] Motors: [0, 20, 0, 1] || Vision: CX:  0 CY:  0 W:  0 H:  0 Px:    0 || IMU: AX: -0.1 AY: -0.3 AZ: -8.8 TZ:  0.1 || Yaw Error:-28.7deg || Batt: 3.56V  || State: MANUAL   
[COMMAND] Mode: MANUAL                || Motors: [0, 20, 0, 0]
[LATENCY] Delta:  20.4ms | Avg:  38.1ms | Rate: 26.3 FPS | Queue: 0B

[2026-09-11 18:40:14.872]
[TELEMETRY] Motors: [0, 20, 0, 1] || Vision: CX:  0 CY:  0 W:  0 H:  0 Px:    0 || IMU: AX: -0.2 AY: -0.6 AZ: -8.8 TZ:  0.0 || Yaw Error:-28.7deg || Batt: 3.56V  || State: MANUAL   
[COMMAND] Mode: MANUAL                || Motors: [0, 20, 0, 0]
[LATENCY] Delta:   6.1ms | Avg:  37.9ms | Rate: 26.4 FPS | Queue: 0B

[2026-09-11 18:40:14.876]
[TELEMETRY] Motors: [0, 20, 0, 0] || Vision: CX:  0 CY:  0 W:  0 H:  0 Px:    0 || IMU: AX: -0.7 AY: -0.6 AZ: -8.7 TZ:  0.0 || Yaw Error:-28.7deg || Batt: 3.56V  || State: MANUAL   
[COMMAND] Mode: MANUAL                || Motors: [0, 20, 0, 0]
[LATENCY] Delta:   3.5ms | Avg:  37.7ms | Rate: 26.6 FPS | Queue: 0B

[2026-09-11 18:40:14.915]
[TELEMETRY] Motors: [0, 20, 0, 1] || Vision: CX:  0 CY:  0 W:  0 H:  0 Px:    0 || IMU: AX: -1.1 AY: -0.5 AZ: -8.9 TZ:  0.0 || Yaw Error:-28.7deg || Batt: 3.56V  || State: MANUAL   
[COMMAND] Mode: MANUAL                || Motors: [0, 20, 0, 0]
[LATENCY] Delta:  39.6ms | Avg:  37.7ms | Rate: 26.5 FPS | Queue: 0B

[2026-09-11 18:40:14.939]
[TELEMETRY] Motors: [0, 20, 0, 0] || Vision: CX:  0 CY:  0 W:  0 H:  0 Px:    0 || IMU: AX: -0.4 AY: -0.9 AZ: -8.4 TZ: -0.0 || Yaw Error:-28.7deg || Batt: 3.56V  || State: MANUAL   
[COMMAND] Mode: MANUAL                || Motors: [0, 20, 0, 0]
[LATENCY] Delta:  24.5ms | Avg:  37.6ms | Rate: 26.6 FPS | Queue: 0B

[2026-09-11 18:40:15.000]
[TELEMETRY] Motors: [0, 20, 0, 0] || Vision: CX:  0 CY:  0 W:  0 H:  0 Px:    0 || IMU: AX: -0.7 AY: -1.4 AZ: -8.6 TZ:  0.0 || Yaw Error:-28.7deg || Batt: 3.56V  || State: MANUAL   
[COMMAND] Mode: MANUAL                || Motors: [0, 20, 0, 0]
[LATENCY] Delta:  60.7ms | Avg:  37.7ms | Rate: 26.5 FPS | Queue: 0B

[2026-09-11 18:40:15.041]
[TELEMETRY] Motors: [0, 20, 0, 0] || Vision: CX:  0 CY:  0 W:  0 H:  0 Px:    0 || IMU: AX: -0.5 AY: -1.4 AZ: -8.6 TZ:  0.0 || Yaw Error:-28.7deg || Batt: 3.56V  || State: MANUAL   
[COMMAND] Mode: MANUAL                || Motors: [0, 20, 0, 0]
[LATENCY] Delta:  40.8ms | Avg:  37.8ms | Rate: 26.5 FPS | Queue: 0B

[2026-09-11 18:40:15.079]
[TELEMETRY] Motors: [0, 20, 0, 0] || Vision: CX:  0 CY:  0 W:  0 H:  0 Px:    0 || IMU: AX: -0.5 AY: -1.3 AZ: -8.5 TZ:  0.0 || Yaw Error:-28.7deg || Batt: 3.57V  || State: MANUAL   
[COMMAND] Mode: MANUAL                || Motors: [0, 20, 0, 0]
[LATENCY] Delta:  37.3ms | Avg:  37.7ms | Rate: 26.5 FPS | Queue: 0B

[2026-09-11 18:40:15.119]
[TELEMETRY] Motors: [0, 20, 0, 0] || Vision: CX:  0 CY:  0 W:  0 H:  0 Px:    0 || IMU: AX: -0.7 AY: -0.9 AZ: -8.6 TZ:  0.0 || Yaw Error:-28.7deg || Batt: 3.57V  || State: MANUAL   
[COMMAND] Mode: MANUAL                || Motors: [0, 20, 0, 0]
[LATENCY] Delta:  41.0ms | Avg:  37.8ms | Rate: 26.5 FPS | Queue: 0B

[2026-09-11 18:40:15.144]
[TELEMETRY] Motors: [0, 20, 0, 0] || Vision: CX:  0 CY:  0 W:  0 H:  0 Px:    0 || IMU: AX: -0.4 AY: -0.9 AZ: -8.6 TZ:  0.0 || Yaw Error:-28.7deg || Batt: 3.57V  || State: MANUAL   
[COMMAND] Mode: MANUAL                || Motors: [0, 20, 0, 0]
[LATENCY] Delta:  24.3ms | Avg:  37.7ms | Rate: 26.5 FPS | Queue: 0B

[2026-09-11 18:40:15.195]
[TELEMETRY] Motors: [0, 20, 0, 0] || Vision: CX:  0 CY:  0 W:  0 H:  0 Px:    0 || IMU: AX: -0.4 AY: -1.1 AZ: -8.7 TZ:  0.0 || Yaw Error:-28.7deg || Batt: 3.57V  || State: MANUAL   
[COMMAND] Mode: MANUAL                || Motors: [0, 20, 0, 0]
[LATENCY] Delta:  49.8ms | Avg:  37.8ms | Rate: 26.5 FPS | Queue: 0B

[2026-09-11 18:40:15.220]
[TELEMETRY] Motors: [0, 20, 0, 0] || Vision: CX:  0 CY:  0 W:  0 H:  0 Px:    0 || IMU: AX: -0.4 AY: -0.8 AZ: -8.7 TZ:  0.0 || Yaw Error:-28.7deg || Batt: 3.57V  || State: MANUAL   
[COMMAND] Mode: MANUAL                || Motors: [0, 20, 0, 0]
[LATENCY] Delta:  27.1ms | Avg:  37.7ms | Rate: 26.5 FPS | Queue: 0B

[2026-09-11 18:40:15.296]
[TELEMETRY] Motors: [0, 20, 0, 1] || Vision: CX:  0 CY:  0 W:  0 H:  0 Px:    0 || IMU: AX: -0.4 AY: -1.0 AZ: -8.6 TZ:  0.1 || Yaw Error:-28.7deg || Batt: 3.57V  || State: MANUAL   
[COMMAND] Mode: MANUAL                || Motors: [0, 20, 0, 0]
[LATENCY] Delta:  76.0ms | Avg:  37.9ms | Rate: 26.4 FPS | Queue: 0B

[2026-09-11 18:40:15.301]
[TELEMETRY] Motors: [0, 20, 0, 1] || Vision: CX:  0 CY:  0 W:  0 H:  0 Px:    0 || IMU: AX: -0.2 AY: -1.0 AZ: -8.8 TZ:  0.1 || Yaw Error:-28.7deg || Batt: 3.57V  || State: MANUAL   
[COMMAND] Mode: MANUAL                || Motors: [0, 20, 0, 0]
[LATENCY] Delta:   3.4ms | Avg:  37.7ms | Rate: 26.5 FPS | Queue: 0B

[2026-09-11 18:40:15.356]
[TELEMETRY] Motors: [0, 20, 0, 1] || Vision: CX:  0 CY:  0 W:  0 H:  0 Px:    0 || IMU: AX: -0.3 AY: -1.0 AZ: -8.9 TZ:  0.1 || Yaw Error:-28.7deg || Batt: 3.57V  || State: MANUAL   
[COMMAND] Mode: MANUAL                || Motors: [0, 20, 0, 0]
[LATENCY] Delta:  55.4ms | Avg:  37.8ms | Rate: 26.4 FPS | Queue: 0B

[2026-09-11 18:40:15.381]
[TELEMETRY] Motors: [0, 20, 0, 1] || Vision: CX:  0 CY:  0 W:  0 H:  0 Px:    0 || IMU: AX: -0.0 AY: -1.0 AZ: -8.9 TZ:  0.1 || Yaw Error:-28.7deg || Batt: 3.57V  || State: MANUAL   
[COMMAND] Mode: MANUAL                || Motors: [0, 20, 0, 50]
[LATENCY] Delta:  26.1ms | Avg:  37.8ms | Rate: 26.5 FPS | Queue: 0B

[2026-09-11 18:40:15.423]
[TELEMETRY] Motors: [0, 20, 0, 1] || Vision: CX:  0 CY:  0 W:  0 H:  0 Px:    0 || IMU: AX: -0.1 AY: -0.7 AZ: -8.8 TZ:  0.1 || Yaw Error:-28.7deg || Batt: 3.57V  || State: MANUAL   
[COMMAND] Mode: MANUAL                || Motors: [0, 20, 0, 50]
[LATENCY] Delta:  41.2ms | Avg:  37.8ms | Rate: 26.5 FPS | Queue: 0B

[2026-09-11 18:40:15.468]
[TELEMETRY] Motors: [0, 20, 0, 0] || Vision: CX:  0 CY:  0 W:  0 H:  0 Px:    0 || IMU: AX:  0.0 AY: -0.7 AZ: -8.7 TZ:  0.0 || Yaw Error:-28.7deg || Batt: 3.57V  || State: MANUAL   
[COMMAND] Mode: MANUAL                || Motors: [0, 20, 0, 50]
[LATENCY] Delta:  45.3ms | Avg:  37.8ms | Rate: 26.4 FPS | Queue: 0B

[2026-09-11 18:40:15.516]
[TELEMETRY] Motors: [0, 20, 0, 1] || Vision: CX:  0 CY:  0 W:  0 H:  0 Px:    0 || IMU: AX:  0.2 AY: -0.7 AZ: -8.6 TZ:  0.0 || Yaw Error:-28.7deg || Batt: 3.57V  || State: MANUAL   
[COMMAND] Mode: MANUAL                || Motors: [0, 20, 0, 50]
[LATENCY] Delta:  47.9ms | Avg:  37.9ms | Rate: 26.4 FPS | Queue: 0B

[2026-09-11 18:40:15.540]
[TELEMETRY] Motors: [0, 20, 0, 0] || Vision: CX:  0 CY:  0 W:  0 H:  0 Px:    0 || IMU: AX:  0.4 AY: -0.9 AZ: -8.5 TZ:  0.0 || Yaw Error:-28.7deg || Batt: 3.57V  || State: MANUAL   
[COMMAND] Mode: MANUAL                || Motors: [0, 20, 0, 50]
[LATENCY] Delta:  24.4ms | Avg:  37.8ms | Rate: 26.5 FPS | Queue: 0B

[2026-09-11 18:40:15.608]
[TELEMETRY] Motors: [0, 20, 0, 0] || Vision: CX:  0 CY:  0 W:  0 H:  0 Px:    0 || IMU: AX:  0.4 AY: -0.6 AZ: -8.6 TZ:  0.0 || Yaw Error:-28.7deg || Batt: 3.57V  || State: MANUAL   
[COMMAND] Mode: MANUAL                || Motors: [0, 20, 0, 50]
[LATENCY] Delta:  67.7ms | Avg:  38.0ms | Rate: 26.3 FPS | Queue: 0B

[2026-09-11 18:40:15.634]
[TELEMETRY] Motors: [0, 20, 0, 0] || Vision: CX:  0 CY:  0 W:  0 H:  0 Px:    0 || IMU: AX:  0.3 AY: -0.7 AZ: -8.6 TZ:  0.0 || Yaw Error:-28.7deg || Batt: 3.57V  || State: MANUAL   
[COMMAND] Mode: MANUAL                || Motors: [50, 20, 0, 100]
[LATENCY] Delta:  25.9ms | Avg:  37.9ms | Rate: 26.4 FPS | Queue: 0B

[2026-09-11 18:40:15.683]
[TELEMETRY] Motors: [0, 20, 0, 0] || Vision: CX:  0 CY:  0 W:  0 H:  0 Px:    0 || IMU: AX:  0.5 AY: -0.6 AZ: -8.6 TZ: -0.0 || Yaw Error:-28.7deg || Batt: 3.57V  || State: MANUAL   
[COMMAND] Mode: MANUAL                || Motors: [50, 20, 0, 50]
[LATENCY] Delta:  48.7ms | Avg:  38.0ms | Rate: 26.3 FPS | Queue: 0B

[2026-09-11 18:40:15.748]
[TELEMETRY] Motors: [0, 20, 0, 0] || Vision: CX:  0 CY:  0 W:  0 H:  0 Px:    0 || IMU: AX:  0.4 AY: -0.7 AZ: -8.4 TZ: -0.0 || Yaw Error:-28.7deg || Batt: 3.57V  || State: MANUAL   
[COMMAND] Mode: MANUAL                || Motors: [100, 20, 0, 50]
[LATENCY] Delta:  64.5ms | Avg:  38.1ms | Rate: 26.2 FPS | Queue: 0B

[2026-09-11 18:40:15.771]
[TELEMETRY] Motors: [0, 20, 0, 0] || Vision: CX:  0 CY:  0 W:  0 H:  0 Px:    0 || IMU: AX:  0.5 AY: -0.3 AZ: -8.7 TZ: -0.0 || Yaw Error:-28.7deg || Batt: 3.57V  || State: MANUAL   
[COMMAND] Mode: MANUAL                || Motors: [100, 20, 0, 50]
[LATENCY] Delta:  23.2ms | Avg:  38.0ms | Rate: 26.3 FPS | Queue: 0B

[2026-09-11 18:40:15.778]
[TELEMETRY] Motors: [0, 20, 0, 0] || Vision: CX:  0 CY:  0 W:  0 H:  0 Px:    0 || IMU: AX:  0.5 AY: -0.2 AZ: -8.8 TZ: -0.0 || Yaw Error:-28.7deg || Batt: 3.57V  || State: MANUAL   
[COMMAND] Mode: MANUAL                || Motors: [100, 20, 0, 50]
[LATENCY] Delta:   8.6ms | Avg:  37.9ms | Rate: 26.4 FPS | Queue: 0B

[2026-09-11 18:40:15.839]
[TELEMETRY] Motors: [0, 20, 0, 0] || Vision: CX:  0 CY:  0 W:  0 H:  0 Px:    0 || IMU: AX:  0.4 AY: -0.2 AZ: -8.8 TZ: -0.0 || Yaw Error:-28.7deg || Batt: 3.57V  || State: MANUAL   
[COMMAND] Mode: MANUAL                || Motors: [0, 20, 0, 50]
[LATENCY] Delta:  59.8ms | Avg:  38.0ms | Rate: 26.3 FPS | Queue: 0B

[2026-09-11 18:40:15.867]
[TELEMETRY] Motors: [0, 20, 0, 0] || Vision: CX:  0 CY:  0 W:  0 H:  0 Px:    0 || IMU: AX:  0.4 AY: -0.2 AZ: -8.8 TZ: -0.0 || Yaw Error:-28.7deg || Batt: 3.57V  || State: MANUAL   
[COMMAND] Mode: MANUAL                || Motors: [50, 20, 0, 50]
[LATENCY] Delta:  28.3ms | Avg:  37.9ms | Rate: 26.4 FPS | Queue: 0B

[2026-09-11 18:40:15.907]
[TELEMETRY] Motors: [0, 20, 0, 0] || Vision: CX:  0 CY:  0 W:  0 H:  0 Px:    0 || IMU: AX:  0.3 AY: -0.3 AZ: -8.7 TZ: -0.0 || Yaw Error:-28.7deg || Batt: 3.57V  || State: MANUAL   
[COMMAND] Mode: MANUAL                || Motors: [100, 20, 0, 100]
[LATENCY] Delta:  40.0ms | Avg:  37.9ms | Rate: 26.4 FPS | Queue: 0B

[2026-09-11 18:40:15.994]
[TELEMETRY] Motors: [0, 20, 0, 0] || Vision: CX:  0 CY:  0 W:  0 H:  0 Px:    0 || IMU: AX:  0.2 AY: -0.3 AZ: -8.8 TZ: -0.0 || Yaw Error:-28.7deg || Batt: 3.57V  || State: MANUAL   
[COMMAND] Mode: MANUAL                || Motors: [100, 20, 0, 50]
[LATENCY] Delta:  87.0ms | Avg:  38.2ms | Rate: 26.2 FPS | Queue: 0B

[2026-09-11 18:40:16.013]
[TELEMETRY] Motors: [0, 20, 0, 0] || Vision: CX:  0 CY:  0 W:  0 H:  0 Px:    0 || IMU: AX:  0.1 AY: -0.2 AZ: -8.8 TZ: -0.0 || Yaw Error:-28.7deg || Batt: 3.57V  || State: MANUAL   
[COMMAND] Mode: MANUAL                || Motors: [100, 20, 0, 50]
[LATENCY] Delta:  17.2ms | Avg:  38.1ms | Rate: 26.2 FPS | Queue: 0B

[2026-09-11 18:40:16.019]
[TELEMETRY] Motors: [0, 20, 0, 0] || Vision: CX:  0 CY:  0 W:  0 H:  0 Px:    0 || IMU: AX:  0.2 AY: -0.2 AZ: -8.7 TZ: -0.0 || Yaw Error:-28.7deg || Batt: 3.57V  || State: MANUAL   
[COMMAND] Mode: MANUAL                || Motors: [100, 20, 0, 50]
[LATENCY] Delta:   7.3ms | Avg:  37.9ms | Rate: 26.4 FPS | Queue: 0B

[2026-09-11 18:40:16.067]
[TELEMETRY] Motors: [0, 20, 0, 49] || Vision: CX:  0 CY:  0 W:  0 H:  0 Px:    0 || IMU: AX:  0.0 AY: -0.2 AZ: -8.7 TZ: -0.0 || Yaw Error:-28.7deg || Batt: 3.57V  || State: MANUAL   
[COMMAND] Mode: MANUAL                || Motors: [50, 20, 0, 50]
[LATENCY] Delta:  47.9ms | Avg:  38.0ms | Rate: 26.3 FPS | Queue: 0B

[2026-09-11 18:40:16.107]
[TELEMETRY] Motors: [0, 20, 0, 50] || Vision: CX:  0 CY:  0 W:  0 H:  0 Px:    0 || IMU: AX:  0.2 AY: -0.2 AZ: -8.6 TZ:  0.0 || Yaw Error:-28.7deg || Batt: 3.47V  || State: MANUAL   
[COMMAND] Mode: MANUAL                || Motors: [50, 20, 0, 50]
[LATENCY] Delta:  41.4ms | Avg:  38.0ms | Rate: 26.3 FPS | Queue: 0B

[2026-09-11 18:40:16.150]
[TELEMETRY] Motors: [0, 20, 0, 50] || Vision: CX:  0 CY:  0 W:  0 H:  0 Px:    0 || IMU: AX:  1.1 AY: -1.2 AZ: -8.5 TZ:  0.0 || Yaw Error:-28.7deg || Batt: 3.47V  || State: MANUAL   
[COMMAND] Mode: MANUAL                || Motors: [100, 20, 0, 100]
[LATENCY] Delta:  41.8ms | Avg:  38.0ms | Rate: 26.3 FPS | Queue: 0B

[2026-09-11 18:40:16.186]
[TELEMETRY] Motors: [49, 20, 0, 100] || Vision: CX:  0 CY:  0 W:  0 H:  0 Px:    0 || IMU: AX:  0.0 AY:  3.0 AZ: -9.5 TZ:  0.0 || Yaw Error:-28.7deg || Batt: 3.47V  || State: MANUAL   
[COMMAND] Mode: MANUAL                || Motors: [100, 20, 0, 100]
[LATENCY] Delta:  36.0ms | Avg:  38.0ms | Rate: 26.3 FPS | Queue: 0B

[2026-09-11 18:40:18.199]
[TELEMETRY] Motors: [0, 20, 0, 1] || Vision: CX:  0 CY:  0 W:  0 H:  0 Px:    0 || IMU: AX: -0.3 AY: -0.6 AZ: -8.9 TZ:  0.1 || Yaw Error:-28.7deg || Batt: 3.57V  || State: MANUAL   
[COMMAND] Mode: MANUAL                || Motors: [50, 20, 0, 50]
[LATENCY] Delta: 2013.1ms | Avg:  48.6ms | Rate: 20.6 FPS | Queue: 0B

[2026-09-11 18:40:18.214]
[TELEMETRY] Motors: [0, 20, 0, 1] || Vision: CX:  0 CY:  0 W:  0 H:  0 Px:    0 || IMU: AX: -0.1 AY: -0.6 AZ: -8.7 TZ:  0.0 || Yaw Error:-28.7deg || Batt: 3.57V  || State: MANUAL   
[COMMAND] Mode: MANUAL                || Motors: [50, 20, 0, 50]
[LATENCY] Delta:  16.4ms | Avg:  48.4ms | Rate: 20.7 FPS | Queue: 0B

[2026-09-11 18:40:18.265]
[TELEMETRY] Motors: [0, 20, 0, 1] || Vision: CX:  0 CY:  0 W:  0 H:  0 Px:    0 || IMU: AX: -0.2 AY: -0.6 AZ: -8.8 TZ:  0.0 || Yaw Error:-28.7deg || Batt: 3.57V  || State: MANUAL   
[COMMAND] Mode: MANUAL                || Motors: [50, 20, 0, 50]
[LATENCY] Delta:  51.2ms | Avg:  48.4ms | Rate: 20.7 FPS | Queue: 0B

[2026-09-11 18:40:18.299]
[TELEMETRY] Motors: [0, 20, 0, 0] || Vision: CX:  0 CY:  0 W:  0 H:  0 Px:    0 || IMU: AX: -0.2 AY: -0.5 AZ: -8.7 TZ:  0.0 || Yaw Error:-28.7deg || Batt: 3.57V  || State: MANUAL   
[COMMAND] Mode: MANUAL                || Motors: [50, 20, 0, 50]
[LATENCY] Delta:  31.7ms | Avg:  48.3ms | Rate: 20.7 FPS | Queue: 0B

[2026-09-11 18:40:18.324]
[TELEMETRY] Motors: [0, 20, 0, 0] || Vision: CX:190 CY:202 W: 68 H: 78 Px:  107 || IMU: AX: -0.1 AY: -0.6 AZ: -8.6 TZ:  0.0 || Yaw Error: +5.4deg || Batt: 3.57V  || State: MANUAL   
[COMMAND] Mode: MANUAL                || Motors: [50, 20, 0, 50]
[LATENCY] Delta:  25.7ms | Avg:  48.2ms | Rate: 20.7 FPS | Queue: 0B

[2026-09-11 18:40:18.402]
[TELEMETRY] Motors: [0, 20, 0, 0] || Vision: CX:190 CY:200 W: 68 H: 81 Px:  100 || IMU: AX: -0.1 AY: -0.5 AZ: -8.7 TZ: -0.0 || Yaw Error: +5.4deg || Batt: 3.57V  || State: MANUAL   
[COMMAND] Mode: MANUAL                || Motors: [50, 20, 0, 50]
[LATENCY] Delta:  78.6ms | Avg:  48.4ms | Rate: 20.7 FPS | Queue: 0B

[2026-09-11 18:40:18.470]
[TELEMETRY] Motors: [0, 20, 0, 0] || Vision: CX:190 CY:197 W: 68 H: 78 Px:   80 || IMU: AX: -0.2 AY: -0.6 AZ: -8.7 TZ: -0.0 || Yaw Error: +5.4deg || Batt: 3.57V  || State: MANUAL   
[COMMAND] Mode: MANUAL                || Motors: [50, 20, 0, 50]
[LATENCY] Delta:  67.1ms | Avg:  48.5ms | Rate: 20.6 FPS | Queue: 0B

[2026-09-11 18:40:18.480]
[TELEMETRY] Motors: [0, 20, 0, 0] || Vision: CX:190 CY:191 W: 66 H: 77 Px:   54 || IMU: AX: -0.1 AY: -0.6 AZ: -8.7 TZ: -0.0 || Yaw Error: +5.4deg || Batt: 3.57V  || State: MANUAL   
[COMMAND] Mode: MANUAL                || Motors: [50, 20, 0, 50]
[LATENCY] Delta:  10.7ms | Avg:  48.3ms | Rate: 20.7 FPS | Queue: 0B

[2026-09-11 18:40:18.484]
[TELEMETRY] Motors: [1, 20, 0, 0] || Vision: CX:  0 CY:  0 W:  0 H:  0 Px:    0 || IMU: AX: -0.1 AY: -0.5 AZ: -8.6 TZ: -0.0 || Yaw Error:-28.7deg || Batt: 3.57V  || State: MANUAL   
[COMMAND] Mode: MANUAL                || Motors: [50, 20, 0, 50]
[LATENCY] Delta:   5.2ms | Avg:  48.1ms | Rate: 20.8 FPS | Queue: 0B

[2026-09-11 18:40:18.578]
[TELEMETRY] Motors: [1, 20, 0, 0] || Vision: CX:  0 CY:  0 W:  0 H:  0 Px:    0 || IMU: AX:  0.0 AY: -0.6 AZ: -8.7 TZ: -0.1 || Yaw Error:-28.7deg || Batt: 3.57V  || State: MANUAL   
[COMMAND] Mode: MANUAL                || Motors: [0, 20, 0, 0]
[LATENCY] Delta:  92.8ms | Avg:  48.3ms | Rate: 20.7 FPS | Queue: 0B

[2026-09-11 18:40:18.608]
[TELEMETRY] Motors: [1, 20, 0, 0] || Vision: CX:  0 CY:  0 W:  0 H:  0 Px:    0 || IMU: AX: -0.1 AY: -0.6 AZ: -8.6 TZ: -0.1 || Yaw Error:-28.7deg || Batt: 3.57V  || State: MANUAL   
[COMMAND] Mode: MANUAL                || Motors: [0, 20, 0, 0]
[LATENCY] Delta:  30.4ms | Avg:  48.2ms | Rate: 20.7 FPS | Queue: 0B

[2026-09-11 18:40:18.612]
[TELEMETRY] Motors: [1, 20, 0, 0] || Vision: CX:  0 CY:  0 W:  0 H:  0 Px:    0 || IMU: AX: -0.1 AY: -0.6 AZ: -8.7 TZ: -0.1 || Yaw Error:-28.7deg || Batt: 3.57V  || State: MANUAL   
[COMMAND] Mode: MANUAL                || Motors: [0, 20, 0, 0]
[LATENCY] Delta:   4.1ms | Avg:  48.0ms | Rate: 20.8 FPS | Queue: 0B

[2026-09-11 18:40:18.655]
[TELEMETRY] Motors: [1, 20, 0, 0] || Vision: CX:  0 CY:  0 W:  0 H:  0 Px:    0 || IMU: AX: -0.0 AY: -0.6 AZ: -8.8 TZ: -0.1 || Yaw Error:-28.7deg || Batt: 3.57V  || State: MANUAL   
[COMMAND] Mode: MANUAL                || Motors: [0, 20, 0, 50]
[LATENCY] Delta:  42.4ms | Avg:  47.9ms | Rate: 20.9 FPS | Queue: 0B

[2026-09-11 18:40:18.691]
[TELEMETRY] Motors: [1, 20, 0, 0] || Vision: CX:  0 CY:  0 W:  0 H:  0 Px:    0 || IMU: AX: -0.2 AY: -0.6 AZ: -8.8 TZ: -0.1 || Yaw Error:-28.7deg || Batt: 3.57V  || State: MANUAL   
[COMMAND] Mode: MANUAL                || Motors: [0, 20, 0, 50]
[LATENCY] Delta:  35.9ms | Avg:  47.9ms | Rate: 20.9 FPS | Queue: 0B

[2026-09-11 18:40:18.726]
[TELEMETRY] Motors: [1, 20, 0, 0] || Vision: CX:  0 CY:  0 W:  0 H:  0 Px:    0 || IMU: AX: -0.2 AY: -0.5 AZ: -8.8 TZ: -0.0 || Yaw Error:-28.7deg || Batt: 3.57V  || State: MANUAL   
[COMMAND] Mode: MANUAL                || Motors: [0, 20, 0, 50]
[LATENCY] Delta:  34.4ms | Avg:  48.1ms | Rate: 20.8 FPS | Queue: 0B

[2026-09-11 18:40:18.762]
[TELEMETRY] Motors: [0, 20, 0, 0] || Vision: CX:  0 CY:  0 W:  0 H:  0 Px:    0 || IMU: AX: -0.1 AY: -0.6 AZ: -8.7 TZ: -0.0 || Yaw Error:-28.7deg || Batt: 3.57V  || State: MANUAL   
[COMMAND] Mode: MANUAL                || Motors: [0, 20, 0, 50]
[LATENCY] Delta:  36.4ms | Avg:  48.2ms | Rate: 20.7 FPS | Queue: 0B

[2026-09-11 18:40:18.830]
[TELEMETRY] Motors: [0, 20, 0, 0] || Vision: CX:  0 CY:  0 W:  0 H:  0 Px:    0 || IMU: AX:  0.1 AY: -0.6 AZ: -8.7 TZ: -0.0 || Yaw Error:-28.7deg || Batt: 3.57V  || State: MANUAL   
[COMMAND] Mode: MANUAL                || Motors: [0, 20, 0, 50]
[LATENCY] Delta:  68.2ms | Avg:  48.6ms | Rate: 20.6 FPS | Queue: 0B

[2026-09-11 18:40:18.883]
[TELEMETRY] Motors: [0, 20, 0, 0] || Vision: CX:  0 CY:  0 W:  0 H:  0 Px:    0 || IMU: AX:  0.0 AY: -0.7 AZ: -8.4 TZ: -0.0 || Yaw Error:-28.7deg || Batt: 3.57V  || State: MANUAL   
[COMMAND] Mode: MANUAL                || Motors: [0, 20, 0, 50]
[LATENCY] Delta:  54.3ms | Avg:  48.8ms | Rate: 20.5 FPS | Queue: 0B

[2026-09-11 18:40:18.889]
[TELEMETRY] Motors: [0, 20, 0, 0] || Vision: CX:  0 CY:  0 W:  0 H:  0 Px:    0 || IMU: AX:  0.1 AY: -0.7 AZ: -8.6 TZ:  0.0 || Yaw Error:-28.7deg || Batt: 3.57V  || State: MANUAL   
[COMMAND] Mode: MANUAL                || Motors: [0, 20, 0, 50]
[LATENCY] Delta:   2.8ms | Avg:  48.9ms | Rate: 20.5 FPS | Queue: 0B

[2026-09-11 18:40:18.939]
[TELEMETRY] Motors: [0, 20, 0, 0] || Vision: CX:  0 CY:  0 W:  0 H:  0 Px:    0 || IMU: AX:  0.1 AY: -0.7 AZ: -8.5 TZ:  0.0 || Yaw Error:-28.7deg || Batt: 3.57V  || State: MANUAL   
[COMMAND] Mode: MANUAL                || Motors: [0, 20, 0, 0]
[LATENCY] Delta:  52.3ms | Avg:  49.1ms | Rate: 20.4 FPS | Queue: 0B

[2026-09-11 18:40:19.042]
[TELEMETRY] Motors: [0, 20, 0, 0] || Vision: CX:  0 CY:  0 W:  0 H:  0 Px:    0 || IMU: AX: -0.1 AY: -0.7 AZ: -8.8 TZ:  0.0 || Yaw Error:-28.7deg || Batt: 3.57V  || State: MANUAL   
[COMMAND] Mode: MANUAL                || Motors: [0, 20, 0, 0]
[LATENCY] Delta:   1.7ms | Avg:  49.6ms | Rate: 20.1 FPS | Queue: 0B

[2026-09-11 18:40:19.142]
[TELEMETRY] Motors: [0, 20, 0, 0] || Vision: CX:  0 CY:  0 W:  0 H:  0 Px:    0 || IMU: AX: -0.2 AY: -0.8 AZ: -8.8 TZ:  0.0 || Yaw Error:-28.7deg || Batt: 3.57V  || State: MANUAL   
[COMMAND] Mode: MANUAL                || Motors: [0, 20, 0, 50]
[LATENCY] Delta:  98.7ms | Avg:  50.1ms | Rate: 19.9 FPS | Queue: 0B

[2026-09-11 18:40:19.186]
[TELEMETRY] Motors: [0, 20, 0, 1] || Vision: CX:  0 CY:  0 W:  0 H:  0 Px:    0 || IMU: AX: -0.1 AY: -0.8 AZ: -8.7 TZ:  0.0 || Yaw Error:-28.7deg || Batt: 3.57V  || State: MANUAL   
[COMMAND] Mode: MANUAL                || Motors: [0, 20, 0, 50]
[LATENCY] Delta:  44.7ms | Avg:  50.4ms | Rate: 19.9 FPS | Queue: 0B

[2026-09-11 18:40:19.190]
[TELEMETRY] Motors: [0, 20, 0, 0] || Vision: CX:  0 CY:  0 W:  0 H:  0 Px:    0 || IMU: AX: -0.1 AY: -0.7 AZ: -8.7 TZ:  0.0 || Yaw Error:-28.7deg || Batt: 3.57V  || State: MANUAL   
[COMMAND] Mode: MANUAL                || Motors: [0, 20, 0, 50]
[LATENCY] Delta:   2.9ms | Avg:  50.2ms | Rate: 19.9 FPS | Queue: 0B

[2026-09-11 18:40:19.195]
[TELEMETRY] Motors: [0, 20, 0, 0] || Vision: CX:  0 CY:  0 W:  0 H:  0 Px:    0 || IMU: AX: -0.2 AY: -0.6 AZ: -8.8 TZ:  0.0 || Yaw Error:-28.7deg || Batt: 3.57V  || State: MANUAL   
[COMMAND] Mode: MANUAL                || Motors: [0, 20, 0, 50]
[LATENCY] Delta:   4.0ms | Avg:  50.1ms | Rate: 20.0 FPS | Queue: 0B

[2026-09-11 18:40:19.239]
[TELEMETRY] Motors: [0, 20, 0, 0] || Vision: CX:  0 CY:  0 W:  0 H:  0 Px:    0 || IMU: AX: -0.1 AY: -0.7 AZ: -8.7 TZ:  0.0 || Yaw Error:-28.7deg || Batt: 3.57V  || State: MANUAL   
[COMMAND] Mode: MANUAL                || Motors: [0, 20, 0, 0]
[LATENCY] Delta:  46.1ms | Avg:  50.3ms | Rate: 19.9 FPS | Queue: 0B

[2026-09-11 18:40:19.294]
[TELEMETRY] Motors: [0, 20, 0, 0] || Vision: CX:  0 CY:  0 W:  0 H:  0 Px:    0 || IMU: AX: -0.0 AY: -0.9 AZ: -8.6 TZ:  0.0 || Yaw Error:-28.7deg || Batt: 3.57V  || State: MANUAL   
[COMMAND] Mode: MANUAL                || Motors: [0, 20, 0, 0]
[LATENCY] Delta:  52.3ms | Avg:  50.6ms | Rate: 19.8 FPS | Queue: 0B

[2026-09-11 18:40:19.297]
[TELEMETRY] Motors: [0, 20, 0, 0] || Vision: CX:  0 CY:  0 W:  0 H:  0 Px:    0 || IMU: AX:  0.0 AY: -0.8 AZ: -8.7 TZ: -0.0 || Yaw Error:-28.7deg || Batt: 3.57V  || State: MANUAL   
[COMMAND] Mode: MANUAL                || Motors: [0, 20, 0, 0]
[LATENCY] Delta:   4.6ms | Avg:  50.6ms | Rate: 19.8 FPS | Queue: 0B

[2026-09-11 18:40:19.340]
[TELEMETRY] Motors: [0, 20, 0, 0] || Vision: CX:  0 CY:  0 W:  0 H:  0 Px:    0 || IMU: AX: -0.2 AY: -0.6 AZ: -8.6 TZ: -0.0 || Yaw Error:-28.7deg || Batt: 3.57V  || State: MANUAL   
[COMMAND] Mode: MANUAL                || Motors: [0, 20, 0, 0]
[LATENCY] Delta:  44.2ms | Avg:  50.5ms | Rate: 19.8 FPS | Queue: 0B

[2026-09-11 18:40:19.362]
[TELEMETRY] Motors: [50, 20, 0, 49] || Vision: CX:  0 CY:  0 W:  0 H:  0 Px:    0 || IMU: AX: -0.1 AY: -0.5 AZ: -8.7 TZ: -0.0 || Yaw Error:-28.7deg || Batt: 3.57V  || State: MANUAL   
[COMMAND] Mode: MANUAL                || Motors: [50, 20, 0, 50]
[LATENCY] Delta:  21.1ms | Avg:  50.4ms | Rate: 19.8 FPS | Queue: 0B

[2026-09-11 18:40:19.442]
[TELEMETRY] Motors: [50, 20, 0, 49] || Vision: CX:  0 CY:  0 W:  0 H:  0 Px:    0 || IMU: AX: -1.8 AY: -1.4 AZ: -8.6 TZ: -0.0 || Yaw Error:-28.7deg || Batt: 3.57V  || State: MANUAL   
[COMMAND] Mode: MANUAL                || Motors: [50, 20, 0, 50]
[LATENCY] Delta:  79.8ms | Avg:  50.6ms | Rate: 19.7 FPS | Queue: 0B

[2026-09-11 18:40:19.583]
[TELEMETRY] Motors: [49, 20, 0, 50] || Vision: CX:  0 CY:  0 W:  0 H:  0 Px:    0 || IMU: AX: -0.6 AY: -1.6 AZ: -8.0 TZ:  0.0 || Yaw Error:-28.7deg || Batt: 3.57V  || State: MANUAL   
[COMMAND] Mode: MANUAL                || Motors: [50, 20, 0, 50]
[LATENCY] Delta: 141.6ms | Avg:  50.6ms | Rate: 19.8 FPS | Queue: 0B

[2026-09-11 18:40:19.588]
[TELEMETRY] Motors: [49, 20, 0, 50] || Vision: CX:  0 CY:  0 W:  0 H:  0 Px:    0 || IMU: AX:  2.4 AY:  1.3 AZ: -9.5 TZ:  0.0 || Yaw Error:-28.7deg || Batt: 3.57V  || State: MANUAL   
[COMMAND] Mode: MANUAL                || Motors: [50, 20, 0, 50]
[LATENCY] Delta:   0.1ms | Avg:  50.6ms | Rate: 19.8 FPS | Queue: 0B

[2026-09-11 18:40:19.653]
[TELEMETRY] Motors: [50, 20, 0, 49] || Vision: CX:  0 CY:  0 W:  0 H:  0 Px:    0 || IMU: AX:  1.1 AY:  0.5 AZ: -9.7 TZ: -0.0 || Yaw Error:-28.7deg || Batt: 3.57V  || State: MANUAL   
[COMMAND] Mode: MANUAL                || Motors: [50, 20, 0, 50]
[LATENCY] Delta:  66.2ms | Avg:  50.8ms | Rate: 19.7 FPS | Queue: 0B

[2026-09-11 18:40:19.664]
[TELEMETRY] Motors: [50, 20, 0, 49] || Vision: CX:  0 CY:  0 W:  0 H:  0 Px:    0 || IMU: AX:  2.1 AY:  0.7 AZ: -9.3 TZ: -0.0 || Yaw Error:-28.7deg || Batt: 3.57V  || State: MANUAL   
[COMMAND] Mode: MANUAL                || Motors: [50, 20, 0, 50]
[LATENCY] Delta:  12.1ms | Avg:  50.8ms | Rate: 19.7 FPS | Queue: 0B

[2026-09-11 18:40:19.725]
[TELEMETRY] Motors: [50, 20, 0, 49] || Vision: CX:  0 CY:  0 W:  0 H:  0 Px:    0 || IMU: AX: -3.0 AY: -2.0 AZ: -7.6 TZ: -0.0 || Yaw Error:-28.7deg || Batt: 3.57V  || State: MANUAL   
[COMMAND] Mode: MANUAL                || Motors: [50, 20, 0, 50]
[LATENCY] Delta:  59.9ms | Avg:  50.7ms | Rate: 19.7 FPS | Queue: 0B

[2026-09-11 18:40:19.729]
[TELEMETRY] Motors: [49, 20, 0, 50] || Vision: CX:  0 CY:  0 W:  0 H:  0 Px:    0 || IMU: AX: -1.3 AY: -1.8 AZ: -7.3 TZ:  0.0 || Yaw Error:-28.7deg || Batt: 3.40V  || State: MANUAL   
[COMMAND] Mode: MANUAL                || Motors: [50, 20, 0, 50]
[LATENCY] Delta:   3.3ms | Avg:  50.7ms | Rate: 19.7 FPS | Queue: 0B

[2026-09-11 18:40:19.784]
[TELEMETRY] Motors: [50, 20, 0, 49] || Vision: CX:  0 CY:  0 W:  0 H:  0 Px:    0 || IMU: AX:  0.1 AY: -0.3 AZ: -8.9 TZ: -0.0 || Yaw Error:-28.7deg || Batt: 3.40V  || State: MANUAL   
[COMMAND] Mode: MANUAL                || Motors: [50, 20, 0, 50]
[LATENCY] Delta:  55.8ms | Avg:  50.6ms | Rate: 19.8 FPS | Queue: 0B

[2026-09-11 18:40:19.824]
[TELEMETRY] Motors: [50, 20, 0, 49] || Vision: CX:  0 CY:  0 W:  0 H:  0 Px:    0 || IMU: AX: -0.3 AY:  0.1 AZ: -8.7 TZ: -0.0 || Yaw Error:-28.7deg || Batt: 3.40V  || State: MANUAL   
[COMMAND] Mode: MANUAL                || Motors: [50, 20, 0, 50]
[LATENCY] Delta:  40.0ms | Avg:  50.6ms | Rate: 19.8 FPS | Queue: 0B

[2026-09-11 18:40:19.861]
[TELEMETRY] Motors: [50, 20, 0, 49] || Vision: CX:  0 CY:  0 W:  0 H:  0 Px:    0 || IMU: AX: -3.1 AY: -1.0 AZ: -8.8 TZ: -0.0 || Yaw Error:-28.7deg || Batt: 3.40V  || State: MANUAL   
[COMMAND] Mode: MANUAL                || Motors: [50, 20, 0, 50]
[LATENCY] Delta:  35.9ms | Avg:  50.7ms | Rate: 19.7 FPS | Queue: 0B

[2026-09-11 18:40:19.912]
[TELEMETRY] Motors: [49, 20, 0, 50] || Vision: CX:  0 CY:  0 W:  0 H:  0 Px:    0 || IMU: AX: -3.6 AY: -1.9 AZ: -8.3 TZ:  0.0 || Yaw Error:-28.7deg || Batt: 3.40V  || State: MANUAL   
[COMMAND] Mode: MANUAL                || Motors: [50, 20, 0, 50]
[LATENCY] Delta:  51.8ms | Avg:  50.8ms | Rate: 19.7 FPS | Queue: 0B

[2026-09-11 18:40:19.942]
[TELEMETRY] Motors: [50, 20, 0, 49] || Vision: CX:  0 CY:  0 W:  0 H:  0 Px:    0 || IMU: AX: -0.5 AY: -0.7 AZ: -9.3 TZ: -0.0 || Yaw Error:-28.7deg || Batt: 3.40V  || State: MANUAL   
[COMMAND] Mode: MANUAL                || Motors: [50, 20, 0, 50]
[LATENCY] Delta:  29.8ms | Avg:  50.6ms | Rate: 19.8 FPS | Queue: 0B

[2026-09-11 18:40:19.963]
[TELEMETRY] Motors: [49, 20, 0, 50] || Vision: CX:  0 CY:  0 W:  0 H:  0 Px:    0 || IMU: AX: -0.2 AY: -0.5 AZ: -9.0 TZ:  0.0 || Yaw Error:-28.7deg || Batt: 3.40V  || State: MANUAL   
[COMMAND] Mode: MANUAL                || Motors: [50, 20, 0, 50]
[LATENCY] Delta:  21.6ms | Avg:  50.7ms | Rate: 19.7 FPS | Queue: 0B

[2026-09-11 18:40:20.014]
[TELEMETRY] Motors: [50, 20, 0, 49] || Vision: CX:  0 CY:  0 W:  0 H:  0 Px:    0 || IMU: AX:  0.1 AY:  0.5 AZ: -9.6 TZ: -0.0 || Yaw Error:-28.7deg || Batt: 3.40V  || State: MANUAL   
[COMMAND] Mode: MANUAL                || Motors: [50, 20, 0, 50]
[LATENCY] Delta:  50.4ms | Avg:  50.6ms | Rate: 19.8 FPS | Queue: 0B

[2026-09-11 18:40:20.107]
[TELEMETRY] Motors: [50, 20, 0, 49] || Vision: CX:  0 CY:  0 W:  0 H:  0 Px:    0 || IMU: AX: -1.8 AY: -0.4 AZ: -9.5 TZ: -0.0 || Yaw Error:-28.7deg || Batt: 3.40V  || State: MANUAL   
[COMMAND] Mode: MANUAL                || Motors: [50, 20, 0, 50]
[LATENCY] Delta:  92.9ms | Avg:  50.9ms | Rate: 19.6 FPS | Queue: 0B

[2026-09-11 18:40:20.115]
[TELEMETRY] Motors: [49, 20, 0, 50] || Vision: CX:  0 CY:  0 W:  0 H:  0 Px:    0 || IMU: AX: -1.9 AY: -1.8 AZ: -9.1 TZ:  0.0 || Yaw Error:-28.7deg || Batt: 3.40V  || State: MANUAL   
[COMMAND] Mode: MANUAL                || Motors: [50, 20, 0, 50]
[LATENCY] Delta:   8.3ms | Avg:  50.8ms | Rate: 19.7 FPS | Queue: 0B

[2026-09-11 18:40:20.133]
[TELEMETRY] Motors: [50, 20, 0, 49] || Vision: CX:  0 CY:  0 W:  0 H:  0 Px:    0 || IMU: AX: -1.6 AY: -1.1 AZ: -8.8 TZ: -0.0 || Yaw Error:-28.7deg || Batt: 3.40V  || State: MANUAL   
[COMMAND] Mode: MANUAL                || Motors: [50, 20, 0, 50]
[LATENCY] Delta:  17.4ms | Avg:  50.6ms | Rate: 19.8 FPS | Queue: 0B

[2026-09-11 18:40:20.161]
[TELEMETRY] Motors: [49, 20, 0, 50] || Vision: CX:  0 CY:  0 W:  0 H:  0 Px:    0 || IMU: AX:  1.8 AY:  0.5 AZ: -9.6 TZ:  0.0 || Yaw Error:-28.7deg || Batt: 3.40V  || State: MANUAL   
[COMMAND] Mode: MANUAL                || Motors: [50, 20, 0, 50]
[LATENCY] Delta:  28.2ms | Avg:  50.7ms | Rate: 19.7 FPS | Queue: 0B

[2026-09-11 18:40:20.259]
[TELEMETRY] Motors: [50, 20, 0, 49] || Vision: CX:  0 CY:  0 W:  0 H:  0 Px:    0 || IMU: AX: -1.0 AY: -0.4 AZ: -9.3 TZ: -0.0 || Yaw Error:-28.7deg || Batt: 3.40V  || State: MANUAL   
[COMMAND] Mode: MANUAL                || Motors: [50, 20, 0, 50]
[LATENCY] Delta:  96.9ms | Avg:  50.9ms | Rate: 19.7 FPS | Queue: 0B

[2026-09-11 18:40:20.270]
[TELEMETRY] Motors: [51, 20, 0, 48] || Vision: CX:  0 CY:  0 W:  0 H:  0 Px:    0 || IMU: AX: -1.4 AY: -1.5 AZ: -9.1 TZ: -0.1 || Yaw Error:-28.7deg || Batt: 3.40V  || State: MANUAL   
[COMMAND] Mode: MANUAL                || Motors: [50, 20, 0, 50]
[LATENCY] Delta:  11.7ms | Avg:  50.8ms | Rate: 19.7 FPS | Queue: 0B

[2026-09-11 18:40:20.319]
[TELEMETRY] Motors: [49, 20, 0, 50] || Vision: CX:  0 CY:  0 W:  0 H:  0 Px:    0 || IMU: AX:  3.1 AY:  1.3 AZ: -9.7 TZ:  0.0 || Yaw Error:-28.7deg || Batt: 3.40V  || State: MANUAL   
[COMMAND] Mode: MANUAL                || Motors: [50, 20, 0, 50]
[LATENCY] Delta:  49.7ms | Avg:  50.8ms | Rate: 19.7 FPS | Queue: 0B

[2026-09-11 18:40:20.325]
[TELEMETRY] Motors: [50, 20, 0, 49] || Vision: CX:  0 CY:  0 W:  0 H:  0 Px:    0 || IMU: AX:  0.2 AY: -1.2 AZ: -8.9 TZ: -0.0 || Yaw Error:-28.7deg || Batt: 3.40V  || State: MANUAL   
[COMMAND] Mode: MANUAL                || Motors: [0, 20, 0, 0]
[LATENCY] Delta:   3.5ms | Avg:  50.2ms | Rate: 19.9 FPS | Queue: 0B

[2026-09-11 18:40:20.363]
[TELEMETRY] Motors: [49, 20, 0, 50] || Vision: CX:  0 CY:  0 W:  0 H:  0 Px:    0 || IMU: AX:  0.0 AY: -0.1 AZ: -9.4 TZ:  0.0 || Yaw Error:-28.7deg || Batt: 3.40V  || State: MANUAL   
[COMMAND] Mode: MANUAL                || Motors: [0, 20, 0, 0]
[LATENCY] Delta:  41.1ms | Avg:  50.4ms | Rate: 19.8 FPS | Queue: 0B

[2026-09-11 18:40:20.429]
[TELEMETRY] Motors: [49, 20, 0, 50] || Vision: CX:  0 CY:  0 W:  0 H:  0 Px:    0 || IMU: AX:  2.8 AY:  0.6 AZ: -9.7 TZ:  0.0 || Yaw Error:-28.7deg || Batt: 3.40V  || State: MANUAL   
[COMMAND] Mode: MANUAL                || Motors: [0, 20, 0, 0]
[LATENCY] Delta:  65.6ms | Avg:  50.7ms | Rate: 19.7 FPS | Queue: 0B

[2026-09-11 18:40:20.458]
[TELEMETRY] Motors: [49, 20, 0, 50] || Vision: CX:  0 CY:  0 W:  0 H:  0 Px:    0 || IMU: AX:  0.7 AY:  0.3 AZ: -9.9 TZ:  0.0 || Yaw Error:-28.7deg || Batt: 3.40V  || State: MANUAL   
[COMMAND] Mode: MANUAL                || Motors: [0, 20, 0, 0]
[LATENCY] Delta:  28.6ms | Avg:  50.3ms | Rate: 19.9 FPS | Queue: 0B

[2026-09-11 18:40:20.575]
[TELEMETRY] Motors: [51, 20, 0, 48] || Vision: CX:  0 CY:  0 W:  0 H:  0 Px:    0 || IMU: AX: -0.1 AY: -1.8 AZ: -8.5 TZ: -0.1 || Yaw Error:-28.7deg || Batt: 3.40V  || State: MANUAL   
[COMMAND] Mode: MANUAL                || Motors: [0, 20, 0, 0]
[LATENCY] Delta: 117.9ms | Avg:  50.7ms | Rate: 19.7 FPS | Queue: 0B

[2026-09-11 18:40:20.580]
[TELEMETRY] Motors: [50, 20, 0, 49] || Vision: CX:  0 CY:  0 W:  0 H:  0 Px:    0 || IMU: AX:  1.3 AY: -1.1 AZ: -9.0 TZ: -0.0 || Yaw Error:-28.7deg || Batt: 3.40V  || State: MANUAL   
[COMMAND] Mode: MANUAL                || Motors: [0, 20, 0, 0]
[LATENCY] Delta:   3.5ms | Avg:  50.6ms | Rate: 19.8 FPS | Queue: 0B

[2026-09-11 18:40:20.598]
[TELEMETRY] Motors: [51, 20, 0, 48] || Vision: CX:  0 CY:  0 W:  0 H:  0 Px:    0 || IMU: AX:  3.1 AY:  0.7 AZ: -9.5 TZ: -0.0 || Yaw Error:-28.7deg || Batt: 3.40V  || State: MANUAL   
[COMMAND] Mode: MANUAL                || Motors: [0, 20, 0, 0]
[LATENCY] Delta:  19.4ms | Avg:  50.4ms | Rate: 19.8 FPS | Queue: 0B

[2026-09-11 18:40:20.622]
[TELEMETRY] Motors: [50, 20, 0, 49] || Vision: CX:  0 CY:  0 W:  0 H:  0 Px:    0 || IMU: AX: -2.1 AY: -1.3 AZ: -9.1 TZ: -0.0 || Yaw Error:-28.7deg || Batt: 3.40V  || State: MANUAL   
[COMMAND] Mode: MANUAL                || Motors: [0, 20, 0, 0]
[LATENCY] Delta:  23.4ms | Avg:  50.1ms | Rate: 20.0 FPS | Queue: 0B

[2026-09-11 18:40:20.640]
[TELEMETRY] Motors: [49, 20, 0, 50] || Vision: CX:  0 CY:  0 W:  0 H:  0 Px:    0 || IMU: AX:  2.0 AY:  0.6 AZ: -9.7 TZ:  0.0 || Yaw Error:-28.7deg || Batt: 3.40V  || State: MANUAL   
[COMMAND] Mode: MANUAL                || Motors: [0, 20, 0, 0]
[LATENCY] Delta:  17.5ms | Avg:  50.2ms | Rate: 19.9 FPS | Queue: 0B

[2026-09-11 18:40:20.683]
[TELEMETRY] Motors: [51, 20, 0, 48] || Vision: CX:  0 CY:  0 W:  0 H:  0 Px:    0 || IMU: AX: -0.5 AY:  0.2 AZ: -9.5 TZ: -0.1 || Yaw Error:-28.7deg || Batt: 3.40V  || State: MANUAL   
[COMMAND] Mode: MANUAL                || Motors: [0, 20, 0, 0]
[LATENCY] Delta:  43.0ms | Avg:  50.3ms | Rate: 19.9 FPS | Queue: 0B

[2026-09-11 18:40:20.761]
[TELEMETRY] Motors: [49, 20, 0, 50] || Vision: CX:  0 CY:  0 W:  0 H:  0 Px:    0 || IMU: AX: -2.0 AY: -1.1 AZ: -9.5 TZ:  0.0 || Yaw Error:-28.7deg || Batt: 3.40V  || State: MANUAL   
[COMMAND] Mode: MANUAL                || Motors: [0, 20, 0, 0]
[LATENCY] Delta:  79.1ms | Avg:  50.4ms | Rate: 19.8 FPS | Queue: 0B

[2026-09-11 18:40:20.765]
[TELEMETRY] Motors: [49, 20, 0, 50] || Vision: CX:  0 CY:  0 W:  0 H:  0 Px:    0 || IMU: AX: -1.3 AY: -1.2 AZ: -8.7 TZ:  0.0 || Yaw Error:-28.7deg || Batt: 3.39V  || State: MANUAL   
[COMMAND] Mode: MANUAL                || Motors: [0, 20, 0, 0]
[LATENCY] Delta:   3.6ms | Avg:  50.2ms | Rate: 19.9 FPS | Queue: 0B

[2026-09-11 18:40:20.821]
[TELEMETRY] Motors: [51, 20, 0, 48] || Vision: CX:  0 CY:  0 W:  0 H:  0 Px:    0 || IMU: AX:  0.9 AY:  0.3 AZ:-10.0 TZ: -0.0 || Yaw Error:-28.7deg || Batt: 3.39V  || State: MANUAL   
[COMMAND] Mode: MANUAL                || Motors: [0, 20, 0, 0]
[LATENCY] Delta:  55.2ms | Avg:  50.2ms | Rate: 19.9 FPS | Queue: 0B

[2026-09-11 18:40:20.878]
[TELEMETRY] Motors: [49, 20, 0, 50] || Vision: CX:  0 CY:  0 W:  0 H:  0 Px:    0 || IMU: AX: -3.0 AY: -1.7 AZ: -8.9 TZ:  0.0 || Yaw Error:-28.7deg || Batt: 3.39V  || State: MANUAL   
[COMMAND] Mode: MANUAL                || Motors: [0, 20, 0, 0]
[LATENCY] Delta:  58.2ms | Avg:  50.2ms | Rate: 19.9 FPS | Queue: 0B

[2026-09-11 18:40:20.882]
[TELEMETRY] Motors: [51, 20, 0, 48] || Vision: CX:  0 CY:  0 W:  0 H:  0 Px:    0 || IMU: AX:  0.7 AY: -0.2 AZ: -9.6 TZ: -0.0 || Yaw Error:-28.7deg || Batt: 3.39V  || State: MANUAL   
[COMMAND] Mode: MANUAL                || Motors: [0, 20, 0, 0]
[LATENCY] Delta:   3.4ms | Avg:  50.2ms | Rate: 19.9 FPS | Queue: 0B

[2026-09-11 18:40:20.921]
[TELEMETRY] Motors: [48, 20, 0, 51] || Vision: CX:  0 CY:  0 W:  0 H:  0 Px:    0 || IMU: AX: -0.6 AY:  0.2 AZ: -9.3 TZ:  0.1 || Yaw Error:-28.7deg || Batt: 3.39V  || State: MANUAL   
[COMMAND] Mode: MANUAL                || Motors: [0, 20, 0, 0]
[LATENCY] Delta:  40.3ms | Avg:  50.2ms | Rate: 19.9 FPS | Queue: 0B

[2026-09-11 18:40:20.989]
[TELEMETRY] Motors: [0, 20, 0, 0] || Vision: CX:  0 CY:  0 W:  0 H:  0 Px:    0 || IMU: AX: -2.9 AY: -1.5 AZ: -8.9 TZ:  0.0 || Yaw Error:-28.7deg || Batt: 3.39V  || State: MANUAL   
[COMMAND] Mode: MANUAL                || Motors: [0, 20, 0, 0]
[LATENCY] Delta:  65.2ms | Avg:  49.9ms | Rate: 20.0 FPS | Queue: 0B

[2026-09-11 18:40:21.013]
[TELEMETRY] Motors: [0, 20, 0, 0] || Vision: CX:  0 CY:  0 W:  0 H:  0 Px:    0 || IMU: AX: -0.7 AY:  1.0 AZ: -8.6 TZ:  0.0 || Yaw Error:-28.7deg || Batt: 3.39V  || State: MANUAL   
[COMMAND] Mode: MANUAL                || Motors: [0, 20, 0, 0]
[LATENCY] Delta:  26.1ms | Avg:  50.0ms | Rate: 20.0 FPS | Queue: 0B

[2026-09-11 18:40:21.074]
[TELEMETRY] Motors: [0, 20, 0, 0] || Vision: CX:  0 CY:  0 W:  0 H:  0 Px:    0 || IMU: AX: -0.4 AY: -0.9 AZ: -8.1 TZ: -0.0 || Yaw Error:-28.7deg || Batt: 3.39V  || State: MANUAL   
[COMMAND] Mode: MANUAL                || Motors: [0, 20, 0, 0]
[LATENCY] Delta:  60.2ms | Avg:  50.3ms | Rate: 19.9 FPS | Queue: 0B

[2026-09-11 18:40:21.081]
[TELEMETRY] Motors: [0, 20, 0, 0] || Vision: CX:  0 CY:  0 W:  0 H:  0 Px:    0 || IMU: AX:  0.1 AY: -0.4 AZ: -8.9 TZ: -0.0 || Yaw Error:-28.7deg || Batt: 3.39V  || State: MANUAL   
[COMMAND] Mode: MANUAL                || Motors: [0, 20, 0, 0]
[LATENCY] Delta:   7.9ms | Avg:  50.2ms | Rate: 19.9 FPS | Queue: 0B

[2026-09-11 18:40:21.151]
[TELEMETRY] Motors: [0, 20, 0, 0] || Vision: CX:  0 CY:  0 W:  0 H:  0 Px:    0 || IMU: AX:  0.4 AY: -1.5 AZ: -8.0 TZ:  0.0 || Yaw Error:-28.7deg || Batt: 3.39V  || State: MANUAL   
[COMMAND] Mode: MANUAL                || Motors: [0, 20, 0, 0]
[LATENCY] Delta:  70.4ms | Avg:  50.4ms | Rate: 19.9 FPS | Queue: 0B

[2026-09-11 18:40:21.263]
[TELEMETRY] Motors: [0, 20, 0, 0] || Vision: CX:  0 CY:  0 W:  0 H:  0 Px:    0 || IMU: AX: -0.1 AY: -1.1 AZ: -8.5 TZ:  0.0 || Yaw Error:-28.7deg || Batt: 3.39V  || State: MANUAL   
[COMMAND] Mode: MANUAL                || Motors: [50, 20, 0, 0]
[LATENCY] Delta: 110.4ms | Avg:  50.8ms | Rate: 19.7 FPS | Queue: 0B

[2026-09-11 18:40:21.268]
[TELEMETRY] Motors: [0, 20, 0, 0] || Vision: CX:  0 CY:  0 W:  0 H:  0 Px:    0 || IMU: AX: -0.2 AY: -0.4 AZ: -8.9 TZ: -0.0 || Yaw Error:-28.7deg || Batt: 3.39V  || State: MANUAL   
[COMMAND] Mode: MANUAL                || Motors: [50, 20, 0, 0]
[LATENCY] Delta:   4.2ms | Avg:  50.5ms | Rate: 19.8 FPS | Queue: 0B

[2026-09-11 18:40:21.273]
[TELEMETRY] Motors: [0, 20, 0, 0] || Vision: CX:  0 CY:  0 W:  0 H:  0 Px:    0 || IMU: AX: -0.1 AY: -0.4 AZ: -8.8 TZ:  0.0 || Yaw Error:-28.7deg || Batt: 3.39V  || State: MANUAL   
[COMMAND] Mode: MANUAL                || Motors: [50, 20, 0, 0]
[LATENCY] Delta:   4.4ms | Avg:  50.3ms | Rate: 19.9 FPS | Queue: 0B

[2026-09-11 18:40:21.398]
[TELEMETRY] Motors: [0, 20, 0, 50] || Vision: CX:  0 CY:  0 W:  0 H:  0 Px:    0 || IMU: AX: -0.2 AY: -0.7 AZ: -9.0 TZ:  0.0 || Yaw Error:-28.7deg || Batt: 3.55V  || State: MANUAL   
[COMMAND] Mode: MANUAL                || Motors: [50, 20, 0, 0]
[LATENCY] Delta: 127.1ms | Avg:  50.9ms | Rate: 19.7 FPS | Queue: 52B

[2026-09-11 18:40:21.463]
[TELEMETRY] Motors: [0, 20, 0, 50] || Vision: CX:  0 CY:  0 W:  0 H:  0 Px:    0 || IMU: AX: -1.0 AY: -0.5 AZ: -9.2 TZ:  0.0 || Yaw Error:-28.7deg || Batt: 3.55V  || State: MANUAL   
[COMMAND] Mode: MANUAL                || Motors: [50, 20, 0, 0]
[LATENCY] Delta:  65.7ms | Avg:  51.0ms | Rate: 19.6 FPS | Queue: 0B

[2026-09-11 18:40:21.585]
[TELEMETRY] Motors: [0, 20, 0, 50] || Vision: CX:  0 CY:  0 W:  0 H:  0 Px:    0 || IMU: AX:  1.5 AY: -1.3 AZ: -9.2 TZ:  0.0 || Yaw Error:-28.7deg || Batt: 3.55V  || State: MANUAL   
[COMMAND] Mode: MANUAL                || Motors: [50, 20, 0, 0]
[LATENCY] Delta: 121.2ms | Avg:  51.2ms | Rate: 19.5 FPS | Queue: 0B

[2026-09-11 18:40:21.599]
[TELEMETRY] Motors: [0, 20, 0, 49] || Vision: CX:  0 CY:  0 W:  0 H:  0 Px:    0 || IMU: AX:  0.1 AY:  0.1 AZ: -8.7 TZ: -0.0 || Yaw Error:-28.7deg || Batt: 3.55V  || State: MANUAL   
[COMMAND] Mode: MANUAL                || Motors: [50, 20, 0, 0]
[LATENCY] Delta:  13.9ms | Avg:  51.2ms | Rate: 19.5 FPS | Queue: 0B

[2026-09-11 18:40:21.603]
[TELEMETRY] Motors: [0, 20, 0, 49] || Vision: CX:  0 CY:  0 W:  0 H:  0 Px:    0 || IMU: AX: -0.7 AY: -0.8 AZ: -8.5 TZ: -0.0 || Yaw Error:-28.7deg || Batt: 3.55V  || State: MANUAL   
[COMMAND] Mode: MANUAL                || Motors: [50, 20, 0, 0]
[LATENCY] Delta:   3.6ms | Avg:  51.0ms | Rate: 19.6 FPS | Queue: 0B

[2026-09-11 18:40:21.662]
[TELEMETRY] Motors: [1, 20, 0, 48] || Vision: CX:  0 CY:  0 W:  0 H:  0 Px:    0 || IMU: AX:  0.9 AY:  0.2 AZ: -8.6 TZ: -0.1 || Yaw Error:-28.7deg || Batt: 3.55V  || State: MANUAL   
[COMMAND] Mode: MANUAL                || Motors: [50, 20, 0, 0]
[LATENCY] Delta:  59.5ms | Avg:  51.2ms | Rate: 19.5 FPS | Queue: 0B

[2026-09-11 18:40:21.704]
[TELEMETRY] Motors: [1, 20, 0, 48] || Vision: CX:  0 CY:  0 W:  0 H:  0 Px:    0 || IMU: AX:  0.9 AY:  0.0 AZ: -8.7 TZ: -0.1 || Yaw Error:-28.7deg || Batt: 3.55V  || State: MANUAL   
[COMMAND] Mode: MANUAL                || Motors: [50, 20, 0, 0]
[LATENCY] Delta:  41.9ms | Avg:  51.2ms | Rate: 19.5 FPS | Queue: 0B

[2026-09-11 18:40:21.748]
[TELEMETRY] Motors: [1, 20, 0, 48] || Vision: CX:  0 CY:  0 W:  0 H:  0 Px:    0 || IMU: AX:  0.9 AY: -0.7 AZ: -8.7 TZ: -0.1 || Yaw Error:-28.7deg || Batt: 3.55V  || State: MANUAL   
[COMMAND] Mode: MANUAL                || Motors: [50, 20, 0, 0]
[LATENCY] Delta:  42.9ms | Avg:  51.2ms | Rate: 19.5 FPS | Queue: 0B

[2026-09-11 18:40:21.758]
[TELEMETRY] Motors: [1, 20, 0, 0] || Vision: CX:  0 CY:  0 W:  0 H:  0 Px:    0 || IMU: AX:  0.8 AY: -0.4 AZ: -8.8 TZ: -0.1 || Yaw Error:-28.7deg || Batt: 3.55V  || State: MANUAL   
[COMMAND] Mode: MANUAL                || Motors: [50, 20, 0, 0]
[LATENCY] Delta:  12.0ms | Avg:  50.7ms | Rate: 19.7 FPS | Queue: 0B

[2026-09-11 18:40:21.802]
[TELEMETRY] Motors: [0, 20, 0, 0] || Vision: CX:  0 CY:  0 W:  0 H:  0 Px:    0 || IMU: AX:  0.8 AY:  2.7 AZ:-10.5 TZ: -0.0 || Yaw Error:-28.7deg || Batt: 3.55V  || State: MANUAL   
[COMMAND] Mode: MANUAL                || Motors: [50, 20, 0, 0]
[LATENCY] Delta:  42.7ms | Avg:  50.9ms | Rate: 19.6 FPS | Queue: 0B

[2026-09-11 18:40:21.850]
[TELEMETRY] Motors: [0, 20, 0, 0] || Vision: CX:  0 CY:  0 W:  0 H:  0 Px:    0 || IMU: AX:  0.6 AY: -1.0 AZ: -8.5 TZ: -0.0 || Yaw Error:-28.7deg || Batt: 3.55V  || State: MANUAL   
[COMMAND] Mode: MANUAL                || Motors: [50, 20, 0, 0]
[LATENCY] Delta:  48.6ms | Avg:  50.9ms | Rate: 19.6 FPS | Queue: 0B

[2026-09-11 18:40:21.905]
[TELEMETRY] Motors: [0, 20, 0, 0] || Vision: CX:  0 CY:  0 W:  0 H:  0 Px:    0 || IMU: AX:  0.7 AY: -0.9 AZ: -8.7 TZ:  0.0 || Yaw Error:-28.7deg || Batt: 3.55V  || State: MANUAL   
[COMMAND] Mode: MANUAL                || Motors: [50, 20, 0, 0]
[LATENCY] Delta:  53.6ms | Avg:  51.2ms | Rate: 19.5 FPS | Queue: 0B

[2026-09-11 18:40:21.956]
[TELEMETRY] Motors: [0, 20, 0, 1] || Vision: CX:  0 CY:  0 W:  0 H:  0 Px:    0 || IMU: AX: -0.0 AY: -1.0 AZ: -8.5 TZ:  0.0 || Yaw Error:-28.7deg || Batt: 3.55V  || State: MANUAL   
[COMMAND] Mode: MANUAL                || Motors: [50, 20, 0, 0]
[LATENCY] Delta:  51.5ms | Avg:  51.2ms | Rate: 19.5 FPS | Queue: 0B

[2026-09-11 18:40:21.975]
[TELEMETRY] Motors: [0, 20, 0, 1] || Vision: CX:  0 CY:  0 W:  0 H:  0 Px:    0 || IMU: AX: -0.2 AY: -1.2 AZ: -8.8 TZ:  0.1 || Yaw Error:-28.7deg || Batt: 3.55V  || State: MANUAL   
[COMMAND] Mode: MANUAL                || Motors: [50, 20, 0, 0]
[LATENCY] Delta:  20.3ms | Avg:  51.1ms | Rate: 19.6 FPS | Queue: 0B

[2026-09-11 18:40:22.006]
[TELEMETRY] Motors: [0, 20, 0, 2] || Vision: CX:  0 CY:  0 W:  0 H:  0 Px:    0 || IMU: AX: -0.2 AY: -0.5 AZ: -8.9 TZ:  0.1 || Yaw Error:-28.7deg || Batt: 3.55V  || State: MANUAL   
[COMMAND] Mode: MANUAL                || Motors: [50, 20, 0, 0]
[LATENCY] Delta:  30.2ms | Avg:  50.9ms | Rate: 19.6 FPS | Queue: 0B

[2026-09-11 18:40:22.066]
[TELEMETRY] Motors: [0, 20, 0, 2] || Vision: CX:  0 CY:  0 W:  0 H:  0 Px:    0 || IMU: AX: -0.0 AY: -0.8 AZ: -8.7 TZ:  0.1 || Yaw Error:-28.7deg || Batt: 3.55V  || State: MANUAL   
[COMMAND] Mode: MANUAL                || Motors: [50, 20, 0, 0]
[LATENCY] Delta:  59.6ms | Avg:  51.2ms | Rate: 19.5 FPS | Queue: 0B

[2026-09-11 18:40:22.135]
[TELEMETRY] Motors: [0, 20, 0, 2] || Vision: CX:  0 CY:  0 W:  0 H:  0 Px:    0 || IMU: AX:  0.1 AY: -0.4 AZ: -8.8 TZ:  0.1 || Yaw Error:-28.7deg || Batt: 3.55V  || State: MANUAL   
[COMMAND] Mode: MANUAL                || Motors: [50, 20, 0, 0]
[LATENCY] Delta:  69.3ms | Avg:  51.3ms | Rate: 19.5 FPS | Queue: 0B

[2026-09-11 18:40:22.140]
[TELEMETRY] Motors: [0, 20, 0, 1] || Vision: CX:  0 CY:  0 W:  0 H:  0 Px:    0 || IMU: AX: -0.0 AY: -0.5 AZ: -8.4 TZ:  0.1 || Yaw Error:-28.7deg || Batt: 3.55V  || State: MANUAL   
[COMMAND] Mode: MANUAL                || Motors: [50, 20, 0, 0]
[LATENCY] Delta:   3.8ms | Avg:  51.2ms | Rate: 19.5 FPS | Queue: 0B

[2026-09-11 18:40:22.208]
[TELEMETRY] Motors: [0, 20, 0, 1] || Vision: CX:  0 CY:  0 W:  0 H:  0 Px:    0 || IMU: AX: -0.1 AY: -0.6 AZ: -8.5 TZ:  0.1 || Yaw Error:-28.7deg || Batt: 3.55V  || State: MANUAL   
[COMMAND] Mode: MANUAL                || Motors: [50, 20, 0, 0]
[LATENCY] Delta:  70.7ms | Avg:  51.2ms | Rate: 19.5 FPS | Queue: 0B

[2026-09-11 18:40:22.216]
[TELEMETRY] Motors: [0, 20, 0, 0] || Vision: CX:  0 CY:  0 W:  0 H:  0 Px:    0 || IMU: AX: -0.2 AY: -0.9 AZ: -8.6 TZ:  0.0 || Yaw Error:-28.7deg || Batt: 3.55V  || State: MANUAL   
[COMMAND] Mode: MANUAL                || Motors: [50, 20, 0, 0]
[LATENCY] Delta:   6.3ms | Avg:  50.9ms | Rate: 19.6 FPS | Queue: 0B

[2026-09-11 18:40:22.317]
[TELEMETRY] Motors: [0, 20, 0, 0] || Vision: CX:  0 CY:  0 W:  0 H:  0 Px:    0 || IMU: AX:  0.0 AY: -0.8 AZ: -8.6 TZ:  0.0 || Yaw Error:-28.7deg || Batt: 3.55V  || State: MANUAL   
[COMMAND] Mode: MANUAL                || Motors: [50, 20, 0, 0]
[LATENCY] Delta: 102.1ms | Avg:  51.4ms | Rate: 19.5 FPS | Queue: 0B

[2026-09-11 18:40:22.358]
[TELEMETRY] Motors: [0, 20, 0, 0] || Vision: CX:  0 CY:  0 W:  0 H:  0 Px:    0 || IMU: AX:  0.1 AY: -0.6 AZ: -8.7 TZ: -0.0 || Yaw Error:-28.7deg || Batt: 3.55V  || State: MANUAL   
[COMMAND] Mode: MANUAL                || Motors: [50, 20, 0, 0]
[LATENCY] Delta:  40.4ms | Avg:  51.4ms | Rate: 19.4 FPS | Queue: 0B

[2026-09-11 18:40:22.420]
[TELEMETRY] Motors: [0, 20, 0, 0] || Vision: CX:  0 CY:  0 W:  0 H:  0 Px:    0 || IMU: AX: -0.1 AY: -0.8 AZ: -8.6 TZ: -0.0 || Yaw Error:-28.7deg || Batt: 3.55V  || State: MANUAL   
[COMMAND] Mode: MANUAL                || Motors: [50, 20, 0, 0]
[LATENCY] Delta:  62.5ms | Avg:  51.5ms | Rate: 19.4 FPS | Queue: 0B

[2026-09-11 18:40:22.442]
[TELEMETRY] Motors: [1, 20, 0, 0] || Vision: CX:  0 CY:  0 W:  0 H:  0 Px:    0 || IMU: AX: -0.1 AY: -0.8 AZ: -8.7 TZ: -0.1 || Yaw Error:-28.7deg || Batt: 3.55V  || State: MANUAL   
[COMMAND] Mode: MANUAL                || Motors: [50, 20, 0, 0]
[LATENCY] Delta:  20.4ms | Avg:  51.3ms | Rate: 19.5 FPS | Queue: 0B

[2026-09-11 18:40:22.446]
[TELEMETRY] Motors: [1, 20, 0, 0] || Vision: CX:  0 CY:  0 W:  0 H:  0 Px:    0 || IMU: AX: -0.2 AY: -0.8 AZ: -8.8 TZ: -0.1 || Yaw Error:-28.7deg || Batt: 3.56V  || State: MANUAL   
[COMMAND] Mode: MANUAL                || Motors: [50, 20, 0, 0]
[LATENCY] Delta:   0.1ms | Avg:  51.1ms | Rate: 19.6 FPS | Queue: 0B

[2026-09-11 18:40:22.477]
[TELEMETRY] Motors: [51, 20, 0, 48] || Vision: CX:  0 CY:  0 W:  0 H:  0 Px:    0 || IMU: AX: -0.2 AY: -0.8 AZ: -8.8 TZ: -0.0 || Yaw Error:-28.7deg || Batt: 3.56V  || State: MANUAL   
[COMMAND] Mode: MANUAL                || Motors: [50, 20, 0, 0]
[LATENCY] Delta:  32.5ms | Avg:  51.1ms | Rate: 19.6 FPS | Queue: 0B

[2026-09-11 18:40:22.522]
[TELEMETRY] Motors: [51, 20, 0, 48] || Vision: CX:  0 CY:  0 W:  0 H:  0 Px:    0 || IMU: AX: -0.3 AY: -1.3 AZ: -8.7 TZ: -0.1 || Yaw Error:-28.7deg || Batt: 3.56V  || State: MANUAL   
[COMMAND] Mode: MANUAL                || Motors: [50, 20, 0, 0]
[LATENCY] Delta:  44.4ms | Avg:  51.1ms | Rate: 19.6 FPS | Queue: 0B

[2026-09-11 18:40:23.650]
[TELEMETRY] Motors: [49, 20, 0, 0] || Vision: CX:  0 CY:  0 W:  0 H:  0 Px:    0 || IMU: AX: -0.1 AY: -0.8 AZ: -8.7 TZ:  0.0 || Yaw Error:-28.7deg || Batt: 3.57V  || State: MANUAL   
[COMMAND] Mode: MANUAL                || Motors: [50, 20, 0, 0]
[LATENCY] Delta: 1128.4ms | Avg:  56.5ms | Rate: 17.7 FPS | Queue: 0B

[2026-09-11 18:40:23.726]
[TELEMETRY] Motors: [49, 20, 0, 0] || Vision: CX:  0 CY:  0 W:  0 H:  0 Px:    0 || IMU: AX: -0.2 AY: -0.7 AZ: -8.9 TZ:  0.0 || Yaw Error:-28.7deg || Batt: 3.57V  || State: MANUAL   
[COMMAND] Mode: MANUAL                || Motors: [50, 20, 0, 0]
[LATENCY] Delta:  75.1ms | Avg:  56.7ms | Rate: 17.6 FPS | Queue: 0B

[2026-09-11 18:40:23.731]
[TELEMETRY] Motors: [50, 20, 0, 0] || Vision: CX:  0 CY:  0 W:  0 H:  0 Px:    0 || IMU: AX:  0.2 AY: -0.8 AZ: -9.1 TZ: -0.0 || Yaw Error:-28.7deg || Batt: 3.57V  || State: MANUAL   
[COMMAND] Mode: MANUAL                || Motors: [50, 20, 0, 0]
[LATENCY] Delta:   3.7ms | Avg:  56.3ms | Rate: 17.7 FPS | Queue: 0B

[2026-09-11 18:40:23.735]
[TELEMETRY] Motors: [48, 20, 0, 1] || Vision: CX:184 CY:198 W: 68 H: 84 Px:  114 || IMU: AX:  0.4 AY: -0.8 AZ: -8.5 TZ:  0.0 || Yaw Error: +4.3deg || Batt: 3.57V  || State: MANUAL   
[COMMAND] Mode: MANUAL                || Motors: [50, 20, 0, 0]
[LATENCY] Delta:   4.3ms | Avg:  56.3ms | Rate: 17.7 FPS | Queue: 0B

[2026-09-11 18:40:23.743]
[TELEMETRY] Motors: [49, 20, 0, 0] || Vision: CX:182 CY:201 W: 68 H: 84 Px:  123 || IMU: AX: -2.0 AY: -1.3 AZ: -8.0 TZ:  0.0 || Yaw Error: +3.9deg || Batt: 3.57V  || State: MANUAL   
[COMMAND] Mode: MANUAL                || Motors: [50, 20, 0, 0]
[LATENCY] Delta:   9.1ms | Avg:  55.8ms | Rate: 17.9 FPS | Queue: 0B

[2026-09-11 18:40:23.800]
[TELEMETRY] Motors: [49, 20, 0, 0] || Vision: CX:185 CY:228 W: 65 H: 54 Px:   64 || IMU: AX: -2.3 AY: -0.9 AZ: -8.0 TZ:  0.0 || Yaw Error: +4.5deg || Batt: 3.57V  || State: MANUAL   
[COMMAND] Mode: MANUAL                || Motors: [50, 20, 0, 0]
[LATENCY] Delta:  56.2ms | Avg:  56.1ms | Rate: 17.8 FPS | Queue: 0B

[2026-09-11 18:40:23.805]
[TELEMETRY] Motors: [49, 20, 0, 0] || Vision: CX:  0 CY:  0 W:  0 H:  0 Px:    0 || IMU: AX:  2.1 AY:  0.6 AZ: -9.0 TZ:  0.0 || Yaw Error:-28.7deg || Batt: 3.57V  || State: MANUAL   
[COMMAND] Mode: MANUAL                || Motors: [50, 20, 0, 0]
[LATENCY] Delta:   4.4ms | Avg:  56.1ms | Rate: 17.8 FPS | Queue: 0B

[2026-09-11 18:40:23.914]
[TELEMETRY] Motors: [49, 20, 0, 0] || Vision: CX:  0 CY:  0 W:  0 H:  0 Px:    0 || IMU: AX: -0.9 AY: -0.9 AZ: -9.3 TZ:  0.0 || Yaw Error:-28.7deg || Batt: 3.57V  || State: MANUAL   
[COMMAND] Mode: MANUAL                || Motors: [50, 20, 0, 0]
[LATENCY] Delta: 110.5ms | Avg:  56.3ms | Rate: 17.8 FPS | Queue: 0B

[2026-09-11 18:40:23.918]
[TELEMETRY] Motors: [49, 20, 0, 0] || Vision: CX:  0 CY:  0 W:  0 H:  0 Px:    0 || IMU: AX: -0.1 AY: -1.0 AZ: -7.9 TZ:  0.0 || Yaw Error:-28.7deg || Batt: 3.57V  || State: MANUAL   
[COMMAND] Mode: MANUAL                || Motors: [50, 20, 0, 0]
[LATENCY] Delta:   4.7ms | Avg:  56.2ms | Rate: 17.8 FPS | Queue: 0B

[2026-09-11 18:40:24.012]
[TELEMETRY] Motors: [49, 20, 0, 0] || Vision: CX:  0 CY:  0 W:  0 H:  0 Px:    0 || IMU: AX:  0.7 AY: -0.2 AZ: -9.5 TZ:  0.0 || Yaw Error:-28.7deg || Batt: 3.57V  || State: MANUAL   
[COMMAND] Mode: MANUAL                || Motors: [50, 20, 0, 0]
[LATENCY] Delta:  93.2ms | Avg:  56.4ms | Rate: 17.7 FPS | Queue: 0B

[2026-09-11 18:40:24.048]
[TELEMETRY] Motors: [50, 20, 0, 0] || Vision: CX:  0 CY:  0 W:  0 H:  0 Px:    0 || IMU: AX: -1.5 AY: -1.6 AZ: -8.4 TZ: -0.0 || Yaw Error:-28.7deg || Batt: 3.57V  || State: MANUAL   
[COMMAND] Mode: MANUAL                || Motors: [50, 20, 0, 0]
[LATENCY] Delta:  36.0ms | Avg:  56.5ms | Rate: 17.7 FPS | Queue: 0B

[2026-09-11 18:40:24.057]
[TELEMETRY] Motors: [49, 20, 0, 0] || Vision: CX:  0 CY:  0 W:  0 H:  0 Px:    0 || IMU: AX:  1.4 AY:  0.3 AZ: -9.3 TZ:  0.0 || Yaw Error:-28.7deg || Batt: 3.57V  || State: MANUAL   
[COMMAND] Mode: MANUAL                || Motors: [50, 20, 0, 0]
[LATENCY] Delta:   8.7ms | Avg:  56.3ms | Rate: 17.8 FPS | Queue: 0B

[2026-09-11 18:40:24.062]
[TELEMETRY] Motors: [50, 20, 0, 0] || Vision: CX:  0 CY:  0 W:  0 H:  0 Px:    0 || IMU: AX: -1.6 AY: -1.4 AZ: -8.4 TZ: -0.0 || Yaw Error:-28.7deg || Batt: 3.57V  || State: MANUAL   
[COMMAND] Mode: MANUAL                || Motors: [50, 20, 0, 0]
[LATENCY] Delta:   4.0ms | Avg:  55.9ms | Rate: 17.9 FPS | Queue: 0B

[2026-09-11 18:40:24.107]
[TELEMETRY] Motors: [49, 20, 0, 0] || Vision: CX:  0 CY:  0 W:  0 H:  0 Px:    0 || IMU: AX:  1.2 AY:  0.3 AZ: -9.0 TZ:  0.0 || Yaw Error:-28.7deg || Batt: 3.51V  || State: MANUAL   
[COMMAND] Mode: MANUAL                || Motors: [50, 20, 0, 0]
[LATENCY] Delta:  47.0ms | Avg:  55.9ms | Rate: 17.9 FPS | Queue: 0B

[2026-09-11 18:40:24.145]
[TELEMETRY] Motors: [50, 20, 0, 0] || Vision: CX:  0 CY:  0 W:  0 H:  0 Px:    0 || IMU: AX: -1.6 AY: -1.7 AZ: -8.4 TZ: -0.0 || Yaw Error:-28.7deg || Batt: 3.51V  || State: MANUAL   
[COMMAND] Mode: MANUAL                || Motors: [50, 20, 0, 0]
[LATENCY] Delta:  36.8ms | Avg:  56.1ms | Rate: 17.8 FPS | Queue: 0B

[2026-09-11 18:40:24.191]
[TELEMETRY] Motors: [49, 20, 0, 0] || Vision: CX:  0 CY:  0 W:  0 H:  0 Px:    0 || IMU: AX: -1.5 AY: -1.4 AZ: -8.1 TZ:  0.0 || Yaw Error:-28.7deg || Batt: 3.51V  || State: MANUAL   
[COMMAND] Mode: MANUAL                || Motors: [50, 20, 0, 0]
[LATENCY] Delta:  46.3ms | Avg:  56.0ms | Rate: 17.9 FPS | Queue: 0B

[2026-09-11 18:40:24.214]
[TELEMETRY] Motors: [50, 20, 0, 0] || Vision: CX:  0 CY:  0 W:  0 H:  0 Px:    0 || IMU: AX: -1.1 AY: -1.5 AZ: -8.7 TZ: -0.0 || Yaw Error:-28.7deg || Batt: 3.51V  || State: MANUAL   
[COMMAND] Mode: MANUAL                || Motors: [50, 20, 0, 0]
[LATENCY] Delta:  23.5ms | Avg:  56.0ms | Rate: 17.8 FPS | Queue: 0B

[2026-09-11 18:40:24.261]
[TELEMETRY] Motors: [50, 20, 0, 0] || Vision: CX:  0 CY:  0 W:  0 H:  0 Px:    0 || IMU: AX: -1.7 AY: -1.7 AZ: -8.3 TZ: -0.0 || Yaw Error:-28.7deg || Batt: 3.51V  || State: MANUAL   
[COMMAND] Mode: MANUAL                || Motors: [50, 20, 0, 0]
[LATENCY] Delta:  47.5ms | Avg:  56.1ms | Rate: 17.8 FPS | Queue: 0B

[2026-09-11 18:40:24.322]
[TELEMETRY] Motors: [50, 20, 0, 0] || Vision: CX:  0 CY:  0 W:  0 H:  0 Px:    0 || IMU: AX:  1.3 AY:  0.3 AZ: -9.0 TZ: -0.0 || Yaw Error:-28.7deg || Batt: 3.51V  || State: MANUAL   
[COMMAND] Mode: MANUAL                || Motors: [50, 20, 0, 0]
[LATENCY] Delta:  60.7ms | Avg:  56.1ms | Rate: 17.8 FPS | Queue: 0B

[2026-09-11 18:40:24.364]
[TELEMETRY] Motors: [50, 20, 0, 0] || Vision: CX:  0 CY:  0 W:  0 H:  0 Px:    0 || IMU: AX: -1.6 AY: -1.5 AZ: -8.5 TZ: -0.0 || Yaw Error:-28.7deg || Batt: 3.51V  || State: MANUAL   
[COMMAND] Mode: MANUAL                || Motors: [50, 20, 0, 0]
[LATENCY] Delta:  39.6ms | Avg:  56.0ms | Rate: 17.9 FPS | Queue: 0B

[2026-09-11 18:40:24.437]
[TELEMETRY] Motors: [50, 20, 0, 0] || Vision: CX:  0 CY:  0 W:  0 H:  0 Px:    0 || IMU: AX: -1.5 AY: -1.1 AZ: -9.2 TZ: -0.0 || Yaw Error:-28.7deg || Batt: 3.51V  || State: MANUAL   
[COMMAND] Mode: MANUAL                || Motors: [50, 20, 0, 0]
[LATENCY] Delta:  74.5ms | Avg:  56.4ms | Rate: 17.7 FPS | Queue: 0B

[2026-09-11 18:40:24.441]
[TELEMETRY] Motors: [51, 20, 0, 0] || Vision: CX:  0 CY:  0 W:  0 H:  0 Px:    0 || IMU: AX: -1.7 AY: -1.4 AZ: -8.3 TZ: -0.0 || Yaw Error:-28.7deg || Batt: 3.51V  || State: MANUAL   
[COMMAND] Mode: MANUAL                || Motors: [50, 20, 0, 0]
[LATENCY] Delta:   3.4ms | Avg:  56.2ms | Rate: 17.8 FPS | Queue: 0B

[2026-09-11 18:40:24.572]
[TELEMETRY] Motors: [50, 20, 0, 0] || Vision: CX:  0 CY:  0 W:  0 H:  0 Px:    0 || IMU: AX: -1.3 AY: -1.2 AZ: -9.2 TZ: -0.0 || Yaw Error:-28.7deg || Batt: 3.51V  || State: MANUAL   
[COMMAND] Mode: MANUAL                || Motors: [50, 20, 0, 0]
[LATENCY] Delta: 131.7ms | Avg:  56.8ms | Rate: 17.6 FPS | Queue: 0B

[2026-09-11 18:40:24.647]
[TELEMETRY] Motors: [48, 20, 0, 1] || Vision: CX:  0 CY:  0 W:  0 H:  0 Px:    0 || IMU: AX:  1.3 AY:  0.3 AZ: -8.8 TZ:  0.1 || Yaw Error:-28.7deg || Batt: 3.51V  || State: MANUAL   
[COMMAND] Mode: MANUAL                || Motors: [50, 20, 0, 0]
[LATENCY] Delta:  74.5ms | Avg:  56.8ms | Rate: 17.6 FPS | Queue: 0B

[2026-09-11 18:40:24.651]
[TELEMETRY] Motors: [50, 20, 0, 0] || Vision: CX:  0 CY:  0 W:  0 H:  0 Px:    0 || IMU: AX: -1.5 AY: -1.9 AZ: -8.5 TZ: -0.0 || Yaw Error:-28.7deg || Batt: 3.52V  || State: MANUAL   
[COMMAND] Mode: MANUAL                || Motors: [50, 20, 0, 0]
[LATENCY] Delta:   4.3ms | Avg:  56.8ms | Rate: 17.6 FPS | Queue: 0B

[2026-09-11 18:40:24.675]
[TELEMETRY] Motors: [50, 20, 0, 0] || Vision: CX:  0 CY:  0 W:  0 H:  0 Px:    0 || IMU: AX:  1.3 AY:  0.6 AZ: -8.4 TZ: -0.0 || Yaw Error:-28.7deg || Batt: 3.52V  || State: MANUAL   
[COMMAND] Mode: MANUAL                || Motors: [50, 20, 0, 0]
[LATENCY] Delta:  23.8ms | Avg:  56.6ms | Rate: 17.7 FPS | Queue: 0B

[2026-09-11 18:40:24.720]
[TELEMETRY] Motors: [50, 20, 0, 0] || Vision: CX:  0 CY:  0 W:  0 H:  0 Px:    0 || IMU: AX: -1.3 AY: -1.4 AZ: -9.4 TZ: -0.0 || Yaw Error:-28.7deg || Batt: 3.52V  || State: MANUAL   
[COMMAND] Mode: MANUAL                || Motors: [50, 20, 0, 0]
[LATENCY] Delta:  44.9ms | Avg:  56.6ms | Rate: 17.7 FPS | Queue: 0B

[2026-09-11 18:40:24.759]
[TELEMETRY] Motors: [49, 20, 0, 0] || Vision: CX:  0 CY:  0 W:  0 H:  0 Px:    0 || IMU: AX:  0.6 AY: -0.1 AZ: -8.3 TZ:  0.0 || Yaw Error:-28.7deg || Batt: 3.52V  || State: MANUAL   
[COMMAND] Mode: MANUAL                || Motors: [50, 20, 0, 0]
[LATENCY] Delta:  39.7ms | Avg:  56.6ms | Rate: 17.7 FPS | Queue: 0B

[2026-09-11 18:40:24.839]
[TELEMETRY] Motors: [50, 20, 0, 0] || Vision: CX:  0 CY:  0 W:  0 H:  0 Px:    0 || IMU: AX:  0.5 AY: -0.4 AZ: -7.9 TZ: -0.0 || Yaw Error:-28.7deg || Batt: 3.52V  || State: MANUAL   
[COMMAND] Mode: MANUAL                || Motors: [50, 20, 0, 0]
[LATENCY] Delta:   0.1ms | Avg:  56.7ms | Rate: 17.6 FPS | Queue: 0B

[2026-09-11 18:40:24.917]
[TELEMETRY] Motors: [49, 20, 0, 0] || Vision: CX:  0 CY:  0 W:  0 H:  0 Px:    0 || IMU: AX: -0.2 AY: -0.7 AZ: -9.5 TZ:  0.0 || Yaw Error:-28.7deg || Batt: 3.52V  || State: MANUAL   
[COMMAND] Mode: MANUAL                || Motors: [50, 20, 0, 0]
[LATENCY] Delta:  76.3ms | Avg:  56.8ms | Rate: 17.6 FPS | Queue: 0B

[2026-09-11 18:40:24.947]
[TELEMETRY] Motors: [49, 20, 0, 0] || Vision: CX:  0 CY:  0 W:  0 H:  0 Px:    0 || IMU: AX: -0.2 AY: -1.3 AZ: -7.6 TZ:  0.0 || Yaw Error:-28.7deg || Batt: 3.52V  || State: MANUAL   
[COMMAND] Mode: MANUAL                || Motors: [50, 20, 0, 0]
[LATENCY] Delta:  30.7ms | Avg:  56.8ms | Rate: 17.6 FPS | Queue: 0B

[2026-09-11 18:40:24.951]
[TELEMETRY] Motors: [50, 20, 0, 0] || Vision: CX:  0 CY:  0 W:  0 H:  0 Px:    0 || IMU: AX:  1.1 AY:  0.0 AZ: -9.5 TZ: -0.0 || Yaw Error:-28.7deg || Batt: 3.52V  || State: MANUAL   
[COMMAND] Mode: MANUAL                || Motors: [50, 20, 0, 0]
[LATENCY] Delta:   3.7ms | Avg:  56.6ms | Rate: 17.7 FPS | Queue: 0B

[2026-09-11 18:40:24.974]
[TELEMETRY] Motors: [49, 20, 0, 0] || Vision: CX:  0 CY:  0 W:  0 H:  0 Px:    0 || IMU: AX: -1.5 AY: -1.2 AZ: -8.6 TZ:  0.0 || Yaw Error:-28.7deg || Batt: 3.52V  || State: MANUAL   
[COMMAND] Mode: MANUAL                || Motors: [50, 20, 0, 0]
[LATENCY] Delta:  23.4ms | Avg:  56.3ms | Rate: 17.8 FPS | Queue: 0B

[2026-09-11 18:40:25.023]
[TELEMETRY] Motors: [51, 20, 0, 0] || Vision: CX:  0 CY:  0 W:  0 H:  0 Px:    0 || IMU: AX:  0.9 AY: -0.2 AZ: -8.2 TZ: -0.0 || Yaw Error:-28.7deg || Batt: 3.52V  || State: MANUAL   
[COMMAND] Mode: MANUAL                || Motors: [50, 20, 0, 0]
[LATENCY] Delta:  47.6ms | Avg:  56.5ms | Rate: 17.7 FPS | Queue: 0B

[2026-09-11 18:40:25.085]
[TELEMETRY] Motors: [50, 20, 0, 0] || Vision: CX:  0 CY:  0 W:  0 H:  0 Px:    0 || IMU: AX: -0.4 AY: -1.2 AZ: -9.7 TZ: -0.0 || Yaw Error:-28.7deg || Batt: 3.52V  || State: MANUAL   
[COMMAND] Mode: MANUAL                || Motors: [50, 20, 0, 0]
[LATENCY] Delta:  62.4ms | Avg:  56.3ms | Rate: 17.8 FPS | Queue: 0B

[2026-09-11 18:40:25.094]
[TELEMETRY] Motors: [48, 20, 0, 1] || Vision: CX:  0 CY:  0 W:  0 H:  0 Px:    0 || IMU: AX: -0.1 AY: -0.8 AZ: -7.8 TZ:  0.1 || Yaw Error:-28.7deg || Batt: 3.52V  || State: MANUAL   
[COMMAND] Mode: MANUAL                || Motors: [50, 20, 0, 0]
[LATENCY] Delta:  10.4ms | Avg:  56.2ms | Rate: 17.8 FPS | Queue: 0B

[2026-09-11 18:40:25.179]
[TELEMETRY] Motors: [49, 20, 0, 0] || Vision: CX:  0 CY:  0 W:  0 H:  0 Px:    0 || IMU: AX:  0.7 AY: -0.1 AZ: -9.4 TZ:  0.0 || Yaw Error:-28.7deg || Batt: 3.48V  || State: MANUAL   
[COMMAND] Mode: MANUAL                || Motors: [50, 20, 0, 0]
[LATENCY] Delta:  85.4ms | Avg:  56.6ms | Rate: 17.7 FPS | Queue: 0B

[2026-09-11 18:40:25.345]
[TELEMETRY] Motors: [50, 20, 0, 0] || Vision: CX:  0 CY:  0 W:  0 H:  0 Px:    0 || IMU: AX: -1.4 AY: -1.4 AZ: -8.9 TZ: -0.0 || Yaw Error:-28.7deg || Batt: 3.48V  || State: MANUAL   
[COMMAND] Mode: MANUAL                || Motors: [50, 20, 0, 0]
[LATENCY] Delta: 164.7ms | Avg:  56.9ms | Rate: 17.6 FPS | Queue: 0B

[2026-09-11 18:40:25.349]
[TELEMETRY] Motors: [50, 20, 0, 0] || Vision: CX:  0 CY:  0 W:  0 H:  0 Px:    0 || IMU: AX:  0.2 AY: -0.5 AZ: -7.7 TZ: -0.0 || Yaw Error:-28.7deg || Batt: 3.48V  || State: MANUAL   
[COMMAND] Mode: MANUAL                || Motors: [50, 20, 0, 0]
[LATENCY] Delta:   4.3ms | Avg:  56.9ms | Rate: 17.6 FPS | Queue: 0B

[2026-09-11 18:40:25.354]
[TELEMETRY] Motors: [49, 20, 0, 0] || Vision: CX:  0 CY:  0 W:  0 H:  0 Px:    0 || IMU: AX:  0.4 AY: -0.7 AZ: -9.2 TZ:  0.0 || Yaw Error:-28.7deg || Batt: 3.48V  || State: MANUAL   
[COMMAND] Mode: MANUAL                || Motors: [50, 20, 0, 0]
[LATENCY] Delta:   3.9ms | Avg:  56.9ms | Rate: 17.6 FPS | Queue: 0B

[2026-09-11 18:40:25.357]
[TELEMETRY] Motors: [49, 20, 0, 0] || Vision: CX:  0 CY:  0 W:  0 H:  0 Px:    0 || IMU: AX: -1.4 AY: -1.3 AZ: -8.3 TZ:  0.0 || Yaw Error:-28.7deg || Batt: 3.48V  || State: MANUAL   
[COMMAND] Mode: MANUAL                || Motors: [50, 20, 0, 0]
[LATENCY] Delta:   2.0ms | Avg:  56.8ms | Rate: 17.6 FPS | Queue: 0B

[2026-09-11 18:40:25.381]
[TELEMETRY] Motors: [50, 20, 0, 0] || Vision: CX:  0 CY:  0 W:  0 H:  0 Px:    0 || IMU: AX:  1.1 AY:  0.2 AZ: -8.4 TZ: -0.0 || Yaw Error:-28.7deg || Batt: 3.48V  || State: MANUAL   
[COMMAND] Mode: MANUAL                || Motors: [50, 20, 0, 0]
[LATENCY] Delta:  26.9ms | Avg:  56.8ms | Rate: 17.6 FPS | Queue: 0B

[2026-09-11 18:40:25.385]
[TELEMETRY] Motors: [50, 20, 0, 0] || Vision: CX:  0 CY:  0 W:  0 H:  0 Px:    0 || IMU: AX: -0.7 AY: -0.9 AZ: -9.7 TZ: -0.0 || Yaw Error:-28.7deg || Batt: 3.48V  || State: MANUAL   
[COMMAND] Mode: MANUAL                || Motors: [50, 20, 0, 0]
[LATENCY] Delta:   3.3ms | Avg:  56.6ms | Rate: 17.7 FPS | Queue: 0B

[2026-09-11 18:40:25.413]
[TELEMETRY] Motors: [49, 20, 0, 0] || Vision: CX:  0 CY:  0 W:  0 H:  0 Px:    0 || IMU: AX: -0.8 AY: -1.3 AZ: -9.5 TZ:  0.0 || Yaw Error:-28.7deg || Batt: 3.48V  || State: MANUAL   
[COMMAND] Mode: MANUAL                || Motors: [50, 20, 0, 0]
[LATENCY] Delta:  29.0ms | Avg:  56.4ms | Rate: 17.7 FPS | Queue: 0B

[2026-09-11 18:40:25.488]
[TELEMETRY] Motors: [48, 20, 0, 1] || Vision: CX:  0 CY:  0 W:  0 H:  0 Px:    0 || IMU: AX:  1.0 AY: -0.0 AZ: -9.4 TZ:  0.1 || Yaw Error:-28.7deg || Batt: 3.48V  || State: MANUAL   
[COMMAND] Mode: MANUAL                || Motors: [50, 20, 0, 0]
[LATENCY] Delta:  72.4ms | Avg:  56.7ms | Rate: 17.6 FPS | Queue: 0B

[2026-09-11 18:40:25.542]
[TELEMETRY] Motors: [50, 20, 0, 0] || Vision: CX:  0 CY:  0 W:  0 H:  0 Px:    0 || IMU: AX: -1.6 AY: -1.6 AZ: -9.0 TZ: -0.0 || Yaw Error:-28.7deg || Batt: 3.48V  || State: MANUAL   
[COMMAND] Mode: MANUAL                || Motors: [50, 20, 0, 0]
[LATENCY] Delta:  54.8ms | Avg:  56.6ms | Rate: 17.7 FPS | Queue: 0B

[2026-09-11 18:40:25.625]
[TELEMETRY] Motors: [49, 20, 0, 0] || Vision: CX:  0 CY:  0 W:  0 H:  0 Px:    0 || IMU: AX: -1.3 AY: -1.1 AZ: -9.2 TZ:  0.0 || Yaw Error:-28.7deg || Batt: 3.48V  || State: MANUAL   
[COMMAND] Mode: MANUAL                || Motors: [50, 20, 0, 0]
[LATENCY] Delta:  84.0ms | Avg:  57.0ms | Rate: 17.5 FPS | Queue: 0B

[2026-09-11 18:40:25.630]
[TELEMETRY] Motors: [48, 20, 0, 1] || Vision: CX:  0 CY:  0 W:  0 H:  0 Px:    0 || IMU: AX: -0.2 AY: -0.6 AZ: -7.7 TZ:  0.1 || Yaw Error:-28.7deg || Batt: 3.48V  || State: MANUAL   
[COMMAND] Mode: MANUAL                || Motors: [50, 20, 0, 0]
[LATENCY] Delta:   3.7ms | Avg:  56.8ms | Rate: 17.6 FPS | Queue: 0B

[2026-09-11 18:40:25.635]
[TELEMETRY] Motors: [49, 20, 0, 0] || Vision: CX:  0 CY:  0 W:  0 H:  0 Px:    0 || IMU: AX: -1.6 AY: -1.4 AZ: -8.9 TZ:  0.0 || Yaw Error:-28.7deg || Batt: 3.48V  || State: MANUAL   
[COMMAND] Mode: MANUAL                || Motors: [50, 20, 0, 0]
[LATENCY] Delta:   4.6ms | Avg:  56.7ms | Rate: 17.7 FPS | Queue: 0B

[2026-09-11 18:40:25.673]
[TELEMETRY] Motors: [48, 20, 0, 1] || Vision: CX:  0 CY:  0 W:  0 H:  0 Px:    0 || IMU: AX: -1.6 AY: -1.4 AZ: -9.3 TZ:  0.0 || Yaw Error:-28.7deg || Batt: 3.50V  || State: MANUAL   
[COMMAND] Mode: MANUAL                || Motors: [50, 20, 0, 0]
[LATENCY] Delta:  39.5ms | Avg:  56.5ms | Rate: 17.7 FPS | Queue: 0B

[2026-09-11 18:40:25.696]
[TELEMETRY] Motors: [49, 20, 0, 0] || Vision: CX:  0 CY:  0 W:  0 H:  0 Px:    0 || IMU: AX: -0.6 AY: -1.4 AZ: -8.0 TZ:  0.0 || Yaw Error:-28.7deg || Batt: 3.50V  || State: MANUAL   
[COMMAND] Mode: MANUAL                || Motors: [50, 20, 0, 0]
[LATENCY] Delta:  23.4ms | Avg:  56.6ms | Rate: 17.7 FPS | Queue: 0B

[2026-09-11 18:40:25.840]
[TELEMETRY] Motors: [49, 20, 0, 0] || Vision: CX:  0 CY:  0 W:  0 H:  0 Px:    0 || IMU: AX:  1.4 AY: -0.1 AZ: -8.7 TZ:  0.0 || Yaw Error:-28.7deg || Batt: 3.50V  || State: MANUAL   
[COMMAND] Mode: MANUAL                || Motors: [50, 20, 0, 0]
[LATENCY] Delta: 144.1ms | Avg:  57.1ms | Rate: 17.5 FPS | Queue: 0B

[2026-09-11 18:40:25.848]
[TELEMETRY] Motors: [50, 20, 0, 0] || Vision: CX:  0 CY:  0 W:  0 H:  0 Px:    0 || IMU: AX: -0.2 AY: -0.5 AZ: -9.6 TZ: -0.0 || Yaw Error:-28.7deg || Batt: 3.50V  || State: MANUAL   
[COMMAND] Mode: MANUAL                || Motors: [50, 20, 0, 0]
[LATENCY] Delta:   7.9ms | Avg:  56.3ms | Rate: 17.8 FPS | Queue: 0B

[2026-09-11 18:40:25.855]
[TELEMETRY] Motors: [48, 20, 0, 1] || Vision: CX:  0 CY:  0 W:  0 H:  0 Px:    0 || IMU: AX: -1.6 AY: -1.4 AZ: -8.3 TZ:  0.1 || Yaw Error:-28.7deg || Batt: 3.50V  || State: MANUAL   
[COMMAND] Mode: MANUAL                || Motors: [50, 20, 0, 0]
[LATENCY] Delta:   7.3ms | Avg:  55.9ms | Rate: 17.9 FPS | Queue: 0B

[2026-09-11 18:40:25.903]
[TELEMETRY] Motors: [49, 20, 0, 0] || Vision: CX:  0 CY:  0 W:  0 H:  0 Px:    0 || IMU: AX:  1.0 AY: -0.4 AZ: -8.7 TZ:  0.0 || Yaw Error:-28.7deg || Batt: 3.50V  || State: MANUAL   
[COMMAND] Mode: MANUAL                || Motors: [50, 20, 0, 0]
[LATENCY] Delta:  47.6ms | Avg:  55.9ms | Rate: 17.9 FPS | Queue: 0B

[2026-09-11 18:40:25.907]
[TELEMETRY] Motors: [49, 20, 0, 0] || Vision: CX:  0 CY:  0 W:  0 H:  0 Px:    0 || IMU: AX: -0.3 AY: -1.1 AZ: -9.4 TZ:  0.0 || Yaw Error:-28.7deg || Batt: 3.50V  || State: MANUAL   
[COMMAND] Mode: MANUAL                || Motors: [50, 20, 0, 0]
[LATENCY] Delta:   3.3ms | Avg:  55.9ms | Rate: 17.9 FPS | Queue: 0B

[2026-09-11 18:40:25.958]
[TELEMETRY] Motors: [49, 20, 0, 0] || Vision: CX:  0 CY:  0 W:  0 H:  0 Px:    0 || IMU: AX: -1.8 AY: -1.7 AZ: -8.3 TZ:  0.0 || Yaw Error:-28.7deg || Batt: 3.50V  || State: MANUAL   
[COMMAND] Mode: MANUAL                || Motors: [50, 20, 0, 0]
[LATENCY] Delta:  50.6ms | Avg:  55.9ms | Rate: 17.9 FPS | Queue: 0B

[2026-09-11 18:40:26.005]
[TELEMETRY] Motors: [48, 20, 0, 1] || Vision: CX:  0 CY:  0 W:  0 H:  0 Px:    0 || IMU: AX:  0.5 AY: -0.4 AZ: -7.9 TZ:  0.0 || Yaw Error:-28.7deg || Batt: 3.50V  || State: MANUAL   
[COMMAND] Mode: MANUAL                || Motors: [50, 20, 0, 0]
[LATENCY] Delta:  47.9ms | Avg:  55.8ms | Rate: 17.9 FPS | Queue: 0B

[2026-09-11 18:40:26.031]
[TELEMETRY] Motors: [50, 20, 0, 0] || Vision: CX:  0 CY:  0 W:  0 H:  0 Px:    0 || IMU: AX:  0.9 AY:  0.1 AZ: -9.5 TZ: -0.0 || Yaw Error:-28.7deg || Batt: 3.50V  || State: MANUAL   
[COMMAND] Mode: MANUAL                || Motors: [50, 20, 0, 0]
[LATENCY] Delta:  25.6ms | Avg:  55.8ms | Rate: 17.9 FPS | Queue: 0B

[2026-09-11 18:40:26.056]
[TELEMETRY] Motors: [51, 20, 0, 0] || Vision: CX:  0 CY:  0 W:  0 H:  0 Px:    0 || IMU: AX: -1.1 AY: -0.7 AZ: -9.5 TZ: -0.1 || Yaw Error:-28.7deg || Batt: 3.50V  || State: MANUAL   
[COMMAND] Mode: MANUAL                || Motors: [50, 20, 0, 0]
[LATENCY] Delta:  26.6ms | Avg:  55.9ms | Rate: 17.9 FPS | Queue: 0B

[2026-09-11 18:40:26.101]
[TELEMETRY] Motors: [49, 20, 0, 0] || Vision: CX:  0 CY:  0 W:  0 H:  0 Px:    0 || IMU: AX: -0.4 AY: -0.9 AZ: -7.8 TZ:  0.0 || Yaw Error:-28.7deg || Batt: 3.50V  || State: MANUAL   
[COMMAND] Mode: MANUAL                || Motors: [50, 20, 0, 0]
[LATENCY] Delta:  43.0ms | Avg:  56.1ms | Rate: 17.8 FPS | Queue: 0B

[2026-09-11 18:40:26.157]
[TELEMETRY] Motors: [48, 20, 0, 1] || Vision: CX:  0 CY:  0 W:  0 H:  0 Px:    0 || IMU: AX:  0.3 AY: -0.1 AZ: -9.6 TZ:  0.0 || Yaw Error:-28.7deg || Batt: 3.50V  || State: MANUAL   
[COMMAND] Mode: MANUAL                || Motors: [50, 20, 0, 0]
[LATENCY] Delta:  56.8ms | Avg:  56.2ms | Rate: 17.8 FPS | Queue: 0B

[2026-09-11 18:40:26.209]
[TELEMETRY] Motors: [50, 20, 0, 0] || Vision: CX:  0 CY:  0 W:  0 H:  0 Px:    0 || IMU: AX: -1.8 AY: -1.4 AZ: -8.4 TZ: -0.0 || Yaw Error:-28.7deg || Batt: 3.50V  || State: MANUAL   
[COMMAND] Mode: MANUAL                || Motors: [50, 20, 0, 0]
[LATENCY] Delta:  52.2ms | Avg:  56.3ms | Rate: 17.7 FPS | Queue: 0B

[2026-09-11 18:40:26.214]
[TELEMETRY] Motors: [49, 20, 0, 0] || Vision: CX:  0 CY:  0 W:  0 H:  0 Px:    0 || IMU: AX:  0.6 AY: -0.3 AZ: -8.1 TZ:  0.0 || Yaw Error:-28.7deg || Batt: 3.50V  || State: MANUAL   
[COMMAND] Mode: MANUAL                || Motors: [50, 20, 0, 0]
[LATENCY] Delta:   4.9ms | Avg:  56.1ms | Rate: 17.8 FPS | Queue: 0B

[2026-09-11 18:40:26.272]
[TELEMETRY] Motors: [50, 20, 0, 0] || Vision: CX:  0 CY:  0 W:  0 H:  0 Px:    0 || IMU: AX:  0.5 AY: -0.0 AZ: -9.5 TZ: -0.0 || Yaw Error:-28.7deg || Batt: 3.50V  || State: MANUAL   
[COMMAND] Mode: MANUAL                || Motors: [50, 20, 0, 0]
[LATENCY] Delta:  58.8ms | Avg:  56.2ms | Rate: 17.8 FPS | Queue: 0B

[2026-09-11 18:40:26.313]
[TELEMETRY] Motors: [50, 20, 0, 0] || Vision: CX:  0 CY:  0 W:  0 H:  0 Px:    0 || IMU: AX: -1.7 AY: -1.7 AZ: -8.4 TZ: -0.0 || Yaw Error:-28.7deg || Batt: 3.50V  || State: MANUAL   
[COMMAND] Mode: MANUAL                || Motors: [50, 20, 0, 0]
[LATENCY] Delta:  40.8ms | Avg:  56.2ms | Rate: 17.8 FPS | Queue: 0B

[2026-09-11 18:40:26.352]
[TELEMETRY] Motors: [48, 20, 0, 1] || Vision: CX:  0 CY:  0 W:  0 H:  0 Px:    0 || IMU: AX:  1.1 AY: -0.5 AZ: -8.2 TZ:  0.0 || Yaw Error:-28.7deg || Batt: 3.50V  || State: MANUAL   
[COMMAND] Mode: MANUAL                || Motors: [50, 20, 0, 0]
[LATENCY] Delta:  37.4ms | Avg:  56.2ms | Rate: 17.8 FPS | Queue: 0B

[2026-09-11 18:40:26.407]
[TELEMETRY] Motors: [50, 20, 0, 0] || Vision: CX:  0 CY:  0 W:  0 H:  0 Px:    0 || IMU: AX:  0.1 AY: -0.4 AZ: -9.4 TZ: -0.0 || Yaw Error:-28.7deg || Batt: 3.50V  || State: MANUAL   
[COMMAND] Mode: MANUAL                || Motors: [50, 20, 0, 0]
[LATENCY] Delta:  55.9ms | Avg:  56.3ms | Rate: 17.8 FPS | Queue: 0B

[2026-09-11 18:40:26.414]
[TELEMETRY] Motors: [49, 20, 0, 0] || Vision: CX:  0 CY:  0 W:  0 H:  0 Px:    0 || IMU: AX: -1.6 AY: -1.5 AZ: -8.5 TZ:  0.0 || Yaw Error:-28.7deg || Batt: 3.50V  || State: MANUAL   
[COMMAND] Mode: MANUAL                || Motors: [50, 20, 0, 0]
[LATENCY] Delta:   7.5ms | Avg:  56.1ms | Rate: 17.8 FPS | Queue: 0B

[2026-09-11 18:40:26.514]
[TELEMETRY] Motors: [50, 20, 0, 0] || Vision: CX:  0 CY:  0 W:  0 H:  0 Px:    0 || IMU: AX:  0.9 AY:  0.2 AZ: -8.3 TZ: -0.0 || Yaw Error:-28.7deg || Batt: 3.50V  || State: MANUAL   
[COMMAND] Mode: MANUAL                || Motors: [50, 20, 0, 0]
[LATENCY] Delta:  99.0ms | Avg:  56.5ms | Rate: 17.7 FPS | Queue: 0B

[2026-09-11 18:40:26.518]
[TELEMETRY] Motors: [48, 20, 0, 1] || Vision: CX:  0 CY:  0 W:  0 H:  0 Px:    0 || IMU: AX:  0.3 AY: -0.1 AZ: -9.6 TZ:  0.1 || Yaw Error:-28.7deg || Batt: 3.50V  || State: MANUAL   
[COMMAND] Mode: MANUAL                || Motors: [50, 20, 0, 0]
[LATENCY] Delta:   3.6ms | Avg:  56.1ms | Rate: 17.8 FPS | Queue: 0B

[2026-09-11 18:40:26.593]
[TELEMETRY] Motors: [50, 20, 0, 0] || Vision: CX:  0 CY:  0 W:  0 H:  0 Px:    0 || IMU: AX: -1.4 AY: -1.2 AZ: -8.4 TZ: -0.0 || Yaw Error:-28.7deg || Batt: 3.50V  || State: MANUAL   
[COMMAND] Mode: MANUAL                || Motors: [50, 20, 0, 0]
[LATENCY] Delta:  75.5ms | Avg:  56.5ms | Rate: 17.7 FPS | Queue: 0B

[2026-09-11 18:40:26.643]
[TELEMETRY] Motors: [50, 20, 0, 0] || Vision: CX:  0 CY:  0 W:  0 H:  0 Px:    0 || IMU: AX:  1.6 AY: -0.0 AZ: -8.7 TZ: -0.0 || Yaw Error:-28.7deg || Batt: 3.50V  || State: MANUAL   
[COMMAND] Mode: MANUAL                || Motors: [50, 20, 0, 0]
[LATENCY] Delta:  49.6ms | Avg:  56.4ms | Rate: 17.7 FPS | Queue: 0B

[2026-09-11 18:40:26.649]
[TELEMETRY] Motors: [49, 20, 0, 0] || Vision: CX:  0 CY:  0 W:  0 H:  0 Px:    0 || IMU: AX: -1.0 AY: -0.9 AZ: -9.4 TZ:  0.0 || Yaw Error:-28.7deg || Batt: 3.50V  || State: MANUAL   
[COMMAND] Mode: MANUAL                || Motors: [50, 20, 0, 0]
[LATENCY] Delta:   6.2ms | Avg:  56.3ms | Rate: 17.8 FPS | Queue: 0B

[2026-09-11 18:40:26.659]
[TELEMETRY] Motors: [49, 20, 0, 0] || Vision: CX:  0 CY:  0 W:  0 H:  0 Px:    0 || IMU: AX: -0.2 AY: -0.8 AZ: -8.0 TZ:  0.0 || Yaw Error:-28.7deg || Batt: 3.50V  || State: MANUAL   
[COMMAND] Mode: MANUAL                || Motors: [50, 20, 0, 0]
[LATENCY] Delta:  10.9ms | Avg:  56.2ms | Rate: 17.8 FPS | Queue: 0B

[2026-09-11 18:40:26.799]
[TELEMETRY] Motors: [50, 20, 0, 0] || Vision: CX:  0 CY:  0 W:  0 H:  0 Px:    0 || IMU: AX:  1.1 AY: -0.1 AZ: -9.3 TZ: -0.0 || Yaw Error:-28.7deg || Batt: 3.51V  || State: MANUAL   
[COMMAND] Mode: MANUAL                || Motors: [50, 20, 0, 0]
[LATENCY] Delta: 139.2ms | Avg:  56.7ms | Rate: 17.7 FPS | Queue: 0B

[2026-09-11 18:40:26.804]
[TELEMETRY] Motors: [49, 20, 0, 0] || Vision: CX:  0 CY:  0 W:  0 H:  0 Px:    0 || IMU: AX: -1.6 AY: -1.6 AZ: -8.4 TZ:  0.0 || Yaw Error:-28.7deg || Batt: 3.51V  || State: MANUAL   
[COMMAND] Mode: MANUAL                || Motors: [50, 20, 0, 0]
[LATENCY] Delta:   1.7ms | Avg:  56.4ms | Rate: 17.7 FPS | Queue: 0B

[2026-09-11 18:40:26.826]
[TELEMETRY] Motors: [49, 20, 0, 0] || Vision: CX:  0 CY:  0 W:  0 H:  0 Px:    0 || IMU: AX:  1.2 AY:  0.3 AZ: -8.5 TZ:  0.0 || Yaw Error:-28.7deg || Batt: 3.51V  || State: MANUAL   
[COMMAND] Mode: MANUAL                || Motors: [50, 20, 0, 0]
[LATENCY] Delta:  26.6ms | Avg:  56.4ms | Rate: 17.7 FPS | Queue: 0B

[2026-09-11 18:40:26.832]
[TELEMETRY] Motors: [51, 20, 0, 0] || Vision: CX:  0 CY:  0 W:  0 H:  0 Px:    0 || IMU: AX: -0.9 AY: -1.1 AZ: -9.1 TZ: -0.1 || Yaw Error:-28.7deg || Batt: 3.51V  || State: MANUAL   
[COMMAND] Mode: MANUAL                || Motors: [50, 20, 0, 0]
[LATENCY] Delta:   5.5ms | Avg:  56.1ms | Rate: 17.8 FPS | Queue: 0B

[2026-09-11 18:40:26.926]
[TELEMETRY] Motors: [49, 20, 0, 0] || Vision: CX:  0 CY:  0 W:  0 H:  0 Px:    0 || IMU: AX:  0.4 AY: -0.5 AZ: -7.9 TZ:  0.0 || Yaw Error:-28.7deg || Batt: 3.51V  || State: MANUAL   
[COMMAND] Mode: MANUAL                || Motors: [50, 20, 0, 0]
[LATENCY] Delta:  94.2ms | Avg:  56.5ms | Rate: 17.7 FPS | Queue: 0B

[2026-09-11 18:40:26.955]
[TELEMETRY] Motors: [50, 20, 0, 0] || Vision: CX:  0 CY:  0 W:  0 H:  0 Px:    0 || IMU: AX:  0.9 AY: -0.1 AZ: -8.4 TZ: -0.0 || Yaw Error:-28.7deg || Batt: 3.51V  || State: MANUAL   
[COMMAND] Mode: MANUAL                || Motors: [50, 20, 0, 0]
[LATENCY] Delta:  28.7ms | Avg:  56.4ms | Rate: 17.7 FPS | Queue: 0B

[2026-09-11 18:40:26.962]
[TELEMETRY] Motors: [51, 20, 0, 0] || Vision: CX:  0 CY:  0 W:  0 H:  0 Px:    0 || IMU: AX: -1.2 AY: -1.1 AZ: -9.3 TZ: -0.0 || Yaw Error:-28.7deg || Batt: 3.51V  || State: MANUAL   
[COMMAND] Mode: MANUAL                || Motors: [50, 20, 0, 0]
[LATENCY] Delta:   6.6ms | Avg:  56.1ms | Rate: 17.8 FPS | Queue: 0B

[2026-09-11 18:40:26.999]
[TELEMETRY] Motors: [50, 20, 0, 0] || Vision: CX:  0 CY:  0 W:  0 H:  0 Px:    0 || IMU: AX:  0.6 AY: -0.1 AZ: -8.1 TZ: -0.0 || Yaw Error:-28.7deg || Batt: 3.51V  || State: MANUAL   
[COMMAND] Mode: MANUAL                || Motors: [50, 20, 0, 0]
[LATENCY] Delta:  36.5ms | Avg:  56.1ms | Rate: 17.8 FPS | Queue: 0B

[2026-09-11 18:40:27.029]
[TELEMETRY] Motors: [48, 20, 0, 1] || Vision: CX:  0 CY:  0 W:  0 H:  0 Px:    0 || IMU: AX:  0.8 AY: -0.8 AZ: -8.2 TZ:  0.0 || Yaw Error:-28.7deg || Batt: 3.51V  || State: MANUAL   
[COMMAND] Mode: MANUAL                || Motors: [50, 20, 0, 0]
[LATENCY] Delta:  30.2ms | Avg:  56.2ms | Rate: 17.8 FPS | Queue: 0B

[2026-09-11 18:40:27.055]
[TELEMETRY] Motors: [49, 20, 0, 0] || Vision: CX:  0 CY:  0 W:  0 H:  0 Px:    0 || IMU: AX: -0.8 AY: -1.1 AZ: -9.2 TZ:  0.0 || Yaw Error:-28.7deg || Batt: 3.51V  || State: MANUAL   
[COMMAND] Mode: MANUAL                || Motors: [50, 20, 0, 0]
[LATENCY] Delta:  26.3ms | Avg:  56.1ms | Rate: 17.8 FPS | Queue: 0B

[2026-09-11 18:40:27.132]
[TELEMETRY] Motors: [50, 20, 0, 0] || Vision: CX:  0 CY:  0 W:  0 H:  0 Px:    0 || IMU: AX: -1.1 AY: -1.4 AZ: -8.9 TZ: -0.0 || Yaw Error:-28.7deg || Batt: 3.51V  || State: MANUAL   
[COMMAND] Mode: MANUAL                || Motors: [50, 20, 0, 0]
[LATENCY] Delta:  76.2ms | Avg:  56.3ms | Rate: 17.8 FPS | Queue: 0B

[2026-09-11 18:40:27.136]
[TELEMETRY] Motors: [49, 20, 0, 0] || Vision: CX:  0 CY:  0 W:  0 H:  0 Px:    0 || IMU: AX:  1.0 AY: -0.5 AZ: -8.2 TZ:  0.0 || Yaw Error:-28.7deg || Batt: 3.51V  || State: MANUAL   
[COMMAND] Mode: MANUAL                || Motors: [50, 20, 0, 0]
[LATENCY] Delta:   3.8ms | Avg:  56.1ms | Rate: 17.8 FPS | Queue: 0B

[2026-09-11 18:40:27.196]
[TELEMETRY] Motors: [50, 20, 0, 0] || Vision: CX:  0 CY:  0 W:  0 H:  0 Px:    0 || IMU: AX: -0.9 AY: -0.7 AZ: -9.5 TZ: -0.0 || Yaw Error:-28.7deg || Batt: 3.51V  || State: MANUAL   
[COMMAND] Mode: MANUAL                || Motors: [50, 20, 0, 0]
[LATENCY] Delta:  60.4ms | Avg:  56.0ms | Rate: 17.9 FPS | Queue: 0B

[2026-09-11 18:40:27.233]
[TELEMETRY] Motors: [48, 20, 0, 1] || Vision: CX:  0 CY:  0 W:  0 H:  0 Px:    0 || IMU: AX:  0.8 AY: -0.1 AZ: -8.2 TZ:  0.0 || Yaw Error:-28.7deg || Batt: 3.47V  || State: MANUAL   
[COMMAND] Mode: MANUAL                || Motors: [50, 20, 0, 0]
[LATENCY] Delta:  38.2ms | Avg:  56.1ms | Rate: 17.8 FPS | Queue: 0B

[2026-09-11 18:40:27.258]
[TELEMETRY] Motors: [49, 20, 0, 0] || Vision: CX:  0 CY:  0 W:  0 H:  0 Px:    0 || IMU: AX: -1.1 AY: -1.3 AZ: -9.1 TZ:  0.0 || Yaw Error:-28.7deg || Batt: 3.47V  || State: MANUAL   
[COMMAND] Mode: MANUAL                || Motors: [50, 20, 0, 0]
[LATENCY] Delta:  24.9ms | Avg:  56.2ms | Rate: 17.8 FPS | Queue: 0B

[2026-09-11 18:40:27.311]
[TELEMETRY] Motors: [49, 20, 0, 0] || Vision: CX:  0 CY:  0 W:  0 H:  0 Px:    0 || IMU: AX:  0.6 AY: -0.6 AZ: -8.0 TZ:  0.0 || Yaw Error:-28.7deg || Batt: 3.47V  || State: MANUAL   
[COMMAND] Mode: MANUAL                || Motors: [0, 20, 0, 0]
[LATENCY] Delta:  52.4ms | Avg:  56.2ms | Rate: 17.8 FPS | Queue: 0B

[2026-09-11 18:40:27.336]
[TELEMETRY] Motors: [50, 20, 0, 0] || Vision: CX:  0 CY:  0 W:  0 H:  0 Px:    0 || IMU: AX: -0.7 AY: -1.0 AZ: -9.6 TZ: -0.0 || Yaw Error:-28.7deg || Batt: 3.47V  || State: MANUAL   
[COMMAND] Mode: MANUAL                || Motors: [0, 20, 0, 0]
[LATENCY] Delta:  25.3ms | Avg:  56.1ms | Rate: 17.8 FPS | Queue: 0B

[2026-09-11 18:40:27.374]
[TELEMETRY] Motors: [50, 20, 0, 0] || Vision: CX:  0 CY:  0 W:  0 H:  0 Px:    0 || IMU: AX:  0.6 AY: -0.8 AZ: -7.9 TZ: -0.0 || Yaw Error:-28.7deg || Batt: 3.47V  || State: MANUAL   
[COMMAND] Mode: MANUAL                || Motors: [0, 20, 0, 0]
[LATENCY] Delta:  37.3ms | Avg:  56.1ms | Rate: 17.8 FPS | Queue: 0B

[2026-09-11 18:40:27.418]
[TELEMETRY] Motors: [51, 20, 0, 0] || Vision: CX:  0 CY:  0 W:  0 H:  0 Px:    0 || IMU: AX: -1.1 AY: -1.1 AZ: -9.4 TZ: -0.1 || Yaw Error:-28.7deg || Batt: 3.47V  || State: MANUAL   
[COMMAND] Mode: MANUAL                || Motors: [0, 20, 0, 0]
[LATENCY] Delta:  45.1ms | Avg:  56.2ms | Rate: 17.8 FPS | Queue: 0B

[2026-09-11 18:40:27.482]
[TELEMETRY] Motors: [49, 20, 0, 0] || Vision: CX:  0 CY:  0 W:  0 H:  0 Px:    0 || IMU: AX:  1.5 AY:  0.2 AZ: -8.7 TZ:  0.0 || Yaw Error:-28.7deg || Batt: 3.47V  || State: MANUAL   
[COMMAND] Mode: MANUAL                || Motors: [0, 20, 0, 0]
[LATENCY] Delta:  63.7ms | Avg:  46.4ms | Rate: 21.5 FPS | Queue: 0B

[2026-09-11 18:40:27.494]
[TELEMETRY] Motors: [51, 20, 0, 0] || Vision: CX:  0 CY:  0 W:  0 H:  0 Px:    0 || IMU: AX: -1.8 AY: -1.6 AZ: -8.2 TZ: -0.1 || Yaw Error:-28.7deg || Batt: 3.47V  || State: MANUAL   
[COMMAND] Mode: MANUAL                || Motors: [0, 20, 0, 0]
[LATENCY] Delta:  11.6ms | Avg:  46.4ms | Rate: 21.6 FPS | Queue: 0B

[2026-09-11 18:40:27.541]
[TELEMETRY] Motors: [50, 20, 0, 0] || Vision: CX:  0 CY:  0 W:  0 H:  0 Px:    0 || IMU: AX:  0.6 AY: -0.5 AZ: -9.3 TZ: -0.0 || Yaw Error:-28.7deg || Batt: 3.47V  || State: MANUAL   
[COMMAND] Mode: MANUAL                || Motors: [0, 20, 0, 0]
[LATENCY] Delta:  46.7ms | Avg:  46.4ms | Rate: 21.6 FPS | Queue: 0B

[2026-09-11 18:40:27.599]
[TELEMETRY] Motors: [51, 20, 0, 0] || Vision: CX:  0 CY:  0 W:  0 H:  0 Px:    0 || IMU: AX:  0.8 AY: -0.8 AZ: -7.8 TZ: -0.0 || Yaw Error:-28.7deg || Batt: 3.47V  || State: MANUAL   
[COMMAND] Mode: MANUAL                || Motors: [0, 20, 0, 0]
[LATENCY] Delta:  58.0ms | Avg:  46.5ms | Rate: 21.5 FPS | Queue: 0B

[2026-09-11 18:40:27.622]
[TELEMETRY] Motors: [51, 20, 0, 0] || Vision: CX:  0 CY:  0 W:  0 H:  0 Px:    0 || IMU: AX: -2.0 AY: -1.4 AZ: -8.8 TZ: -0.0 || Yaw Error:-28.7deg || Batt: 3.47V  || State: MANUAL   
[COMMAND] Mode: MANUAL                || Motors: [0, 20, 0, 0]
[LATENCY] Delta:  23.2ms | Avg:  46.5ms | Rate: 21.5 FPS | Queue: 0B

[2026-09-11 18:40:27.693]
[TELEMETRY] Motors: [50, 20, 0, 0] || Vision: CX:  0 CY:  0 W:  0 H:  0 Px:    0 || IMU: AX:  0.9 AY:  0.4 AZ: -9.4 TZ: -0.0 || Yaw Error:-28.7deg || Batt: 3.47V  || State: MANUAL   
[COMMAND] Mode: MANUAL                || Motors: [0, 20, 0, 0]
[LATENCY] Delta:  71.8ms | Avg:  46.5ms | Rate: 21.5 FPS | Queue: 0B

[2026-09-11 18:40:27.739]
[TELEMETRY] Motors: [49, 20, 0, 0] || Vision: CX:  0 CY:  0 W:  0 H:  0 Px:    0 || IMU: AX:  0.6 AY: -0.8 AZ: -7.9 TZ:  0.0 || Yaw Error:-28.7deg || Batt: 3.47V  || State: MANUAL   
[COMMAND] Mode: MANUAL                || Motors: [0, 20, 0, 0]
[LATENCY] Delta:  45.7ms | Avg:  46.4ms | Rate: 21.6 FPS | Queue: 0B

[2026-09-11 18:40:27.748]
[TELEMETRY] Motors: [50, 20, 0, 0] || Vision: CX:  0 CY:  0 W:  0 H:  0 Px:    0 || IMU: AX: -1.3 AY: -1.0 AZ: -9.1 TZ: -0.0 || Yaw Error:-28.7deg || Batt: 3.52V  || State: MANUAL   
[COMMAND] Mode: MANUAL                || Motors: [0, 20, 0, 0]
[LATENCY] Delta:   8.6ms | Avg:  46.3ms | Rate: 21.6 FPS | Queue: 0B

[2026-09-11 18:40:27.795]
[TELEMETRY] Motors: [48, 20, 0, 1] || Vision: CX:  0 CY:  0 W:  0 H:  0 Px:    0 || IMU: AX:  1.2 AY:  0.1 AZ: -8.6 TZ:  0.0 || Yaw Error:-28.7deg || Batt: 3.52V  || State: MANUAL   
[COMMAND] Mode: MANUAL                || Motors: [0, 20, 0, 0]
[LATENCY] Delta:  46.1ms | Avg:  46.5ms | Rate: 21.5 FPS | Queue: 0B

[2026-09-11 18:40:27.823]
[TELEMETRY] Motors: [49, 20, 0, 0] || Vision: CX:  0 CY:  0 W:  0 H:  0 Px:    0 || IMU: AX: -1.6 AY: -0.8 AZ: -9.1 TZ:  0.0 || Yaw Error:-28.7deg || Batt: 3.52V  || State: MANUAL   
[COMMAND] Mode: MANUAL                || Motors: [0, 20, 0, 0]
[LATENCY] Delta:  29.5ms | Avg:  46.2ms | Rate: 21.6 FPS | Queue: 0B

[2026-09-11 18:40:27.918]
[TELEMETRY] Motors: [49, 20, 0, 0] || Vision: CX:  0 CY:  0 W:  0 H:  0 Px:    0 || IMU: AX:  1.0 AY:  0.2 AZ: -8.3 TZ:  0.0 || Yaw Error:-28.7deg || Batt: 3.52V  || State: MANUAL   
[COMMAND] Mode: MANUAL                || Motors: [0, 20, 0, 0]
[LATENCY] Delta:  95.4ms | Avg:  46.6ms | Rate: 21.5 FPS | Queue: 0B

[2026-09-11 18:40:27.923]
[TELEMETRY] Motors: [48, 20, 0, 1] || Vision: CX:  0 CY:  0 W:  0 H:  0 Px:    0 || IMU: AX: -0.4 AY: -0.9 AZ: -9.5 TZ:  0.1 || Yaw Error:-28.7deg || Batt: 3.52V  || State: MANUAL   
[COMMAND] Mode: MANUAL                || Motors: [0, 20, 0, 0]
[LATENCY] Delta:   2.9ms | Avg:  46.5ms | Rate: 21.5 FPS | Queue: 0B

[2026-09-11 18:40:28.054]
[TELEMETRY] Motors: [49, 20, 0, 0] || Vision: CX:  0 CY:  0 W:  0 H:  0 Px:    0 || IMU: AX: -0.4 AY: -1.5 AZ: -7.8 TZ:  0.0 || Yaw Error:-28.7deg || Batt: 3.52V  || State: MANUAL   
[COMMAND] Mode: MANUAL                || Motors: [0, 20, 0, 0]
[LATENCY] Delta: 133.1ms | Avg:  47.0ms | Rate: 21.3 FPS | Queue: 0B

[2026-09-11 18:40:28.060]
[TELEMETRY] Motors: [49, 20, 0, 0] || Vision: CX:  0 CY:  0 W:  0 H:  0 Px:    0 || IMU: AX:  1.8 AY:  0.1 AZ: -9.2 TZ:  0.0 || Yaw Error:-28.7deg || Batt: 3.52V  || State: MANUAL   
[COMMAND] Mode: MANUAL                || Motors: [0, 20, 0, 0]
[LATENCY] Delta:   4.4ms | Avg:  46.8ms | Rate: 21.3 FPS | Queue: 0B

[2026-09-11 18:40:28.064]
[TELEMETRY] Motors: [50, 20, 0, 0] || Vision: CX:  0 CY:  0 W:  0 H:  0 Px:    0 || IMU: AX: -1.2 AY: -1.6 AZ: -8.9 TZ: -0.0 || Yaw Error:-28.7deg || Batt: 3.52V  || State: MANUAL   
[COMMAND] Mode: MANUAL                || Motors: [0, 20, 0, 0]
[LATENCY] Delta:   1.9ms | Avg:  46.7ms | Rate: 21.4 FPS | Queue: 0B

[2026-09-11 18:40:28.156]
[TELEMETRY] Motors: [50, 20, 0, 0] || Vision: CX:  0 CY:  0 W:  0 H:  0 Px:    0 || IMU: AX: -1.5 AY: -1.4 AZ: -8.9 TZ: -0.0 || Yaw Error:-28.7deg || Batt: 3.52V  || State: MANUAL   
[COMMAND] Mode: MANUAL                || Motors: [0, 20, 0, 0]
[LATENCY] Delta:  95.0ms | Avg:  47.0ms | Rate: 21.3 FPS | Queue: 0B

[2026-09-11 18:40:28.260]
[TELEMETRY] Motors: [49, 20, 0, 0] || Vision: CX:  0 CY:  0 W:  0 H:  0 Px:    0 || IMU: AX:  1.3 AY:  0.4 AZ: -8.5 TZ:  0.0 || Yaw Error:-28.7deg || Batt: 3.52V  || State: MANUAL   
[COMMAND] Mode: MANUAL                || Motors: [0, 20, 0, 0]
[LATENCY] Delta: 104.3ms | Avg:  47.2ms | Rate: 21.2 FPS | Queue: 0B

[2026-09-11 18:40:28.304]
[TELEMETRY] Motors: [49, 20, 0, 0] || Vision: CX:  0 CY:  0 W:  0 H:  0 Px:    0 || IMU: AX:  1.2 AY: -0.4 AZ: -8.2 TZ:  0.0 || Yaw Error:-28.7deg || Batt: 3.52V  || State: MANUAL   
[COMMAND] Mode: MANUAL                || Motors: [0, 20, 0, 0]
[LATENCY] Delta:  43.5ms | Avg:  47.1ms | Rate: 21.2 FPS | Queue: 0B

[2026-09-11 18:40:28.308]
[TELEMETRY] Motors: [49, 20, 0, 0] || Vision: CX:  0 CY:  0 W:  0 H:  0 Px:    0 || IMU: AX:  1.4 AY:  0.3 AZ: -8.8 TZ:  0.0 || Yaw Error:-28.7deg || Batt: 3.52V  || State: MANUAL   
[COMMAND] Mode: MANUAL                || Motors: [0, 20, 0, 0]
[LATENCY] Delta:   3.6ms | Avg:  47.1ms | Rate: 21.2 FPS | Queue: 0B

[2026-09-11 18:40:28.313]
[TELEMETRY] Motors: [49, 20, 0, 0] || Vision: CX:  0 CY:  0 W:  0 H:  0 Px:    0 || IMU: AX: -0.8 AY: -0.8 AZ: -9.7 TZ:  0.0 || Yaw Error:-28.7deg || Batt: 3.52V  || State: MANUAL   
[COMMAND] Mode: MANUAL                || Motors: [0, 20, 0, 0]
[LATENCY] Delta:   1.7ms | Avg:  46.9ms | Rate: 21.3 FPS | Queue: 0B

[2026-09-11 18:40:28.317]
[TELEMETRY] Motors: [50, 20, 0, 0] || Vision: CX:  0 CY:  0 W:  0 H:  0 Px:    0 || IMU: AX: -0.2 AY: -1.0 AZ: -7.9 TZ: -0.0 || Yaw Error:-28.7deg || Batt: 3.47V  || State: MANUAL   
[COMMAND] Mode: MANUAL                || Motors: [0, 20, 0, 0]
[LATENCY] Delta:   7.1ms | Avg:  46.4ms | Rate: 21.6 FPS | Queue: 0B

[2026-09-11 18:40:28.351]
[TELEMETRY] Motors: [0, 20, 0, 0] || Vision: CX:  0 CY:  0 W:  0 H:  0 Px:    0 || IMU: AX:  0.2 AY: -0.5 AZ: -9.8 TZ: -0.0 || Yaw Error:-28.7deg || Batt: 3.47V  || State: MANUAL   
[COMMAND] Mode: MANUAL                || Motors: [0, 20, 0, 0]
[LATENCY] Delta:  34.2ms | Avg:  46.5ms | Rate: 21.5 FPS | Queue: 0B

[2026-09-11 18:40:28.358]
[TELEMETRY] Motors: [0, 20, 0, 0] || Vision: CX:  0 CY:  0 W:  0 H:  0 Px:    0 || IMU: AX: -1.6 AY: -0.5 AZ: -8.4 TZ: -0.0 || Yaw Error:-28.7deg || Batt: 3.47V  || State: MANUAL   
[COMMAND] Mode: MANUAL                || Motors: [0, 20, 0, 0]
[LATENCY] Delta:   6.7ms | Avg:  46.1ms | Rate: 21.7 FPS | Queue: 0B

[2026-09-11 18:40:28.421]
[TELEMETRY] Motors: [0, 20, 0, 0] || Vision: CX:  0 CY:  0 W:  0 H:  0 Px:    0 || IMU: AX: -0.1 AY: -1.1 AZ: -8.9 TZ:  0.0 || Yaw Error:-28.7deg || Batt: 3.47V  || State: MANUAL   
[COMMAND] Mode: MANUAL                || Motors: [0, 20, 0, 0]
[LATENCY] Delta:  62.1ms | Avg:  46.2ms | Rate: 21.7 FPS | Queue: 0B

[2026-09-11 18:40:28.501]
[TELEMETRY] Motors: [0, 20, 0, 0] || Vision: CX:  0 CY:  0 W:  0 H:  0 Px:    0 || IMU: AX:  0.3 AY: -0.1 AZ: -9.2 TZ:  0.0 || Yaw Error:-28.7deg || Batt: 3.47V  || State: MANUAL   
[COMMAND] Mode: MANUAL                || Motors: [0, 20, 0, 0]
[LATENCY] Delta:  81.2ms | Avg:  46.6ms | Rate: 21.5 FPS | Queue: 0B

[2026-09-11 18:40:28.508]
[TELEMETRY] Motors: [0, 20, 0, 0] || Vision: CX:  0 CY:  0 W:  0 H:  0 Px:    0 || IMU: AX: -0.3 AY: -0.3 AZ: -8.8 TZ:  0.0 || Yaw Error:-28.7deg || Batt: 3.47V  || State: MANUAL   
[COMMAND] Mode: MANUAL                || Motors: [0, 20, 0, 0]
[LATENCY] Delta:   6.8ms | Avg:  46.6ms | Rate: 21.5 FPS | Queue: 0B

[2026-09-11 18:40:28.646]
[TELEMETRY] Motors: [0, 20, 0, 0] || Vision: CX:  0 CY:  0 W:  0 H:  0 Px:    0 || IMU: AX: -0.3 AY: -0.3 AZ: -8.8 TZ:  0.0 || Yaw Error:-28.7deg || Batt: 3.47V  || State: MANUAL   
[COMMAND] Mode: MANUAL                || Motors: [0, 20, 0, 0]
[LATENCY] Delta: 138.7ms | Avg:  47.0ms | Rate: 21.3 FPS | Queue: 0B

[2026-09-11 18:40:28.689]
[TELEMETRY] Motors: [0, 20, 0, 0] || Vision: CX:  0 CY:  0 W:  0 H:  0 Px:    0 || IMU: AX: -0.4 AY: -0.5 AZ: -8.6 TZ: -0.0 || Yaw Error:-28.7deg || Batt: 3.47V  || State: MANUAL   
[COMMAND] Mode: MANUAL                || Motors: [0, 20, 0, 0]
[LATENCY] Delta:  42.2ms | Avg:  47.0ms | Rate: 21.3 FPS | Queue: 0B

[2026-09-11 18:40:28.694]
[TELEMETRY] Motors: [0, 20, 0, 0] || Vision: CX:  0 CY:  0 W:  0 H:  0 Px:    0 || IMU: AX: -0.4 AY: -0.8 AZ: -8.5 TZ:  0.0 || Yaw Error:-28.7deg || Batt: 3.47V  || State: MANUAL   
[COMMAND] Mode: MANUAL                || Motors: [0, 20, 0, 0]
[LATENCY] Delta:   1.7ms | Avg:  47.0ms | Rate: 21.3 FPS | Queue: 0B

[2026-09-11 18:40:28.765]
[TELEMETRY] Motors: [0, 20, 0, 0] || Vision: CX:  0 CY:  0 W:  0 H:  0 Px:    0 || IMU: AX: -0.5 AY: -0.7 AZ: -8.7 TZ: -0.0 || Yaw Error:-28.7deg || Batt: 3.47V  || State: MANUAL   
[COMMAND] Mode: MANUAL                || Motors: [0, 20, 0, 0]
[LATENCY] Delta:  74.2ms | Avg:  47.1ms | Rate: 21.2 FPS | Queue: 0B

[2026-09-11 18:40:28.775]
[TELEMETRY] Motors: [0, 20, 0, 0] || Vision: CX:  0 CY:  0 W:  0 H:  0 Px:    0 || IMU: AX: -0.3 AY: -0.7 AZ: -8.7 TZ:  0.0 || Yaw Error:-28.7deg || Batt: 3.47V  || State: MANUAL   
[COMMAND] Mode: MANUAL                || Motors: [0, 20, 0, 0]
[LATENCY] Delta:  10.3ms | Avg:  47.1ms | Rate: 21.2 FPS | Queue: 0B

[2026-09-11 18:40:28.781]
[TELEMETRY] Motors: [0, 20, 0, 0] || Vision: CX:  0 CY:  0 W:  0 H:  0 Px:    0 || IMU: AX: -0.6 AY: -0.6 AZ: -8.8 TZ:  0.0 || Yaw Error:-28.7deg || Batt: 3.47V  || State: MANUAL   
[COMMAND] Mode: MANUAL                || Motors: [0, 20, 0, 0]
[LATENCY] Delta:   6.7ms | Avg:  46.7ms | Rate: 21.4 FPS | Queue: 0B

[2026-09-11 18:40:28.785]
[TELEMETRY] Motors: [0, 20, 0, 0] || Vision: CX:  0 CY:  0 W:  0 H:  0 Px:    0 || IMU: AX: -0.7 AY: -0.7 AZ: -8.7 TZ:  0.0 || Yaw Error:-28.7deg || Batt: 3.47V  || State: MANUAL   
[COMMAND] Mode: MANUAL                || Motors: [0, 20, 0, 0]
[LATENCY] Delta:   3.5ms | Avg:  46.0ms | Rate: 21.7 FPS | Queue: 0B

[2026-09-11 18:40:28.793]
[TELEMETRY] Motors: [0, 20, 0, 0] || Vision: CX:  0 CY:  0 W:  0 H:  0 Px:    0 || IMU: AX: -0.8 AY: -0.6 AZ: -8.8 TZ:  0.0 || Yaw Error:-28.7deg || Batt: 3.57V  || State: MANUAL   
[COMMAND] Mode: MANUAL                || Motors: [0, 20, 0, 0]
[LATENCY] Delta:   7.3ms | Avg:  46.0ms | Rate: 21.7 FPS | Queue: 0B

[2026-09-11 18:40:28.848]
[TELEMETRY] Motors: [0, 20, 0, 0] || Vision: CX:  0 CY:  0 W:  0 H:  0 Px:    0 || IMU: AX: -0.8 AY: -0.3 AZ: -8.8 TZ:  0.0 || Yaw Error:-28.7deg || Batt: 3.57V  || State: MANUAL   
[COMMAND] Mode: MANUAL                || Motors: [0, 20, 0, 0]
[LATENCY] Delta:  54.7ms | Avg:  46.3ms | Rate: 21.6 FPS | Queue: 0B

[2026-09-11 18:40:28.865]
[TELEMETRY] Motors: [0, 20, 0, 0] || Vision: CX:  0 CY:  0 W:  0 H:  0 Px:    0 || IMU: AX: -0.8 AY: -0.4 AZ: -8.7 TZ:  0.0 || Yaw Error:-28.7deg || Batt: 3.57V  || State: MANUAL   
[COMMAND] Mode: MANUAL                || Motors: [0, 20, 0, 0]
[LATENCY] Delta:  18.8ms | Avg:  46.1ms | Rate: 21.7 FPS | Queue: 0B

[2026-09-11 18:40:28.897]
[TELEMETRY] Motors: [0, 20, 0, 0] || Vision: CX:  0 CY:  0 W:  0 H:  0 Px:    0 || IMU: AX: -0.8 AY: -0.4 AZ: -8.7 TZ:  0.0 || Yaw Error:-28.7deg || Batt: 3.57V  || State: MANUAL   
[COMMAND] Mode: MANUAL                || Motors: [0, 20, 0, 0]
[LATENCY] Delta:  31.8ms | Avg:  46.2ms | Rate: 21.7 FPS | Queue: 0B

[2026-09-11 18:40:28.975]
[TELEMETRY] Motors: [0, 20, 0, 0] || Vision: CX:  0 CY:  0 W:  0 H:  0 Px:    0 || IMU: AX: -0.8 AY: -0.2 AZ: -8.8 TZ:  0.0 || Yaw Error:-28.7deg || Batt: 3.57V  || State: MANUAL   
[COMMAND] Mode: MANUAL                || Motors: [0, 20, 0, 0]
[LATENCY] Delta:  76.8ms | Avg:  46.2ms | Rate: 21.6 FPS | Queue: 0B

[2026-09-11 18:40:29.005]
[TELEMETRY] Motors: [0, 20, 0, 0] || Vision: CX:  0 CY:  0 W:  0 H:  0 Px:    0 || IMU: AX: -0.8 AY: -0.1 AZ: -8.5 TZ:  0.0 || Yaw Error:-28.7deg || Batt: 3.57V  || State: MANUAL   
[COMMAND] Mode: MANUAL                || Motors: [0, 20, 0, 0]
[LATENCY] Delta:  30.3ms | Avg:  46.4ms | Rate: 21.6 FPS | Queue: 0B

[2026-09-11 18:40:29.024]
[TELEMETRY] Motors: [0, 20, 0, 0] || Vision: CX:  0 CY:  0 W:  0 H:  0 Px:    0 || IMU: AX: -0.4 AY:  0.0 AZ: -8.2 TZ:  0.0 || Yaw Error:-28.7deg || Batt: 3.57V  || State: MANUAL   
[COMMAND] Mode: MANUAL                || Motors: [0, 20, 0, 0]
[LATENCY] Delta:  19.1ms | Avg:  46.2ms | Rate: 21.6 FPS | Queue: 0B

[2026-09-11 18:40:29.060]
[TELEMETRY] Motors: [0, 20, 0, 0] || Vision: CX:  0 CY:  0 W:  0 H:  0 Px:    0 || IMU: AX: -0.6 AY: -0.2 AZ: -8.4 TZ: -0.0 || Yaw Error:-28.7deg || Batt: 3.57V  || State: MANUAL   
[COMMAND] Mode: MANUAL                || Motors: [0, 20, 0, 0]
[LATENCY] Delta:  36.3ms | Avg:  46.2ms | Rate: 21.7 FPS | Queue: 0B

[2026-09-11 18:40:29.108]
[TELEMETRY] Motors: [0, 20, 0, 0] || Vision: CX:  0 CY:  0 W:  0 H:  0 Px:    0 || IMU: AX: -0.9 AY: -0.3 AZ: -8.6 TZ:  0.0 || Yaw Error:-28.7deg || Batt: 3.57V  || State: MANUAL   
[COMMAND] Mode: MANUAL                || Motors: [0, 20, 0, 0]
[LATENCY] Delta:  47.0ms | Avg:  46.2ms | Rate: 21.6 FPS | Queue: 0B

[2026-09-11 18:40:29.133]
[TELEMETRY] Motors: [0, 20, 0, 0] || Vision: CX:  0 CY:  0 W:  0 H:  0 Px:    0 || IMU: AX: -0.8 AY: -0.3 AZ: -8.9 TZ:  0.0 || Yaw Error:-28.7deg || Batt: 3.57V  || State: MANUAL   
[COMMAND] Mode: MANUAL                || Motors: [0, 20, 0, 0]
[LATENCY] Delta:  25.8ms | Avg:  46.1ms | Rate: 21.7 FPS | Queue: 0B

[2026-09-11 18:40:29.173]
[TELEMETRY] Motors: [0, 20, 0, 0] || Vision: CX:  0 CY:  0 W:  0 H:  0 Px:    0 || IMU: AX: -0.6 AY: -0.3 AZ: -8.8 TZ:  0.0 || Yaw Error:-28.7deg || Batt: 3.57V  || State: MANUAL   
[COMMAND] Mode: MANUAL                || Motors: [0, 20, 0, 0]
[LATENCY] Delta:  40.4ms | Avg:  46.2ms | Rate: 21.7 FPS | Queue: 0B

[2026-09-11 18:40:29.257]
[TELEMETRY] Motors: [0, 20, 0, 1] || Vision: CX:  0 CY:  0 W:  0 H:  0 Px:    0 || IMU: AX: -0.7 AY: -0.6 AZ: -9.0 TZ:  0.0 || Yaw Error:-28.7deg || Batt: 3.57V  || State: MANUAL   
[COMMAND] Mode: MANUAL                || Motors: [0, 20, 0, 0]
[LATENCY] Delta:  83.8ms | Avg:  46.5ms | Rate: 21.5 FPS | Queue: 0B

[2026-09-11 18:40:29.267]
[TELEMETRY] Motors: [0, 20, 0, 2] || Vision: CX:  0 CY:  0 W:  0 H:  0 Px:    0 || IMU: AX: -0.5 AY: -0.4 AZ: -8.9 TZ:  0.1 || Yaw Error:-28.7deg || Batt: 3.57V  || State: MANUAL   
[COMMAND] Mode: MANUAL                || Motors: [0, 20, 0, 0]
[LATENCY] Delta:  10.3ms | Avg:  46.3ms | Rate: 21.6 FPS | Queue: 0B

[2026-09-11 18:40:29.301]
[TELEMETRY] Motors: [0, 20, 0, 2] || Vision: CX:  0 CY:  0 W:  0 H:  0 Px:    0 || IMU: AX: -0.4 AY: -0.1 AZ: -8.6 TZ:  0.1 || Yaw Error:-28.7deg || Batt: 3.56V  || State: MANUAL   
[COMMAND] Mode: MANUAL                || Motors: [0, 20, 0, 0]
[LATENCY] Delta:  33.8ms | Avg:  46.0ms | Rate: 21.8 FPS | Queue: 0B

[2026-09-11 18:40:29.358]
[TELEMETRY] Motors: [0, 20, 0, 2] || Vision: CX:  0 CY:  0 W:  0 H:  0 Px:    0 || IMU: AX: -0.3 AY:  0.3 AZ: -8.5 TZ:  0.1 || Yaw Error:-28.7deg || Batt: 3.56V  || State: MANUAL   
[COMMAND] Mode: MANUAL                || Motors: [0, 20, 0, 0]
[LATENCY] Delta:  57.1ms | Avg:  46.2ms | Rate: 21.6 FPS | Queue: 0B

[2026-09-11 18:40:29.378]
[TELEMETRY] Motors: [0, 20, 0, 2] || Vision: CX:  0 CY:  0 W:  0 H:  0 Px:    0 || IMU: AX: -0.3 AY:  0.1 AZ: -8.3 TZ:  0.1 || Yaw Error:-28.7deg || Batt: 3.56V  || State: MANUAL   
[COMMAND] Mode: MANUAL                || Motors: [0, 20, 0, 0]
[LATENCY] Delta:  20.2ms | Avg:  46.2ms | Rate: 21.6 FPS | Queue: 0B

[2026-09-11 18:40:29.432]
[TELEMETRY] Motors: [0, 20, 0, 2] || Vision: CX:  0 CY:  0 W:  0 H:  0 Px:    0 || IMU: AX: -0.1 AY: -0.1 AZ: -8.4 TZ:  0.1 || Yaw Error:-28.7deg || Batt: 3.56V  || State: MANUAL   
[COMMAND] Mode: MANUAL                || Motors: [0, 20, 0, 0]
[LATENCY] Delta:  52.9ms | Avg:  46.4ms | Rate: 21.6 FPS | Queue: 0B

[2026-09-11 18:40:29.534]
[TELEMETRY] Motors: [0, 20, 0, 3] || Vision: CX:  0 CY:  0 W:  0 H:  0 Px:    0 || IMU: AX: -0.1 AY:  0.0 AZ: -8.5 TZ:  0.1 || Yaw Error:-28.7deg || Batt: 3.56V  || State: MANUAL   
[COMMAND] Mode: MANUAL                || Motors: [0, 20, 0, 0]
[LATENCY] Delta: 102.0ms | Avg:  46.4ms | Rate: 21.6 FPS | Queue: 0B

[2026-09-11 18:40:29.539]
[TELEMETRY] Motors: [0, 20, 0, 2] || Vision: CX:  0 CY:  0 W:  0 H:  0 Px:    0 || IMU: AX: -0.3 AY: -0.1 AZ: -9.1 TZ:  0.1 || Yaw Error:-28.7deg || Batt: 3.56V  || State: MANUAL   
[COMMAND] Mode: MANUAL                || Motors: [0, 20, 0, 0]
[LATENCY] Delta:   1.8ms | Avg:  46.3ms | Rate: 21.6 FPS | Queue: 0B

[2026-09-11 18:40:29.543]
[TELEMETRY] Motors: [0, 20, 0, 3] || Vision: CX:  0 CY:  0 W:  0 H:  0 Px:    0 || IMU: AX: -0.6 AY: -0.3 AZ: -9.5 TZ:  0.1 || Yaw Error:-28.7deg || Batt: 3.56V  || State: MANUAL   
[COMMAND] Mode: MANUAL                || Motors: [0, 20, 0, 0]
[LATENCY] Delta:   7.4ms | Avg:  46.1ms | Rate: 21.7 FPS | Queue: 0B

[2026-09-11 18:40:29.573]
[TELEMETRY] Motors: [0, 20, 0, 4] || Vision: CX:  0 CY:  0 W:  0 H:  0 Px:    0 || IMU: AX: -0.5 AY: -0.2 AZ: -9.5 TZ:  0.2 || Yaw Error:-28.7deg || Batt: 3.56V  || State: MANUAL   
[COMMAND] Mode: MANUAL                || Motors: [0, 20, 0, 0]
[LATENCY] Delta:  30.2ms | Avg:  46.3ms | Rate: 21.6 FPS | Queue: 0B

[2026-09-11 18:40:29.637]
[TELEMETRY] Motors: [0, 20, 0, 4] || Vision: CX:  0 CY:  0 W:  0 H:  0 Px:    0 || IMU: AX: -0.2 AY: -0.4 AZ: -9.2 TZ:  0.2 || Yaw Error:-28.7deg || Batt: 3.56V  || State: MANUAL   
[COMMAND] Mode: MANUAL                || Motors: [0, 20, 0, 0]
[LATENCY] Delta:  65.1ms | Avg:  46.4ms | Rate: 21.6 FPS | Queue: 0B

[2026-09-11 18:40:29.691]
[TELEMETRY] Motors: [0, 20, 0, 4] || Vision: CX:  0 CY:  0 W:  0 H:  0 Px:    0 || IMU: AX: -0.1 AY: -0.5 AZ: -9.1 TZ:  0.2 || Yaw Error:-28.7deg || Batt: 3.56V  || State: MANUAL   
[COMMAND] Mode: MANUAL                || Motors: [0, 20, 0, 0]
[LATENCY] Delta:  53.2ms | Avg:  46.3ms | Rate: 21.6 FPS | Queue: 0B

[2026-09-11 18:40:29.718]
[TELEMETRY] Motors: [0, 20, 0, 3] || Vision: CX:  0 CY:  0 W:  0 H:  0 Px:    0 || IMU: AX: -0.4 AY: -0.4 AZ: -8.9 TZ:  0.1 || Yaw Error:-28.7deg || Batt: 3.56V  || State: MANUAL   
[COMMAND] Mode: MANUAL                || Motors: [0, 20, 0, 0]
[LATENCY] Delta:  26.3ms | Avg:  46.3ms | Rate: 21.6 FPS | Queue: 0B

[2026-09-11 18:40:29.851]
[TELEMETRY] Motors: [0, 20, 0, 2] || Vision: CX:  0 CY:  0 W:  0 H:  0 Px:    0 || IMU: AX: -0.4 AY: -0.2 AZ: -8.7 TZ:  0.1 || Yaw Error:-28.7deg || Batt: 3.56V  || State: MANUAL   
[COMMAND] Mode: MANUAL                || Motors: [0, 20, 0, 0]
[LATENCY] Delta: 133.1ms | Avg:  46.4ms | Rate: 21.6 FPS | Queue: 0B

[2026-09-11 18:40:29.856]
[TELEMETRY] Motors: [0, 20, 0, 1] || Vision: CX:  0 CY:  0 W:  0 H:  0 Px:    0 || IMU: AX: -0.6 AY: -0.0 AZ: -8.6 TZ:  0.1 || Yaw Error:-28.7deg || Batt: 3.56V  || State: MANUAL   
[COMMAND] Mode: MANUAL                || Motors: [0, 20, 0, 0]
[LATENCY] Delta:   4.4ms | Avg:  46.4ms | Rate: 21.6 FPS | Queue: 0B

[2026-09-11 18:40:29.897]
[TELEMETRY] Motors: [0, 20, 0, 0] || Vision: CX:  0 CY:  0 W:  0 H:  0 Px:    0 || IMU: AX: -0.3 AY: -0.0 AZ: -8.4 TZ:  0.0 || Yaw Error:-28.7deg || Batt: 3.58V  || State: MANUAL   
[COMMAND] Mode: MANUAL                || Motors: [0, 20, 0, 0]
[LATENCY] Delta:  41.8ms | Avg:  46.5ms | Rate: 21.5 FPS | Queue: 0B

[2026-09-11 18:40:29.901]
[TELEMETRY] Motors: [0, 20, 0, 0] || Vision: CX:  0 CY:  0 W:  0 H:  0 Px:    0 || IMU: AX:  0.0 AY: -0.1 AZ: -8.4 TZ: -0.0 || Yaw Error:-28.7deg || Batt: 3.58V  || State: MANUAL   
[COMMAND] Mode: MANUAL                || Motors: [0, 20, 0, 0]
[LATENCY] Delta:   3.8ms | Avg:  46.4ms | Rate: 21.6 FPS | Queue: 0B

[2026-09-11 18:40:29.948]
[TELEMETRY] Motors: [1, 20, 0, 0] || Vision: CX:  0 CY:  0 W:  0 H:  0 Px:    0 || IMU: AX:  0.1 AY: -0.4 AZ: -8.5 TZ: -0.1 || Yaw Error:-28.7deg || Batt: 3.58V  || State: MANUAL   
[COMMAND] Mode: MANUAL                || Motors: [0, 20, 0, 0]
[LATENCY] Delta:  47.9ms | Avg:  46.5ms | Rate: 21.5 FPS | Queue: 0B

[2026-09-11 18:40:29.956]
[TELEMETRY] Motors: [2, 20, 0, 0] || Vision: CX:  0 CY:  0 W:  0 H:  0 Px:    0 || IMU: AX:  0.2 AY: -0.7 AZ: -8.5 TZ: -0.1 || Yaw Error:-28.7deg || Batt: 3.58V  || State: MANUAL   
[COMMAND] Mode: MANUAL                || Motors: [0, 20, 0, 0]
[LATENCY] Delta:   6.7ms | Avg:  46.4ms | Rate: 21.6 FPS | Queue: 0B

[2026-09-11 18:40:30.059]
[TELEMETRY] Motors: [3, 20, 0, 0] || Vision: CX:  0 CY:  0 W:  0 H:  0 Px:    0 || IMU: AX:  0.2 AY: -0.9 AZ: -8.7 TZ: -0.1 || Yaw Error:-28.7deg || Batt: 3.58V  || State: MANUAL   
[COMMAND] Mode: MANUAL                || Motors: [0, 20, 0, 0]
[LATENCY] Delta: 103.0ms | Avg:  46.5ms | Rate: 21.5 FPS | Queue: 0B

[2026-09-11 18:40:30.063]
[TELEMETRY] Motors: [3, 20, 0, 0] || Vision: CX:  0 CY:  0 W:  0 H:  0 Px:    0 || IMU: AX: -0.4 AY: -0.7 AZ: -8.9 TZ: -0.1 || Yaw Error:-28.7deg || Batt: 3.58V  || State: MANUAL   
[COMMAND] Mode: MANUAL                || Motors: [0, 20, 0, 0]
[LATENCY] Delta:   2.6ms | Avg:  46.2ms | Rate: 21.6 FPS | Queue: 0B

[2026-09-11 18:40:30.169]
[TELEMETRY] Motors: [3, 20, 0, 0] || Vision: CX:  0 CY:  0 W:  0 H:  0 Px:    0 || IMU: AX: -0.3 AY: -0.6 AZ: -8.9 TZ: -0.1 || Yaw Error:-28.7deg || Batt: 3.58V  || State: MANUAL   
[COMMAND] Mode: MANUAL                || Motors: [0, 20, 0, 0]
[LATENCY] Delta: 106.9ms | Avg:  46.5ms | Rate: 21.5 FPS | Queue: 0B

[2026-09-11 18:40:30.174]
[TELEMETRY] Motors: [3, 20, 0, 0] || Vision: CX:  0 CY:  0 W:  0 H:  0 Px:    0 || IMU: AX: -0.3 AY: -0.4 AZ: -8.7 TZ: -0.1 || Yaw Error:-28.7deg || Batt: 3.58V  || State: MANUAL   
[COMMAND] Mode: MANUAL                || Motors: [0, 20, 0, 0]
[LATENCY] Delta:   4.5ms | Avg:  46.5ms | Rate: 21.5 FPS | Queue: 0B

[2026-09-11 18:40:30.185]
[TELEMETRY] Motors: [2, 20, 0, 0] || Vision: CX:  0 CY:  0 W:  0 H:  0 Px:    0 || IMU: AX: -0.2 AY: -0.4 AZ: -8.5 TZ: -0.1 || Yaw Error:-28.7deg || Batt: 3.58V  || State: MANUAL   
[COMMAND] Mode: MANUAL                || Motors: [0, 20, 0, 0]
[LATENCY] Delta:   9.9ms | Avg:  46.3ms | Rate: 21.6 FPS | Queue: 0B

[2026-09-11 18:40:30.233]
[TELEMETRY] Motors: [2, 20, 0, 0] || Vision: CX:  0 CY:  0 W:  0 H:  0 Px:    0 || IMU: AX:  0.1 AY: -0.6 AZ: -8.4 TZ: -0.1 || Yaw Error:-28.7deg || Batt: 3.58V  || State: MANUAL   
[COMMAND] Mode: MANUAL                || Motors: [0, 20, 0, 0]
[LATENCY] Delta:  48.7ms | Avg:  46.2ms | Rate: 21.6 FPS | Queue: 0B

[2026-09-11 18:40:30.306]
[TELEMETRY] Motors: [2, 20, 0, 0] || Vision: CX:  0 CY:  0 W:  0 H:  0 Px:    0 || IMU: AX:  0.2 AY: -0.8 AZ: -8.5 TZ: -0.1 || Yaw Error:-28.7deg || Batt: 3.58V  || State: MANUAL   
[COMMAND] Mode: MANUAL                || Motors: [0, 20, 0, 0]
[LATENCY] Delta:  72.8ms | Avg:  46.5ms | Rate: 21.5 FPS | Queue: 0B

[2026-09-11 18:40:30.346]
[TELEMETRY] Motors: [1, 20, 0, 0] || Vision: CX:  0 CY:  0 W:  0 H:  0 Px:    0 || IMU: AX:  0.2 AY: -0.7 AZ: -8.5 TZ: -0.1 || Yaw Error:-28.7deg || Batt: 3.58V  || State: MANUAL   
[COMMAND] Mode: MANUAL                || Motors: [0, 20, 0, 0]
[LATENCY] Delta:  40.3ms | Avg:  46.4ms | Rate: 21.6 FPS | Queue: 0B

[2026-09-11 18:40:30.409]
[TELEMETRY] Motors: [1, 20, 0, 0] || Vision: CX:  0 CY:  0 W:  0 H:  0 Px:    0 || IMU: AX:  0.4 AY: -0.8 AZ: -8.6 TZ: -0.0 || Yaw Error:-28.7deg || Batt: 3.56V  || State: MANUAL   
[COMMAND] Mode: MANUAL                || Motors: [0, 20, 0, 0]
[LATENCY] Delta:  63.4ms | Avg:  46.6ms | Rate: 21.4 FPS | Queue: 0B

[2026-09-11 18:40:30.440]
[TELEMETRY] Motors: [0, 20, 0, 0] || Vision: CX:  0 CY:  0 W:  0 H:  0 Px:    0 || IMU: AX:  0.3 AY: -0.9 AZ: -8.7 TZ: -0.0 || Yaw Error:-28.7deg || Batt: 3.56V  || State: MANUAL   
[COMMAND] Mode: MANUAL                || Motors: [0, 20, 0, 0]
[LATENCY] Delta:  30.7ms | Avg:  46.4ms | Rate: 21.5 FPS | Queue: 0B

[2026-09-11 18:40:30.444]
[TELEMETRY] Motors: [0, 20, 0, 0] || Vision: CX:  0 CY:  0 W:  0 H:  0 Px:    0 || IMU: AX:  0.2 AY: -0.8 AZ: -8.8 TZ:  0.0 || Yaw Error:-28.7deg || Batt: 3.56V  || State: MANUAL   
[COMMAND] Mode: MANUAL                || Motors: [0, 20, 0, 0]
[LATENCY] Delta:   3.3ms | Avg:  45.9ms | Rate: 21.8 FPS | Queue: 0B

[2026-09-11 18:40:30.488]
[TELEMETRY] Motors: [0, 20, 0, 0] || Vision: CX:  0 CY:  0 W:  0 H:  0 Px:    0 || IMU: AX:  0.1 AY: -0.9 AZ: -8.8 TZ:  0.0 || Yaw Error:-28.7deg || Batt: 3.56V  || State: MANUAL   
[COMMAND] Mode: MANUAL                || Motors: [0, 20, 0, 0]
[LATENCY] Delta:  43.9ms | Avg:  46.1ms | Rate: 21.7 FPS | Queue: 0B

[2026-09-11 18:40:30.511]
[TELEMETRY] Motors: [0, 20, 0, 1] || Vision: CX:  0 CY:  0 W:  0 H:  0 Px:    0 || IMU: AX:  0.1 AY: -0.8 AZ: -8.8 TZ:  0.0 || Yaw Error:-28.7deg || Batt: 3.56V  || State: MANUAL   
[COMMAND] Mode: MANUAL                || Motors: [0, 20, 0, 0]
[LATENCY] Delta:  24.3ms | Avg:  46.2ms | Rate: 21.6 FPS | Queue: 0B

[2026-09-11 18:40:30.545]
[TELEMETRY] Motors: [0, 20, 0, 1] || Vision: CX:  0 CY:  0 W:  0 H:  0 Px:    0 || IMU: AX:  0.0 AY: -0.5 AZ: -8.8 TZ:  0.1 || Yaw Error:-28.7deg || Batt: 3.56V  || State: MANUAL   
[COMMAND] Mode: MANUAL                || Motors: [0, 20, 0, 0]
[LATENCY] Delta:  34.0ms | Avg:  45.7ms | Rate: 21.9 FPS | Queue: 0B

[2026-09-11 18:40:30.661]
[TELEMETRY] Motors: [0, 20, 0, 1] || Vision: CX:  0 CY:  0 W:  0 H:  0 Px:    0 || IMU: AX:  0.2 AY: -0.6 AZ: -8.8 TZ:  0.1 || Yaw Error:-28.7deg || Batt: 3.56V  || State: MANUAL   
[COMMAND] Mode: MANUAL                || Motors: [0, 20, 0, 0]
[LATENCY] Delta: 114.1ms | Avg:  46.0ms | Rate: 21.7 FPS | Queue: 0B

[2026-09-11 18:40:30.665]
[TELEMETRY] Motors: [0, 20, 0, 2] || Vision: CX:  0 CY:  0 W:  0 H:  0 Px:    0 || IMU: AX:  0.2 AY: -0.5 AZ: -8.6 TZ:  0.1 || Yaw Error:-28.7deg || Batt: 3.56V  || State: MANUAL   
[COMMAND] Mode: MANUAL                || Motors: [0, 20, 0, 0]
[LATENCY] Delta:   4.6ms | Avg:  45.4ms | Rate: 22.0 FPS | Queue: 0B

[2026-09-11 18:40:30.761]
[TELEMETRY] Motors: [0, 20, 0, 1] || Vision: CX:  0 CY:  0 W:  0 H:  0 Px:    0 || IMU: AX:  0.2 AY: -0.6 AZ: -8.5 TZ:  0.1 || Yaw Error:-28.7deg || Batt: 3.56V  || State: MANUAL   
[COMMAND] Mode: MANUAL                || Motors: [0, 20, 0, 0]
[LATENCY] Delta:  96.5ms | Avg:  45.8ms | Rate: 21.8 FPS | Queue: 0B

[2026-09-11 18:40:30.766]
[TELEMETRY] Motors: [0, 20, 0, 1] || Vision: CX:  0 CY:  0 W:  0 H:  0 Px:    0 || IMU: AX:  0.2 AY: -0.6 AZ: -8.7 TZ:  0.1 || Yaw Error:-28.7deg || Batt: 3.56V  || State: MANUAL   
[COMMAND] Mode: MANUAL                || Motors: [0, 20, 0, 0]
[LATENCY] Delta:   4.0ms | Avg:  45.8ms | Rate: 21.8 FPS | Queue: 0B

[2026-09-11 18:40:30.772]
[TELEMETRY] Motors: [0, 20, 0, 0] || Vision: CX:  0 CY:  0 W:  0 H:  0 Px:    0 || IMU: AX:  0.1 AY: -0.6 AZ: -8.7 TZ:  0.0 || Yaw Error:-28.7deg || Batt: 3.56V  || State: MANUAL   
[COMMAND] Mode: MANUAL                || Motors: [0, 20, 0, 0]
[LATENCY] Delta:   7.6ms | Avg:  45.6ms | Rate: 22.0 FPS | Queue: 0B

[2026-09-11 18:40:30.776]
[TELEMETRY] Motors: [0, 20, 0, 0] || Vision: CX:  0 CY:  0 W:  0 H:  0 Px:    0 || IMU: AX: -0.1 AY: -0.5 AZ: -8.8 TZ:  0.0 || Yaw Error:-28.7deg || Batt: 3.56V  || State: MANUAL   
[COMMAND] Mode: MANUAL                || Motors: [0, 20, 0, 0]
[LATENCY] Delta:   3.9ms | Avg:  45.4ms | Rate: 22.0 FPS | Queue: 0B

[2026-09-11 18:40:30.811]
[TELEMETRY] Motors: [0, 20, 0, 0] || Vision: CX:  0 CY:  0 W:  0 H:  0 Px:    0 || IMU: AX: -0.3 AY: -0.3 AZ: -8.8 TZ:  0.0 || Yaw Error:-28.7deg || Batt: 3.56V  || State: MANUAL   
[COMMAND] Mode: MANUAL                || Motors: [0, 20, 0, 0]
[LATENCY] Delta:  34.8ms | Avg:  45.3ms | Rate: 22.1 FPS | Queue: 0B

[2026-09-11 18:40:30.860]
[TELEMETRY] Motors: [0, 20, 0, 0] || Vision: CX:  0 CY:  0 W:  0 H:  0 Px:    0 || IMU: AX: -0.3 AY: -0.3 AZ: -8.9 TZ: -0.0 || Yaw Error:-28.7deg || Batt: 3.59V  || State: MANUAL   
[COMMAND] Mode: MANUAL                || Motors: [0, 20, 0, 0]
[LATENCY] Delta:  48.9ms | Avg:  45.5ms | Rate: 22.0 FPS | Queue: 0B

[2026-09-11 18:40:30.923]
[TELEMETRY] Motors: [0, 20, 0, 0] || Vision: CX:  0 CY:  0 W:  0 H:  0 Px:    0 || IMU: AX: -0.4 AY: -0.3 AZ: -8.7 TZ: -0.0 || Yaw Error:-28.7deg || Batt: 3.59V  || State: MANUAL   
[COMMAND] Mode: MANUAL                || Motors: [0, 20, 0, 0]
[LATENCY] Delta:  61.8ms | Avg:  45.6ms | Rate: 21.9 FPS | Queue: 0B

[2026-09-11 18:40:30.958]
[TELEMETRY] Motors: [0, 20, 0, 0] || Vision: CX:  0 CY:  0 W:  0 H:  0 Px:    0 || IMU: AX: -0.4 AY: -0.3 AZ: -8.7 TZ: -0.0 || Yaw Error:-28.7deg || Batt: 3.59V  || State: MANUAL   
[COMMAND] Mode: MANUAL                || Motors: [0, 20, 0, 0]
[LATENCY] Delta:  35.9ms | Avg:  45.5ms | Rate: 22.0 FPS | Queue: 0B

[2026-09-11 18:40:31.004]
[TELEMETRY] Motors: [0, 20, 0, 0] || Vision: CX:  0 CY:  0 W:  0 H:  0 Px:    0 || IMU: AX: -0.4 AY: -0.3 AZ: -8.7 TZ: -0.0 || Yaw Error:-28.7deg || Batt: 3.59V  || State: MANUAL   
[COMMAND] Mode: MANUAL                || Motors: [0, 20, 0, 0]
[LATENCY] Delta:  45.3ms | Avg:  45.5ms | Rate: 22.0 FPS | Queue: 0B

[2026-09-11 18:40:31.081]
[TELEMETRY] Motors: [0, 20, 0, 0] || Vision: CX:  0 CY:  0 W:  0 H:  0 Px:    0 || IMU: AX: -0.5 AY: -0.2 AZ: -8.7 TZ: -0.0 || Yaw Error:-28.7deg || Batt: 3.59V  || State: MANUAL   
[COMMAND] Mode: MANUAL                || Motors: [0, 20, 0, 0]
[LATENCY] Delta:  77.5ms | Avg:  45.6ms | Rate: 21.9 FPS | Queue: 0B

[2026-09-11 18:40:31.085]
[TELEMETRY] Motors: [0, 20, 0, 0] || Vision: CX:  0 CY:  0 W:  0 H:  0 Px:    0 || IMU: AX: -0.6 AY: -0.2 AZ: -8.6 TZ: -0.0 || Yaw Error:-28.7deg || Batt: 3.59V  || State: MANUAL   
[COMMAND] Mode: MANUAL                || Motors: [0, 20, 0, 0]
[LATENCY] Delta:   1.6ms | Avg:  45.5ms | Rate: 22.0 FPS | Queue: 0B

[2026-09-11 18:40:31.308]
[TELEMETRY] Motors: [0, 20, 0, 0] || Vision: CX:  0 CY:  0 W:  0 H:  0 Px:    0 || IMU: AX: -0.7 AY: -0.3 AZ: -8.6 TZ: -0.0 || Yaw Error:-28.7deg || Batt: 3.59V  || State: MANUAL   
[COMMAND] Mode: MANUAL                || Motors: [0, 20, 0, 0]
[LATENCY] Delta: 226.0ms | Avg:  46.5ms | Rate: 21.5 FPS | Queue: 0B

[2026-09-11 18:40:31.409]
[TELEMETRY] Motors: [0, 20, 0, 0] || Vision: CX:  0 CY:  0 W:  0 H:  0 Px:    0 || IMU: AX: -0.6 AY: -0.1 AZ: -8.7 TZ: -0.0 || Yaw Error:-28.7deg || Batt: 3.59V  || State: MANUAL   
[COMMAND] Mode: MANUAL                || Motors: [0, 20, 0, 0]
[LATENCY] Delta: 100.1ms | Avg:  46.7ms | Rate: 21.4 FPS | Queue: 0B

[2026-09-11 18:40:31.431]
[TELEMETRY] Motors: [0, 20, 0, 0] || Vision: CX:  0 CY:  0 W:  0 H:  0 Px:    0 || IMU: AX: -0.7 AY: -0.2 AZ: -8.7 TZ: -0.0 || Yaw Error:-28.7deg || Batt: 3.59V  || State: MANUAL   
[COMMAND] Mode: MANUAL                || Motors: [0, 20, 0, 0]
[LATENCY] Delta:  22.9ms | Avg:  46.5ms | Rate: 21.5 FPS | Queue: 0B

[2026-09-11 18:40:31.452]
[TELEMETRY] Motors: [0, 20, 0, 0] || Vision: CX:  0 CY:  0 W:  0 H:  0 Px:    0 || IMU: AX: -0.8 AY: -0.2 AZ: -8.7 TZ: -0.0 || Yaw Error:-28.7deg || Batt: 3.59V  || State: MANUAL   
[COMMAND] Mode: MANUAL                || Motors: [0, 20, 0, 0]
[LATENCY] Delta:  20.9ms | Avg:  46.6ms | Rate: 21.5 FPS | Queue: 0B

[2026-09-11 18:40:31.457]
[TELEMETRY] Motors: [0, 20, 0, 0] || Vision: CX:  0 CY:  0 W:  0 H:  0 Px:    0 || IMU: AX: -0.7 AY: -0.2 AZ: -8.7 TZ: -0.0 || Yaw Error:-28.7deg || Batt: 3.59V  || State: MANUAL   
[COMMAND] Mode: MANUAL                || Motors: [0, 20, 0, 0]
[LATENCY] Delta:   4.8ms | Avg:  46.2ms | Rate: 21.6 FPS | Queue: 0B

[2026-09-11 18:40:31.460]
[TELEMETRY] Motors: [0, 20, 0, 0] || Vision: CX:  0 CY:  0 W:  0 H:  0 Px:    0 || IMU: AX: -0.7 AY: -0.1 AZ: -8.7 TZ:  0.0 || Yaw Error:-28.7deg || Batt: 3.59V  || State: MANUAL   
[COMMAND] Mode: MANUAL                || Motors: [0, 20, 0, 0]
[LATENCY] Delta:   4.0ms | Avg:  46.2ms | Rate: 21.6 FPS | Queue: 0B

[2026-09-11 18:40:31.485]
[TELEMETRY] Motors: [0, 20, 0, 0] || Vision: CX:  0 CY:  0 W:  0 H:  0 Px:    0 || IMU: AX: -0.6 AY: -0.2 AZ: -8.7 TZ: -0.0 || Yaw Error:-28.7deg || Batt: 3.59V  || State: MANUAL   
[COMMAND] Mode: MANUAL                || Motors: [0, 20, 0, 0]
[LATENCY] Delta:  24.1ms | Avg:  45.8ms | Rate: 21.8 FPS | Queue: 0B

[2026-09-11 18:40:31.489]
[TELEMETRY] Motors: [0, 20, 0, 0] || Vision: CX:  0 CY:  0 W:  0 H:  0 Px:    0 || IMU: AX: -0.6 AY: -0.3 AZ: -8.6 TZ: -0.0 || Yaw Error:-28.7deg || Batt: 3.56V  || State: MANUAL   
[COMMAND] Mode: MANUAL                || Motors: [0, 20, 0, 0]
[LATENCY] Delta:   3.4ms | Avg:  45.7ms | Rate: 21.9 FPS | Queue: 0B

[2026-09-11 18:40:31.579]
[TELEMETRY] Motors: [0, 20, 0, 0] || Vision: CX:  0 CY:  0 W:  0 H:  0 Px:    0 || IMU: AX: -0.5 AY: -0.3 AZ: -8.7 TZ: -0.0 || Yaw Error:-28.7deg || Batt: 3.56V  || State: MANUAL   
[COMMAND] Mode: MANUAL                || Motors: [0, 20, 0, 0]
[LATENCY] Delta:  89.9ms | Avg:  45.8ms | Rate: 21.8 FPS | Queue: 0B

[2026-09-11 18:40:31.585]
[TELEMETRY] Motors: [0, 20, 0, 0] || Vision: CX:  0 CY:  0 W:  0 H:  0 Px:    0 || IMU: AX: -0.6 AY: -0.4 AZ: -8.8 TZ: -0.0 || Yaw Error:-28.7deg || Batt: 3.56V  || State: MANUAL   
[COMMAND] Mode: MANUAL                || Motors: [0, 20, 0, 0]
[LATENCY] Delta:   6.7ms | Avg:  45.7ms | Rate: 21.9 FPS | Queue: 0B

[2026-09-11 18:40:31.590]
[TELEMETRY] Motors: [0, 20, 0, 0] || Vision: CX:  0 CY:  0 W:  0 H:  0 Px:    0 || IMU: AX: -0.4 AY: -0.3 AZ: -8.8 TZ:  0.0 || Yaw Error:-28.7deg || Batt: 3.56V  || State: MANUAL   
[COMMAND] Mode: MANUAL                || Motors: [0, 20, 0, 0]
[LATENCY] Delta:   0.1ms | Avg:  45.7ms | Rate: 21.9 FPS | Queue: 0B

[2026-09-11 18:40:31.594]
[TELEMETRY] Motors: [0, 20, 0, 0] || Vision: CX:  0 CY:  0 W:  0 H:  0 Px:    0 || IMU: AX: -0.3 AY: -0.4 AZ: -8.8 TZ:  0.0 || Yaw Error:-28.7deg || Batt: 3.56V  || State: MANUAL   
[COMMAND] Mode: MANUAL                || Motors: [0, 20, 0, 0]
[LATENCY] Delta:   6.1ms | Avg:  45.6ms | Rate: 21.9 FPS | Queue: 0B

[2026-09-11 18:40:31.697]
[TELEMETRY] Motors: [0, 20, 0, 0] || Vision: CX:  0 CY:  0 W:  0 H:  0 Px:    0 || IMU: AX: -0.1 AY: -0.5 AZ: -8.7 TZ:  0.0 || Yaw Error:-28.7deg || Batt: 3.56V  || State: MANUAL   
[COMMAND] Mode: MANUAL                || Motors: [0, 20, 0, 0]
[LATENCY] Delta: 102.8ms | Avg:  45.9ms | Rate: 21.8 FPS | Queue: 0B

[2026-09-11 18:40:31.706]
[TELEMETRY] Motors: [0, 20, 0, 0] || Vision: CX:  0 CY:  0 W:  0 H:  0 Px:    0 || IMU: AX:  0.0 AY: -0.6 AZ: -8.7 TZ:  0.0 || Yaw Error:-28.7deg || Batt: 3.56V  || State: MANUAL   
[COMMAND] Mode: MANUAL                || Motors: [0, 20, 0, 0]
[LATENCY] Delta:   3.0ms | Avg:  40.2ms | Rate: 24.8 FPS | Queue: 0B

[2026-09-11 18:40:31.710]
[TELEMETRY] Motors: [0, 20, 0, 0] || Vision: CX:  0 CY:  0 W:  0 H:  0 Px:    0 || IMU: AX:  0.1 AY: -0.5 AZ: -8.6 TZ:  0.0 || Yaw Error:-28.7deg || Batt: 3.56V  || State: MANUAL   
[COMMAND] Mode: MANUAL                || Motors: [0, 20, 0, 0]
[LATENCY] Delta:   8.8ms | Avg:  39.9ms | Rate: 25.1 FPS | Queue: 0B

[2026-09-11 18:40:31.740]
[TELEMETRY] Motors: [0, 20, 0, 0] || Vision: CX:  0 CY:  0 W:  0 H:  0 Px:    0 || IMU: AX:  0.1 AY: -0.4 AZ: -8.8 TZ:  0.0 || Yaw Error:-28.7deg || Batt: 3.56V  || State: MANUAL   
[COMMAND] Mode: MANUAL                || Motors: [0, 20, 0, 0]
[LATENCY] Delta:  30.4ms | Avg:  40.1ms | Rate: 25.0 FPS | Queue: 0B

[2026-09-11 18:40:31.809]
[TELEMETRY] Motors: [0, 20, 0, 0] || Vision: CX:  0 CY:  0 W:  0 H:  0 Px:    0 || IMU: AX: -0.0 AY: -0.5 AZ: -8.8 TZ: -0.0 || Yaw Error:-28.7deg || Batt: 3.56V  || State: MANUAL   
[COMMAND] Mode: MANUAL                || Motors: [0, 20, 0, 0]
[LATENCY] Delta:  68.5ms | Avg:  40.4ms | Rate: 24.8 FPS | Queue: 0B

[2026-09-11 18:40:31.825]
[TELEMETRY] Motors: [0, 20, 0, 0] || Vision: CX:  0 CY:  0 W:  0 H:  0 Px:    0 || IMU: AX:  0.1 AY: -0.5 AZ: -8.8 TZ:  0.0 || Yaw Error:-28.7deg || Batt: 3.56V  || State: MANUAL   
[COMMAND] Mode: MANUAL                || Motors: [0, 20, 0, 0]
[LATENCY] Delta:  16.8ms | Avg:  40.4ms | Rate: 24.7 FPS | Queue: 0B

[2026-09-11 18:40:31.927]
[TELEMETRY] Motors: [0, 20, 0, 0] || Vision: CX:  0 CY:  0 W:  0 H:  0 Px:    0 || IMU: AX:  0.2 AY: -0.6 AZ: -8.8 TZ:  0.0 || Yaw Error:-28.7deg || Batt: 3.56V  || State: MANUAL   
[COMMAND] Mode: MANUAL                || Motors: [0, 20, 0, 0]
[LATENCY] Delta: 101.5ms | Avg:  40.6ms | Rate: 24.6 FPS | Queue: 0B

[2026-09-11 18:40:31.931]
[TELEMETRY] Motors: [0, 20, 0, 0] || Vision: CX:  0 CY:  0 W:  0 H:  0 Px:    0 || IMU: AX:  0.4 AY: -0.6 AZ: -8.7 TZ:  0.0 || Yaw Error:-28.7deg || Batt: 3.58V  || State: MANUAL   
[COMMAND] Mode: MANUAL                || Motors: [0, 20, 0, 0]
[LATENCY] Delta:   3.5ms | Avg:  40.6ms | Rate: 24.6 FPS | Queue: 0B

[2026-09-11 18:40:31.936]
[TELEMETRY] Motors: [0, 20, 0, 0] || Vision: CX:  0 CY:  0 W:  0 H:  0 Px:    0 || IMU: AX:  0.3 AY: -0.5 AZ: -8.7 TZ:  0.0 || Yaw Error:-28.7deg || Batt: 3.58V  || State: MANUAL   
[COMMAND] Mode: MANUAL                || Motors: [0, 20, 0, 0]
[LATENCY] Delta:   5.6ms | Avg:  40.1ms | Rate: 24.9 FPS | Queue: 0B

[2026-09-11 18:40:31.987]
[TELEMETRY] Motors: [0, 20, 0, 0] || Vision: CX:  0 CY:  0 W:  0 H:  0 Px:    0 || IMU: AX:  0.2 AY: -0.3 AZ: -8.8 TZ:  0.0 || Yaw Error:-28.7deg || Batt: 3.58V  || State: MANUAL   
[COMMAND] Mode: MANUAL                || Motors: [0, 20, 0, 0]
[LATENCY] Delta:  51.1ms | Avg:  40.3ms | Rate: 24.8 FPS | Queue: 0B

[2026-09-11 18:40:32.047]
[TELEMETRY] Motors: [0, 20, 0, 0] || Vision: CX:  0 CY:  0 W:  0 H:  0 Px:    0 || IMU: AX:  0.2 AY: -0.6 AZ: -8.8 TZ: -0.0 || Yaw Error:-28.7deg || Batt: 3.58V  || State: MANUAL   
[COMMAND] Mode: MANUAL                || Motors: [0, 20, 0, 0]
[LATENCY] Delta:  59.2ms | Avg:  40.2ms | Rate: 24.9 FPS | Queue: 0B

[2026-09-11 18:40:32.063]
[TELEMETRY] Motors: [0, 20, 0, 0] || Vision: CX:  0 CY:  0 W:  0 H:  0 Px:    0 || IMU: AX:  0.1 AY: -0.5 AZ: -8.6 TZ: -0.0 || Yaw Error:-28.7deg || Batt: 3.58V  || State: MANUAL   
[COMMAND] Mode: MANUAL                || Motors: [0, 20, 0, 0]
[LATENCY] Delta:  16.5ms | Avg:  40.1ms | Rate: 25.0 FPS | Queue: 0B

[2026-09-11 18:40:32.092]
[TELEMETRY] Motors: [0, 20, 0, 0] || Vision: CX:  0 CY:  0 W:  0 H:  0 Px:    0 || IMU: AX:  0.1 AY: -0.6 AZ: -8.7 TZ: -0.0 || Yaw Error:-28.7deg || Batt: 3.58V  || State: MANUAL   
[COMMAND] Mode: MANUAL                || Motors: [0, 20, 0, 0]
[LATENCY] Delta:  29.0ms | Avg:  40.2ms | Rate: 24.9 FPS | Queue: 0B

[2026-09-11 18:40:32.148]
[TELEMETRY] Motors: [0, 20, 0, 0] || Vision: CX:  0 CY:  0 W:  0 H:  0 Px:    0 || IMU: AX:  0.0 AY: -0.6 AZ: -8.7 TZ: -0.0 || Yaw Error:-28.7deg || Batt: 3.58V  || State: MANUAL   
[COMMAND] Mode: MANUAL                || Motors: [0, 20, 0, 0]
[LATENCY] Delta:  56.2ms | Avg:  40.4ms | Rate: 24.7 FPS | Queue: 0B

[2026-09-11 18:40:32.177]
[TELEMETRY] Motors: [0, 20, 0, 0] || Vision: CX:  0 CY:  0 W:  0 H:  0 Px:    0 || IMU: AX: -0.1 AY: -0.5 AZ: -8.6 TZ: -0.0 || Yaw Error:-28.7deg || Batt: 3.58V  || State: MANUAL   
[COMMAND] Mode: MANUAL                || Motors: [0, 20, 0, 0]
[LATENCY] Delta:  29.2ms | Avg:  40.3ms | Rate: 24.8 FPS | Queue: 0B

[2026-09-11 18:40:32.251]
[TELEMETRY] Motors: [0, 20, 0, 0] || Vision: CX:  0 CY:  0 W:  0 H:  0 Px:    0 || IMU: AX: -0.1 AY: -0.4 AZ: -8.7 TZ: -0.0 || Yaw Error:-28.7deg || Batt: 3.58V  || State: MANUAL   
[COMMAND] Mode: MANUAL                || Motors: [0, 20, 0, 0]
[LATENCY] Delta:  73.9ms | Avg:  40.5ms | Rate: 24.7 FPS | Queue: 0B

[2026-09-11 18:40:32.280]
[TELEMETRY] Motors: [0, 20, 0, 0] || Vision: CX:  0 CY:  0 W:  0 H:  0 Px:    0 || IMU: AX: -0.1 AY: -0.3 AZ: -8.8 TZ: -0.0 || Yaw Error:-28.7deg || Batt: 3.58V  || State: MANUAL   
[COMMAND] Mode: MANUAL                || Motors: [0, 20, 0, 0]
[LATENCY] Delta:  29.0ms | Avg:  40.4ms | Rate: 24.7 FPS | Queue: 0B

[2026-09-11 18:40:32.301]
[TELEMETRY] Motors: [0, 20, 0, 0] || Vision: CX:  0 CY:  0 W:  0 H:  0 Px:    0 || IMU: AX: -0.4 AY: -0.3 AZ: -8.8 TZ: -0.0 || Yaw Error:-28.7deg || Batt: 3.58V  || State: MANUAL   
[COMMAND] Mode: MANUAL                || Motors: [0, 20, 0, 0]
[LATENCY] Delta:  20.3ms | Avg:  40.4ms | Rate: 24.7 FPS | Queue: 0B

[2026-09-11 18:40:32.347]
[TELEMETRY] Motors: [0, 20, 0, 0] || Vision: CX:  0 CY:  0 W:  0 H:  0 Px:    0 || IMU: AX: -0.4 AY: -0.2 AZ: -8.9 TZ: -0.0 || Yaw Error:-28.7deg || Batt: 3.58V  || State: MANUAL   
[COMMAND] Mode: MANUAL                || Motors: [0, 20, 0, 0]
[LATENCY] Delta:  47.1ms | Avg:  40.4ms | Rate: 24.7 FPS | Queue: 0B

[2026-09-11 18:40:32.400]
[TELEMETRY] Motors: [0, 20, 0, 0] || Vision: CX:  0 CY:  0 W:  0 H:  0 Px:    0 || IMU: AX: -0.4 AY: -0.3 AZ: -8.7 TZ: -0.0 || Yaw Error:-28.7deg || Batt: 3.58V  || State: MANUAL   
[COMMAND] Mode: MANUAL                || Motors: [0, 20, 0, 0]
[LATENCY] Delta:  52.8ms | Avg:  40.4ms | Rate: 24.8 FPS | Queue: 0B

[2026-09-11 18:40:32.413]
[TELEMETRY] Motors: [0, 20, 0, 0] || Vision: CX:  0 CY:  0 W:  0 H:  0 Px:    0 || IMU: AX: -0.4 AY: -0.4 AZ: -8.6 TZ: -0.0 || Yaw Error:-28.7deg || Batt: 3.56V  || State: MANUAL   
[COMMAND] Mode: MANUAL                || Motors: [0, 20, 0, 0]
[LATENCY] Delta:  12.7ms | Avg:  40.3ms | Rate: 24.8 FPS | Queue: 0B

[2026-09-11 18:40:32.503]
[TELEMETRY] Motors: [0, 20, 0, 0] || Vision: CX:  0 CY:  0 W:  0 H:  0 Px:    0 || IMU: AX: -0.4 AY: -0.4 AZ: -8.6 TZ:  0.0 || Yaw Error:-28.7deg || Batt: 3.56V  || State: MANUAL   
[COMMAND] Mode: MANUAL                || Motors: [0, 20, 0, 0]
[LATENCY] Delta:  89.7ms | Avg:  40.3ms | Rate: 24.8 FPS | Queue: 0B

[2026-09-11 18:40:32.508]
[TELEMETRY] Motors: [0, 20, 0, 0] || Vision: CX:  0 CY:  0 W:  0 H:  0 Px:    0 || IMU: AX: -0.4 AY: -0.3 AZ: -8.7 TZ: -0.0 || Yaw Error:-28.7deg || Batt: 3.56V  || State: MANUAL   
[COMMAND] Mode: MANUAL                || Motors: [0, 20, 0, 0]
[LATENCY] Delta:   4.0ms | Avg:  40.3ms | Rate: 24.8 FPS | Queue: 0B

[2026-09-11 18:40:32.558]
[TELEMETRY] Motors: [0, 20, 0, 0] || Vision: CX:  0 CY:  0 W:  0 H:  0 Px:    0 || IMU: AX: -0.7 AY: -0.2 AZ: -8.6 TZ:  0.0 || Yaw Error:-28.7deg || Batt: 3.56V  || State: MANUAL   
[COMMAND] Mode: MANUAL                || Motors: [0, 20, 0, 0]
[LATENCY] Delta:  52.7ms | Avg:  39.9ms | Rate: 25.0 FPS | Queue: 0B

[2026-09-11 18:40:32.655]
[TELEMETRY] Motors: [0, 20, 0, 0] || Vision: CX:  0 CY:  0 W:  0 H:  0 Px:    0 || IMU: AX: -0.6 AY: -0.3 AZ: -8.7 TZ:  0.0 || Yaw Error:-28.7deg || Batt: 3.56V  || State: MANUAL   
[COMMAND] Mode: MANUAL                || Motors: [0, 20, 0, 0]
[LATENCY] Delta:  95.8ms | Avg:  40.0ms | Rate: 25.0 FPS | Queue: 0B

[2026-09-11 18:40:32.665]
[TELEMETRY] Motors: [0, 20, 0, 0] || Vision: CX:  0 CY:  0 W:  0 H:  0 Px:    0 || IMU: AX: -0.6 AY: -0.4 AZ: -8.8 TZ:  0.0 || Yaw Error:-28.7deg || Batt: 3.56V  || State: MANUAL   
[COMMAND] Mode: MANUAL                || Motors: [0, 20, 0, 0]
[LATENCY] Delta:  10.2ms | Avg:  40.1ms | Rate: 25.0 FPS | Queue: 0B

[2026-09-11 18:40:32.670]
[TELEMETRY] Motors: [0, 20, 0, 0] || Vision: CX:  0 CY:  0 W:  0 H:  0 Px:    0 || IMU: AX: -0.7 AY: -0.4 AZ: -8.8 TZ:  0.0 || Yaw Error:-28.7deg || Batt: 3.56V  || State: MANUAL   
[COMMAND] Mode: MANUAL                || Motors: [0, 20, 0, 0]
[LATENCY] Delta:   3.3ms | Avg:  40.0ms | Rate: 25.0 FPS | Queue: 0B

[2026-09-11 18:40:32.712]
[TELEMETRY] Motors: [0, 20, 0, 0] || Vision: CX:  0 CY:  0 W:  0 H:  0 Px:    0 || IMU: AX: -0.5 AY: -0.2 AZ: -8.6 TZ:  0.0 || Yaw Error:-28.7deg || Batt: 3.56V  || State: MANUAL   
[COMMAND] Mode: MANUAL                || Motors: [0, 20, 0, 0]
[LATENCY] Delta:  44.1ms | Avg:  40.0ms | Rate: 25.0 FPS | Queue: 0B

[2026-09-11 18:40:32.732]
[TELEMETRY] Motors: [0, 20, 0, 0] || Vision: CX:  0 CY:  0 W:  0 H:  0 Px:    0 || IMU: AX: -0.5 AY: -0.2 AZ: -8.8 TZ:  0.0 || Yaw Error:-28.7deg || Batt: 3.56V  || State: MANUAL   
[COMMAND] Mode: MANUAL                || Motors: [0, 20, 0, 0]
[LATENCY] Delta:  18.5ms | Avg:  39.9ms | Rate: 25.1 FPS | Queue: 0B

[2026-09-11 18:40:32.793]
[TELEMETRY] Motors: [0, 20, 0, 0] || Vision: CX:  0 CY:  0 W:  0 H:  0 Px:    0 || IMU: AX: -0.4 AY: -0.2 AZ: -8.7 TZ: -0.0 || Yaw Error:-28.7deg || Batt: 3.56V  || State: MANUAL   
[COMMAND] Mode: MANUAL                || Motors: [0, 20, 0, 0]
[LATENCY] Delta:  62.7ms | Avg:  39.8ms | Rate: 25.1 FPS | Queue: 0B

[2026-09-11 18:40:32.865]
[TELEMETRY] Motors: [0, 20, 0, 0] || Vision: CX:  0 CY:  0 W:  0 H:  0 Px:    0 || IMU: AX: -0.5 AY: -0.4 AZ: -8.7 TZ:  0.0 || Yaw Error:-28.7deg || Batt: 3.56V  || State: MANUAL   
[COMMAND] Mode: MANUAL                || Motors: [0, 20, 0, 0]
[LATENCY] Delta:  71.3ms | Avg:  40.1ms | Rate: 24.9 FPS | Queue: 0B

[2026-09-11 18:40:32.868]
[TELEMETRY] Motors: [0, 20, 0, 0] || Vision: CX:  0 CY:  0 W:  0 H:  0 Px:    0 || IMU: AX: -0.3 AY: -0.5 AZ: -8.7 TZ:  0.0 || Yaw Error:-28.7deg || Batt: 3.56V  || State: MANUAL   
[COMMAND] Mode: MANUAL                || Motors: [0, 20, 0, 0]
[LATENCY] Delta:   3.3ms | Avg:  39.8ms | Rate: 25.2 FPS | Queue: 0B

[2026-09-11 18:40:32.900]
[TELEMETRY] Motors: [0, 20, 0, 0] || Vision: CX:  0 CY:  0 W:  0 H:  0 Px:    0 || IMU: AX: -0.5 AY: -0.5 AZ: -8.7 TZ:  0.0 || Yaw Error:-28.7deg || Batt: 3.56V  || State: MANUAL   
[COMMAND] Mode: MANUAL                || Motors: [0, 20, 0, 0]
[LATENCY] Delta:  32.7ms | Avg:  39.8ms | Rate: 25.1 FPS | Queue: 0B

[2026-09-11 18:40:32.952]
[TELEMETRY] Motors: [0, 20, 0, 0] || Vision: CX:  0 CY:  0 W:  0 H:  0 Px:    0 || IMU: AX: -0.3 AY: -0.5 AZ: -8.7 TZ:  0.0 || Yaw Error:-28.7deg || Batt: 3.59V  || State: MANUAL   
[COMMAND] Mode: MANUAL                || Motors: [0, 20, 0, 0]
[LATENCY] Delta:  50.6ms | Avg:  40.0ms | Rate: 25.0 FPS | Queue: 0B

[2026-09-11 18:40:32.986]
[TELEMETRY] Motors: [0, 20, 0, 0] || Vision: CX:  0 CY:  0 W:  0 H:  0 Px:    0 || IMU: AX: -0.1 AY: -0.6 AZ: -8.6 TZ:  0.0 || Yaw Error:-28.7deg || Batt: 3.59V  || State: MANUAL   
[COMMAND] Mode: MANUAL                || Motors: [0, 20, 0, 0]
[LATENCY] Delta:  33.7ms | Avg:  40.1ms | Rate: 25.0 FPS | Queue: 0B

[2026-09-11 18:40:33.020]
[TELEMETRY] Motors: [0, 20, 0, 0] || Vision: CX:  0 CY:  0 W:  0 H:  0 Px:    0 || IMU: AX: -0.2 AY: -0.4 AZ: -8.7 TZ: -0.0 || Yaw Error:-28.7deg || Batt: 3.59V  || State: MANUAL   
[COMMAND] Mode: MANUAL                || Motors: [0, 20, 0, 0]
[LATENCY] Delta:  34.4ms | Avg:  40.0ms | Rate: 25.0 FPS | Queue: 0B

[2026-09-11 18:40:33.072]
[TELEMETRY] Motors: [0, 20, 0, 0] || Vision: CX:  0 CY:  0 W:  0 H:  0 Px:    0 || IMU: AX: -0.2 AY: -0.3 AZ: -8.7 TZ:  0.0 || Yaw Error:-28.7deg || Batt: 3.59V  || State: MANUAL   
[COMMAND] Mode: MANUAL                || Motors: [0, 20, 0, 0]
[LATENCY] Delta:  52.4ms | Avg:  39.9ms | Rate: 25.0 FPS | Queue: 0B

[2026-09-11 18:40:33.102]
[TELEMETRY] Motors: [0, 20, 0, 0] || Vision: CX:  0 CY:  0 W:  0 H:  0 Px:    0 || IMU: AX: -0.1 AY: -0.5 AZ: -8.6 TZ: -0.0 || Yaw Error:-28.7deg || Batt: 3.59V  || State: MANUAL   
[COMMAND] Mode: MANUAL                || Motors: [0, 20, 0, 0]
[LATENCY] Delta:  30.7ms | Avg:  40.0ms | Rate: 25.0 FPS | Queue: 0B

[2026-09-11 18:40:33.167]
[TELEMETRY] Motors: [0, 20, 0, 0] || Vision: CX:  0 CY:  0 W:  0 H:  0 Px:    0 || IMU: AX: -0.0 AY: -0.5 AZ: -8.7 TZ: -0.0 || Yaw Error:-28.7deg || Batt: 3.59V  || State: MANUAL   
[COMMAND] Mode: MANUAL                || Motors: [0, 20, 0, 0]
[LATENCY] Delta:  64.1ms | Avg:  39.9ms | Rate: 25.0 FPS | Queue: 0B

[2026-09-11 18:40:33.214]
[TELEMETRY] Motors: [0, 20, 0, 0] || Vision: CX:  0 CY:  0 W:  0 H:  0 Px:    0 || IMU: AX:  0.0 AY: -0.4 AZ: -8.6 TZ: -0.0 || Yaw Error:-28.7deg || Batt: 3.59V  || State: MANUAL   
[COMMAND] Mode: MANUAL                || Motors: [0, 20, 0, 0]
[LATENCY] Delta:  46.5ms | Avg:  39.3ms | Rate: 25.4 FPS | Queue: 0B

[2026-09-11 18:40:33.217]
[TELEMETRY] Motors: [0, 20, 0, 0] || Vision: CX:  0 CY:  0 W:  0 H:  0 Px:    0 || IMU: AX:  0.0 AY: -0.5 AZ: -8.7 TZ: -0.0 || Yaw Error:-28.7deg || Batt: 3.59V  || State: MANUAL   
[COMMAND] Mode: MANUAL                || Motors: [0, 20, 0, 0]
[LATENCY] Delta:   3.6ms | Avg:  39.3ms | Rate: 25.4 FPS | Queue: 0B

[2026-09-11 18:40:33.276]
[TELEMETRY] Motors: [0, 20, 0, 0] || Vision: CX:  0 CY:  0 W:  0 H:  0 Px:    0 || IMU: AX:  0.1 AY: -0.4 AZ: -8.6 TZ: -0.0 || Yaw Error:-28.7deg || Batt: 3.59V  || State: MANUAL   
[COMMAND] Mode: MANUAL                || Motors: [0, 20, 0, 0]
[LATENCY] Delta:  59.3ms | Avg:  39.6ms | Rate: 25.2 FPS | Queue: 0B

[2026-09-11 18:40:33.349]
[TELEMETRY] Motors: [0, 20, 0, 0] || Vision: CX:  0 CY:  0 W:  0 H:  0 Px:    0 || IMU: AX:  0.2 AY: -0.3 AZ: -8.7 TZ: -0.0 || Yaw Error:-28.7deg || Batt: 3.59V  || State: MANUAL   
[COMMAND] Mode: MANUAL                || Motors: [0, 20, 0, 0]
[LATENCY] Delta:  72.1ms | Avg:  40.0ms | Rate: 25.0 FPS | Queue: 0B

[2026-09-11 18:40:33.353]
[TELEMETRY] Motors: [0, 20, 0, 0] || Vision: CX:  0 CY:  0 W:  0 H:  0 Px:    0 || IMU: AX:  0.0 AY: -0.5 AZ: -8.8 TZ: -0.0 || Yaw Error:-28.7deg || Batt: 3.59V  || State: MANUAL   
[COMMAND] Mode: MANUAL                || Motors: [0, 20, 0, 0]
[LATENCY] Delta:   3.8ms | Avg:  39.9ms | Rate: 25.1 FPS | Queue: 0B

[2026-09-11 18:40:33.370]
[TELEMETRY] Motors: [0, 20, 0, 0] || Vision: CX:  0 CY:  0 W:  0 H:  0 Px:    0 || IMU: AX:  0.1 AY: -0.5 AZ: -8.8 TZ: -0.0 || Yaw Error:-28.7deg || Batt: 3.59V  || State: MANUAL   
[COMMAND] Mode: MANUAL                || Motors: [0, 20, 0, 0]
[LATENCY] Delta:  18.2ms | Avg:  39.9ms | Rate: 25.0 FPS | Queue: 0B

[2026-09-11 18:40:33.422]
[TELEMETRY] Motors: [0, 20, 0, 0] || Vision: CX:  0 CY:  0 W:  0 H:  0 Px:    0 || IMU: AX: -0.0 AY: -0.5 AZ: -8.8 TZ: -0.0 || Yaw Error:-28.7deg || Batt: 3.59V  || State: MANUAL   
[COMMAND] Mode: MANUAL                || Motors: [0, 20, 0, 0]
[LATENCY] Delta:  51.4ms | Avg:  40.0ms | Rate: 25.0 FPS | Queue: 0B

[2026-09-11 18:40:33.480]
[TELEMETRY] Motors: [0, 20, 0, 0] || Vision: CX:  0 CY:  0 W:  0 H:  0 Px:    0 || IMU: AX: -0.1 AY: -0.4 AZ: -8.8 TZ: -0.0 || Yaw Error:-28.7deg || Batt: 3.56V  || State: MANUAL   
[COMMAND] Mode: MANUAL                || Motors: [0, 20, 0, 0]
[LATENCY] Delta:  58.3ms | Avg:  40.0ms | Rate: 25.0 FPS | Queue: 0B

[2026-09-11 18:40:33.512]
[TELEMETRY] Motors: [0, 20, 0, 0] || Vision: CX:  0 CY:  0 W:  0 H:  0 Px:    0 || IMU: AX:  0.0 AY: -0.4 AZ: -8.9 TZ: -0.0 || Yaw Error:-28.7deg || Batt: 3.56V  || State: MANUAL   
[COMMAND] Mode: MANUAL                || Motors: [0, 20, 0, 0]
[LATENCY] Delta:  31.0ms | Avg:  39.9ms | Rate: 25.1 FPS | Queue: 0B

[2026-09-11 18:40:33.564]
[TELEMETRY] Motors: [0, 20, 0, 0] || Vision: CX:  0 CY:  0 W:  0 H:  0 Px:    0 || IMU: AX: -0.1 AY: -0.3 AZ: -8.7 TZ:  0.0 || Yaw Error:-28.7deg || Batt: 3.56V  || State: MANUAL   
[COMMAND] Mode: MANUAL                || Motors: [0, 20, 0, 0]
[LATENCY] Delta:  53.5ms | Avg:  39.7ms | Rate: 25.2 FPS | Queue: 0B

[2026-09-11 18:40:33.575]
[TELEMETRY] Motors: [0, 20, 0, 0] || Vision: CX:  0 CY:  0 W:  0 H:  0 Px:    0 || IMU: AX: -0.1 AY: -0.3 AZ: -8.7 TZ:  0.0 || Yaw Error:-28.7deg || Batt: 3.56V  || State: MANUAL   
[COMMAND] Mode: MANUAL                || Motors: [0, 20, 0, 0]
[LATENCY] Delta:   9.6ms | Avg:  39.7ms | Rate: 25.2 FPS | Queue: 0B

[2026-09-11 18:40:33.626]
[TELEMETRY] Motors: [0, 20, 0, 0] || Vision: CX:  0 CY:  0 W:  0 H:  0 Px:    0 || IMU: AX: -0.1 AY: -0.3 AZ: -8.8 TZ:  0.0 || Yaw Error:-28.7deg || Batt: 3.56V  || State: MANUAL   
[COMMAND] Mode: MANUAL                || Motors: [0, 20, 0, 0]
[LATENCY] Delta:  51.3ms | Avg:  40.0ms | Rate: 25.0 FPS | Queue: 0B

[2026-09-11 18:40:33.686]
[TELEMETRY] Motors: [0, 20, 0, 0] || Vision: CX:  0 CY:  0 W:  0 H:  0 Px:    0 || IMU: AX: -0.2 AY: -0.4 AZ: -8.7 TZ:  0.0 || Yaw Error:-28.7deg || Batt: 3.56V  || State: MANUAL   
[COMMAND] Mode: MANUAL                || Motors: [0, 20, 0, 0]
[LATENCY] Delta:  59.3ms | Avg:  40.1ms | Rate: 25.0 FPS | Queue: 0B

[2026-09-11 18:40:33.781]
[TELEMETRY] Motors: [0, 20, 0, 0] || Vision: CX:  0 CY:  0 W:  0 H:  0 Px:    0 || IMU: AX: -0.1 AY: -0.4 AZ: -8.7 TZ:  0.0 || Yaw Error:-28.7deg || Batt: 3.56V  || State: MANUAL   
[COMMAND] Mode: MANUAL                || Motors: [0, 20, 0, 0]
[LATENCY] Delta:  95.5ms | Avg:  40.4ms | Rate: 24.7 FPS | Queue: 0B

[2026-09-11 18:40:33.785]
[TELEMETRY] Motors: [0, 20, 0, 0] || Vision: CX:  0 CY:  0 W:  0 H:  0 Px:    0 || IMU: AX: -0.3 AY: -0.4 AZ: -8.8 TZ:  0.0 || Yaw Error:-28.7deg || Batt: 3.56V  || State: MANUAL   
[COMMAND] Mode: MANUAL                || Motors: [0, 20, 0, 0]
[LATENCY] Delta:   2.3ms | Avg:  39.7ms | Rate: 25.2 FPS | Queue: 0B

[2026-09-11 18:40:33.849]
[TELEMETRY] Motors: [0, 20, 0, 0] || Vision: CX:  0 CY:  0 W:  0 H:  0 Px:    0 || IMU: AX: -0.3 AY: -0.2 AZ: -8.6 TZ:  0.0 || Yaw Error:-28.7deg || Batt: 3.56V  || State: MANUAL   
[COMMAND] Mode: MANUAL                || Motors: [0, 20, 0, 0]
[LATENCY] Delta:  63.9ms | Avg:  40.0ms | Rate: 25.0 FPS | Queue: 0B

[2026-09-11 18:40:33.872]
[TELEMETRY] Motors: [0, 20, 0, 0] || Vision: CX:  0 CY:  0 W:  0 H:  0 Px:    0 || IMU: AX: -0.3 AY: -0.3 AZ: -8.8 TZ: -0.0 || Yaw Error:-28.7deg || Batt: 3.56V  || State: MANUAL   
[COMMAND] Mode: MANUAL                || Motors: [0, 20, 0, 0]
[LATENCY] Delta:  23.2ms | Avg:  39.8ms | Rate: 25.1 FPS | Queue: 0B

[2026-09-11 18:40:33.994]
[TELEMETRY] Motors: [0, 20, 0, 0] || Vision: CX:  0 CY:  0 W:  0 H:  0 Px:    0 || IMU: AX: -0.3 AY: -0.3 AZ: -8.8 TZ: -0.0 || Yaw Error:-28.7deg || Batt: 3.56V  || State: MANUAL   
[COMMAND] Mode: MANUAL                || Motors: [0, 20, 0, 0]
[LATENCY] Delta: 121.9ms | Avg:  40.4ms | Rate: 24.7 FPS | Queue: 0B

[2026-09-11 18:40:33.998]
[TELEMETRY] Motors: [0, 20, 0, 0] || Vision: CX:  0 CY:  0 W:  0 H:  0 Px:    0 || IMU: AX: -0.3 AY: -0.6 AZ: -8.7 TZ: -0.0 || Yaw Error:-28.7deg || Batt: 3.56V  || State: MANUAL   
[COMMAND] Mode: MANUAL                || Motors: [0, 20, 0, 0]
[LATENCY] Delta:   3.7ms | Avg:  40.2ms | Rate: 24.9 FPS | Queue: 0B

[2026-09-11 18:40:34.002]
[TELEMETRY] Motors: [0, 20, 0, 0] || Vision: CX:  0 CY:  0 W:  0 H:  0 Px:    0 || IMU: AX: -0.5 AY: -0.5 AZ: -8.7 TZ: -0.0 || Yaw Error:-28.7deg || Batt: 3.59V  || State: MANUAL   
[COMMAND] Mode: MANUAL                || Motors: [0, 20, 0, 0]
[LATENCY] Delta:   5.3ms | Avg:  40.0ms | Rate: 25.0 FPS | Queue: 0B

[2026-09-11 18:40:34.035]
[TELEMETRY] Motors: [0, 20, 0, 0] || Vision: CX:  0 CY:  0 W:  0 H:  0 Px:    0 || IMU: AX: -0.6 AY: -1.0 AZ: -8.6 TZ: -0.0 || Yaw Error:-28.7deg || Batt: 3.59V  || State: MANUAL   
[COMMAND] Mode: MANUAL                || Motors: [0, 20, 0, 0]
[LATENCY] Delta:  31.1ms | Avg:  40.0ms | Rate: 25.0 FPS | Queue: 0B

[2026-09-11 18:40:34.089]
[TELEMETRY] Motors: [0, 20, 0, 0] || Vision: CX:  0 CY:  0 W:  0 H:  0 Px:    0 || IMU: AX: -0.4 AY: -0.6 AZ: -8.6 TZ: -0.0 || Yaw Error:-28.7deg || Batt: 3.59V  || State: MANUAL   
[COMMAND] Mode: MANUAL                || Motors: [0, 20, 0, 0]
[LATENCY] Delta:  54.9ms | Avg:  40.2ms | Rate: 24.9 FPS | Queue: 0B

[2026-09-11 18:40:34.094]
[TELEMETRY] Motors: [0, 20, 0, 0] || Vision: CX:  0 CY:  0 W:  0 H:  0 Px:    0 || IMU: AX: -0.4 AY:  0.0 AZ: -8.7 TZ: -0.0 || Yaw Error:-28.7deg || Batt: 3.59V  || State: MANUAL   
[COMMAND] Mode: MANUAL                || Motors: [0, 20, 0, 0]
[LATENCY] Delta:   6.8ms | Avg:  40.0ms | Rate: 25.0 FPS | Queue: 0B

[2026-09-11 18:40:34.191]
[TELEMETRY] Motors: [0, 20, 0, 0] || Vision: CX:  0 CY:  0 W:  0 H:  0 Px:    0 || IMU: AX: -0.3 AY: -0.1 AZ: -8.8 TZ: -0.0 || Yaw Error:-28.7deg || Batt: 3.59V  || State: MANUAL   
[COMMAND] Mode: MANUAL                || Motors: [0, 20, 0, 0]
[LATENCY] Delta:  95.5ms | Avg:  40.2ms | Rate: 24.9 FPS | Queue: 0B

[2026-09-11 18:40:34.225]
[TELEMETRY] Motors: [0, 20, 0, 0] || Vision: CX:  0 CY:  0 W:  0 H:  0 Px:    0 || IMU: AX: -0.2 AY: -0.7 AZ: -8.7 TZ:  0.0 || Yaw Error:-28.7deg || Batt: 3.59V  || State: MANUAL   
[COMMAND] Mode: MANUAL                || Motors: [0, 20, 0, 0]
[LATENCY] Delta:  34.2ms | Avg:  40.1ms | Rate: 25.0 FPS | Queue: 0B

[2026-09-11 18:40:34.229]
[TELEMETRY] Motors: [0, 20, 0, 0] || Vision: CX:  0 CY:  0 W:  0 H:  0 Px:    0 || IMU: AX: -0.2 AY: -0.8 AZ: -8.9 TZ:  0.0 || Yaw Error:-28.7deg || Batt: 3.59V  || State: MANUAL   
[COMMAND] Mode: MANUAL                || Motors: [0, 20, 0, 0]
[LATENCY] Delta:   3.6ms | Avg:  40.1ms | Rate: 25.0 FPS | Queue: 0B

[2026-09-11 18:40:34.292]
[TELEMETRY] Motors: [0, 20, 0, 1] || Vision: CX:  0 CY:  0 W:  0 H:  0 Px:    0 || IMU: AX: -0.4 AY: -0.7 AZ: -9.0 TZ:  0.1 || Yaw Error:-28.7deg || Batt: 3.59V  || State: MANUAL   
[COMMAND] Mode: MANUAL                || Motors: [0, 20, 0, 0]
[LATENCY] Delta:  63.7ms | Avg:  40.1ms | Rate: 24.9 FPS | Queue: 0B

[2026-09-11 18:40:34.304]
[TELEMETRY] Motors: [0, 20, 0, 2] || Vision: CX:  0 CY:  0 W:  0 H:  0 Px:    0 || IMU: AX: -0.4 AY: -0.2 AZ: -9.1 TZ:  0.1 || Yaw Error:-28.7deg || Batt: 3.59V  || State: MANUAL   
[COMMAND] Mode: MANUAL                || Motors: [0, 20, 0, 0]
[LATENCY] Delta:  12.5ms | Avg:  40.0ms | Rate: 25.0 FPS | Queue: 0B

[2026-09-11 18:40:34.402]
[TELEMETRY] Motors: [0, 20, 0, 3] || Vision: CX:  0 CY:  0 W:  0 H:  0 Px:    0 || IMU: AX: -0.3 AY: -0.2 AZ: -9.0 TZ:  0.1 || Yaw Error:-28.7deg || Batt: 3.59V  || State: MANUAL   
[COMMAND] Mode: MANUAL                || Motors: [0, 20, 0, 0]
[LATENCY] Delta:  97.6ms | Avg:  40.3ms | Rate: 24.8 FPS | Queue: 0B

[2026-09-11 18:40:34.406]
[TELEMETRY] Motors: [0, 20, 0, 4] || Vision: CX:  0 CY:  0 W:  0 H:  0 Px:    0 || IMU: AX: -0.4 AY:  0.1 AZ: -9.0 TZ:  0.2 || Yaw Error:-28.7deg || Batt: 3.59V  || State: MANUAL   
[COMMAND] Mode: MANUAL                || Motors: [0, 20, 0, 0]
[LATENCY] Delta:   4.3ms | Avg:  40.0ms | Rate: 25.0 FPS | Queue: 0B

[2026-09-11 18:40:34.483]
[TELEMETRY] Motors: [0, 20, 0, 4] || Vision: CX:  0 CY:  0 W:  0 H:  0 Px:    0 || IMU: AX: -0.1 AY: -0.1 AZ: -8.8 TZ:  0.2 || Yaw Error:-28.7deg || Batt: 3.59V  || State: MANUAL   
[COMMAND] Mode: MANUAL                || Motors: [0, 20, 0, 0]
[LATENCY] Delta:  76.5ms | Avg:  40.3ms | Rate: 24.8 FPS | Queue: 0B

[2026-09-11 18:40:34.487]
[TELEMETRY] Motors: [0, 20, 0, 4] || Vision: CX:  0 CY:  0 W:  0 H:  0 Px:    0 || IMU: AX: -0.3 AY: -0.2 AZ: -8.7 TZ:  0.2 || Yaw Error:-28.7deg || Batt: 3.59V  || State: MANUAL   
[COMMAND] Mode: MANUAL                || Motors: [0, 20, 0, 0]
[LATENCY] Delta:   3.0ms | Avg:  39.9ms | Rate: 25.1 FPS | Queue: 0B

[2026-09-11 18:40:34.505]
[TELEMETRY] Motors: [0, 20, 0, 3] || Vision: CX:  0 CY:  0 W:  0 H:  0 Px:    0 || IMU: AX: -0.3 AY: -0.7 AZ: -8.6 TZ:  0.1 || Yaw Error:-28.7deg || Batt: 3.55V  || State: MANUAL   
[COMMAND] Mode: MANUAL                || Motors: [0, 20, 0, 0]
[LATENCY] Delta:  18.4ms | Avg:  39.9ms | Rate: 25.0 FPS | Queue: 0B

[2026-09-11 18:40:34.612]
[TELEMETRY] Motors: [0, 20, 0, 3] || Vision: CX:  0 CY:  0 W:  0 H:  0 Px:    0 || IMU: AX: -0.4 AY: -0.6 AZ: -8.7 TZ:  0.1 || Yaw Error:-28.7deg || Batt: 3.55V  || State: MANUAL   
[COMMAND] Mode: MANUAL                || Motors: [0, 20, 0, 0]
[LATENCY] Delta: 106.5ms | Avg:  40.1ms | Rate: 24.9 FPS | Queue: 0B

[2026-09-11 18:40:34.638]
[TELEMETRY] Motors: [0, 20, 0, 1] || Vision: CX:  0 CY:  0 W:  0 H:  0 Px:    0 || IMU: AX: -0.2 AY: -0.8 AZ: -8.6 TZ:  0.1 || Yaw Error:-28.7deg || Batt: 3.55V  || State: MANUAL   
[COMMAND] Mode: MANUAL                || Motors: [0, 20, 0, 0]
[LATENCY] Delta:  26.4ms | Avg:  40.0ms | Rate: 25.0 FPS | Queue: 0B

[2026-09-11 18:40:34.642]
[TELEMETRY] Motors: [0, 20, 0, 0] || Vision: CX:  0 CY:  0 W:  0 H:  0 Px:    0 || IMU: AX: -0.1 AY: -0.6 AZ: -8.5 TZ:  0.0 || Yaw Error:-28.7deg || Batt: 3.55V  || State: MANUAL   
[COMMAND] Mode: MANUAL                || Motors: [0, 20, 0, 0]
[LATENCY] Delta:   1.7ms | Avg:  40.0ms | Rate: 25.0 FPS | Queue: 0B

[2026-09-11 18:40:34.669]
[TELEMETRY] Motors: [1, 20, 0, 0] || Vision: CX:  0 CY:  0 W:  0 H:  0 Px:    0 || IMU: AX:  0.1 AY: -0.5 AZ: -8.6 TZ: -0.1 || Yaw Error:-28.7deg || Batt: 3.55V  || State: MANUAL   
[COMMAND] Mode: MANUAL                || Motors: [0, 20, 0, 0]
[LATENCY] Delta:  29.9ms | Avg:  40.0ms | Rate: 25.0 FPS | Queue: 0B

[2026-09-11 18:40:34.709]
[TELEMETRY] Motors: [3, 20, 0, 0] || Vision: CX:  0 CY:  0 W:  0 H:  0 Px:    0 || IMU: AX:  0.1 AY: -0.6 AZ: -8.5 TZ: -0.1 || Yaw Error:-28.7deg || Batt: 3.55V  || State: MANUAL   
[COMMAND] Mode: MANUAL                || Motors: [0, 20, 0, 0]
[LATENCY] Delta:  39.9ms | Avg:  39.6ms | Rate: 25.3 FPS | Queue: 0B

[2026-09-11 18:40:34.746]
[TELEMETRY] Motors: [4, 20, 0, 0] || Vision: CX:  0 CY:  0 W:  0 H:  0 Px:    0 || IMU: AX:  0.1 AY: -0.5 AZ: -8.3 TZ: -0.2 || Yaw Error:-28.7deg || Batt: 3.55V  || State: MANUAL   
[COMMAND] Mode: MANUAL                || Motors: [0, 20, 0, 0]
[LATENCY] Delta:  36.5ms | Avg:  39.7ms | Rate: 25.2 FPS | Queue: 0B

[2026-09-11 18:40:34.788]
[TELEMETRY] Motors: [5, 20, 0, 0] || Vision: CX:  0 CY:  0 W:  0 H:  0 Px:    0 || IMU: AX:  0.4 AY: -0.6 AZ: -8.3 TZ: -0.2 || Yaw Error:-28.7deg || Batt: 3.55V  || State: MANUAL   
[COMMAND] Mode: MANUAL                || Motors: [0, 20, 0, 0]
[LATENCY] Delta:  41.6ms | Avg:  39.8ms | Rate: 25.1 FPS | Queue: 0B

[2026-09-11 18:40:34.810]
[TELEMETRY] Motors: [6, 20, 0, 0] || Vision: CX:  0 CY:  0 W:  0 H:  0 Px:    0 || IMU: AX:  0.3 AY: -0.5 AZ: -8.5 TZ: -0.3 || Yaw Error:-28.7deg || Batt: 3.55V  || State: MANUAL   
[COMMAND] Mode: MANUAL                || Motors: [0, 20, 0, 0]
[LATENCY] Delta:  24.1ms | Avg:  39.9ms | Rate: 25.1 FPS | Queue: 0B

[2026-09-11 18:40:34.855]
[TELEMETRY] Motors: [6, 20, 0, 0] || Vision: CX:  0 CY:  0 W:  0 H:  0 Px:    0 || IMU: AX:  0.1 AY: -0.4 AZ: -8.7 TZ: -0.3 || Yaw Error:-28.7deg || Batt: 3.55V  || State: MANUAL   
[COMMAND] Mode: MANUAL                || Motors: [0, 20, 0, 0]
[LATENCY] Delta:  43.9ms | Avg:  39.6ms | Rate: 25.2 FPS | Queue: 0B

[2026-09-11 18:40:34.913]
[TELEMETRY] Motors: [5, 20, 0, 0] || Vision: CX:  0 CY:  0 W:  0 H:  0 Px:    0 || IMU: AX:  0.2 AY: -0.4 AZ: -8.7 TZ: -0.2 || Yaw Error:-28.7deg || Batt: 3.55V  || State: MANUAL   
[COMMAND] Mode: MANUAL                || Motors: [0, 20, 0, 0]
[LATENCY] Delta:  58.7ms | Avg:  39.8ms | Rate: 25.1 FPS | Queue: 0B

[2026-09-11 18:40:34.991]
[TELEMETRY] Motors: [4, 20, 0, 0] || Vision: CX:  0 CY:  0 W:  0 H:  0 Px:    0 || IMU: AX:  0.3 AY: -0.2 AZ: -8.8 TZ: -0.2 || Yaw Error:-28.7deg || Batt: 3.55V  || State: MANUAL   
[COMMAND] Mode: MANUAL                || Motors: [0, 20, 0, 0]
[LATENCY] Delta:  76.6ms | Avg:  40.1ms | Rate: 24.9 FPS | Queue: 0B

[2026-09-11 18:40:34.995]
[TELEMETRY] Motors: [4, 20, 0, 0] || Vision: CX:  0 CY:  0 W:  0 H:  0 Px:    0 || IMU: AX:  0.0 AY: -0.4 AZ: -8.8 TZ: -0.2 || Yaw Error:-28.7deg || Batt: 3.55V  || State: MANUAL   
[COMMAND] Mode: MANUAL                || Motors: [0, 20, 0, 0]
[LATENCY] Delta:   1.6ms | Avg:  40.0ms | Rate: 25.0 FPS | Queue: 0B

[2026-09-11 18:40:35.013]
[TELEMETRY] Motors: [2, 20, 0, 0] || Vision: CX:  0 CY:  0 W:  0 H:  0 Px:    0 || IMU: AX: -0.2 AY: -0.5 AZ: -9.0 TZ: -0.1 || Yaw Error:-28.7deg || Batt: 3.58V  || State: MANUAL   
[COMMAND] Mode: MANUAL                || Motors: [0, 20, 0, 0]
[LATENCY] Delta:  20.2ms | Avg:  39.9ms | Rate: 25.1 FPS | Queue: 0B

[2026-09-11 18:40:35.056]
[TELEMETRY] Motors: [1, 20, 0, 0] || Vision: CX:  0 CY:  0 W:  0 H:  0 Px:    0 || IMU: AX: -0.1 AY: -0.4 AZ: -8.8 TZ: -0.0 || Yaw Error:-28.7deg || Batt: 3.58V  || State: MANUAL   
[COMMAND] Mode: MANUAL                || Motors: [0, 20, 0, 0]
[LATENCY] Delta:  43.9ms | Avg:  40.0ms | Rate: 25.0 FPS | Queue: 0B

[2026-09-11 18:40:35.116]
[TELEMETRY] Motors: [0, 20, 0, 0] || Vision: CX:  0 CY:  0 W:  0 H:  0 Px:    0 || IMU: AX: -0.0 AY: -0.4 AZ: -8.8 TZ:  0.0 || Yaw Error:-28.7deg || Batt: 3.58V  || State: MANUAL   
[COMMAND] Mode: MANUAL                || Motors: [0, 20, 0, 0]
[LATENCY] Delta:  58.4ms | Avg:  39.9ms | Rate: 25.1 FPS | Queue: 0B

[2026-09-11 18:40:35.225]
[TELEMETRY] Motors: [0, 20, 0, 1] || Vision: CX:  0 CY:  0 W:  0 H:  0 Px:    0 || IMU: AX:  0.2 AY: -0.5 AZ: -8.9 TZ:  0.1 || Yaw Error:-28.7deg || Batt: 3.58V  || State: MANUAL   
[COMMAND] Mode: MANUAL                || Motors: [0, 20, 0, 0]
[LATENCY] Delta: 109.8ms | Avg:  40.4ms | Rate: 24.7 FPS | Queue: 0B

[2026-09-11 18:40:35.230]
[TELEMETRY] Motors: [0, 20, 0, 2] || Vision: CX:  0 CY:  0 W:  0 H:  0 Px:    0 || IMU: AX:  0.1 AY: -0.3 AZ: -8.7 TZ:  0.1 || Yaw Error:-28.7deg || Batt: 3.58V  || State: MANUAL   
[COMMAND] Mode: MANUAL                || Motors: [0, 20, 0, 0]
[LATENCY] Delta:   4.3ms | Avg:  40.2ms | Rate: 24.9 FPS | Queue: 0B

[2026-09-11 18:40:35.236]
[TELEMETRY] Motors: [0, 20, 0, 3] || Vision: CX:  0 CY:  0 W:  0 H:  0 Px:    0 || IMU: AX: -0.2 AY: -0.2 AZ: -8.7 TZ:  0.1 || Yaw Error:-28.7deg || Batt: 3.58V  || State: MANUAL   
[COMMAND] Mode: MANUAL                || Motors: [0, 20, 0, 0]
[LATENCY] Delta:   1.9ms | Avg:  40.0ms | Rate: 25.0 FPS | Queue: 0B

[2026-09-11 18:40:35.259]
[TELEMETRY] Motors: [0, 20, 0, 3] || Vision: CX:  0 CY:  0 W:  0 H:  0 Px:    0 || IMU: AX: -0.5 AY: -0.4 AZ: -8.7 TZ:  0.1 || Yaw Error:-28.7deg || Batt: 3.58V  || State: MANUAL   
[COMMAND] Mode: MANUAL                || Motors: [0, 20, 0, 0]
[LATENCY] Delta:  27.4ms | Avg:  40.0ms | Rate: 25.0 FPS | Queue: 0B

[2026-09-11 18:40:35.323]
[TELEMETRY] Motors: [0, 20, 0, 4] || Vision: CX:  0 CY:  0 W:  0 H:  0 Px:    0 || IMU: AX: -0.1 AY: -0.7 AZ: -8.6 TZ:  0.2 || Yaw Error:-28.7deg || Batt: 3.58V  || State: MANUAL   
[COMMAND] Mode: MANUAL                || Motors: [0, 20, 0, 0]
[LATENCY] Delta:  64.5ms | Avg:  40.1ms | Rate: 25.0 FPS | Queue: 0B

[2026-09-11 18:40:35.527]
[TELEMETRY] Motors: [0, 20, 0, 3] || Vision: CX:  0 CY:  0 W:  0 H:  0 Px:    0 || IMU: AX:  0.1 AY: -0.6 AZ: -8.7 TZ:  0.2 || Yaw Error:-28.7deg || Batt: 3.58V  || State: MANUAL   
[COMMAND] Mode: MANUAL                || Motors: [0, 20, 0, 0]
[LATENCY] Delta: 204.8ms | Avg:  41.0ms | Rate: 24.4 FPS | Queue: 0B

[2026-09-11 18:40:35.551]
[TELEMETRY] Motors: [0, 20, 0, 3] || Vision: CX:  0 CY:  0 W:  0 H:  0 Px:    0 || IMU: AX: -0.3 AY: -0.4 AZ: -8.8 TZ:  0.1 || Yaw Error:-28.7deg || Batt: 3.58V  || State: MANUAL   
[COMMAND] Mode: MANUAL                || Motors: [0, 20, 0, 0]
[LATENCY] Delta:  23.8ms | Avg:  40.9ms | Rate: 24.5 FPS | Queue: 0B

[2026-09-11 18:40:35.557]
[TELEMETRY] Motors: [0, 20, 0, 2] || Vision: CX:  0 CY:  0 W:  0 H:  0 Px:    0 || IMU: AX: -0.5 AY: -0.3 AZ: -8.8 TZ:  0.1 || Yaw Error:-28.7deg || Batt: 3.58V  || State: MANUAL   
[COMMAND] Mode: MANUAL                || Motors: [0, 20, 0, 0]
[LATENCY] Delta:   3.3ms | Avg:  40.7ms | Rate: 24.6 FPS | Queue: 0B

[2026-09-11 18:40:35.678]
[TELEMETRY] Motors: [0, 20, 0, 2] || Vision: CX:  0 CY:  0 W:  0 H:  0 Px:    0 || IMU: AX: -0.4 AY: -0.5 AZ: -8.8 TZ:  0.1 || Yaw Error:-28.7deg || Batt: 3.58V  || State: MANUAL   
[COMMAND] Mode: MANUAL                || Motors: [0, 20, 0, 0]
[LATENCY] Delta: 123.1ms | Avg:  41.0ms | Rate: 24.4 FPS | Queue: 0B

[2026-09-11 18:40:35.686]
[TELEMETRY] Motors: [0, 20, 0, 1] || Vision: CX:  0 CY:  0 W:  0 H:  0 Px:    0 || IMU: AX: -0.4 AY: -0.4 AZ: -8.9 TZ:  0.0 || Yaw Error:-28.7deg || Batt: 3.58V  || State: MANUAL   
[COMMAND] Mode: MANUAL                || Motors: [0, 20, 0, 0]
[LATENCY] Delta:   7.8ms | Avg:  41.0ms | Rate: 24.4 FPS | Queue: 0B

[2026-09-11 18:40:35.691]
[TELEMETRY] Motors: [0, 20, 0, 0] || Vision: CX:  0 CY:  0 W:  0 H:  0 Px:    0 || IMU: AX: -0.7 AY: -0.4 AZ: -8.6 TZ:  0.0 || Yaw Error:-28.7deg || Batt: 3.56V  || State: MANUAL   
[COMMAND] Mode: MANUAL                || Motors: [0, 20, 0, 0]
[LATENCY] Delta:   1.8ms | Avg:  40.7ms | Rate: 24.6 FPS | Queue: 0B

[2026-09-11 18:40:35.709]
[TELEMETRY] Motors: [0, 20, 0, 0] || Vision: CX:  0 CY:  0 W:  0 H:  0 Px:    0 || IMU: AX: -0.6 AY: -0.5 AZ: -8.7 TZ: -0.0 || Yaw Error:-28.7deg || Batt: 3.56V  || State: MANUAL   
[COMMAND] Mode: MANUAL                || Motors: [0, 20, 0, 0]
[LATENCY] Delta:  22.6ms | Avg:  40.6ms | Rate: 24.7 FPS | Queue: 0B

[2026-09-11 18:40:35.733]
[TELEMETRY] Motors: [1, 20, 0, 0] || Vision: CX:  0 CY:  0 W:  0 H:  0 Px:    0 || IMU: AX: -0.5 AY: -0.3 AZ: -8.5 TZ: -0.0 || Yaw Error:-28.7deg || Batt: 3.56V  || State: MANUAL   
[COMMAND] Mode: MANUAL                || Motors: [0, 20, 0, 0]
[LATENCY] Delta:  23.1ms | Avg:  40.6ms | Rate: 24.7 FPS | Queue: 0B

[2026-09-11 18:40:35.764]
[TELEMETRY] Motors: [1, 20, 0, 0] || Vision: CX:  0 CY:  0 W:  0 H:  0 Px:    0 || IMU: AX: -0.5 AY:  0.1 AZ: -8.6 TZ: -0.0 || Yaw Error:-28.7deg || Batt: 3.56V  || State: MANUAL   
[COMMAND] Mode: MANUAL                || Motors: [0, 20, 0, 0]
[LATENCY] Delta:  31.0ms | Avg:  40.3ms | Rate: 24.8 FPS | Queue: 0B

[2026-09-11 18:40:35.811]
[TELEMETRY] Motors: [1, 20, 0, 0] || Vision: CX:  0 CY:  0 W:  0 H:  0 Px:    0 || IMU: AX: -0.6 AY: -0.0 AZ: -8.6 TZ: -0.1 || Yaw Error:-28.7deg || Batt: 3.56V  || State: MANUAL   
[COMMAND] Mode: MANUAL                || Motors: [0, 20, 0, 0]
[LATENCY] Delta:  47.2ms | Avg:  40.4ms | Rate: 24.8 FPS | Queue: 0B

[2026-09-11 18:40:35.830]
[TELEMETRY] Motors: [0, 20, 0, 0] || Vision: CX:  0 CY:  0 W:  0 H:  0 Px:    0 || IMU: AX: -0.8 AY: -0.3 AZ: -8.7 TZ: -0.0 || Yaw Error:-28.7deg || Batt: 3.56V  || State: MANUAL   
[COMMAND] Mode: MANUAL                || Motors: [0, 20, 0, 0]
[LATENCY] Delta:  19.2ms | Avg:  40.4ms | Rate: 24.7 FPS | Queue: 0B

[2026-09-11 18:40:35.899]
[TELEMETRY] Motors: [0, 20, 0, 0] || Vision: CX:  0 CY:  0 W:  0 H:  0 Px:    0 || IMU: AX: -0.8 AY: -0.3 AZ: -8.8 TZ: -0.0 || Yaw Error:-28.7deg || Batt: 3.56V  || State: MANUAL   
[COMMAND] Mode: MANUAL                || Motors: [0, 20, 0, 0]
[LATENCY] Delta:  68.7ms | Avg:  40.5ms | Rate: 24.7 FPS | Queue: 0B

[2026-09-11 18:40:35.903]
[TELEMETRY] Motors: [0, 20, 0, 0] || Vision: CX:  0 CY:  0 W:  0 H:  0 Px:    0 || IMU: AX: -0.7 AY: -0.2 AZ: -8.7 TZ: -0.0 || Yaw Error:-28.7deg || Batt: 3.56V  || State: MANUAL   
[COMMAND] Mode: MANUAL                || Motors: [0, 20, 0, 0]
[LATENCY] Delta:   3.6ms | Avg:  40.4ms | Rate: 24.8 FPS | Queue: 0B

[2026-09-11 18:40:35.908]
[TELEMETRY] Motors: [0, 20, 0, 0] || Vision: CX:  0 CY:  0 W:  0 H:  0 Px:    0 || IMU: AX: -0.9 AY: -0.3 AZ: -8.8 TZ:  0.0 || Yaw Error:-28.7deg || Batt: 3.56V  || State: MANUAL   
[COMMAND] Mode: MANUAL                || Motors: [0, 20, 0, 0]
[LATENCY] Delta:   4.0ms | Avg:  39.9ms | Rate: 25.0 FPS | Queue: 0B

[2026-09-11 18:40:35.912]
[TELEMETRY] Motors: [0, 20, 0, 1] || Vision: CX:  0 CY:  0 W:  0 H:  0 Px:    0 || IMU: AX: -0.6 AY: -0.3 AZ: -8.8 TZ:  0.1 || Yaw Error:-28.7deg || Batt: 3.56V  || State: MANUAL   
[COMMAND] Mode: MANUAL                || Motors: [0, 20, 0, 0]
[LATENCY] Delta:   5.1ms | Avg:  39.9ms | Rate: 25.0 FPS | Queue: 0B

[2026-09-11 18:40:35.957]
[TELEMETRY] Motors: [0, 20, 0, 1] || Vision: CX:  0 CY:  0 W:  0 H:  0 Px:    0 || IMU: AX: -0.5 AY: -0.5 AZ: -8.8 TZ:  0.1 || Yaw Error:-28.7deg || Batt: 3.56V  || State: MANUAL   
[COMMAND] Mode: MANUAL                || Motors: [0, 20, 0, 0]
[LATENCY] Delta:  45.7ms | Avg:  39.5ms | Rate: 25.3 FPS | Queue: 0B

[2026-09-11 18:40:35.977]
[TELEMETRY] Motors: [0, 20, 0, 1] || Vision: CX:  0 CY:  0 W:  0 H:  0 Px:    0 || IMU: AX: -0.7 AY: -0.2 AZ: -8.9 TZ:  0.1 || Yaw Error:-28.7deg || Batt: 3.56V  || State: MANUAL   
[COMMAND] Mode: MANUAL                || Motors: [0, 20, 0, 0]
[LATENCY] Delta:  20.6ms | Avg:  39.6ms | Rate: 25.3 FPS | Queue: 0B

[2026-09-11 18:40:36.042]
[TELEMETRY] Motors: [0, 20, 0, 2] || Vision: CX:  0 CY:  0 W:  0 H:  0 Px:    0 || IMU: AX: -0.5 AY: -0.3 AZ: -8.8 TZ:  0.1 || Yaw Error:-28.7deg || Batt: 3.56V  || State: MANUAL   
[COMMAND] Mode: MANUAL                || Motors: [0, 20, 0, 0]
[LATENCY] Delta:  63.7ms | Avg:  39.9ms | Rate: 25.1 FPS | Queue: 0B

[2026-09-11 18:40:36.085]
[TELEMETRY] Motors: [0, 20, 0, 2] || Vision: CX:  0 CY:  0 W:  0 H:  0 Px:    0 || IMU: AX: -0.0 AY: -0.5 AZ: -8.7 TZ:  0.1 || Yaw Error:-28.7deg || Batt: 3.58V  || State: MANUAL   
[COMMAND] Mode: MANUAL                || Motors: [0, 20, 0, 0]
[LATENCY] Delta:  43.7ms | Avg:  39.6ms | Rate: 25.2 FPS | Queue: 0B

[2026-09-11 18:40:36.143]
[TELEMETRY] Motors: [0, 20, 0, 0] || Vision: CX:  0 CY:  0 W:  0 H:  0 Px:    0 || IMU: AX:  0.2 AY: -0.4 AZ: -8.7 TZ:  0.0 || Yaw Error:-28.7deg || Batt: 3.58V  || State: MANUAL   
[COMMAND] Mode: MANUAL                || Motors: [0, 20, 0, 0]
[LATENCY] Delta:  58.1ms | Avg:  39.4ms | Rate: 25.4 FPS | Queue: 0B

[2026-09-11 18:40:36.147]
[TELEMETRY] Motors: [0, 20, 0, 0] || Vision: CX:  0 CY:  0 W:  0 H:  0 Px:    0 || IMU: AX:  0.2 AY:  0.1 AZ: -8.7 TZ:  0.0 || Yaw Error:-28.7deg || Batt: 3.58V  || State: MANUAL   
[COMMAND] Mode: MANUAL                || Motors: [0, 20, 0, 0]
[LATENCY] Delta:   3.6ms | Avg:  39.2ms | Rate: 25.5 FPS | Queue: 0B

[2026-09-11 18:40:36.224]
[TELEMETRY] Motors: [0, 20, 0, 0] || Vision: CX:  0 CY:  0 W:  0 H:  0 Px:    0 || IMU: AX: -0.1 AY:  0.0 AZ: -8.8 TZ: -0.0 || Yaw Error:-28.7deg || Batt: 3.58V  || State: MANUAL   
[COMMAND] Mode: MANUAL                || Motors: [0, 20, 0, 0]
[LATENCY] Delta:  75.8ms | Avg:  39.6ms | Rate: 25.3 FPS | Queue: 0B

[2026-09-11 18:40:36.298]
[TELEMETRY] Motors: [1, 20, 0, 0] || Vision: CX:  0 CY:  0 W:  0 H:  0 Px:    0 || IMU: AX:  0.0 AY: -0.3 AZ: -8.9 TZ: -0.0 || Yaw Error:-28.7deg || Batt: 3.58V  || State: MANUAL   
[COMMAND] Mode: MANUAL                || Motors: [0, 20, 0, 0]
[LATENCY] Delta:  74.9ms | Avg:  39.9ms | Rate: 25.0 FPS | Queue: 0B

[2026-09-11 18:40:36.303]
[TELEMETRY] Motors: [1, 20, 0, 0] || Vision: CX:  0 CY:  0 W:  0 H:  0 Px:    0 || IMU: AX: -0.1 AY: -0.3 AZ: -8.9 TZ: -0.0 || Yaw Error:-28.7deg || Batt: 3.58V  || State: MANUAL   
[COMMAND] Mode: MANUAL                || Motors: [0, 20, 0, 0]
[LATENCY] Delta:   4.3ms | Avg:  39.9ms | Rate: 25.0 FPS | Queue: 0B

[2026-09-11 18:40:36.308]
[TELEMETRY] Motors: [1, 20, 0, 0] || Vision: CX:  0 CY:  0 W:  0 H:  0 Px:    0 || IMU: AX:  0.1 AY: -0.3 AZ: -8.9 TZ: -0.1 || Yaw Error:-28.7deg || Batt: 3.58V  || State: MANUAL   
[COMMAND] Mode: MANUAL                || Motors: [0, 20, 0, 0]
[LATENCY] Delta:   1.8ms | Avg:  39.8ms | Rate: 25.1 FPS | Queue: 0B

[2026-09-11 18:40:36.349]
[TELEMETRY] Motors: [1, 20, 0, 0] || Vision: CX:  0 CY:  0 W:  0 H:  0 Px:    0 || IMU: AX:  0.1 AY: -0.2 AZ: -8.9 TZ: -0.0 || Yaw Error:-28.7deg || Batt: 3.58V  || State: MANUAL   
[COMMAND] Mode: MANUAL                || Motors: [0, 20, 0, 0]
[LATENCY] Delta:  44.8ms | Avg:  40.0ms | Rate: 25.0 FPS | Queue: 0B

[2026-09-11 18:40:36.372]
[TELEMETRY] Motors: [1, 20, 0, 0] || Vision: CX:  0 CY:  0 W:  0 H:  0 Px:    0 || IMU: AX:  0.1 AY: -0.3 AZ: -8.8 TZ: -0.0 || Yaw Error:-28.7deg || Batt: 3.58V  || State: MANUAL   
[COMMAND] Mode: MANUAL                || Motors: [0, 20, 0, 0]
[LATENCY] Delta:  23.3ms | Avg:  39.8ms | Rate: 25.2 FPS | Queue: 0B

[2026-09-11 18:40:36.427]
[TELEMETRY] Motors: [0, 20, 0, 0] || Vision: CX:  0 CY:  0 W:  0 H:  0 Px:    0 || IMU: AX:  0.2 AY: -0.5 AZ: -8.6 TZ: -0.0 || Yaw Error:-28.7deg || Batt: 3.58V  || State: MANUAL   
[COMMAND] Mode: MANUAL                || Motors: [0, 20, 0, 0]
[LATENCY] Delta:  54.8ms | Avg:  39.6ms | Rate: 25.2 FPS | Queue: 0B

[2026-09-11 18:40:36.451]
[TELEMETRY] Motors: [0, 20, 0, 0] || Vision: CX:  0 CY:  0 W:  0 H:  0 Px:    0 || IMU: AX:  0.4 AY: -0.6 AZ: -8.6 TZ: -0.0 || Yaw Error:-28.7deg || Batt: 3.58V  || State: MANUAL   
[COMMAND] Mode: MANUAL                || Motors: [0, 20, 0, 0]
[LATENCY] Delta:  24.1ms | Avg:  39.7ms | Rate: 25.2 FPS | Queue: 0B

[2026-09-11 18:40:36.494]
[TELEMETRY] Motors: [0, 20, 0, 0] || Vision: CX:  0 CY:  0 W:  0 H:  0 Px:    0 || IMU: AX:  0.4 AY: -0.9 AZ: -8.6 TZ: -0.0 || Yaw Error:-28.7deg || Batt: 3.58V  || State: MANUAL   
[COMMAND] Mode: MANUAL                || Motors: [0, 20, 0, 0]
[LATENCY] Delta:  42.8ms | Avg:  39.2ms | Rate: 25.5 FPS | Queue: 0B

[2026-09-11 18:40:36.533]
[TELEMETRY] Motors: [0, 20, 0, 0] || Vision: CX:  0 CY:  0 W:  0 H:  0 Px:    0 || IMU: AX:  0.2 AY: -0.8 AZ: -8.6 TZ: -0.0 || Yaw Error:-28.7deg || Batt: 3.58V  || State: MANUAL   
[COMMAND] Mode: MANUAL                || Motors: [0, 20, 0, 0]
[LATENCY] Delta:  38.3ms | Avg:  39.2ms | Rate: 25.5 FPS | Queue: 0B

[2026-09-11 18:40:36.630]
[TELEMETRY] Motors: [0, 20, 0, 0] || Vision: CX:  0 CY:  0 W:  0 H:  0 Px:    0 || IMU: AX:  0.2 AY: -0.6 AZ: -8.6 TZ: -0.0 || Yaw Error:-28.7deg || Batt: 3.56V  || State: MANUAL   
[COMMAND] Mode: MANUAL                || Motors: [0, 20, 0, 0]
[LATENCY] Delta:  98.7ms | Avg:  39.7ms | Rate: 25.2 FPS | Queue: 0B

[2026-09-11 18:40:36.635]
[TELEMETRY] Motors: [1, 20, 0, 0] || Vision: CX:  0 CY:  0 W:  0 H:  0 Px:    0 || IMU: AX:  0.2 AY: -0.3 AZ: -8.6 TZ: -0.1 || Yaw Error:-28.7deg || Batt: 3.56V  || State: MANUAL   
[COMMAND] Mode: MANUAL                || Motors: [0, 20, 0, 0]
[LATENCY] Delta:   4.2ms | Avg:  39.4ms | Rate: 25.4 FPS | Queue: 0B

[2026-09-11 18:40:36.655]
[TELEMETRY] Motors: [1, 20, 0, 0] || Vision: CX:  0 CY:  0 W:  0 H:  0 Px:    0 || IMU: AX:  0.3 AY: -0.6 AZ: -8.6 TZ: -0.1 || Yaw Error:-28.7deg || Batt: 3.56V  || State: MANUAL   
[COMMAND] Mode: MANUAL                || Motors: [0, 20, 0, 0]
[LATENCY] Delta:  19.6ms | Avg:  39.4ms | Rate: 25.4 FPS | Queue: 0B

[2026-09-11 18:40:36.730]
[TELEMETRY] Motors: [2, 20, 0, 0] || Vision: CX:  0 CY:  0 W:  0 H:  0 Px:    0 || IMU: AX:  0.5 AY: -0.4 AZ: -8.5 TZ: -0.1 || Yaw Error:-28.7deg || Batt: 3.56V  || State: MANUAL   
[COMMAND] Mode: MANUAL                || Motors: [0, 20, 0, 0]
[LATENCY] Delta:  75.9ms | Avg:  39.7ms | Rate: 25.2 FPS | Queue: 0B

[2026-09-11 18:40:36.734]
[TELEMETRY] Motors: [2, 20, 0, 0] || Vision: CX:  0 CY:  0 W:  0 H:  0 Px:    0 || IMU: AX:  0.2 AY: -0.2 AZ: -8.5 TZ: -0.1 || Yaw Error:-28.7deg || Batt: 3.56V  || State: MANUAL   
[COMMAND] Mode: MANUAL                || Motors: [0, 20, 0, 0]
[LATENCY] Delta:   4.1ms | Avg:  39.7ms | Rate: 25.2 FPS | Queue: 0B

[2026-09-11 18:40:36.821]
[TELEMETRY] Motors: [2, 20, 0, 0] || Vision: CX:  0 CY:  0 W:  0 H:  0 Px:    0 || IMU: AX:  0.1 AY: -0.6 AZ: -8.7 TZ: -0.1 || Yaw Error:-28.7deg || Batt: 3.56V  || State: MANUAL   
[COMMAND] Mode: MANUAL                || Motors: [0, 20, 0, 0]
[LATENCY] Delta:  85.5ms | Avg:  40.1ms | Rate: 24.9 FPS | Queue: 0B

[2026-09-11 18:40:36.825]
[TELEMETRY] Motors: [2, 20, 0, 0] || Vision: CX:  0 CY:  0 W:  0 H:  0 Px:    0 || IMU: AX: -0.1 AY: -0.7 AZ: -8.5 TZ: -0.1 || Yaw Error:-28.7deg || Batt: 3.56V  || State: MANUAL   
[COMMAND] Mode: MANUAL                || Motors: [0, 20, 0, 0]
[LATENCY] Delta:   4.4ms | Avg:  39.9ms | Rate: 25.1 FPS | Queue: 0B

[2026-09-11 18:40:36.853]
[TELEMETRY] Motors: [1, 20, 0, 0] || Vision: CX:  0 CY:  0 W:  0 H:  0 Px:    0 || IMU: AX: -0.1 AY: -0.7 AZ: -8.6 TZ: -0.1 || Yaw Error:-28.7deg || Batt: 3.56V  || State: MANUAL   
[COMMAND] Mode: MANUAL                || Motors: [0, 20, 0, 0]
[LATENCY] Delta:  29.3ms | Avg:  39.9ms | Rate: 25.0 FPS | Queue: 0B

[2026-09-11 18:40:36.891]
[TELEMETRY] Motors: [1, 20, 0, 0] || Vision: CX:  0 CY:  0 W:  0 H:  0 Px:    0 || IMU: AX: -0.2 AY: -0.7 AZ: -8.6 TZ: -0.1 || Yaw Error:-28.7deg || Batt: 3.56V  || State: MANUAL   
[COMMAND] Mode: MANUAL                || Motors: [0, 20, 0, 0]
[LATENCY] Delta:  36.3ms | Avg:  40.0ms | Rate: 25.0 FPS | Queue: 0B

[2026-09-11 18:40:36.963]
[TELEMETRY] Motors: [0, 20, 0, 0] || Vision: CX:  0 CY:  0 W:  0 H:  0 Px:    0 || IMU: AX: -0.4 AY: -0.8 AZ: -8.9 TZ: -0.0 || Yaw Error:-28.7deg || Batt: 3.56V  || State: MANUAL   
[COMMAND] Mode: MANUAL                || Motors: [0, 20, 0, 0]
[LATENCY] Delta:  72.1ms | Avg:  39.9ms | Rate: 25.0 FPS | Queue: 0B

[2026-09-11 18:40:36.969]
[TELEMETRY] Motors: [0, 20, 0, 0] || Vision: CX:  0 CY:  0 W:  0 H:  0 Px:    0 || IMU: AX: -0.4 AY: -0.6 AZ: -8.9 TZ:  0.0 || Yaw Error:-28.7deg || Batt: 3.56V  || State: MANUAL   
[COMMAND] Mode: MANUAL                || Motors: [0, 20, 0, 0]
[LATENCY] Delta:   7.6ms | Avg:  39.8ms | Rate: 25.1 FPS | Queue: 0B

[2026-09-11 18:40:37.043]
[TELEMETRY] Motors: [0, 20, 0, 1] || Vision: CX:  0 CY:  0 W:  0 H:  0 Px:    0 || IMU: AX: -0.5 AY: -0.6 AZ: -8.7 TZ:  0.1 || Yaw Error:-28.7deg || Batt: 3.56V  || State: MANUAL   
[COMMAND] Mode: MANUAL                || Motors: [0, 20, 0, 0]
[LATENCY] Delta:  73.3ms | Avg:  40.1ms | Rate: 24.9 FPS | Queue: 0B

[2026-09-11 18:40:37.060]
[TELEMETRY] Motors: [0, 20, 0, 2] || Vision: CX:  0 CY:  0 W:  0 H:  0 Px:    0 || IMU: AX: -0.4 AY: -0.8 AZ: -8.7 TZ:  0.1 || Yaw Error:-28.7deg || Batt: 3.56V  || State: MANUAL   
[COMMAND] Mode: MANUAL                || Motors: [0, 20, 0, 0]
[LATENCY] Delta:  17.6ms | Avg:  40.0ms | Rate: 25.0 FPS | Queue: 0B

[2026-09-11 18:40:37.151]
[TELEMETRY] Motors: [0, 20, 0, 2] || Vision: CX:  0 CY:  0 W:  0 H:  0 Px:    0 || IMU: AX: -0.5 AY: -0.6 AZ: -8.6 TZ:  0.1 || Yaw Error:-28.7deg || Batt: 3.58V  || State: MANUAL   
[COMMAND] Mode: MANUAL                || Motors: [0, 20, 0, 0]
[LATENCY] Delta:  89.4ms | Avg:  40.2ms | Rate: 24.9 FPS | Queue: 0B

[2026-09-11 18:40:37.159]
[TELEMETRY] Motors: [0, 20, 0, 2] || Vision: CX:  0 CY:  0 W:  0 H:  0 Px:    0 || IMU: AX: -0.4 AY: -0.6 AZ: -8.7 TZ:  0.1 || Yaw Error:-28.7deg || Batt: 3.58V  || State: MANUAL   
[COMMAND] Mode: MANUAL                || Motors: [0, 20, 0, 0]
[LATENCY] Delta:  10.1ms | Avg:  40.1ms | Rate: 24.9 FPS | Queue: 0B

[2026-09-11 18:40:37.170]
[TELEMETRY] Motors: [0, 20, 0, 3] || Vision: CX:  0 CY:  0 W:  0 H:  0 Px:    0 || IMU: AX: -0.4 AY: -0.8 AZ: -8.6 TZ:  0.1 || Yaw Error:-28.7deg || Batt: 3.58V  || State: MANUAL   
[COMMAND] Mode: MANUAL                || Motors: [0, 20, 0, 0]
[LATENCY] Delta:   9.7ms | Avg:  40.0ms | Rate: 25.0 FPS | Queue: 0B

[2026-09-11 18:40:37.264]
[TELEMETRY] Motors: [0, 20, 0, 2] || Vision: CX:  0 CY:  0 W:  0 H:  0 Px:    0 || IMU: AX: -0.5 AY: -0.7 AZ: -8.8 TZ:  0.1 || Yaw Error:-28.7deg || Batt: 3.58V  || State: MANUAL   
[COMMAND] Mode: MANUAL                || Motors: [0, 20, 0, 0]
[LATENCY] Delta:  93.5ms | Avg:  40.0ms | Rate: 25.0 FPS | Queue: 0B

[2026-09-11 18:40:37.272]
[TELEMETRY] Motors: [0, 20, 0, 1] || Vision: CX:  0 CY:  0 W:  0 H:  0 Px:    0 || IMU: AX: -0.5 AY: -0.5 AZ: -8.7 TZ:  0.1 || Yaw Error:-28.7deg || Batt: 3.58V  || State: MANUAL   
[COMMAND] Mode: MANUAL                || Motors: [0, 20, 0, 0]
[LATENCY] Delta:   7.7ms | Avg:  40.0ms | Rate: 25.0 FPS | Queue: 0B

[2026-09-11 18:40:37.315]
[TELEMETRY] Motors: [0, 20, 0, 1] || Vision: CX:  0 CY:  0 W:  0 H:  0 Px:    0 || IMU: AX: -0.4 AY: -0.5 AZ: -8.7 TZ:  0.1 || Yaw Error:-28.7deg || Batt: 3.58V  || State: MANUAL   
[COMMAND] Mode: MANUAL                || Motors: [0, 20, 0, 0]
[LATENCY] Delta:  43.9ms | Avg:  40.1ms | Rate: 25.0 FPS | Queue: 0B

[2026-09-11 18:40:37.420]
[TELEMETRY] Motors: [0, 20, 0, 0] || Vision: CX:  0 CY:  0 W:  0 H:  0 Px:    0 || IMU: AX: -0.4 AY: -0.4 AZ: -8.7 TZ:  0.0 || Yaw Error:-28.7deg || Batt: 3.58V  || State: MANUAL   
[COMMAND] Mode: MANUAL                || Motors: [0, 20, 0, 0]
[LATENCY] Delta: 104.8ms | Avg:  40.3ms | Rate: 24.8 FPS | Queue: 0B

[2026-09-11 18:40:37.423]
[TELEMETRY] Motors: [0, 20, 0, 0] || Vision: CX:  0 CY:  0 W:  0 H:  0 Px:    0 || IMU: AX: -0.3 AY: -0.3 AZ: -8.7 TZ: -0.0 || Yaw Error:-28.7deg || Batt: 3.58V  || State: MANUAL   
[COMMAND] Mode: MANUAL                || Motors: [0, 20, 0, 0]
[LATENCY] Delta:   2.5ms | Avg:  40.0ms | Rate: 25.0 FPS | Queue: 0B

[2026-09-11 18:40:37.475]
[TELEMETRY] Motors: [2, 20, 0, 0] || Vision: CX:  0 CY:  0 W:  0 H:  0 Px:    0 || IMU: AX: -0.2 AY: -0.4 AZ: -8.6 TZ: -0.1 || Yaw Error:-28.7deg || Batt: 3.58V  || State: MANUAL   
[COMMAND] Mode: MANUAL                || Motors: [0, 20, 0, 0]
[LATENCY] Delta:  50.1ms | Avg:  39.7ms | Rate: 25.2 FPS | Queue: 0B

[2026-09-11 18:40:37.513]
[TELEMETRY] Motors: [2, 20, 0, 0] || Vision: CX:  0 CY:  0 W:  0 H:  0 Px:    0 || IMU: AX: -0.2 AY: -0.5 AZ: -8.7 TZ: -0.1 || Yaw Error:-28.7deg || Batt: 3.58V  || State: MANUAL   
[COMMAND] Mode: MANUAL                || Motors: [0, 20, 0, 0]
[LATENCY] Delta:  38.5ms | Avg:  39.9ms | Rate: 25.1 FPS | Queue: 0B

[2026-09-11 18:40:37.569]
[TELEMETRY] Motors: [2, 20, 0, 0] || Vision: CX:  0 CY:  0 W:  0 H:  0 Px:    0 || IMU: AX: -0.1 AY: -0.4 AZ: -8.7 TZ: -0.1 || Yaw Error:-28.7deg || Batt: 3.58V  || State: MANUAL   
[COMMAND] Mode: MANUAL                || Motors: [0, 20, 0, 0]
[LATENCY] Delta:  57.0ms | Avg:  40.1ms | Rate: 24.9 FPS | Queue: 0B

[2026-09-11 18:40:37.674]
[TELEMETRY] Motors: [3, 20, 0, 0] || Vision: CX:  0 CY:  0 W:  0 H:  0 Px:    0 || IMU: AX:  0.0 AY: -0.2 AZ: -8.8 TZ: -0.1 || Yaw Error:-28.7deg || Batt: 3.58V  || State: MANUAL   
[COMMAND] Mode: MANUAL                || Motors: [0, 20, 0, 0]
[LATENCY] Delta: 103.7ms | Avg:  40.5ms | Rate: 24.7 FPS | Queue: 0B

[2026-09-11 18:40:37.688]
[TELEMETRY] Motors: [3, 20, 0, 0] || Vision: CX:  0 CY:  0 W:  0 H:  0 Px:    0 || IMU: AX: -0.1 AY: -0.3 AZ: -8.8 TZ: -0.1 || Yaw Error:-28.7deg || Batt: 3.53V  || State: MANUAL   
[COMMAND] Mode: MANUAL                || Motors: [0, 20, 0, 0]
[LATENCY] Delta:  14.5ms | Avg:  40.2ms | Rate: 24.8 FPS | Queue: 0B

[2026-09-11 18:40:37.692]
[TELEMETRY] Motors: [2, 20, 0, 0] || Vision: CX:  0 CY:  0 W:  0 H:  0 Px:    0 || IMU: AX: -0.0 AY: -0.1 AZ: -8.8 TZ: -0.1 || Yaw Error:-28.7deg || Batt: 3.53V  || State: MANUAL   
[COMMAND] Mode: MANUAL                || Motors: [0, 20, 0, 0]
[LATENCY] Delta:   3.8ms | Avg:  40.0ms | Rate: 25.0 FPS | Queue: 0B

[2026-09-11 18:40:37.720]
[TELEMETRY] Motors: [2, 20, 0, 0] || Vision: CX:  0 CY:  0 W:  0 H:  0 Px:    0 || IMU: AX:  0.0 AY: -0.2 AZ: -8.8 TZ: -0.1 || Yaw Error:-28.7deg || Batt: 3.53V  || State: MANUAL   
[COMMAND] Mode: MANUAL                || Motors: [0, 20, 0, 0]
[LATENCY] Delta:  29.0ms | Avg:  40.0ms | Rate: 25.0 FPS | Queue: 0B

[2026-09-11 18:40:37.775]
[TELEMETRY] Motors: [1, 20, 0, 0] || Vision: CX:  0 CY:  0 W:  0 H:  0 Px:    0 || IMU: AX:  0.1 AY: -0.3 AZ: -8.8 TZ: -0.1 || Yaw Error:-28.7deg || Batt: 3.53V  || State: MANUAL   
[COMMAND] Mode: MANUAL                || Motors: [0, 20, 0, 0]
[LATENCY] Delta:  54.8ms | Avg:  39.6ms | Rate: 25.2 FPS | Queue: 0B

[2026-09-11 18:40:37.809]
[TELEMETRY] Motors: [1, 20, 0, 0] || Vision: CX:  0 CY:  0 W:  0 H:  0 Px:    0 || IMU: AX:  0.1 AY: -0.4 AZ: -8.8 TZ: -0.0 || Yaw Error:-28.7deg || Batt: 3.53V  || State: MANUAL   
[COMMAND] Mode: MANUAL                || Motors: [0, 20, 0, 0]
[LATENCY] Delta:  32.5ms | Avg:  39.8ms | Rate: 25.1 FPS | Queue: 0B

[2026-09-11 18:40:37.813]
[TELEMETRY] Motors: [0, 20, 0, 0] || Vision: CX:  0 CY:  0 W:  0 H:  0 Px:    0 || IMU: AX:  0.2 AY: -0.3 AZ: -8.7 TZ: -0.0 || Yaw Error:-28.7deg || Batt: 3.53V  || State: MANUAL   
[COMMAND] Mode: MANUAL                || Motors: [0, 20, 0, 0]
[LATENCY] Delta:   4.6ms | Avg:  39.6ms | Rate: 25.3 FPS | Queue: 0B

[2026-09-11 18:40:37.877]
[TELEMETRY] Motors: [0, 20, 0, 0] || Vision: CX:  0 CY:  0 W:  0 H:  0 Px:    0 || IMU: AX:  0.2 AY: -0.2 AZ: -8.7 TZ:  0.0 || Yaw Error:-28.7deg || Batt: 3.53V  || State: MANUAL   
[COMMAND] Mode: MANUAL                || Motors: [0, 20, 0, 0]
[LATENCY] Delta:  65.1ms | Avg:  39.9ms | Rate: 25.1 FPS | Queue: 0B

[2026-09-11 18:40:37.912]
[TELEMETRY] Motors: [0, 20, 0, 1] || Vision: CX:  0 CY:  0 W:  0 H:  0 Px:    0 || IMU: AX:  0.2 AY: -0.3 AZ: -8.8 TZ:  0.1 || Yaw Error:-28.7deg || Batt: 3.53V  || State: MANUAL   
[COMMAND] Mode: MANUAL                || Motors: [0, 20, 0, 0]
[LATENCY] Delta:  35.1ms | Avg:  39.8ms | Rate: 25.1 FPS | Queue: 0B

[2026-09-11 18:40:37.987]
[TELEMETRY] Motors: [0, 20, 0, 1] || Vision: CX:  0 CY:  0 W:  0 H:  0 Px:    0 || IMU: AX:  0.2 AY: -0.5 AZ: -8.7 TZ:  0.1 || Yaw Error:-28.7deg || Batt: 3.53V  || State: MANUAL   
[COMMAND] Mode: MANUAL                || Motors: [0, 20, 0, 0]
[LATENCY] Delta:  73.6ms | Avg:  40.2ms | Rate: 24.9 FPS | Queue: 0B

[2026-09-11 18:40:38.088]
[TELEMETRY] Motors: [0, 20, 0, 2] || Vision: CX:  0 CY:  0 W:  0 H:  0 Px:    0 || IMU: AX:  0.2 AY: -0.4 AZ: -8.7 TZ:  0.1 || Yaw Error:-28.7deg || Batt: 3.53V  || State: MANUAL   
[COMMAND] Mode: MANUAL                || Motors: [0, 20, 0, 0]
[LATENCY] Delta: 101.5ms | Avg:  40.1ms | Rate: 24.9 FPS | Queue: 0B

[2026-09-11 18:40:38.093]
[TELEMETRY] Motors: [0, 20, 0, 2] || Vision: CX:  0 CY:  0 W:  0 H:  0 Px:    0 || IMU: AX:  0.2 AY: -0.4 AZ: -8.7 TZ:  0.1 || Yaw Error:-28.7deg || Batt: 3.53V  || State: MANUAL   
[COMMAND] Mode: MANUAL                || Motors: [0, 20, 0, 0]
[LATENCY] Delta:   4.3ms | Avg:  40.2ms | Rate: 24.9 FPS | Queue: 0B

[2026-09-11 18:40:38.134]
[TELEMETRY] Motors: [0, 20, 0, 2] || Vision: CX:  0 CY:  0 W:  0 H:  0 Px:    0 || IMU: AX:  0.0 AY: -0.5 AZ: -8.8 TZ:  0.1 || Yaw Error:-28.7deg || Batt: 3.53V  || State: MANUAL   
[COMMAND] Mode: MANUAL                || Motors: [0, 20, 0, 0]
[LATENCY] Delta:   1.6ms | Avg:  39.8ms | Rate: 25.1 FPS | Queue: 0B

[2026-09-11 18:40:38.186]
[TELEMETRY] Motors: [0, 20, 0, 2] || Vision: CX:  0 CY:  0 W:  0 H:  0 Px:    0 || IMU: AX: -0.0 AY: -0.5 AZ: -8.7 TZ:  0.1 || Yaw Error:-28.7deg || Batt: 3.58V  || State: MANUAL   
[COMMAND] Mode: MANUAL                || Motors: [0, 20, 0, 0]
[LATENCY] Delta:  49.1ms | Avg:  40.0ms | Rate: 25.0 FPS | Queue: 0B

[2026-09-11 18:40:38.228]
[TELEMETRY] Motors: [0, 20, 0, 1] || Vision: CX:  0 CY:  0 W:  0 H:  0 Px:    0 || IMU: AX:  0.1 AY: -0.6 AZ: -8.7 TZ:  0.1 || Yaw Error:-28.7deg || Batt: 3.58V  || State: MANUAL   
[COMMAND] Mode: MANUAL                || Motors: [0, 20, 0, 0]
[LATENCY] Delta:  41.0ms | Avg:  40.2ms | Rate: 24.9 FPS | Queue: 0B

[2026-09-11 18:40:38.319]
[TELEMETRY] Motors: [0, 20, 0, 0] || Vision: CX:  0 CY:  0 W:  0 H:  0 Px:    0 || IMU: AX:  0.0 AY: -0.6 AZ: -8.7 TZ:  0.0 || Yaw Error:-28.7deg || Batt: 3.58V  || State: MANUAL   
[COMMAND] Mode: MANUAL                || Motors: [0, 20, 0, 0]
[LATENCY] Delta:  94.8ms | Avg:  40.4ms | Rate: 24.7 FPS | Queue: 0B

[2026-09-11 18:40:38.324]
[TELEMETRY] Motors: [0, 20, 0, 0] || Vision: CX:  0 CY:  0 W:  0 H:  0 Px:    0 || IMU: AX:  0.1 AY: -0.5 AZ: -8.6 TZ: -0.0 || Yaw Error:-28.7deg || Batt: 3.58V  || State: MANUAL   
[COMMAND] Mode: MANUAL                || Motors: [0, 20, 0, 0]
[LATENCY] Delta:   3.0ms | Avg:  40.1ms | Rate: 24.9 FPS | Queue: 0B

[2026-09-11 18:40:38.442]
[TELEMETRY] Motors: [0, 20, 0, 0] || Vision: CX:  0 CY:  0 W:  0 H:  0 Px:    0 || IMU: AX: -0.1 AY: -0.5 AZ: -8.7 TZ: -0.0 || Yaw Error:-28.7deg || Batt: 3.58V  || State: MANUAL   
[COMMAND] Mode: MANUAL                || Motors: [0, 20, 0, 0]
[LATENCY] Delta: 119.0ms | Avg:  40.5ms | Rate: 24.7 FPS | Queue: 0B

[2026-09-11 18:40:38.445]
[TELEMETRY] Motors: [1, 20, 0, 0] || Vision: CX:  0 CY:  0 W:  0 H:  0 Px:    0 || IMU: AX: -0.2 AY: -0.5 AZ: -8.8 TZ: -0.0 || Yaw Error:-28.7deg || Batt: 3.58V  || State: MANUAL   
[COMMAND] Mode: MANUAL                || Motors: [0, 20, 0, 0]
[LATENCY] Delta:   3.6ms | Avg:  40.2ms | Rate: 24.9 FPS | Queue: 0B

[2026-09-11 18:40:38.450]
[TELEMETRY] Motors: [1, 20, 0, 0] || Vision: CX:  0 CY:  0 W:  0 H:  0 Px:    0 || IMU: AX: -0.2 AY: -0.5 AZ: -8.7 TZ: -0.1 || Yaw Error:-28.7deg || Batt: 3.58V  || State: MANUAL   
[COMMAND] Mode: MANUAL                || Motors: [0, 20, 0, 0]
[LATENCY] Delta:   4.8ms | Avg:  40.1ms | Rate: 25.0 FPS | Queue: 0B

[2026-09-11 18:40:38.454]
[TELEMETRY] Motors: [1, 20, 0, 0] || Vision: CX:  0 CY:  0 W:  0 H:  0 Px:    0 || IMU: AX: -0.2 AY: -0.5 AZ: -8.7 TZ: -0.1 || Yaw Error:-28.7deg || Batt: 3.58V  || State: MANUAL   
[COMMAND] Mode: MANUAL                || Motors: [0, 20, 0, 0]
[LATENCY] Delta:   2.8ms | Avg:  40.0ms | Rate: 25.0 FPS | Queue: 0B

[2026-09-11 18:40:38.459]
[TELEMETRY] Motors: [1, 20, 0, 0] || Vision: CX:  0 CY:  0 W:  0 H:  0 Px:    0 || IMU: AX: -0.2 AY: -0.5 AZ: -8.7 TZ: -0.1 || Yaw Error:-28.7deg || Batt: 3.58V  || State: MANUAL   
[COMMAND] Mode: MANUAL                || Motors: [0, 20, 0, 0]
[LATENCY] Delta:   4.5ms | Avg:  39.9ms | Rate: 25.1 FPS | Queue: 0B

[2026-09-11 18:40:38.496]
[TELEMETRY] Motors: [1, 20, 0, 0] || Vision: CX:  0 CY:  0 W:  0 H:  0 Px:    0 || IMU: AX: -0.3 AY: -0.6 AZ: -8.7 TZ: -0.1 || Yaw Error:-28.7deg || Batt: 3.58V  || State: MANUAL   
[COMMAND] Mode: MANUAL                || Motors: [0, 20, 0, 0]
[LATENCY] Delta:  38.2ms | Avg:  39.9ms | Rate: 25.0 FPS | Queue: 0B

[2026-09-11 18:40:38.602]
[TELEMETRY] Motors: [1, 20, 0, 0] || Vision: CX:  0 CY:  0 W:  0 H:  0 Px:    0 || IMU: AX: -0.3 AY: -0.6 AZ: -8.7 TZ: -0.0 || Yaw Error:-28.7deg || Batt: 3.58V  || State: MANUAL   
[COMMAND] Mode: MANUAL                || Motors: [0, 20, 0, 0]
[LATENCY] Delta: 105.0ms | Avg:  40.3ms | Rate: 24.8 FPS | Queue: 0B

[2026-09-11 18:40:38.607]
[TELEMETRY] Motors: [0, 20, 0, 0] || Vision: CX:  0 CY:  0 W:  0 H:  0 Px:    0 || IMU: AX: -0.4 AY: -0.6 AZ: -8.8 TZ: -0.0 || Yaw Error:-28.7deg || Batt: 3.58V  || State: MANUAL   
[COMMAND] Mode: MANUAL                || Motors: [0, 20, 0, 0]
[LATENCY] Delta:   1.6ms | Avg:  39.7ms | Rate: 25.2 FPS | Queue: 0B

[2026-09-11 18:40:38.902]
[TELEMETRY] Motors: [0, 20, 0, 0] || Vision: CX:  0 CY:  0 W:  0 H:  0 Px:    0 || IMU: AX: -0.4 AY: -0.6 AZ: -8.7 TZ: -0.0 || Yaw Error:-28.7deg || Batt: 3.58V  || State: MANUAL   
[COMMAND] Mode: MANUAL                || Motors: [0, 20, 0, 0]
[LATENCY] Delta: 299.3ms | Avg:  41.2ms | Rate: 24.3 FPS | Queue: 0B

[2026-09-11 18:40:38.911]
[TELEMETRY] Motors: [0, 20, 0, 0] || Vision: CX:  0 CY:  0 W:  0 H:  0 Px:    0 || IMU: AX: -0.3 AY: -0.5 AZ: -8.7 TZ:  0.0 || Yaw Error:-28.7deg || Batt: 3.56V  || State: MANUAL   
[COMMAND] Mode: MANUAL                || Motors: [0, 20, 0, 0]
[LATENCY] Delta:   9.7ms | Avg:  40.8ms | Rate: 24.5 FPS | Queue: 0B

[2026-09-11 18:40:38.949]
[TELEMETRY] Motors: [0, 20, 0, 0] || Vision: CX:  0 CY:  0 W:  0 H:  0 Px:    0 || IMU: AX: -0.3 AY: -0.6 AZ: -8.7 TZ:  0.0 || Yaw Error:-28.7deg || Batt: 3.56V  || State: MANUAL   
[COMMAND] Mode: MANUAL                || Motors: [0, 20, 0, 0]
[LATENCY] Delta:  37.8ms | Avg:  40.9ms | Rate: 24.4 FPS | Queue: 0B

[2026-09-11 18:40:38.956]
[TELEMETRY] Motors: [0, 20, 0, 0] || Vision: CX:  0 CY:  0 W:  0 H:  0 Px:    0 || IMU: AX: -0.2 AY: -0.5 AZ: -8.7 TZ:  0.0 || Yaw Error:-28.7deg || Batt: 3.56V  || State: MANUAL   
[COMMAND] Mode: MANUAL                || Motors: [0, 20, 0, 0]
[LATENCY] Delta:   5.3ms | Avg:  40.9ms | Rate: 24.4 FPS | Queue: 0B

[2026-09-11 18:40:38.960]
[TELEMETRY] Motors: [0, 20, 0, 0] || Vision: CX:  0 CY:  0 W:  0 H:  0 Px:    0 || IMU: AX: -0.3 AY: -0.4 AZ: -8.8 TZ:  0.0 || Yaw Error:-28.7deg || Batt: 3.56V  || State: MANUAL   
[COMMAND] Mode: MANUAL                || Motors: [0, 20, 0, 0]
[LATENCY] Delta:   5.0ms | Avg:  40.9ms | Rate: 24.4 FPS | Queue: 0B

[2026-09-11 18:40:38.964]
[TELEMETRY] Motors: [0, 20, 0, 0] || Vision: CX:  0 CY:  0 W:  0 H:  0 Px:    0 || IMU: AX: -0.3 AY: -0.4 AZ: -8.7 TZ:  0.0 || Yaw Error:-28.7deg || Batt: 3.56V  || State: MANUAL   
[COMMAND] Mode: MANUAL                || Motors: [0, 20, 0, 0]
[LATENCY] Delta:   5.2ms | Avg:  40.8ms | Rate: 24.5 FPS | Queue: 0B

[2026-09-11 18:40:38.968]
[TELEMETRY] Motors: [0, 20, 0, 0] || Vision: CX:  0 CY:  0 W:  0 H:  0 Px:    0 || IMU: AX: -0.2 AY: -0.4 AZ: -8.6 TZ:  0.0 || Yaw Error:-28.7deg || Batt: 3.56V  || State: MANUAL   
[COMMAND] Mode: MANUAL                || Motors: [0, 20, 0, 0]
[LATENCY] Delta:   4.0ms | Avg:  40.5ms | Rate: 24.7 FPS | Queue: 0B

[2026-09-11 18:40:38.975]
[TELEMETRY] Motors: [0, 20, 0, 0] || Vision: CX:  0 CY:  0 W:  0 H:  0 Px:    0 || IMU: AX: -0.1 AY: -0.5 AZ: -8.7 TZ: -0.0 || Yaw Error:-28.7deg || Batt: 3.56V  || State: MANUAL   
[COMMAND] Mode: MANUAL                || Motors: [0, 20, 0, 0]
[LATENCY] Delta:   5.6ms | Avg:  40.3ms | Rate: 24.8 FPS | Queue: 0B

[2026-09-11 18:40:38.978]
[TELEMETRY] Motors: [0, 20, 0, 0] || Vision: CX:  0 CY:  0 W:  0 H:  0 Px:    0 || IMU: AX: -0.1 AY: -0.6 AZ: -8.7 TZ: -0.0 || Yaw Error:-28.7deg || Batt: 3.56V  || State: MANUAL   
[COMMAND] Mode: MANUAL                || Motors: [0, 20, 0, 0]
[LATENCY] Delta:   0.4ms | Avg:  39.9ms | Rate: 25.1 FPS | Queue: 0B

[2026-09-11 18:40:39.049]
[TELEMETRY] Motors: [0, 20, 0, 0] || Vision: CX:  0 CY:  0 W:  0 H:  0 Px:    0 || IMU: AX: -0.1 AY: -0.3 AZ: -8.7 TZ: -0.0 || Yaw Error:-28.7deg || Batt: 3.56V  || State: MANUAL   
[COMMAND] Mode: MANUAL                || Motors: [0, 20, 0, 0]
[LATENCY] Delta:  69.8ms | Avg:  39.8ms | Rate: 25.1 FPS | Queue: 0B

[2026-09-11 18:40:39.053]
[TELEMETRY] Motors: [1, 20, 0, 0] || Vision: CX:  0 CY:  0 W:  0 H:  0 Px:    0 || IMU: AX: -0.2 AY: -0.3 AZ: -8.8 TZ: -0.0 || Yaw Error:-28.7deg || Batt: 3.56V  || State: MANUAL   
[COMMAND] Mode: MANUAL                || Motors: [0, 20, 0, 0]
[LATENCY] Delta:   1.7ms | Avg:  39.8ms | Rate: 25.1 FPS | Queue: 0B

[2026-09-11 18:40:39.088]
[TELEMETRY] Motors: [0, 20, 0, 0] || Vision: CX:  0 CY:  0 W:  0 H:  0 Px:    0 || IMU: AX: -0.1 AY: -0.4 AZ: -8.8 TZ: -0.0 || Yaw Error:-28.7deg || Batt: 3.56V  || State: MANUAL   
[COMMAND] Mode: MANUAL                || Motors: [0, 20, 0, 0]
[LATENCY] Delta:  37.8ms | Avg:  38.9ms | Rate: 25.7 FPS | Queue: 0B

[2026-09-11 18:40:39.128]
[TELEMETRY] Motors: [0, 20, 0, 0] || Vision: CX:  0 CY:  0 W:  0 H:  0 Px:    0 || IMU: AX: -0.1 AY: -0.4 AZ: -8.7 TZ: -0.0 || Yaw Error:-28.7deg || Batt: 3.56V  || State: MANUAL   
[COMMAND] Mode: MANUAL                || Motors: [0, 20, 0, 0]
[LATENCY] Delta:  40.0ms | Avg:  38.6ms | Rate: 25.9 FPS | Queue: 0B

[2026-09-11 18:40:39.173]
[TELEMETRY] Motors: [0, 20, 0, 0] || Vision: CX:  0 CY:  0 W:  0 H:  0 Px:    0 || IMU: AX:  0.0 AY: -0.4 AZ: -8.7 TZ: -0.0 || Yaw Error:-28.7deg || Batt: 3.58V  || State: MANUAL   
[COMMAND] Mode: MANUAL                || Motors: [0, 20, 0, 0]
[LATENCY] Delta:  44.7ms | Avg:  38.7ms | Rate: 25.8 FPS | Queue: 0B

[2026-09-11 18:40:39.209]
[TELEMETRY] Motors: [0, 20, 0, 0] || Vision: CX:  0 CY:  0 W:  0 H:  0 Px:    0 || IMU: AX:  0.1 AY: -0.5 AZ: -8.6 TZ: -0.0 || Yaw Error:-28.7deg || Batt: 3.58V  || State: MANUAL   
[COMMAND] Mode: MANUAL                || Motors: [0, 20, 0, 0]
[LATENCY] Delta:  35.3ms | Avg:  38.8ms | Rate: 25.8 FPS | Queue: 0B

[2026-09-11 18:40:39.253]
[TELEMETRY] Motors: [0, 20, 0, 0] || Vision: CX:  0 CY:  0 W:  0 H:  0 Px:    0 || IMU: AX:  0.1 AY: -0.4 AZ: -8.7 TZ: -0.0 || Yaw Error:-28.7deg || Batt: 3.58V  || State: MANUAL   
[COMMAND] Mode: MANUAL                || Motors: [0, 20, 0, 0]
[LATENCY] Delta:  44.1ms | Avg:  39.0ms | Rate: 25.7 FPS | Queue: 0B

[2026-09-11 18:40:39.293]
[TELEMETRY] Motors: [0, 20, 0, 0] || Vision: CX:  0 CY:  0 W:  0 H:  0 Px:    0 || IMU: AX: -0.0 AY: -0.3 AZ: -8.7 TZ: -0.0 || Yaw Error:-28.7deg || Batt: 3.58V  || State: MANUAL   
[COMMAND] Mode: MANUAL                || Motors: [0, 20, 0, 0]
[LATENCY] Delta:  40.9ms | Avg:  39.2ms | Rate: 25.5 FPS | Queue: 0B

[2026-09-11 18:40:39.344]
[TELEMETRY] Motors: [0, 20, 0, 0] || Vision: CX:  0 CY:  0 W:  0 H:  0 Px:    0 || IMU: AX: -0.0 AY: -0.5 AZ: -8.7 TZ: -0.0 || Yaw Error:-28.7deg || Batt: 3.58V  || State: MANUAL   
[COMMAND] Mode: MANUAL                || Motors: [0, 20, 0, 0]
[LATENCY] Delta:  51.1ms | Avg:  39.3ms | Rate: 25.4 FPS | Queue: 0B

[2026-09-11 18:40:39.414]
[TELEMETRY] Motors: [0, 20, 0, 0] || Vision: CX:  0 CY:  0 W:  0 H:  0 Px:    0 || IMU: AX:  0.0 AY: -0.5 AZ: -8.7 TZ: -0.0 || Yaw Error:-28.7deg || Batt: 3.58V  || State: MANUAL   
[COMMAND] Mode: MANUAL                || Motors: [0, 20, 0, 0]
[LATENCY] Delta:  71.3ms | Avg:  39.6ms | Rate: 25.2 FPS | Queue: 0B

[2026-09-11 18:40:39.470]
[TELEMETRY] Motors: [0, 20, 0, 0] || Vision: CX:  0 CY:  0 W:  0 H:  0 Px:    0 || IMU: AX:  0.1 AY: -0.5 AZ: -8.7 TZ:  0.0 || Yaw Error:-28.7deg || Batt: 3.58V  || State: MANUAL   
[COMMAND] Mode: MANUAL                || Motors: [0, 20, 0, 0]
[LATENCY] Delta:  54.3ms | Avg:  39.5ms | Rate: 25.3 FPS | Queue: 0B

[2026-09-11 18:40:39.475]
[TELEMETRY] Motors: [0, 20, 0, 0] || Vision: CX:  0 CY:  0 W:  0 H:  0 Px:    0 || IMU: AX:  0.1 AY: -0.5 AZ: -8.7 TZ:  0.0 || Yaw Error:-28.7deg || Batt: 3.58V  || State: MANUAL   
[COMMAND] Mode: MANUAL                || Motors: [0, 20, 0, 0]
[LATENCY] Delta:   1.7ms | Avg:  39.4ms | Rate: 25.4 FPS | Queue: 0B

[2026-09-11 18:40:39.574]
[TELEMETRY] Motors: [0, 20, 0, 0] || Vision: CX:  0 CY:  0 W:  0 H:  0 Px:    0 || IMU: AX:  0.0 AY: -0.5 AZ: -8.7 TZ:  0.0 || Yaw Error:-28.7deg || Batt: 3.58V  || State: MANUAL   
[COMMAND] Mode: MANUAL                || Motors: [0, 20, 0, 0]
[LATENCY] Delta: 102.9ms | Avg:  39.9ms | Rate: 25.0 FPS | Queue: 0B

[2026-09-11 18:40:39.625]
[TELEMETRY] Motors: [0, 20, 0, 0] || Vision: CX:  0 CY:  0 W:  0 H:  0 Px:    0 || IMU: AX: -0.1 AY: -0.5 AZ: -8.8 TZ:  0.0 || Yaw Error:-28.7deg || Batt: 3.58V  || State: MANUAL   
[COMMAND] Mode: MANUAL                || Motors: [0, 20, 0, 0]
[LATENCY] Delta:  50.5ms | Avg:  40.2ms | Rate: 24.9 FPS | Queue: 0B

[2026-09-11 18:40:39.688]
[TELEMETRY] Motors: [0, 20, 0, 0] || Vision: CX:  0 CY:  0 W:  0 H:  0 Px:    0 || IMU: AX: -0.1 AY: -0.5 AZ: -8.7 TZ: -0.0 || Yaw Error:-28.7deg || Batt: 3.58V  || State: MANUAL   
[COMMAND] Mode: MANUAL                || Motors: [0, 20, 0, 0]
[LATENCY] Delta:  60.2ms | Avg:  40.4ms | Rate: 24.7 FPS | Queue: 0B

[2026-09-11 18:40:39.725]
[TELEMETRY] Motors: [0, 20, 0, 0] || Vision: CX:  0 CY:  0 W:  0 H:  0 Px:    0 || IMU: AX:  0.1 AY: -0.5 AZ: -8.8 TZ: -0.0 || Yaw Error:-28.7deg || Batt: 3.56V  || State: MANUAL   
[COMMAND] Mode: MANUAL                || Motors: [0, 20, 0, 0]
[LATENCY] Delta:  40.6ms | Avg:  40.1ms | Rate: 24.9 FPS | Queue: 0B

[2026-09-11 18:40:39.766]
[TELEMETRY] Motors: [0, 20, 0, 0] || Vision: CX:  0 CY:  0 W:  0 H:  0 Px:    0 || IMU: AX: -0.0 AY: -0.4 AZ: -8.8 TZ: -0.0 || Yaw Error:-28.7deg || Batt: 3.56V  || State: MANUAL   
[COMMAND] Mode: MANUAL                || Motors: [0, 20, 0, 0]
[LATENCY] Delta:  41.1ms | Avg:  40.3ms | Rate: 24.8 FPS | Queue: 0B

[2026-09-11 18:40:39.773]
[TELEMETRY] Motors: [0, 20, 0, 0] || Vision: CX:  0 CY:  0 W:  0 H:  0 Px:    0 || IMU: AX: -0.2 AY: -0.5 AZ: -8.8 TZ: -0.0 || Yaw Error:-28.7deg || Batt: 3.56V  || State: MANUAL   
[COMMAND] Mode: MANUAL                || Motors: [0, 20, 0, 0]
[LATENCY] Delta:   5.9ms | Avg:  40.3ms | Rate: 24.8 FPS | Queue: 0B

[2026-09-11 18:40:39.829]
[TELEMETRY] Motors: [0, 20, 0, 0] || Vision: CX:  0 CY:  0 W:  0 H:  0 Px:    0 || IMU: AX: -0.1 AY: -0.5 AZ: -8.8 TZ: -0.0 || Yaw Error:-28.7deg || Batt: 3.56V  || State: MANUAL   
[COMMAND] Mode: MANUAL                || Motors: [0, 20, 0, 0]
[LATENCY] Delta:  56.0ms | Avg:  40.4ms | Rate: 24.7 FPS | Queue: 0B

[2026-09-11 18:40:39.861]
[TELEMETRY] Motors: [0, 20, 0, 0] || Vision: CX:  0 CY:  0 W:  0 H:  0 Px:    0 || IMU: AX: -0.1 AY: -0.5 AZ: -8.7 TZ: -0.0 || Yaw Error:-28.7deg || Batt: 3.56V  || State: MANUAL   
[COMMAND] Mode: MANUAL                || Motors: [0, 20, 0, 0]
[LATENCY] Delta:  31.7ms | Avg:  40.3ms | Rate: 24.8 FPS | Queue: 0B

[2026-09-11 18:40:39.907]
[TELEMETRY] Motors: [0, 20, 0, 0] || Vision: CX:  0 CY:  0 W:  0 H:  0 Px:    0 || IMU: AX: -0.1 AY: -0.5 AZ: -8.7 TZ: -0.0 || Yaw Error:-28.7deg || Batt: 3.56V  || State: MANUAL   
[COMMAND] Mode: MANUAL                || Motors: [0, 20, 0, 0]
[LATENCY] Delta:  47.0ms | Avg:  40.4ms | Rate: 24.7 FPS | Queue: 0B

[2026-09-11 18:40:39.927]
[TELEMETRY] Motors: [0, 20, 0, 0] || Vision: CX:  0 CY:  0 W:  0 H:  0 Px:    0 || IMU: AX: -0.1 AY: -0.5 AZ: -8.5 TZ: -0.0 || Yaw Error:-28.7deg || Batt: 3.56V  || State: MANUAL   
[COMMAND] Mode: MANUAL                || Motors: [0, 20, 0, 0]
[LATENCY] Delta:  19.9ms | Avg:  40.0ms | Rate: 25.0 FPS | Queue: 0B

[2026-09-11 18:40:40.029]
[TELEMETRY] Motors: [0, 20, 0, 0] || Vision: CX:  0 CY:  0 W:  0 H:  0 Px:    0 || IMU: AX: -0.1 AY: -0.5 AZ: -8.6 TZ: -0.0 || Yaw Error:-28.7deg || Batt: 3.56V  || State: MANUAL   
[COMMAND] Mode: MANUAL                || Motors: [0, 20, 0, 0]
[LATENCY] Delta: 100.1ms | Avg:  40.5ms | Rate: 24.7 FPS | Queue: 0B

[2026-09-11 18:40:40.036]
[TELEMETRY] Motors: [0, 20, 0, 0] || Vision: CX:  0 CY:  0 W:  0 H:  0 Px:    0 || IMU: AX: -0.2 AY: -0.6 AZ: -8.7 TZ: -0.0 || Yaw Error:-28.7deg || Batt: 3.56V  || State: MANUAL   
[COMMAND] Mode: MANUAL                || Motors: [0, 20, 0, 0]
[LATENCY] Delta:   7.2ms | Avg:  40.5ms | Rate: 24.7 FPS | Queue: 0B

[2026-09-11 18:40:40.130]
[TELEMETRY] Motors: [0, 20, 0, 0] || Vision: CX:  0 CY:  0 W:  0 H:  0 Px:    0 || IMU: AX: -0.2 AY: -0.5 AZ: -8.7 TZ:  0.0 || Yaw Error:-28.7deg || Batt: 3.56V  || State: MANUAL   
[COMMAND] Mode: MANUAL                || Motors: [0, 20, 0, 0]
[LATENCY] Delta:  95.5ms | Avg:  40.7ms | Rate: 24.6 FPS | Queue: 0B

[2026-09-11 18:40:40.139]
[TELEMETRY] Motors: [0, 20, 0, 0] || Vision: CX:  0 CY:  0 W:  0 H:  0 Px:    0 || IMU: AX: -0.2 AY: -0.4 AZ: -8.7 TZ:  0.0 || Yaw Error:-28.7deg || Batt: 3.56V  || State: MANUAL   
[COMMAND] Mode: MANUAL                || Motors: [0, 20, 0, 0]
[LATENCY] Delta:   7.0ms | Avg:  40.5ms | Rate: 24.7 FPS | Queue: 0B

[2026-09-11 18:40:40.171]
[TELEMETRY] Motors: [0, 20, 0, 0] || Vision: CX:  0 CY:  0 W:  0 H:  0 Px:    0 || IMU: AX: -0.1 AY: -0.4 AZ: -8.7 TZ: -0.0 || Yaw Error:-28.7deg || Batt: 3.56V  || State: MANUAL   
[COMMAND] Mode: MANUAL                || Motors: [0, 20, 0, 0]
[LATENCY] Delta:   0.2ms | Avg:  40.4ms | Rate: 24.8 FPS | Queue: 0B

[2026-09-11 18:40:40.238]
[TELEMETRY] Motors: [0, 20, 0, 0] || Vision: CX:  0 CY:  0 W:  0 H:  0 Px:    0 || IMU: AX: -0.2 AY: -0.4 AZ: -8.8 TZ: -0.0 || Yaw Error:-28.7deg || Batt: 3.59V  || State: MANUAL   
[COMMAND] Mode: MANUAL                || Motors: [0, 20, 0, 0]
[LATENCY] Delta:  67.5ms | Avg:  40.4ms | Rate: 24.7 FPS | Queue: 0B

[2026-09-11 18:40:40.260]
[TELEMETRY] Motors: [0, 20, 0, 0] || Vision: CX:  0 CY:  0 W:  0 H:  0 Px:    0 || IMU: AX: -0.2 AY: -0.5 AZ: -8.8 TZ: -0.0 || Yaw Error:-28.7deg || Batt: 3.59V  || State: MANUAL   
[COMMAND] Mode: MANUAL                || Motors: [0, 20, 0, 0]
[LATENCY] Delta:  22.6ms | Avg:  40.4ms | Rate: 24.7 FPS | Queue: 0B

[2026-09-11 18:40:40.343]
[TELEMETRY] Motors: [0, 20, 0, 0] || Vision: CX:  0 CY:  0 W:  0 H:  0 Px:    0 || IMU: AX: -0.2 AY: -0.5 AZ: -8.6 TZ: -0.0 || Yaw Error:-28.7deg || Batt: 3.59V  || State: MANUAL   
[COMMAND] Mode: MANUAL                || Motors: [0, 20, 0, 0]
[LATENCY] Delta:  82.2ms | Avg:  40.5ms | Rate: 24.7 FPS | Queue: 0B

[2026-09-11 18:40:40.347]
[TELEMETRY] Motors: [0, 20, 0, 0] || Vision: CX:  0 CY:  0 W:  0 H:  0 Px:    0 || IMU: AX: -0.2 AY: -0.4 AZ: -8.6 TZ: -0.0 || Yaw Error:-28.7deg || Batt: 3.59V  || State: MANUAL   
[COMMAND] Mode: MANUAL                || Motors: [0, 20, 0, 0]
[LATENCY] Delta:   4.4ms | Avg:  40.3ms | Rate: 24.8 FPS | Queue: 0B

[2026-09-11 18:40:40.366]
[TELEMETRY] Motors: [0, 20, 0, 0] || Vision: CX:  0 CY:  0 W:  0 H:  0 Px:    0 || IMU: AX: -0.1 AY: -0.4 AZ: -8.6 TZ: -0.0 || Yaw Error:-28.7deg || Batt: 3.59V  || State: MANUAL   
[COMMAND] Mode: MANUAL                || Motors: [0, 20, 0, 0]
[LATENCY] Delta:  20.1ms | Avg:  40.3ms | Rate: 24.8 FPS | Queue: 0B

[2026-09-11 18:40:40.439]
[TELEMETRY] Motors: [0, 20, 0, 0] || Vision: CX:  0 CY:  0 W:  0 H:  0 Px:    0 || IMU: AX: -0.1 AY: -0.6 AZ: -8.6 TZ: -0.0 || Yaw Error:-28.7deg || Batt: 3.59V  || State: MANUAL   
[COMMAND] Mode: MANUAL                || Motors: [0, 20, 0, 0]
[LATENCY] Delta:  71.1ms | Avg:  40.5ms | Rate: 24.7 FPS | Queue: 0B

[2026-09-11 18:40:40.498]
[TELEMETRY] Motors: [0, 20, 0, 0] || Vision: CX:  0 CY:  0 W:  0 H:  0 Px:    0 || IMU: AX: -0.1 AY: -0.4 AZ: -8.7 TZ: -0.0 || Yaw Error:-28.7deg || Batt: 3.59V  || State: MANUAL   
[COMMAND] Mode: MANUAL                || Motors: [0, 20, 0, 0]
[LATENCY] Delta:  58.7ms | Avg:  40.5ms | Rate: 24.7 FPS | Queue: 0B

[2026-09-11 18:40:40.541]
[TELEMETRY] Motors: [0, 20, 0, 0] || Vision: CX:  0 CY:  0 W:  0 H:  0 Px:    0 || IMU: AX: -0.1 AY: -0.3 AZ: -8.7 TZ: -0.0 || Yaw Error:-28.7deg || Batt: 3.59V  || State: MANUAL   
[COMMAND] Mode: MANUAL                || Motors: [0, 20, 0, 0]
[LATENCY] Delta:  42.4ms | Avg:  40.6ms | Rate: 24.6 FPS | Queue: 0B

[2026-09-11 18:40:40.545]
[TELEMETRY] Motors: [0, 20, 0, 0] || Vision: CX:  0 CY:  0 W:  0 H:  0 Px:    0 || IMU: AX: -0.2 AY: -0.4 AZ: -8.8 TZ: -0.0 || Yaw Error:-28.7deg || Batt: 3.59V  || State: MANUAL   
[COMMAND] Mode: MANUAL                || Motors: [0, 20, 0, 0]
[LATENCY] Delta:   6.1ms | Avg:  40.2ms | Rate: 24.9 FPS | Queue: 0B

[2026-09-11 18:40:40.576]
[TELEMETRY] Motors: [0, 20, 0, 0] || Vision: CX:  0 CY:  0 W:  0 H:  0 Px:    0 || IMU: AX: -0.0 AY: -0.4 AZ: -8.8 TZ: -0.0 || Yaw Error:-28.7deg || Batt: 3.59V  || State: MANUAL   
[COMMAND] Mode: MANUAL                || Motors: [0, 20, 0, 0]
[LATENCY] Delta:  29.6ms | Avg:  40.3ms | Rate: 24.8 FPS | Queue: 0B

[2026-09-11 18:40:40.643]
[TELEMETRY] Motors: [0, 20, 0, 0] || Vision: CX:  0 CY:  0 W:  0 H:  0 Px:    0 || IMU: AX:  0.0 AY: -0.4 AZ: -8.7 TZ: -0.0 || Yaw Error:-28.7deg || Batt: 3.59V  || State: MANUAL   
[COMMAND] Mode: MANUAL                || Motors: [0, 20, 0, 0]
[LATENCY] Delta:  67.7ms | Avg:  40.4ms | Rate: 24.7 FPS | Queue: 0B

[2026-09-11 18:40:40.647]
[TELEMETRY] Motors: [0, 20, 0, 0] || Vision: CX:  0 CY:  0 W:  0 H:  0 Px:    0 || IMU: AX:  0.1 AY: -0.5 AZ: -8.7 TZ: -0.0 || Yaw Error:-28.7deg || Batt: 3.59V  || State: MANUAL   
[COMMAND] Mode: MANUAL                || Motors: [0, 20, 0, 0]
[LATENCY] Delta:   5.1ms | Avg:  40.0ms | Rate: 25.0 FPS | Queue: 0B

[2026-09-11 18:40:40.689]
[TELEMETRY] Motors: [0, 20, 0, 0] || Vision: CX:  0 CY:  0 W:  0 H:  0 Px:    0 || IMU: AX:  0.0 AY: -0.5 AZ: -8.7 TZ:  0.0 || Yaw Error:-28.7deg || Batt: 3.59V  || State: MANUAL   
[COMMAND] Mode: MANUAL                || Motors: [0, 20, 0, 0]
[LATENCY] Delta:  40.3ms | Avg:  40.1ms | Rate: 24.9 FPS | Queue: 0B

[2026-09-11 18:40:40.756]
[TELEMETRY] Motors: [0, 20, 0, 0] || Vision: CX:  0 CY:  0 W:  0 H:  0 Px:    0 || IMU: AX: -0.0 AY: -0.4 AZ: -8.7 TZ:  0.0 || Yaw Error:-28.7deg || Batt: 3.56V  || State: MANUAL   
[COMMAND] Mode: MANUAL                || Motors: [0, 20, 0, 0]
[LATENCY] Delta:  66.2ms | Avg:  40.4ms | Rate: 24.7 FPS | Queue: 0B

[2026-09-11 18:40:40.892]
[TELEMETRY] Motors: [0, 20, 0, 0] || Vision: CX:  0 CY:  0 W:  0 H:  0 Px:    0 || IMU: AX: -0.1 AY: -0.5 AZ: -8.8 TZ:  0.0 || Yaw Error:-28.7deg || Batt: 3.56V  || State: MANUAL   
[COMMAND] Mode: MANUAL                || Motors: [0, 20, 0, 0]
[LATENCY] Delta: 137.0ms | Avg:  40.9ms | Rate: 24.5 FPS | Queue: 0B

[2026-09-11 18:40:40.896]
[TELEMETRY] Motors: [0, 20, 0, 0] || Vision: CX:  0 CY:  0 W:  0 H:  0 Px:    0 || IMU: AX:  0.1 AY: -0.5 AZ: -8.7 TZ:  0.0 || Yaw Error:-28.7deg || Batt: 3.56V  || State: MANUAL   
[COMMAND] Mode: MANUAL                || Motors: [0, 20, 0, 0]
[LATENCY] Delta:   0.4ms | Avg:  40.5ms | Rate: 24.7 FPS | Queue: 0B

[2026-09-11 18:40:40.899]
[TELEMETRY] Motors: [0, 20, 0, 0] || Vision: CX:  0 CY:  0 W:  0 H:  0 Px:    0 || IMU: AX:  0.1 AY: -0.5 AZ: -8.7 TZ: -0.0 || Yaw Error:-28.7deg || Batt: 3.56V  || State: MANUAL   
[COMMAND] Mode: MANUAL                || Motors: [0, 20, 0, 0]
[LATENCY] Delta:   1.9ms | Avg:  40.2ms | Rate: 24.9 FPS | Queue: 0B

[2026-09-11 18:40:40.931]
[TELEMETRY] Motors: [0, 20, 0, 0] || Vision: CX:  0 CY:  0 W:  0 H:  0 Px:    0 || IMU: AX:  0.1 AY: -0.5 AZ: -8.7 TZ: -0.0 || Yaw Error:-28.7deg || Batt: 3.56V  || State: MANUAL   
[COMMAND] Mode: MANUAL                || Motors: [0, 20, 0, 0]
[LATENCY] Delta:  33.6ms | Avg:  40.3ms | Rate: 24.8 FPS | Queue: 0B

[2026-09-11 18:40:40.987]
[TELEMETRY] Motors: [0, 20, 0, 0] || Vision: CX:  0 CY:  0 W:  0 H:  0 Px:    0 || IMU: AX:  0.1 AY: -0.4 AZ: -8.8 TZ: -0.0 || Yaw Error:-28.7deg || Batt: 3.56V  || State: MANUAL   
[COMMAND] Mode: MANUAL                || Motors: [0, 20, 0, 0]
[LATENCY] Delta:  56.1ms | Avg:  40.4ms | Rate: 24.7 FPS | Queue: 0B

[2026-09-11 18:40:41.059]
[TELEMETRY] Motors: [0, 20, 0, 0] || Vision: CX:  0 CY:  0 W:  0 H:  0 Px:    0 || IMU: AX: -0.1 AY: -0.4 AZ: -8.8 TZ: -0.0 || Yaw Error:-28.7deg || Batt: 3.56V  || State: MANUAL   
[COMMAND] Mode: MANUAL                || Motors: [0, 20, 0, 0]
[LATENCY] Delta:  72.2ms | Avg:  40.5ms | Rate: 24.7 FPS | Queue: 0B

[2026-09-11 18:40:41.162]
[TELEMETRY] Motors: [0, 20, 0, 0] || Vision: CX:  0 CY:  0 W:  0 H:  0 Px:    0 || IMU: AX: -0.1 AY: -0.5 AZ: -8.7 TZ: -0.0 || Yaw Error:-28.7deg || Batt: 3.56V  || State: MANUAL   
[COMMAND] Mode: MANUAL                || Motors: [0, 20, 0, 0]
[LATENCY] Delta: 102.2ms | Avg:  40.9ms | Rate: 24.5 FPS | Queue: 0B

[2026-09-11 18:40:41.166]
[TELEMETRY] Motors: [0, 20, 0, 0] || Vision: CX:  0 CY:  0 W:  0 H:  0 Px:    0 || IMU: AX:  0.0 AY: -0.6 AZ: -8.7 TZ: -0.0 || Yaw Error:-28.7deg || Batt: 3.56V  || State: MANUAL   
[COMMAND] Mode: MANUAL                || Motors: [0, 20, 0, 0]
[LATENCY] Delta:   1.7ms | Avg:  40.7ms | Rate: 24.6 FPS | Queue: 0B

[2026-09-11 18:40:41.170]
[TELEMETRY] Motors: [0, 20, 0, 0] || Vision: CX:  0 CY:  0 W:  0 H:  0 Px:    0 || IMU: AX:  0.0 AY: -0.5 AZ: -8.8 TZ:  0.0 || Yaw Error:-28.7deg || Batt: 3.56V  || State: MANUAL   
[COMMAND] Mode: MANUAL                || Motors: [0, 20, 0, 0]
[LATENCY] Delta:   2.2ms | Avg:  40.3ms | Rate: 24.8 FPS | Queue: 0B

[2026-09-11 18:40:41.263]
[TELEMETRY] Motors: [0, 20, 0, 0] || Vision: CX:  0 CY:  0 W:  0 H:  0 Px:    0 || IMU: AX: -0.2 AY: -0.3 AZ: -8.7 TZ:  0.0 || Yaw Error:-28.7deg || Batt: 3.56V  || State: MANUAL   
[COMMAND] Mode: MANUAL                || Motors: [0, 20, 0, 0]
[LATENCY] Delta:  93.2ms | Avg:  40.5ms | Rate: 24.7 FPS | Queue: 0B

[2026-09-11 18:40:41.290]
[TELEMETRY] Motors: [0, 20, 0, 0] || Vision: CX:  0 CY:  0 W:  0 H:  0 Px:    0 || IMU: AX: -0.2 AY: -0.5 AZ: -8.8 TZ:  0.0 || Yaw Error:-28.7deg || Batt: 3.58V  || State: MANUAL   
[COMMAND] Mode: MANUAL                || Motors: [0, 20, 0, 0]
[LATENCY] Delta:  27.0ms | Avg:  40.4ms | Rate: 24.8 FPS | Queue: 0B

[2026-09-11 18:40:41.294]
[TELEMETRY] Motors: [0, 20, 0, 0] || Vision: CX:  0 CY:  0 W:  0 H:  0 Px:    0 || IMU: AX: -0.3 AY: -0.5 AZ: -8.7 TZ:  0.0 || Yaw Error:-28.7deg || Batt: 3.58V  || State: MANUAL   
[COMMAND] Mode: MANUAL                || Motors: [0, 20, 0, 0]
[LATENCY] Delta:   3.9ms | Avg:  40.4ms | Rate: 24.8 FPS | Queue: 0B

[2026-09-11 18:40:41.340]
[TELEMETRY] Motors: [0, 20, 0, 0] || Vision: CX:  0 CY:  0 W:  0 H:  0 Px:    0 || IMU: AX: -0.1 AY: -0.4 AZ: -8.6 TZ:  0.0 || Yaw Error:-28.7deg || Batt: 3.58V  || State: MANUAL   
[COMMAND] Mode: MANUAL                || Motors: [0, 20, 0, 0]
[LATENCY] Delta:  46.6ms | Avg:  40.3ms | Rate: 24.8 FPS | Queue: 0B

[2026-09-11 18:40:41.410]
[TELEMETRY] Motors: [0, 20, 0, 0] || Vision: CX:  0 CY:  0 W:  0 H:  0 Px:    0 || IMU: AX: -0.1 AY: -0.5 AZ: -8.6 TZ:  0.0 || Yaw Error:-28.7deg || Batt: 3.58V  || State: MANUAL   
[COMMAND] Mode: MANUAL                || Motors: [0, 20, 0, 0]
[LATENCY] Delta:  69.8ms | Avg:  40.3ms | Rate: 24.8 FPS | Queue: 0B

[2026-09-11 18:40:41.414]
[TELEMETRY] Motors: [0, 20, 0, 0] || Vision: CX:  0 CY:  0 W:  0 H:  0 Px:    0 || IMU: AX:  0.0 AY: -0.3 AZ: -8.6 TZ:  0.0 || Yaw Error:-28.7deg || Batt: 3.58V  || State: MANUAL   
[COMMAND] Mode: MANUAL                || Motors: [0, 20, 0, 0]
[LATENCY] Delta:   3.5ms | Avg:  40.3ms | Rate: 24.8 FPS | Queue: 0B

[2026-09-11 18:40:41.461]
[TELEMETRY] Motors: [0, 20, 0, 0] || Vision: CX:  0 CY:  0 W:  0 H:  0 Px:    0 || IMU: AX: -0.1 AY: -0.4 AZ: -8.8 TZ: -0.0 || Yaw Error:-28.7deg || Batt: 3.58V  || State: MANUAL   
[COMMAND] Mode: MANUAL                || Motors: [0, 20, 0, 0]
[LATENCY] Delta:  47.5ms | Avg:  40.5ms | Rate: 24.7 FPS | Queue: 0B

[2026-09-11 18:40:41.570]
[TELEMETRY] Motors: [0, 20, 0, 0] || Vision: CX:  0 CY:  0 W:  0 H:  0 Px:    0 || IMU: AX: -0.2 AY: -0.6 AZ: -8.7 TZ: -0.0 || Yaw Error:-28.7deg || Batt: 3.58V  || State: MANUAL   
[COMMAND] Mode: MANUAL                || Motors: [0, 20, 0, 0]
[LATENCY] Delta: 107.6ms | Avg:  40.7ms | Rate: 24.5 FPS | Queue: 0B

[2026-09-11 18:40:41.608]
[TELEMETRY] Motors: [0, 20, 0, 0] || Vision: CX:  0 CY:  0 W:  0 H:  0 Px:    0 || IMU: AX: -0.1 AY: -0.5 AZ: -8.7 TZ: -0.0 || Yaw Error:-28.7deg || Batt: 3.58V  || State: MANUAL   
[COMMAND] Mode: MANUAL                || Motors: [0, 20, 0, 0]
[LATENCY] Delta:  38.0ms | Avg:  40.6ms | Rate: 24.6 FPS | Queue: 0B

[2026-09-11 18:40:41.667]
[TELEMETRY] Motors: [0, 20, 0, 0] || Vision: CX:  0 CY:  0 W:  0 H:  0 Px:    0 || IMU: AX: -0.1 AY: -0.4 AZ: -8.8 TZ: -0.0 || Yaw Error:-28.7deg || Batt: 3.58V  || State: MANUAL   
[COMMAND] Mode: MANUAL                || Motors: [0, 20, 0, 0]
[LATENCY] Delta:  59.3ms | Avg:  40.8ms | Rate: 24.5 FPS | Queue: 0B

[2026-09-11 18:40:41.720]
[TELEMETRY] Motors: [0, 20, 0, 0] || Vision: CX:  0 CY:  0 W:  0 H:  0 Px:    0 || IMU: AX: -0.1 AY: -0.4 AZ: -8.8 TZ: -0.0 || Yaw Error:-28.7deg || Batt: 3.58V  || State: MANUAL   
[COMMAND] Mode: MANUAL                || Motors: [0, 20, 0, 0]
[LATENCY] Delta:  54.5ms | Avg:  40.8ms | Rate: 24.5 FPS | Queue: 0B

[2026-09-11 18:40:41.776]
[TELEMETRY] Motors: [0, 20, 0, 0] || Vision: CX:  0 CY:  0 W:  0 H:  0 Px:    0 || IMU: AX: -0.1 AY: -0.4 AZ: -8.7 TZ: -0.0 || Yaw Error:-28.7deg || Batt: 3.58V  || State: MANUAL   
[COMMAND] Mode: MANUAL                || Motors: [0, 20, 0, 0]
[LATENCY] Delta:  54.8ms | Avg:  41.0ms | Rate: 24.4 FPS | Queue: 0B

[2026-09-11 18:40:41.831]
[TELEMETRY] Motors: [0, 20, 0, 0] || Vision: CX:  0 CY:  0 W:  0 H:  0 Px:    0 || IMU: AX: -0.1 AY: -0.4 AZ: -8.6 TZ: -0.0 || Yaw Error:-28.7deg || Batt: 3.56V  || State: MANUAL   
[COMMAND] Mode: MANUAL                || Motors: [0, 20, 0, 0]
[LATENCY] Delta:  56.1ms | Avg:  41.0ms | Rate: 24.4 FPS | Queue: 0B

[2026-09-11 18:40:41.837]
[TELEMETRY] Motors: [0, 20, 0, 0] || Vision: CX:  0 CY:  0 W:  0 H:  0 Px:    0 || IMU: AX: -0.0 AY: -0.5 AZ: -8.7 TZ: -0.0 || Yaw Error:-28.7deg || Batt: 3.56V  || State: MANUAL   
[COMMAND] Mode: MANUAL                || Motors: [0, 20, 0, 0]
[LATENCY] Delta:   5.0ms | Avg:  40.8ms | Rate: 24.5 FPS | Queue: 0B

[2026-09-11 18:40:41.872]
[TELEMETRY] Motors: [0, 20, 0, 0] || Vision: CX:  0 CY:  0 W:  0 H:  0 Px:    0 || IMU: AX: -0.1 AY: -0.5 AZ: -8.6 TZ: -0.0 || Yaw Error:-28.7deg || Batt: 3.56V  || State: MANUAL   
[COMMAND] Mode: MANUAL                || Motors: [0, 20, 0, 0]
[LATENCY] Delta:  34.1ms | Avg:  40.5ms | Rate: 24.7 FPS | Queue: 0B

[2026-09-11 18:40:41.910]
[TELEMETRY] Motors: [0, 20, 0, 0] || Vision: CX:  0 CY:  0 W:  0 H:  0 Px:    0 || IMU: AX: -0.1 AY: -0.6 AZ: -8.5 TZ: -0.0 || Yaw Error:-28.7deg || Batt: 3.56V  || State: MANUAL   
[COMMAND] Mode: MANUAL                || Motors: [0, 20, 0, 0]
[LATENCY] Delta:  39.2ms | Avg:  40.6ms | Rate: 24.6 FPS | Queue: 0B

[2026-09-11 18:40:41.984]
[TELEMETRY] Motors: [0, 20, 0, 0] || Vision: CX:  0 CY:  0 W:  0 H:  0 Px:    0 || IMU: AX: -0.0 AY: -0.5 AZ: -8.7 TZ: -0.0 || Yaw Error:-28.7deg || Batt: 3.56V  || State: MANUAL   
[COMMAND] Mode: MANUAL                || Motors: [0, 20, 0, 0]
[LATENCY] Delta:  73.5ms | Avg:  41.0ms | Rate: 24.4 FPS | Queue: 0B

[2026-09-11 18:40:41.990]
[TELEMETRY] Motors: [0, 20, 0, 0] || Vision: CX:  0 CY:  0 W:  0 H:  0 Px:    0 || IMU: AX: -0.1 AY: -0.4 AZ: -8.8 TZ: -0.0 || Yaw Error:-28.7deg || Batt: 3.56V  || State: MANUAL   
[COMMAND] Mode: MANUAL                || Motors: [0, 20, 0, 0]
[LATENCY] Delta:   4.2ms | Avg:  40.7ms | Rate: 24.6 FPS | Queue: 0B

[2026-09-11 18:40:42.008]
[TELEMETRY] Motors: [0, 20, 0, 0] || Vision: CX:  0 CY:  0 W:  0 H:  0 Px:    0 || IMU: AX: -0.2 AY: -0.3 AZ: -8.9 TZ: -0.0 || Yaw Error:-28.7deg || Batt: 3.56V  || State: MANUAL   
[COMMAND] Mode: MANUAL                || Motors: [0, 20, 0, 0]
[LATENCY] Delta:  19.9ms | Avg:  40.7ms | Rate: 24.6 FPS | Queue: 0B

[2026-09-11 18:40:42.083]
[TELEMETRY] Motors: [0, 20, 0, 0] || Vision: CX:  0 CY:  0 W:  0 H:  0 Px:    0 || IMU: AX: -0.1 AY: -0.5 AZ: -8.8 TZ: -0.0 || Yaw Error:-28.7deg || Batt: 3.56V  || State: MANUAL   
[COMMAND] Mode: MANUAL                || Motors: [0, 20, 0, 0]
[LATENCY] Delta:  75.4ms | Avg:  40.4ms | Rate: 24.7 FPS | Queue: 0B

[2026-09-11 18:40:42.127]
[TELEMETRY] Motors: [0, 20, 0, 0] || Vision: CX:  0 CY:  0 W:  0 H:  0 Px:    0 || IMU: AX: -0.1 AY: -0.5 AZ: -8.8 TZ: -0.0 || Yaw Error:-28.7deg || Batt: 3.56V  || State: MANUAL   
[COMMAND] Mode: MANUAL                || Motors: [0, 20, 0, 0]
[LATENCY] Delta:  44.7ms | Avg:  40.7ms | Rate: 24.6 FPS | Queue: 0B

[2026-09-11 18:40:42.131]
[TELEMETRY] Motors: [0, 20, 0, 0] || Vision: CX:  0 CY:  0 W:  0 H:  0 Px:    0 || IMU: AX: -0.0 AY: -0.5 AZ: -8.7 TZ: -0.0 || Yaw Error:-28.7deg || Batt: 3.56V  || State: MANUAL   
[COMMAND] Mode: MANUAL                || Motors: [0, 20, 0, 0]
[LATENCY] Delta:   3.4ms | Avg:  40.6ms | Rate: 24.6 FPS | Queue: 0B

[2026-09-11 18:40:42.208]
[TELEMETRY] Motors: [0, 20, 0, 0] || Vision: CX:  0 CY:  0 W:  0 H:  0 Px:    0 || IMU: AX: -0.0 AY: -0.5 AZ: -8.7 TZ: -0.0 || Yaw Error:-28.7deg || Batt: 3.56V  || State: MANUAL   
[COMMAND] Mode: MANUAL                || Motors: [0, 20, 0, 0]
[LATENCY] Delta:  77.2ms | Avg:  40.9ms | Rate: 24.5 FPS | Queue: 0B

[2026-09-11 18:40:42.224]
[TELEMETRY] Motors: [0, 20, 0, 0] || Vision: CX:  0 CY:  0 W:  0 H:  0 Px:    0 || IMU: AX:  0.0 AY: -0.5 AZ: -8.7 TZ: -0.0 || Yaw Error:-28.7deg || Batt: 3.56V  || State: MANUAL   
[COMMAND] Mode: MANUAL                || Motors: [0, 20, 0, 0]
[LATENCY] Delta:  15.9ms | Avg:  40.7ms | Rate: 24.6 FPS | Queue: 0B

[2026-09-11 18:40:42.257]
[TELEMETRY] Motors: [0, 20, 0, 0] || Vision: CX:  0 CY:  0 W:  0 H:  0 Px:    0 || IMU: AX: -0.0 AY: -0.4 AZ: -8.7 TZ: -0.0 || Yaw Error:-28.7deg || Batt: 3.56V  || State: MANUAL   
[COMMAND] Mode: MANUAL                || Motors: [0, 20, 0, 0]
[LATENCY] Delta:  32.3ms | Avg:  40.8ms | Rate: 24.5 FPS | Queue: 0B

[2026-09-11 18:40:42.390]
[TELEMETRY] Motors: [0, 20, 0, 0] || Vision: CX:  0 CY:  0 W:  0 H:  0 Px:    0 || IMU: AX: -0.2 AY: -0.5 AZ: -8.7 TZ: -0.0 || Yaw Error:-28.7deg || Batt: 3.58V  || State: MANUAL   
[COMMAND] Mode: MANUAL                || Motors: [0, 20, 0, 0]
[LATENCY] Delta: 132.8ms | Avg:  41.0ms | Rate: 24.4 FPS | Queue: 0B

[2026-09-11 18:40:42.394]
[TELEMETRY] Motors: [0, 20, 0, 0] || Vision: CX:  0 CY:  0 W:  0 H:  0 Px:    0 || IMU: AX:  0.0 AY: -0.5 AZ: -8.7 TZ:  0.0 || Yaw Error:-28.7deg || Batt: 3.58V  || State: MANUAL   
[COMMAND] Mode: MANUAL                || Motors: [0, 20, 0, 0]
[LATENCY] Delta:   4.4ms | Avg:  40.8ms | Rate: 24.5 FPS | Queue: 0B

[2026-09-11 18:40:42.398]
[TELEMETRY] Motors: [0, 20, 0, 0] || Vision: CX:  0 CY:  0 W:  0 H:  0 Px:    0 || IMU: AX: -0.0 AY: -0.5 AZ: -8.7 TZ:  0.0 || Yaw Error:-28.7deg || Batt: 3.58V  || State: MANUAL   
[COMMAND] Mode: MANUAL                || Motors: [0, 20, 0, 0]
[LATENCY] Delta:   3.7ms | Avg:  40.8ms | Rate: 24.5 FPS | Queue: 0B

[2026-09-11 18:40:42.430]
[TELEMETRY] Motors: [0, 20, 0, 0] || Vision: CX:  0 CY:  0 W:  0 H:  0 Px:    0 || IMU: AX:  0.0 AY: -0.6 AZ: -8.7 TZ: -0.0 || Yaw Error:-28.7deg || Batt: 3.58V  || State: MANUAL   
[COMMAND] Mode: MANUAL                || Motors: [0, 20, 0, 0]
[LATENCY] Delta:  32.2ms | Avg:  40.7ms | Rate: 24.6 FPS | Queue: 0B

[2026-09-11 18:40:42.485]
[TELEMETRY] Motors: [0, 20, 0, 0] || Vision: CX:  0 CY:  0 W:  0 H:  0 Px:    0 || IMU: AX:  0.1 AY: -0.5 AZ: -8.6 TZ:  0.0 || Yaw Error:-28.7deg || Batt: 3.58V  || State: MANUAL   
[COMMAND] Mode: MANUAL                || Motors: [0, 20, 0, 0]
[LATENCY] Delta:  55.4ms | Avg:  40.9ms | Rate: 24.4 FPS | Queue: 0B

[2026-09-11 18:40:42.489]
[TELEMETRY] Motors: [0, 20, 0, 0] || Vision: CX:  0 CY:  0 W:  0 H:  0 Px:    0 || IMU: AX: -0.0 AY: -0.4 AZ: -8.7 TZ: -0.0 || Yaw Error:-28.7deg || Batt: 3.58V  || State: MANUAL   
[COMMAND] Mode: MANUAL                || Motors: [0, 20, 0, 0]
[LATENCY] Delta:   3.2ms | Avg:  40.4ms | Rate: 24.7 FPS | Queue: 0B

[2026-09-11 18:40:42.556]
[TELEMETRY] Motors: [0, 20, 0, 0] || Vision: CX:  0 CY:  0 W:  0 H:  0 Px:    0 || IMU: AX: -0.1 AY: -0.4 AZ: -8.7 TZ: -0.0 || Yaw Error:-28.7deg || Batt: 3.58V  || State: MANUAL   
[COMMAND] Mode: MANUAL                || Motors: [0, 20, 0, 0]
[LATENCY] Delta:  67.9ms | Avg:  40.7ms | Rate: 24.5 FPS | Queue: 0B

[2026-09-11 18:40:42.586]
[TELEMETRY] Motors: [0, 20, 0, 0] || Vision: CX:  0 CY:  0 W:  0 H:  0 Px:    0 || IMU: AX: -0.1 AY: -0.4 AZ: -8.7 TZ:  0.0 || Yaw Error:-28.7deg || Batt: 3.58V  || State: MANUAL   
[COMMAND] Mode: MANUAL                || Motors: [0, 20, 0, 0]
[LATENCY] Delta:  29.9ms | Avg:  40.5ms | Rate: 24.7 FPS | Queue: 0B

[2026-09-11 18:40:42.648]
[TELEMETRY] Motors: [0, 20, 0, 0] || Vision: CX:  0 CY:  0 W:  0 H:  0 Px:    0 || IMU: AX:  0.1 AY: -0.4 AZ: -8.6 TZ: -0.0 || Yaw Error:-28.7deg || Batt: 3.58V  || State: MANUAL   
[COMMAND] Mode: MANUAL                || Motors: [0, 20, 0, 0]
[LATENCY] Delta:  62.4ms | Avg:  40.8ms | Rate: 24.5 FPS | Queue: 0B

[2026-09-11 18:40:42.724]
[TELEMETRY] Motors: [0, 20, 0, 0] || Vision: CX:  0 CY:  0 W:  0 H:  0 Px:    0 || IMU: AX: -0.1 AY: -0.5 AZ: -8.6 TZ: -0.0 || Yaw Error:-28.7deg || Batt: 3.58V  || State: MANUAL   
[COMMAND] Mode: MANUAL                || Motors: [0, 20, 0, 0]
[LATENCY] Delta:  75.7ms | Avg:  41.1ms | Rate: 24.3 FPS | Queue: 0B

[2026-09-11 18:40:42.791]
[TELEMETRY] Motors: [0, 20, 0, 0] || Vision: CX:  0 CY:  0 W:  0 H:  0 Px:    0 || IMU: AX: -0.1 AY: -0.4 AZ: -8.7 TZ:  0.0 || Yaw Error:-28.7deg || Batt: 3.58V  || State: MANUAL   
[COMMAND] Mode: MANUAL                || Motors: [0, 20, 0, 0]
[LATENCY] Delta:  66.6ms | Avg:  40.9ms | Rate: 24.5 FPS | Queue: 0B

[2026-09-11 18:40:42.795]
[TELEMETRY] Motors: [0, 20, 0, 0] || Vision: CX:  0 CY:  0 W:  0 H:  0 Px:    0 || IMU: AX: -0.2 AY: -0.4 AZ: -8.8 TZ:  0.0 || Yaw Error:-28.7deg || Batt: 3.58V  || State: MANUAL   
[COMMAND] Mode: MANUAL                || Motors: [0, 20, 0, 0]
[LATENCY] Delta:   1.4ms | Avg:  40.8ms | Rate: 24.5 FPS | Queue: 0B

[2026-09-11 18:40:42.819]
[TELEMETRY] Motors: [0, 20, 0, 0] || Vision: CX:  0 CY:  0 W:  0 H:  0 Px:    0 || IMU: AX: -0.2 AY: -0.4 AZ: -8.7 TZ:  0.0 || Yaw Error:-28.7deg || Batt: 3.56V  || State: MANUAL   
[COMMAND] Mode: MANUAL                || Motors: [0, 20, 0, 0]
[LATENCY] Delta:  23.1ms | Avg:  40.8ms | Rate: 24.5 FPS | Queue: 0B

[2026-09-11 18:40:42.882]
[TELEMETRY] Motors: [0, 20, 0, 0] || Vision: CX:  0 CY:  0 W:  0 H:  0 Px:    0 || IMU: AX: -0.0 AY: -0.4 AZ: -8.6 TZ:  0.0 || Yaw Error:-28.7deg || Batt: 3.56V  || State: MANUAL   
[COMMAND] Mode: MANUAL                || Motors: [0, 20, 0, 0]
[LATENCY] Delta:  63.0ms | Avg:  40.9ms | Rate: 24.5 FPS | Queue: 0B

[2026-09-11 18:40:42.893]
[TELEMETRY] Motors: [0, 20, 0, 0] || Vision: CX:  0 CY:  0 W:  0 H:  0 Px:    0 || IMU: AX: -0.1 AY: -0.6 AZ: -8.7 TZ: -0.0 || Yaw Error:-28.7deg || Batt: 3.56V  || State: MANUAL   
[COMMAND] Mode: MANUAL                || Motors: [0, 20, 0, 0]
[LATENCY] Delta:  11.2ms | Avg:  40.7ms | Rate: 24.5 FPS | Queue: 0B

[2026-09-11 18:40:42.978]
[TELEMETRY] Motors: [0, 20, 0, 0] || Vision: CX:  0 CY:  0 W:  0 H:  0 Px:    0 || IMU: AX: -0.1 AY: -0.4 AZ: -8.8 TZ: -0.0 || Yaw Error:-28.7deg || Batt: 3.56V  || State: MANUAL   
[COMMAND] Mode: MANUAL                || Motors: [0, 20, 0, 0]
[LATENCY] Delta:  85.6ms | Avg:  41.0ms | Rate: 24.4 FPS | Queue: 0B

[2026-09-11 18:40:42.982]
[TELEMETRY] Motors: [0, 20, 0, 0] || Vision: CX:  0 CY:  0 W:  0 H:  0 Px:    0 || IMU: AX: -0.0 AY: -0.4 AZ: -8.8 TZ: -0.0 || Yaw Error:-28.7deg || Batt: 3.56V  || State: MANUAL   
[COMMAND] Mode: MANUAL                || Motors: [0, 20, 0, 0]
[LATENCY] Delta:   4.1ms | Avg:  40.9ms | Rate: 24.5 FPS | Queue: 0B

[2026-09-11 18:40:43.009]
[TELEMETRY] Motors: [0, 20, 0, 0] || Vision: CX:  0 CY:  0 W:  0 H:  0 Px:    0 || IMU: AX: -0.2 AY: -0.4 AZ: -8.7 TZ: -0.0 || Yaw Error:-28.7deg || Batt: 3.56V  || State: MANUAL   
[COMMAND] Mode: MANUAL                || Motors: [0, 20, 0, 0]
[LATENCY] Delta:  25.2ms | Avg:  40.8ms | Rate: 24.5 FPS | Queue: 0B

[2026-09-11 18:40:43.051]
[TELEMETRY] Motors: [0, 20, 0, 0] || Vision: CX:  0 CY:  0 W:  0 H:  0 Px:    0 || IMU: AX: -0.2 AY: -0.4 AZ: -8.8 TZ: -0.0 || Yaw Error:-28.7deg || Batt: 3.56V  || State: MANUAL   
[COMMAND] Mode: MANUAL                || Motors: [0, 20, 0, 0]
[LATENCY] Delta:  41.6ms | Avg:  40.7ms | Rate: 24.6 FPS | Queue: 0B

[2026-09-11 18:40:43.099]
[TELEMETRY] Motors: [0, 20, 0, 0] || Vision: CX:  0 CY:  0 W:  0 H:  0 Px:    0 || IMU: AX: -0.0 AY: -0.5 AZ: -8.7 TZ: -0.0 || Yaw Error:-28.7deg || Batt: 3.56V  || State: MANUAL   
[COMMAND] Mode: MANUAL                || Motors: [0, 20, 0, 0]
[LATENCY] Delta:  48.2ms | Avg:  40.5ms | Rate: 24.7 FPS | Queue: 0B

[2026-09-11 18:40:43.209]
[TELEMETRY] Motors: [0, 20, 0, 0] || Vision: CX:  0 CY:  0 W:  0 H:  0 Px:    0 || IMU: AX: -0.1 AY: -0.5 AZ: -8.7 TZ: -0.0 || Yaw Error:-28.7deg || Batt: 3.56V  || State: MANUAL   
[COMMAND] Mode: MANUAL                || Motors: [0, 20, 0, 0]
[LATENCY] Delta: 110.1ms | Avg:  41.1ms | Rate: 24.3 FPS | Queue: 0B

[2026-09-11 18:40:43.261]
[TELEMETRY] Motors: [0, 20, 0, 0] || Vision: CX:  0 CY:  0 W:  0 H:  0 Px:    0 || IMU: AX: -0.0 AY: -0.5 AZ: -8.7 TZ: -0.0 || Yaw Error:-28.7deg || Batt: 3.56V  || State: MANUAL   
[COMMAND] Mode: MANUAL                || Motors: [0, 20, 0, 0]
[LATENCY] Delta:  51.7ms | Avg:  41.2ms | Rate: 24.2 FPS | Queue: 0B

[2026-09-11 18:40:43.313]
[TELEMETRY] Motors: [0, 20, 0, 0] || Vision: CX:  0 CY:  0 W:  0 H:  0 Px:    0 || IMU: AX: -0.1 AY: -0.4 AZ: -8.7 TZ: -0.0 || Yaw Error:-28.7deg || Batt: 3.56V  || State: MANUAL   
[COMMAND] Mode: MANUAL                || Motors: [0, 20, 0, 0]
[LATENCY] Delta:  52.3ms | Avg:  41.3ms | Rate: 24.2 FPS | Queue: 0B

[2026-09-11 18:40:43.317]
[TELEMETRY] Motors: [0, 20, 0, 0] || Vision: CX:  0 CY:  0 W:  0 H:  0 Px:    0 || IMU: AX: -0.1 AY: -0.5 AZ: -8.7 TZ: -0.0 || Yaw Error:-28.7deg || Batt: 3.56V  || State: MANUAL   
[COMMAND] Mode: MANUAL                || Motors: [0, 20, 0, 0]
[LATENCY] Delta:   4.1ms | Avg:  41.0ms | Rate: 24.4 FPS | Queue: 0B

[2026-09-11 18:40:43.328]
[TELEMETRY] Motors: [0, 20, 0, 0] || Vision: CX:  0 CY:  0 W:  0 H:  0 Px:    0 || IMU: AX: -0.2 AY: -0.5 AZ: -8.8 TZ:  0.0 || Yaw Error:-28.7deg || Batt: 3.56V  || State: MANUAL   
[COMMAND] Mode: MANUAL                || Motors: [0, 20, 0, 0]
[LATENCY] Delta:  11.0ms | Avg:  40.5ms | Rate: 24.7 FPS | Queue: 0B

[2026-09-11 18:40:43.332]
[TELEMETRY] Motors: [0, 20, 0, 0] || Vision: CX:  0 CY:  0 W:  0 H:  0 Px:    0 || IMU: AX: -0.1 AY: -0.5 AZ: -8.7 TZ: -0.0 || Yaw Error:-28.7deg || Batt: 3.58V  || State: MANUAL   
[COMMAND] Mode: MANUAL                || Motors: [0, 20, 0, 0]
[LATENCY] Delta:   4.0ms | Avg:  40.5ms | Rate: 24.7 FPS | Queue: 0B

[2026-09-11 18:40:43.375]
[TELEMETRY] Motors: [0, 20, 0, 0] || Vision: CX:  0 CY:  0 W:  0 H:  0 Px:    0 || IMU: AX: -0.2 AY: -0.4 AZ: -8.8 TZ:  0.0 || Yaw Error:-28.7deg || Batt: 3.58V  || State: MANUAL   
[COMMAND] Mode: MANUAL                || Motors: [0, 20, 0, 0]
[LATENCY] Delta:  43.7ms | Avg:  40.7ms | Rate: 24.6 FPS | Queue: 0B

[2026-09-11 18:40:43.414]
[TELEMETRY] Motors: [0, 20, 0, 0] || Vision: CX:  0 CY:  0 W:  0 H:  0 Px:    0 || IMU: AX: -0.2 AY: -0.5 AZ: -8.7 TZ:  0.0 || Yaw Error:-28.7deg || Batt: 3.58V  || State: MANUAL   
[COMMAND] Mode: MANUAL                || Motors: [0, 20, 0, 0]
[LATENCY] Delta:  38.3ms | Avg:  40.8ms | Rate: 24.5 FPS | Queue: 0B

[2026-09-11 18:40:43.461]
[TELEMETRY] Motors: [0, 20, 0, 0] || Vision: CX:  0 CY:  0 W:  0 H:  0 Px:    0 || IMU: AX: -0.2 AY: -0.5 AZ: -8.7 TZ:  0.0 || Yaw Error:-28.7deg || Batt: 3.58V  || State: MANUAL   
[COMMAND] Mode: MANUAL                || Motors: [0, 20, 0, 0]
[LATENCY] Delta:  46.7ms | Avg:  40.7ms | Rate: 24.6 FPS | Queue: 0B

[2026-09-11 18:40:43.516]
[TELEMETRY] Motors: [0, 20, 0, 0] || Vision: CX:  0 CY:  0 W:  0 H:  0 Px:    0 || IMU: AX: -0.1 AY: -0.4 AZ: -8.8 TZ:  0.0 || Yaw Error:-28.7deg || Batt: 3.58V  || State: MANUAL   
[COMMAND] Mode: MANUAL                || Motors: [0, 20, 0, 0]
[LATENCY] Delta:  55.5ms | Avg:  39.9ms | Rate: 25.0 FPS | Queue: 0B

[2026-09-11 18:40:43.528]
[TELEMETRY] Motors: [0, 20, 0, 0] || Vision: CX:  0 CY:  0 W:  0 H:  0 Px:    0 || IMU: AX: -0.1 AY: -0.5 AZ: -8.8 TZ: -0.0 || Yaw Error:-28.7deg || Batt: 3.58V  || State: MANUAL   
[COMMAND] Mode: MANUAL                || Motors: [0, 20, 0, 0]
[LATENCY] Delta:  12.1ms | Avg:  39.9ms | Rate: 25.1 FPS | Queue: 0B

[2026-09-11 18:40:43.617]
[TELEMETRY] Motors: [0, 20, 0, 0] || Vision: CX:  0 CY:  0 W:  0 H:  0 Px:    0 || IMU: AX: -0.2 AY: -0.6 AZ: -8.8 TZ: -0.0 || Yaw Error:-28.7deg || Batt: 3.58V  || State: MANUAL   
[COMMAND] Mode: MANUAL                || Motors: [0, 20, 0, 0]
[LATENCY] Delta:  89.1ms | Avg:  40.3ms | Rate: 24.8 FPS | Queue: 0B

[2026-09-11 18:40:43.621]
[TELEMETRY] Motors: [0, 20, 0, 0] || Vision: CX:  0 CY:  0 W:  0 H:  0 Px:    0 || IMU: AX: -0.1 AY: -0.4 AZ: -8.8 TZ: -0.0 || Yaw Error:-28.7deg || Batt: 3.58V  || State: MANUAL   
[COMMAND] Mode: MANUAL                || Motors: [0, 20, 0, 0]
[LATENCY] Delta:   3.1ms | Avg:  39.7ms | Rate: 25.2 FPS | Queue: 0B

[2026-09-11 18:40:43.865]
[TELEMETRY] Motors: [0, 20, 0, 0] || Vision: CX:  0 CY:  0 W:  0 H:  0 Px:    0 || IMU: AX:  0.1 AY: -0.4 AZ: -8.7 TZ: -0.0 || Yaw Error:-28.7deg || Batt: 3.58V  || State: MANUAL   
[COMMAND] Mode: MANUAL                || Motors: [0, 20, 0, 0]
[LATENCY] Delta: 244.2ms | Avg:  40.9ms | Rate: 24.5 FPS | Queue: 0B

[2026-09-11 18:40:43.872]
[TELEMETRY] Motors: [0, 20, 0, 0] || Vision: CX:  0 CY:  0 W:  0 H:  0 Px:    0 || IMU: AX:  0.0 AY: -0.4 AZ: -8.7 TZ: -0.0 || Yaw Error:-28.7deg || Batt: 3.58V  || State: MANUAL   
[COMMAND] Mode: MANUAL                || Motors: [0, 20, 0, 0]
[LATENCY] Delta:   7.1ms | Avg:  40.9ms | Rate: 24.4 FPS | Queue: 0B

[2026-09-11 18:40:43.876]
[TELEMETRY] Motors: [0, 20, 0, 0] || Vision: CX:  0 CY:  0 W:  0 H:  0 Px:    0 || IMU: AX:  0.0 AY: -0.5 AZ: -8.6 TZ: -0.0 || Yaw Error:-28.7deg || Batt: 3.58V  || State: MANUAL   
[COMMAND] Mode: MANUAL                || Motors: [0, 20, 0, 0]
[LATENCY] Delta:   5.0ms | Avg:  40.8ms | Rate: 24.5 FPS | Queue: 0B

[2026-09-11 18:40:43.920]
[TELEMETRY] Motors: [0, 20, 0, 0] || Vision: CX:  0 CY:  0 W:  0 H:  0 Px:    0 || IMU: AX: -0.1 AY: -0.5 AZ: -8.7 TZ: -0.0 || Yaw Error:-28.7deg || Batt: 3.58V  || State: MANUAL   
[COMMAND] Mode: MANUAL                || Motors: [0, 20, 0, 0]
[LATENCY] Delta:  43.0ms | Avg:  40.9ms | Rate: 24.4 FPS | Queue: 0B

[2026-09-11 18:40:43.926]
[TELEMETRY] Motors: [0, 20, 0, 0] || Vision: CX:  0 CY:  0 W:  0 H:  0 Px:    0 || IMU: AX: -0.1 AY: -0.5 AZ: -8.8 TZ: -0.0 || Yaw Error:-28.7deg || Batt: 3.58V  || State: MANUAL   
[COMMAND] Mode: MANUAL                || Motors: [0, 20, 0, 0]
[LATENCY] Delta:   6.0ms | Avg:  40.8ms | Rate: 24.5 FPS | Queue: 0B

[2026-09-11 18:40:44.033]
[TELEMETRY] Motors: [0, 20, 0, 0] || Vision: CX:  0 CY:  0 W:  0 H:  0 Px:    0 || IMU: AX: -0.1 AY: -0.5 AZ: -8.7 TZ: -0.0 || Yaw Error:-28.7deg || Batt: 3.56V  || State: MANUAL   
[COMMAND] Mode: MANUAL                || Motors: [0, 20, 0, 0]
[LATENCY] Delta: 107.1ms | Avg:  41.1ms | Rate: 24.3 FPS | Queue: 0B

[2026-09-11 18:40:44.170]
[TELEMETRY] Motors: [0, 20, 0, 0] || Vision: CX:  0 CY:  0 W:  0 H:  0 Px:    0 || IMU: AX:  0.0 AY: -0.4 AZ: -8.8 TZ: -0.0 || Yaw Error:-28.7deg || Batt: 3.56V  || State: MANUAL   
[COMMAND] Mode: MANUAL                || Motors: [0, 20, 0, 0]
[LATENCY] Delta: 136.3ms | Avg:  41.7ms | Rate: 24.0 FPS | Queue: 0B

[2026-09-11 18:40:44.174]
[TELEMETRY] Motors: [0, 20, 0, 0] || Vision: CX:  0 CY:  0 W:  0 H:  0 Px:    0 || IMU: AX:  0.0 AY: -0.4 AZ: -8.7 TZ:  0.0 || Yaw Error:-28.7deg || Batt: 3.56V  || State: MANUAL   
[COMMAND] Mode: MANUAL                || Motors: [0, 20, 0, 0]
[LATENCY] Delta:   0.1ms | Avg:  41.4ms | Rate: 24.2 FPS | Queue: 0B

[2026-09-11 18:40:44.233]
[TELEMETRY] Motors: [0, 20, 0, 0] || Vision: CX:  0 CY:  0 W:  0 H:  0 Px:    0 || IMU: AX: -0.1 AY: -0.4 AZ: -8.8 TZ:  0.0 || Yaw Error:-28.7deg || Batt: 3.56V  || State: MANUAL   
[COMMAND] Mode: MANUAL                || Motors: [0, 20, 0, 0]
[LATENCY] Delta:  58.6ms | Avg:  41.6ms | Rate: 24.0 FPS | Queue: 0B

[2026-09-11 18:40:44.237]
[TELEMETRY] Motors: [0, 20, 0, 0] || Vision: CX:  0 CY:  0 W:  0 H:  0 Px:    0 || IMU: AX: -0.1 AY: -0.4 AZ: -8.7 TZ:  0.0 || Yaw Error:-28.7deg || Batt: 3.56V  || State: MANUAL   
[COMMAND] Mode: MANUAL                || Motors: [0, 20, 0, 0]
[LATENCY] Delta:   3.8ms | Avg:  41.6ms | Rate: 24.0 FPS | Queue: 0B

[2026-09-11 18:40:44.242]
[TELEMETRY] Motors: [0, 20, 0, 0] || Vision: CX:  0 CY:  0 W:  0 H:  0 Px:    0 || IMU: AX: -0.1 AY: -0.4 AZ: -8.7 TZ:  0.0 || Yaw Error:-28.7deg || Batt: 3.56V  || State: MANUAL   
[COMMAND] Mode: MANUAL                || Motors: [0, 20, 0, 0]
[LATENCY] Delta:   4.3ms | Avg:  41.4ms | Rate: 24.1 FPS | Queue: 4B

[2026-09-11 18:40:44.246]
[TELEMETRY] Motors: [0, 20, 0, 0] || Vision: CX:  0 CY:  0 W:  0 H:  0 Px:    0 || IMU: AX: -0.1 AY: -0.4 AZ: -8.8 TZ:  0.0 || Yaw Error:-28.7deg || Batt: 3.56V  || State: MANUAL   
[COMMAND] Mode: MANUAL                || Motors: [0, 20, 0, 0]
[LATENCY] Delta:   4.4ms | Avg:  41.3ms | Rate: 24.2 FPS | Queue: 0B

[2026-09-11 18:40:44.291]
[TELEMETRY] Motors: [0, 20, 0, 0] || Vision: CX:  0 CY:  0 W:  0 H:  0 Px:    0 || IMU: AX: -0.1 AY: -0.3 AZ: -8.7 TZ:  0.0 || Yaw Error:-28.7deg || Batt: 3.56V  || State: MANUAL   
[COMMAND] Mode: MANUAL                || Motors: [0, 20, 0, 0]
[LATENCY] Delta:  45.8ms | Avg:  41.2ms | Rate: 24.2 FPS | Queue: 0B

[2026-09-11 18:40:44.296]
[TELEMETRY] Motors: [0, 20, 0, 0] || Vision: CX:  0 CY:  0 W:  0 H:  0 Px:    0 || IMU: AX: -0.0 AY: -0.4 AZ: -8.7 TZ: -0.0 || Yaw Error:-28.7deg || Batt: 3.56V  || State: MANUAL   
[COMMAND] Mode: MANUAL                || Motors: [0, 20, 0, 0]
[LATENCY] Delta:   0.1ms | Avg:  40.8ms | Rate: 24.5 FPS | Queue: 0B

[2026-09-11 18:40:44.299]
[TELEMETRY] Motors: [0, 20, 0, 0] || Vision: CX:  0 CY:  0 W:  0 H:  0 Px:    0 || IMU: AX: -0.1 AY: -0.4 AZ: -8.7 TZ: -0.0 || Yaw Error:-28.7deg || Batt: 3.56V  || State: MANUAL   
[COMMAND] Mode: MANUAL                || Motors: [0, 20, 0, 0]
[LATENCY] Delta:   1.7ms | Avg:  40.8ms | Rate: 24.5 FPS | Queue: 0B

[2026-09-11 18:40:44.329]
[TELEMETRY] Motors: [0, 20, 0, 0] || Vision: CX:  0 CY:  0 W:  0 H:  0 Px:    0 || IMU: AX: -0.2 AY: -0.5 AZ: -8.8 TZ: -0.0 || Yaw Error:-28.7deg || Batt: 3.56V  || State: MANUAL   
[COMMAND] Mode: MANUAL                || Motors: [0, 20, 0, 0]
[LATENCY] Delta:  31.9ms | Avg:  40.5ms | Rate: 24.7 FPS | Queue: 0B

[2026-09-11 18:40:44.438]
[TELEMETRY] Motors: [0, 20, 0, 0] || Vision: CX:  0 CY:  0 W:  0 H:  0 Px:    0 || IMU: AX: -0.3 AY: -0.5 AZ: -8.8 TZ: -0.0 || Yaw Error:-28.7deg || Batt: 3.56V  || State: MANUAL   
[COMMAND] Mode: MANUAL                || Motors: [0, 20, 0, 0]
[LATENCY] Delta: 108.4ms | Avg:  40.7ms | Rate: 24.6 FPS | Queue: 0B

[2026-09-11 18:40:44.442]
[TELEMETRY] Motors: [0, 20, 0, 0] || Vision: CX:  0 CY:  0 W:  0 H:  0 Px:    0 || IMU: AX: -0.1 AY: -0.5 AZ: -8.8 TZ: -0.0 || Yaw Error:-28.7deg || Batt: 3.56V  || State: MANUAL   
[COMMAND] Mode: MANUAL                || Motors: [0, 20, 0, 0]
[LATENCY] Delta:   4.2ms | Avg:  40.7ms | Rate: 24.6 FPS | Queue: 0B

[2026-09-11 18:40:44.542]
[TELEMETRY] Motors: [0, 20, 0, 0] || Vision: CX:  0 CY:  0 W:  0 H:  0 Px:    0 || IMU: AX:  0.1 AY: -0.5 AZ: -8.7 TZ: -0.0 || Yaw Error:-28.7deg || Batt: 3.56V  || State: MANUAL   
[COMMAND] Mode: MANUAL                || Motors: [0, 20, 0, 0]
[LATENCY] Delta: 100.1ms | Avg:  41.2ms | Rate: 24.3 FPS | Queue: 0B

[2026-09-11 18:40:44.590]
[TELEMETRY] Motors: [0, 20, 0, 0] || Vision: CX:  0 CY:  0 W:  0 H:  0 Px:    0 || IMU: AX: -0.1 AY: -0.4 AZ: -8.7 TZ: -0.0 || Yaw Error:-28.7deg || Batt: 3.56V  || State: MANUAL   
[COMMAND] Mode: MANUAL                || Motors: [0, 20, 0, 0]
[LATENCY] Delta:  47.7ms | Avg:  41.2ms | Rate: 24.3 FPS | Queue: 0B

[2026-09-11 18:40:44.668]
[TELEMETRY] Motors: [0, 20, 0, 0] || Vision: CX:  0 CY:  0 W:  0 H:  0 Px:    0 || IMU: AX: -0.0 AY: -0.5 AZ: -8.8 TZ: -0.0 || Yaw Error:-28.7deg || Batt: 3.56V  || State: MANUAL   
[COMMAND] Mode: MANUAL                || Motors: [0, 20, 0, 0]
[LATENCY] Delta:  78.2ms | Avg:  41.5ms | Rate: 24.1 FPS | Queue: 0B

[2026-09-11 18:40:44.672]
[TELEMETRY] Motors: [0, 20, 0, 0] || Vision: CX:  0 CY:  0 W:  0 H:  0 Px:    0 || IMU: AX: -0.2 AY: -0.5 AZ: -8.8 TZ: -0.0 || Yaw Error:-28.7deg || Batt: 3.56V  || State: MANUAL   
[COMMAND] Mode: MANUAL                || Motors: [0, 20, 0, 0]
[LATENCY] Delta:   2.6ms | Avg:  41.1ms | Rate: 24.3 FPS | Queue: 0B

[2026-09-11 18:40:44.684]
[TELEMETRY] Motors: [0, 20, 0, 0] || Vision: CX:  0 CY:  0 W:  0 H:  0 Px:    0 || IMU: AX: -0.1 AY: -0.4 AZ: -8.8 TZ: -0.0 || Yaw Error:-28.7deg || Batt: 3.56V  || State: MANUAL   
[COMMAND] Mode: MANUAL                || Motors: [0, 20, 0, 0]
[LATENCY] Delta:  13.5ms | Avg:  41.0ms | Rate: 24.4 FPS | Queue: 0B

[2026-09-11 18:40:44.690]
[TELEMETRY] Motors: [0, 20, 0, 0] || Vision: CX:  0 CY:  0 W:  0 H:  0 Px:    0 || IMU: AX: -0.1 AY: -0.4 AZ: -8.7 TZ:  0.0 || Yaw Error:-28.7deg || Batt: 3.56V  || State: MANUAL   
[COMMAND] Mode: MANUAL                || Motors: [0, 20, 0, 0]
[LATENCY] Delta:   4.2ms | Avg:  40.8ms | Rate: 24.5 FPS | Queue: 0B

[2026-09-11 18:40:44.740]
[TELEMETRY] Motors: [0, 20, 0, 0] || Vision: CX:  0 CY:  0 W:  0 H:  0 Px:    0 || IMU: AX: -0.1 AY: -0.5 AZ: -8.6 TZ: -0.0 || Yaw Error:-28.7deg || Batt: 3.56V  || State: MANUAL   
[COMMAND] Mode: MANUAL                || Motors: [0, 20, 0, 0]
[LATENCY] Delta:  50.0ms | Avg:  40.5ms | Rate: 24.7 FPS | Queue: 0B

[2026-09-11 18:40:44.802]
[TELEMETRY] Motors: [0, 20, 0, 0] || Vision: CX:  0 CY:  0 W:  0 H:  0 Px:    0 || IMU: AX: -0.0 AY: -0.5 AZ: -8.8 TZ:  0.0 || Yaw Error:-28.7deg || Batt: 3.56V  || State: MANUAL   
[COMMAND] Mode: MANUAL                || Motors: [0, 20, 0, 0]
[LATENCY] Delta:  62.9ms | Avg:  40.8ms | Rate: 24.5 FPS | Queue: 0B

[2026-09-11 18:40:44.813]
[TELEMETRY] Motors: [0, 20, 0, 0] || Vision: CX:  0 CY:  0 W:  0 H:  0 Px:    0 || IMU: AX: -0.1 AY: -0.6 AZ: -8.7 TZ:  0.0 || Yaw Error:-28.7deg || Batt: 3.56V  || State: MANUAL   
[COMMAND] Mode: MANUAL                || Motors: [0, 20, 0, 0]
[LATENCY] Delta:  10.4ms | Avg:  40.8ms | Rate: 24.5 FPS | Queue: 0B

[2026-09-11 18:40:44.846]
[TELEMETRY] Motors: [0, 20, 0, 0] || Vision: CX:  0 CY:  0 W:  0 H:  0 Px:    0 || IMU: AX: -0.2 AY: -0.5 AZ: -8.7 TZ:  0.0 || Yaw Error:-28.7deg || Batt: 3.56V  || State: MANUAL   
[COMMAND] Mode: MANUAL                || Motors: [0, 20, 0, 0]
[LATENCY] Delta:  32.9ms | Avg:  40.6ms | Rate: 24.6 FPS | Queue: 0B

[2026-09-11 18:40:44.926]
[TELEMETRY] Motors: [0, 20, 0, 0] || Vision: CX:  0 CY:  0 W:  0 H:  0 Px:    0 || IMU: AX: -0.2 AY: -0.5 AZ: -8.7 TZ:  0.0 || Yaw Error:-28.7deg || Batt: 3.56V  || State: MANUAL   
[COMMAND] Mode: MANUAL                || Motors: [0, 20, 0, 0]
[LATENCY] Delta:  79.5ms | Avg:  41.0ms | Rate: 24.4 FPS | Queue: 0B

[2026-09-11 18:40:44.949]
[TELEMETRY] Motors: [0, 20, 0, 0] || Vision: CX:  0 CY:  0 W:  0 H:  0 Px:    0 || IMU: AX: -0.2 AY: -0.5 AZ: -8.7 TZ:  0.0 || Yaw Error:-28.7deg || Batt: 3.56V  || State: MANUAL   
[COMMAND] Mode: MANUAL                || Motors: [0, 20, 0, 0]
[LATENCY] Delta:  24.6ms | Avg:  40.7ms | Rate: 24.6 FPS | Queue: 0B

[2026-09-11 18:40:44.996]
[TELEMETRY] Motors: [0, 20, 0, 0] || Vision: CX:  0 CY:  0 W:  0 H:  0 Px:    0 || IMU: AX: -0.1 AY: -0.5 AZ: -8.8 TZ:  0.0 || Yaw Error:-28.7deg || Batt: 3.56V  || State: MANUAL   
[COMMAND] Mode: MANUAL                || Motors: [0, 20, 0, 0]
[LATENCY] Delta:  45.9ms | Avg:  40.9ms | Rate: 24.5 FPS | Queue: 0B

[2026-09-11 18:40:45.130]
[TELEMETRY] Motors: [0, 20, 0, 0] || Vision: CX:  0 CY:  0 W:  0 H:  0 Px:    0 || IMU: AX: -0.0 AY: -0.4 AZ: -8.7 TZ:  0.0 || Yaw Error:-28.7deg || Batt: 3.56V  || State: MANUAL   
[COMMAND] Mode: MANUAL                || Motors: [0, 20, 0, 0]
[LATENCY] Delta: 134.6ms | Avg:  41.4ms | Rate: 24.2 FPS | Queue: 0B

[2026-09-11 18:40:45.150]
[TELEMETRY] Motors: [0, 20, 0, 0] || Vision: CX:  0 CY:  0 W:  0 H:  0 Px:    0 || IMU: AX: -0.0 AY: -0.5 AZ: -8.7 TZ: -0.0 || Yaw Error:-28.7deg || Batt: 3.56V  || State: MANUAL   
[COMMAND] Mode: MANUAL                || Motors: [0, 20, 0, 0]
[LATENCY] Delta:  18.5ms | Avg:  41.3ms | Rate: 24.2 FPS | Queue: 0B

[2026-09-11 18:40:45.156]
[TELEMETRY] Motors: [0, 20, 0, 0] || Vision: CX:  0 CY:  0 W:  0 H:  0 Px:    0 || IMU: AX: -0.1 AY: -0.4 AZ: -8.8 TZ: -0.0 || Yaw Error:-28.7deg || Batt: 3.56V  || State: MANUAL   
[COMMAND] Mode: MANUAL                || Motors: [0, 20, 0, 0]
[LATENCY] Delta:   0.1ms | Avg:  40.9ms | Rate: 24.4 FPS | Queue: 0B

[2026-09-11 18:40:45.203]
[TELEMETRY] Motors: [0, 20, 0, 0] || Vision: CX:  0 CY:  0 W:  0 H:  0 Px:    0 || IMU: AX: -0.2 AY: -0.5 AZ: -8.7 TZ: -0.0 || Yaw Error:-28.7deg || Batt: 3.56V  || State: MANUAL   
[COMMAND] Mode: MANUAL                || Motors: [0, 20, 0, 0]
[LATENCY] Delta:  49.2ms | Avg:  40.8ms | Rate: 24.5 FPS | Queue: 0B

[2026-09-11 18:40:45.233]
[TELEMETRY] Motors: [0, 20, 0, 0] || Vision: CX:  0 CY:  0 W:  0 H:  0 Px:    0 || IMU: AX: -0.2 AY: -0.6 AZ: -8.7 TZ: -0.0 || Yaw Error:-28.7deg || Batt: 3.56V  || State: MANUAL   
[COMMAND] Mode: MANUAL                || Motors: [0, 20, 0, 0]
[LATENCY] Delta:  30.1ms | Avg:  40.9ms | Rate: 24.5 FPS | Queue: 0B

[2026-09-11 18:40:45.259]
[TELEMETRY] Motors: [0, 20, 0, 0] || Vision: CX:  0 CY:  0 W:  0 H:  0 Px:    0 || IMU: AX:  0.0 AY: -0.5 AZ: -8.7 TZ: -0.0 || Yaw Error:-28.7deg || Batt: 3.56V  || State: MANUAL   
[COMMAND] Mode: MANUAL                || Motors: [0, 20, 0, 0]
[LATENCY] Delta:  25.2ms | Avg:  40.5ms | Rate: 24.7 FPS | Queue: 0B

[2026-09-11 18:40:45.360]
[TELEMETRY] Motors: [0, 20, 0, 0] || Vision: CX:  0 CY:  0 W:  0 H:  0 Px:    0 || IMU: AX: -0.0 AY: -0.3 AZ: -8.8 TZ: -0.0 || Yaw Error:-28.7deg || Batt: 3.56V  || State: MANUAL   
[COMMAND] Mode: MANUAL                || Motors: [0, 20, 0, 0]
[LATENCY] Delta: 101.1ms | Avg:  41.0ms | Rate: 24.4 FPS | Queue: 0B

[2026-09-11 18:40:45.462]
[TELEMETRY] Motors: [0, 20, 0, 0] || Vision: CX:  0 CY:  0 W:  0 H:  0 Px:    0 || IMU: AX:  0.1 AY: -0.4 AZ: -8.7 TZ: -0.0 || Yaw Error:-28.7deg || Batt: 3.56V  || State: MANUAL   
[COMMAND] Mode: MANUAL                || Motors: [0, 20, 0, 0]
[LATENCY] Delta: 102.1ms | Avg:  41.5ms | Rate: 24.1 FPS | Queue: 0B

[2026-09-11 18:40:45.505]
[TELEMETRY] Motors: [0, 20, 0, 0] || Vision: CX:  0 CY:  0 W:  0 H:  0 Px:    0 || IMU: AX:  0.0 AY: -0.3 AZ: -8.7 TZ: -0.0 || Yaw Error:-28.7deg || Batt: 3.56V  || State: MANUAL   
[COMMAND] Mode: MANUAL                || Motors: [0, 20, 0, 0]
[LATENCY] Delta:  42.6ms | Avg:  41.2ms | Rate: 24.3 FPS | Queue: 0B

[2026-09-11 18:40:45.509]
[TELEMETRY] Motors: [0, 20, 0, 0] || Vision: CX:  0 CY:  0 W:  0 H:  0 Px:    0 || IMU: AX: -0.1 AY: -0.6 AZ: -8.6 TZ: -0.0 || Yaw Error:-28.7deg || Batt: 3.56V  || State: MANUAL   
[COMMAND] Mode: MANUAL                || Motors: [0, 20, 0, 0]
[LATENCY] Delta:   0.3ms | Avg:  41.0ms | Rate: 24.4 FPS | Queue: 0B

[2026-09-11 18:40:45.513]
[TELEMETRY] Motors: [0, 20, 0, 0] || Vision: CX:  0 CY:  0 W:  0 H:  0 Px:    0 || IMU: AX: -0.0 AY: -0.5 AZ: -8.6 TZ: -0.0 || Yaw Error:-28.7deg || Batt: 3.56V  || State: MANUAL   
[COMMAND] Mode: MANUAL                || Motors: [0, 20, 0, 0]
[LATENCY] Delta:   4.8ms | Avg:  40.5ms | Rate: 24.7 FPS | Queue: 0B

[2026-09-11 18:40:45.557]
[TELEMETRY] Motors: [0, 20, 0, 0] || Vision: CX:  0 CY:  0 W:  0 H:  0 Px:    0 || IMU: AX: -0.1 AY: -0.5 AZ: -8.6 TZ: -0.0 || Yaw Error:-28.7deg || Batt: 3.56V  || State: MANUAL   
[COMMAND] Mode: MANUAL                || Motors: [0, 20, 0, 0]
[LATENCY] Delta:  44.2ms | Avg:  40.7ms | Rate: 24.6 FPS | Queue: 0B

[2026-09-11 18:40:45.606]
[TELEMETRY] Motors: [0, 20, 0, 0] || Vision: CX:  0 CY:  0 W:  0 H:  0 Px:    0 || IMU: AX: -0.1 AY: -0.4 AZ: -8.8 TZ:  0.0 || Yaw Error:-28.7deg || Batt: 3.56V  || State: MANUAL   
[COMMAND] Mode: MANUAL                || Motors: [0, 20, 0, 0]
[LATENCY] Delta:  48.5ms | Avg:  40.9ms | Rate: 24.4 FPS | Queue: 0B

[2026-09-11 18:40:45.610]
[TELEMETRY] Motors: [0, 20, 0, 0] || Vision: CX:  0 CY:  0 W:  0 H:  0 Px:    0 || IMU: AX: -0.1 AY: -0.4 AZ: -8.8 TZ:  0.0 || Yaw Error:-28.7deg || Batt: 3.56V  || State: MANUAL   
[COMMAND] Mode: MANUAL                || Motors: [0, 20, 0, 0]
[LATENCY] Delta:   4.3ms | Avg:  40.7ms | Rate: 24.6 FPS | Queue: 0B

[2026-09-11 18:40:45.667]
[TELEMETRY] Motors: [0, 20, 0, 0] || Vision: CX:  0 CY:  0 W:  0 H:  0 Px:    0 || IMU: AX: -0.1 AY: -0.4 AZ: -8.9 TZ:  0.0 || Yaw Error:-28.7deg || Batt: 3.56V  || State: MANUAL   
[COMMAND] Mode: MANUAL                || Motors: [0, 20, 0, 0]
[LATENCY] Delta:  56.3ms | Avg:  40.8ms | Rate: 24.5 FPS | Queue: 0B

[2026-09-11 18:40:45.825]
[TELEMETRY] Motors: [0, 20, 0, 0] || Vision: CX:  0 CY:  0 W:  0 H:  0 Px:    0 || IMU: AX: -0.1 AY: -0.5 AZ: -8.8 TZ:  0.0 || Yaw Error:-28.7deg || Batt: 3.56V  || State: MANUAL   
[COMMAND] Mode: MANUAL                || Motors: [0, 20, 0, 0]
[LATENCY] Delta: 158.2ms | Avg:  41.3ms | Rate: 24.2 FPS | Queue: 0B

[2026-09-11 18:40:45.849]
[TELEMETRY] Motors: [0, 20, 0, 0] || Vision: CX:  0 CY:  0 W:  0 H:  0 Px:    0 || IMU: AX: -0.0 AY: -0.5 AZ: -8.7 TZ:  0.0 || Yaw Error:-28.7deg || Batt: 3.56V  || State: MANUAL   
[COMMAND] Mode: MANUAL                || Motors: [0, 20, 0, 0]
[LATENCY] Delta:  25.3ms | Avg:  40.9ms | Rate: 24.5 FPS | Queue: 0B

[2026-09-11 18:40:45.854]
[TELEMETRY] Motors: [0, 20, 0, 0] || Vision: CX:  0 CY:  0 W:  0 H:  0 Px:    0 || IMU: AX: -0.0 AY: -0.5 AZ: -8.6 TZ:  0.0 || Yaw Error:-28.7deg || Batt: 3.56V  || State: MANUAL   
[COMMAND] Mode: MANUAL                || Motors: [0, 20, 0, 0]
[LATENCY] Delta:   4.4ms | Avg:  40.8ms | Rate: 24.5 FPS | Queue: 0B

[2026-09-11 18:40:45.862]
[TELEMETRY] Motors: [0, 20, 0, 0] || Vision: CX:  0 CY:  0 W:  0 H:  0 Px:    0 || IMU: AX: -0.0 AY: -0.4 AZ: -8.6 TZ:  0.0 || Yaw Error:-28.7deg || Batt: 3.56V  || State: MANUAL   
[COMMAND] Mode: MANUAL                || Motors: [0, 20, 0, 0]
[LATENCY] Delta:   8.1ms | Avg:  40.9ms | Rate: 24.5 FPS | Queue: 0B

[2026-09-11 18:40:45.867]
[TELEMETRY] Motors: [0, 20, 0, 0] || Vision: CX:  0 CY:  0 W:  0 H:  0 Px:    0 || IMU: AX: -0.2 AY: -0.5 AZ: -8.6 TZ:  0.0 || Yaw Error:-28.7deg || Batt: 3.56V  || State: MANUAL   
[COMMAND] Mode: MANUAL                || Motors: [0, 20, 0, 0]
[LATENCY] Delta:   3.3ms | Avg:  40.7ms | Rate: 24.6 FPS | Queue: 0B

[2026-09-11 18:40:45.930]
[TELEMETRY] Motors: [0, 20, 0, 0] || Vision: CX:  0 CY:  0 W:  0 H:  0 Px:    0 || IMU: AX: -0.3 AY: -0.6 AZ: -8.7 TZ: -0.0 || Yaw Error:-28.7deg || Batt: 3.56V  || State: MANUAL   
[COMMAND] Mode: MANUAL                || Motors: [0, 20, 0, 0]
[LATENCY] Delta:  64.1ms | Avg:  40.8ms | Rate: 24.5 FPS | Queue: 0B

[2026-09-11 18:40:45.934]
[TELEMETRY] Motors: [0, 20, 0, 0] || Vision: CX:  0 CY:  0 W:  0 H:  0 Px:    0 || IMU: AX: -0.1 AY: -0.4 AZ: -8.8 TZ: -0.0 || Yaw Error:-28.7deg || Batt: 3.56V  || State: MANUAL   
[COMMAND] Mode: MANUAL                || Motors: [0, 20, 0, 0]
[LATENCY] Delta:   1.6ms | Avg:  40.6ms | Rate: 24.6 FPS | Queue: 0B

[2026-09-11 18:40:45.978]
[TELEMETRY] Motors: [0, 20, 0, 0] || Vision: CX:  0 CY:  0 W:  0 H:  0 Px:    0 || IMU: AX: -0.3 AY: -0.5 AZ: -9.0 TZ: -0.0 || Yaw Error:-28.7deg || Batt: 3.56V  || State: MANUAL   
[COMMAND] Mode: MANUAL                || Motors: [0, 20, 0, 0]
[LATENCY] Delta:  45.5ms | Avg:  40.8ms | Rate: 24.5 FPS | Queue: 0B

[2026-09-11 18:40:46.072]
[TELEMETRY] Motors: [0, 20, 0, 0] || Vision: CX:  0 CY:  0 W:  0 H:  0 Px:    0 || IMU: AX: -0.3 AY: -0.3 AZ: -8.8 TZ: -0.0 || Yaw Error:-28.7deg || Batt: 3.56V  || State: MANUAL   
[COMMAND] Mode: MANUAL                || Motors: [0, 20, 0, 0]
[LATENCY] Delta:  94.0ms | Avg:  41.0ms | Rate: 24.4 FPS | Queue: 0B

[2026-09-11 18:40:46.076]
[TELEMETRY] Motors: [0, 20, 0, 0] || Vision: CX:  0 CY:  0 W:  0 H:  0 Px:    0 || IMU: AX: -0.1 AY: -0.4 AZ: -8.8 TZ: -0.0 || Yaw Error:-28.7deg || Batt: 3.56V  || State: MANUAL   
[COMMAND] Mode: MANUAL                || Motors: [0, 20, 0, 0]
[LATENCY] Delta:   4.4ms | Avg:  40.8ms | Rate: 24.5 FPS | Queue: 0B

[2026-09-11 18:40:46.086]
[TELEMETRY] Motors: [0, 20, 0, 0] || Vision: CX:  0 CY:  0 W:  0 H:  0 Px:    0 || IMU: AX: -0.1 AY: -0.3 AZ: -8.7 TZ: -0.0 || Yaw Error:-28.7deg || Batt: 3.56V  || State: MANUAL   
[COMMAND] Mode: MANUAL                || Motors: [0, 20, 0, 0]
[LATENCY] Delta:  10.9ms | Avg:  40.5ms | Rate: 24.7 FPS | Queue: 0B

[2026-09-11 18:40:46.155]
[TELEMETRY] Motors: [0, 20, 0, 0] || Vision: CX:  0 CY:  0 W:  0 H:  0 Px:    0 || IMU: AX: -0.1 AY: -0.5 AZ: -8.7 TZ: -0.0 || Yaw Error:-28.7deg || Batt: 3.56V  || State: MANUAL   
[COMMAND] Mode: MANUAL                || Motors: [0, 20, 0, 0]
[LATENCY] Delta:  69.2ms | Avg:  40.3ms | Rate: 24.8 FPS | Queue: 0B

[2026-09-11 18:40:46.172]
[TELEMETRY] Motors: [0, 20, 0, 0] || Vision: CX:  0 CY:  0 W:  0 H:  0 Px:    0 || IMU: AX: -0.1 AY: -0.5 AZ: -8.8 TZ: -0.0 || Yaw Error:-28.7deg || Batt: 3.56V  || State: MANUAL   
[COMMAND] Mode: MANUAL                || Motors: [0, 20, 0, 0]
[LATENCY] Delta:  15.6ms | Avg:  40.4ms | Rate: 24.8 FPS | Queue: 0B

[2026-09-11 18:40:46.280]
[TELEMETRY] Motors: [0, 20, 0, 0] || Vision: CX:  0 CY:  0 W:  0 H:  0 Px:    0 || IMU: AX: -0.2 AY: -0.5 AZ: -8.7 TZ: -0.0 || Yaw Error:-28.7deg || Batt: 3.56V  || State: MANUAL   
[COMMAND] Mode: MANUAL                || Motors: [0, 20, 0, 0]
[LATENCY] Delta: 108.7ms | Avg:  40.7ms | Rate: 24.6 FPS | Queue: 0B

[2026-09-11 18:40:46.324]
[TELEMETRY] Motors: [0, 20, 0, 0] || Vision: CX:  0 CY:  0 W:  0 H:  0 Px:    0 || IMU: AX: -0.2 AY: -0.4 AZ: -8.6 TZ: -0.0 || Yaw Error:-28.7deg || Batt: 3.56V  || State: MANUAL   
[COMMAND] Mode: MANUAL                || Motors: [0, 20, 0, 0]
[LATENCY] Delta:  42.7ms | Avg:  40.9ms | Rate: 24.4 FPS | Queue: 0B

[2026-09-11 18:40:46.329]
[TELEMETRY] Motors: [0, 20, 0, 0] || Vision: CX:  0 CY:  0 W:  0 H:  0 Px:    0 || IMU: AX: -0.1 AY: -0.4 AZ: -8.7 TZ:  0.0 || Yaw Error:-28.7deg || Batt: 3.56V  || State: MANUAL   
[COMMAND] Mode: MANUAL                || Motors: [0, 20, 0, 0]
[LATENCY] Delta:   5.3ms | Avg:  40.7ms | Rate: 24.6 FPS | Queue: 0B

[2026-09-11 18:40:46.334]
[TELEMETRY] Motors: [0, 20, 0, 0] || Vision: CX:  0 CY:  0 W:  0 H:  0 Px:    0 || IMU: AX: -0.1 AY: -0.5 AZ: -8.7 TZ:  0.0 || Yaw Error:-28.7deg || Batt: 3.56V  || State: MANUAL   
[COMMAND] Mode: MANUAL                || Motors: [0, 20, 0, 0]
[LATENCY] Delta:   2.2ms | Avg:  40.5ms | Rate: 24.7 FPS | Queue: 0B

[2026-09-11 18:40:46.365]
[TELEMETRY] Motors: [0, 20, 0, 0] || Vision: CX:  0 CY:  0 W:  0 H:  0 Px:    0 || IMU: AX: -0.1 AY: -0.4 AZ: -8.7 TZ:  0.0 || Yaw Error:-28.7deg || Batt: 3.56V  || State: MANUAL   
[COMMAND] Mode: MANUAL                || Motors: [0, 20, 0, 0]
[LATENCY] Delta:  34.8ms | Avg:  40.2ms | Rate: 24.9 FPS | Queue: 0B

[2026-09-11 18:40:46.410]
[TELEMETRY] Motors: [0, 20, 0, 0] || Vision: CX:  0 CY:  0 W:  0 H:  0 Px:    0 || IMU: AX: -0.2 AY: -0.4 AZ: -8.6 TZ:  0.0 || Yaw Error:-28.7deg || Batt: 3.56V  || State: MANUAL   
[COMMAND] Mode: MANUAL                || Motors: [0, 20, 0, 0]
[LATENCY] Delta:  45.0ms | Avg:  40.4ms | Rate: 24.7 FPS | Queue: 0B

[2026-09-11 18:40:46.478]
[TELEMETRY] Motors: [0, 20, 0, 0] || Vision: CX:  0 CY:  0 W:  0 H:  0 Px:    0 || IMU: AX: -0.2 AY: -0.5 AZ: -8.7 TZ:  0.0 || Yaw Error:-28.7deg || Batt: 3.56V  || State: MANUAL   
[COMMAND] Mode: MANUAL                || Motors: [0, 20, 0, 0]
[LATENCY] Delta:  68.4ms | Avg:  40.2ms | Rate: 24.9 FPS | Queue: 0B

[2026-09-11 18:40:46.489]
[TELEMETRY] Motors: [0, 20, 0, 0] || Vision: CX:  0 CY:  0 W:  0 H:  0 Px:    0 || IMU: AX: -0.1 AY: -0.4 AZ: -8.7 TZ:  0.0 || Yaw Error:-28.7deg || Batt: 3.56V  || State: MANUAL   
[COMMAND] Mode: MANUAL                || Motors: [0, 20, 0, 0]
[LATENCY] Delta:   8.1ms | Avg:  40.2ms | Rate: 24.9 FPS | Queue: 0B

[2026-09-11 18:40:46.589]
[TELEMETRY] Motors: [0, 20, 0, 0] || Vision: CX:  0 CY:  0 W:  0 H:  0 Px:    0 || IMU: AX: -0.1 AY: -0.4 AZ: -8.8 TZ:  0.0 || Yaw Error:-28.7deg || Batt: 3.56V  || State: MANUAL   
[COMMAND] Mode: MANUAL                || Motors: [0, 20, 0, 0]
[LATENCY] Delta: 102.1ms | Avg:  40.7ms | Rate: 24.6 FPS | Queue: 0B

[2026-09-11 18:40:46.593]
[TELEMETRY] Motors: [0, 20, 0, 0] || Vision: CX:  0 CY:  0 W:  0 H:  0 Px:    0 || IMU: AX: -0.0 AY: -0.4 AZ: -8.7 TZ:  0.0 || Yaw Error:-28.7deg || Batt: 3.56V  || State: MANUAL   
[COMMAND] Mode: MANUAL                || Motors: [0, 20, 0, 0]
[LATENCY] Delta:   4.4ms | Avg:  40.7ms | Rate: 24.6 FPS | Queue: 0B

[2026-09-11 18:40:46.626]
[TELEMETRY] Motors: [0, 20, 0, 0] || Vision: CX:  0 CY:  0 W:  0 H:  0 Px:    0 || IMU: AX:  0.0 AY: -0.4 AZ: -8.7 TZ:  0.0 || Yaw Error:-28.7deg || Batt: 3.56V  || State: MANUAL   
[COMMAND] Mode: MANUAL                || Motors: [0, 20, 0, 0]
[LATENCY] Delta:  32.3ms | Avg:  40.8ms | Rate: 24.5 FPS | Queue: 0B

[2026-09-11 18:40:46.684]
[TELEMETRY] Motors: [0, 20, 0, 0] || Vision: CX:  0 CY:  0 W:  0 H:  0 Px:    0 || IMU: AX: -0.1 AY: -0.5 AZ: -8.6 TZ: -0.0 || Yaw Error:-28.7deg || Batt: 3.56V  || State: MANUAL   
[COMMAND] Mode: MANUAL                || Motors: [0, 20, 0, 0]
[LATENCY] Delta:  58.8ms | Avg:  40.9ms | Rate: 24.4 FPS | Queue: 0B

[2026-09-11 18:40:46.694]
[TELEMETRY] Motors: [0, 20, 0, 0] || Vision: CX:  0 CY:  0 W:  0 H:  0 Px:    0 || IMU: AX: -0.1 AY: -0.4 AZ: -8.7 TZ: -0.0 || Yaw Error:-28.7deg || Batt: 3.56V  || State: MANUAL   
[COMMAND] Mode: MANUAL                || Motors: [0, 20, 0, 0]
[LATENCY] Delta:   6.7ms | Avg:  40.5ms | Rate: 24.7 FPS | Queue: 0B

[2026-09-11 18:40:46.767]
[TELEMETRY] Motors: [0, 20, 0, 0] || Vision: CX:  0 CY:  0 W:  0 H:  0 Px:    0 || IMU: AX: -0.2 AY: -0.4 AZ: -8.8 TZ: -0.0 || Yaw Error:-28.7deg || Batt: 3.56V  || State: MANUAL   
[COMMAND] Mode: MANUAL                || Motors: [0, 20, 0, 0]
[LATENCY] Delta:  76.2ms | Avg:  40.8ms | Rate: 24.5 FPS | Queue: 0B

[2026-09-11 18:40:46.813]
[TELEMETRY] Motors: [0, 20, 0, 0] || Vision: CX:  0 CY:  0 W:  0 H:  0 Px:    0 || IMU: AX: -0.3 AY: -0.6 AZ: -8.9 TZ: -0.0 || Yaw Error:-28.7deg || Batt: 3.56V  || State: MANUAL   
[COMMAND] Mode: MANUAL                || Motors: [0, 20, 0, 0]
[LATENCY] Delta:  46.9ms | Avg:  39.6ms | Rate: 25.3 FPS | Queue: 0B

[2026-09-11 18:40:46.817]
[TELEMETRY] Motors: [0, 20, 0, 0] || Vision: CX:  0 CY:  0 W:  0 H:  0 Px:    0 || IMU: AX: -0.2 AY: -0.5 AZ: -8.7 TZ: -0.0 || Yaw Error:-28.7deg || Batt: 3.56V  || State: MANUAL   
[COMMAND] Mode: MANUAL                || Motors: [0, 20, 0, 0]
[LATENCY] Delta:   2.7ms | Avg:  39.5ms | Rate: 25.3 FPS | Queue: 0B

[2026-09-11 18:40:46.875]
[TELEMETRY] Motors: [0, 20, 0, 0] || Vision: CX:  0 CY:  0 W:  0 H:  0 Px:    0 || IMU: AX: -0.1 AY: -0.5 AZ: -8.8 TZ: -0.0 || Yaw Error:-28.7deg || Batt: 3.56V  || State: MANUAL   
[COMMAND] Mode: MANUAL                || Motors: [0, 20, 0, 0]
[LATENCY] Delta:  58.4ms | Avg:  39.6ms | Rate: 25.2 FPS | Queue: 0B

[2026-09-11 18:40:46.889]
[TELEMETRY] Motors: [0, 20, 0, 0] || Vision: CX:  0 CY:  0 W:  0 H:  0 Px:    0 || IMU: AX: -0.1 AY: -0.5 AZ: -8.6 TZ: -0.0 || Yaw Error:-28.7deg || Batt: 3.56V  || State: MANUAL   
[COMMAND] Mode: MANUAL                || Motors: [0, 20, 0, 0]
[LATENCY] Delta:  14.1ms | Avg:  39.7ms | Rate: 25.2 FPS | Queue: 0B

[2026-09-11 18:40:46.991]
[TELEMETRY] Motors: [0, 20, 0, 0] || Vision: CX:  0 CY:  0 W:  0 H:  0 Px:    0 || IMU: AX: -0.1 AY: -0.6 AZ: -8.6 TZ: -0.0 || Yaw Error:-28.7deg || Batt: 3.56V  || State: MANUAL   
[COMMAND] Mode: MANUAL                || Motors: [0, 20, 0, 0]
[LATENCY] Delta: 102.2ms | Avg:  40.2ms | Rate: 24.9 FPS | Queue: 0B

[2026-09-11 18:40:47.147]
[TELEMETRY] Motors: [0, 20, 0, 0] || Vision: CX:  0 CY:  0 W:  0 H:  0 Px:    0 || IMU: AX: -0.1 AY: -0.5 AZ: -8.6 TZ: -0.0 || Yaw Error:-28.7deg || Batt: 3.56V  || State: MANUAL   
[COMMAND] Mode: MANUAL                || Motors: [0, 20, 0, 0]
[LATENCY] Delta: 155.6ms | Avg:  40.9ms | Rate: 24.4 FPS | Queue: 0B

[2026-09-11 18:40:47.151]
[TELEMETRY] Motors: [0, 20, 0, 0] || Vision: CX:  0 CY:  0 W:  0 H:  0 Px:    0 || IMU: AX: -0.2 AY: -0.4 AZ: -8.7 TZ: -0.0 || Yaw Error:-28.7deg || Batt: 3.56V  || State: MANUAL   
[COMMAND] Mode: MANUAL                || Motors: [0, 20, 0, 0]
[LATENCY] Delta:   2.2ms | Avg:  40.9ms | Rate: 24.5 FPS | Queue: 0B

[2026-09-11 18:40:47.156]
[TELEMETRY] Motors: [0, 20, 0, 0] || Vision: CX:  0 CY:  0 W:  0 H:  0 Px:    0 || IMU: AX: -0.1 AY: -0.4 AZ: -8.8 TZ: -0.0 || Yaw Error:-28.7deg || Batt: 3.56V  || State: MANUAL   
[COMMAND] Mode: MANUAL                || Motors: [0, 20, 0, 0]
[LATENCY] Delta:   4.1ms | Avg:  40.9ms | Rate: 24.5 FPS | Queue: 0B

[2026-09-11 18:40:47.160]
[TELEMETRY] Motors: [0, 20, 0, 0] || Vision: CX:  0 CY:  0 W:  0 H:  0 Px:    0 || IMU: AX: -0.1 AY: -0.3 AZ: -8.8 TZ: -0.0 || Yaw Error:-28.7deg || Batt: 3.56V  || State: MANUAL   
[COMMAND] Mode: MANUAL                || Motors: [0, 20, 0, 0]
[LATENCY] Delta:   6.1ms | Avg:  40.9ms | Rate: 24.4 FPS | Queue: 0B

[2026-09-11 18:40:47.195]
[TELEMETRY] Motors: [0, 20, 0, 0] || Vision: CX:  0 CY:  0 W:  0 H:  0 Px:    0 || IMU: AX: -0.1 AY: -0.4 AZ: -8.7 TZ: -0.0 || Yaw Error:-28.7deg || Batt: 3.56V  || State: MANUAL   
[COMMAND] Mode: MANUAL                || Motors: [0, 20, 0, 0]
[LATENCY] Delta:  34.3ms | Avg:  40.7ms | Rate: 24.5 FPS | Queue: 0B

[2026-09-11 18:40:47.261]
[TELEMETRY] Motors: [0, 20, 0, 0] || Vision: CX:  0 CY:  0 W:  0 H:  0 Px:    0 || IMU: AX: -0.1 AY: -0.5 AZ: -8.7 TZ: -0.0 || Yaw Error:-28.7deg || Batt: 3.56V  || State: MANUAL   
[COMMAND] Mode: MANUAL                || Motors: [0, 20, 0, 0]
[LATENCY] Delta:  65.2ms | Avg:  41.1ms | Rate: 24.4 FPS | Queue: 0B

[2026-09-11 18:40:47.343]
[TELEMETRY] Motors: [0, 20, 0, 0] || Vision: CX:  0 CY:  0 W:  0 H:  0 Px:    0 || IMU: AX: -0.2 AY: -0.6 AZ: -8.7 TZ: -0.0 || Yaw Error:-28.7deg || Batt: 3.56V  || State: MANUAL   
[COMMAND] Mode: MANUAL                || Motors: [0, 20, 0, 0]
[LATENCY] Delta:  83.2ms | Avg:  41.3ms | Rate: 24.2 FPS | Queue: 0B

[2026-09-11 18:40:47.347]
[TELEMETRY] Motors: [0, 20, 0, 0] || Vision: CX:  0 CY:  0 W:  0 H:  0 Px:    0 || IMU: AX: -0.2 AY: -0.4 AZ: -8.7 TZ:  0.0 || Yaw Error:-28.7deg || Batt: 3.56V  || State: MANUAL   
[COMMAND] Mode: MANUAL                || Motors: [0, 20, 0, 0]
[LATENCY] Delta:   0.5ms | Avg:  40.9ms | Rate: 24.5 FPS | Queue: 0B

[2026-09-11 18:40:47.367]
[TELEMETRY] Motors: [0, 20, 0, 0] || Vision: CX:  0 CY:  0 W:  0 H:  0 Px:    0 || IMU: AX: -0.1 AY: -0.2 AZ: -8.8 TZ:  0.0 || Yaw Error:-28.7deg || Batt: 3.56V  || State: MANUAL   
[COMMAND] Mode: MANUAL                || Motors: [0, 20, 0, 0]
[LATENCY] Delta:  18.5ms | Avg:  40.8ms | Rate: 24.5 FPS | Queue: 0B

[2026-09-11 18:40:47.454]
[TELEMETRY] Motors: [0, 20, 0, 0] || Vision: CX:  0 CY:  0 W:  0 H:  0 Px:    0 || IMU: AX: -0.1 AY: -0.4 AZ: -8.8 TZ:  0.0 || Yaw Error:-28.7deg || Batt: 3.56V  || State: MANUAL   
[COMMAND] Mode: MANUAL                || Motors: [0, 20, 0, 0]
[LATENCY] Delta:  86.9ms | Avg:  41.0ms | Rate: 24.4 FPS | Queue: 0B

[2026-09-11 18:40:47.458]
[TELEMETRY] Motors: [0, 20, 0, 0] || Vision: CX:  0 CY:  0 W:  0 H:  0 Px:    0 || IMU: AX: -0.0 AY: -0.5 AZ: -8.7 TZ:  0.0 || Yaw Error:-28.7deg || Batt: 3.56V  || State: MANUAL   
[COMMAND] Mode: MANUAL                || Motors: [0, 20, 0, 0]
[LATENCY] Delta:   1.9ms | Avg:  40.8ms | Rate: 24.5 FPS | Queue: 0B

[2026-09-11 18:40:47.507]
[TELEMETRY] Motors: [0, 20, 0, 0] || Vision: CX:  0 CY:  0 W:  0 H:  0 Px:    0 || IMU: AX: -0.2 AY: -0.4 AZ: -8.7 TZ:  0.0 || Yaw Error:-28.7deg || Batt: 3.56V  || State: MANUAL   
[COMMAND] Mode: MANUAL                || Motors: [0, 20, 0, 0]
[LATENCY] Delta:  52.0ms | Avg:  40.8ms | Rate: 24.5 FPS | Queue: 0B

[2026-09-11 18:40:47.532]
[TELEMETRY] Motors: [0, 20, 0, 0] || Vision: CX:  0 CY:  0 W:  0 H:  0 Px:    0 || IMU: AX: -0.1 AY: -0.4 AZ: -8.8 TZ:  0.0 || Yaw Error:-28.7deg || Batt: 3.56V  || State: MANUAL   
[COMMAND] Mode: MANUAL                || Motors: [0, 20, 0, 0]
[LATENCY] Delta:  25.9ms | Avg:  40.6ms | Rate: 24.6 FPS | Queue: 0B

[2026-09-11 18:40:47.605]
[TELEMETRY] Motors: [0, 20, 0, 0] || Vision: CX:  0 CY:  0 W:  0 H:  0 Px:    0 || IMU: AX: -0.1 AY: -0.4 AZ: -8.8 TZ: -0.0 || Yaw Error:-28.7deg || Batt: 3.56V  || State: MANUAL   
[COMMAND] Mode: MANUAL                || Motors: [0, 20, 0, 0]
[LATENCY] Delta:  71.8ms | Avg:  40.7ms | Rate: 24.6 FPS | Queue: 0B

[2026-09-11 18:40:47.659]
[TELEMETRY] Motors: [0, 20, 0, 0] || Vision: CX:  0 CY:  0 W:  0 H:  0 Px:    0 || IMU: AX: -0.0 AY: -0.3 AZ: -8.7 TZ: -0.0 || Yaw Error:-28.7deg || Batt: 3.56V  || State: MANUAL   
[COMMAND] Mode: MANUAL                || Motors: [0, 20, 0, 0]
[LATENCY] Delta:  55.2ms | Avg:  40.9ms | Rate: 24.4 FPS | Queue: 0B

[2026-09-11 18:40:47.663]
[TELEMETRY] Motors: [0, 20, 0, 0] || Vision: CX:  0 CY:  0 W:  0 H:  0 Px:    0 || IMU: AX:  0.0 AY: -0.4 AZ: -8.6 TZ: -0.0 || Yaw Error:-28.7deg || Batt: 3.56V  || State: MANUAL   
[COMMAND] Mode: MANUAL                || Motors: [0, 20, 0, 0]
[LATENCY] Delta:   3.3ms | Avg:  40.4ms | Rate: 24.7 FPS | Queue: 0B

[2026-09-11 18:40:47.706]
[TELEMETRY] Motors: [0, 20, 0, 0] || Vision: CX:  0 CY:  0 W:  0 H:  0 Px:    0 || IMU: AX: -0.0 AY: -0.4 AZ: -8.6 TZ: -0.0 || Yaw Error:-28.7deg || Batt: 3.56V  || State: MANUAL   
[COMMAND] Mode: MANUAL                || Motors: [0, 20, 0, 0]
[LATENCY] Delta:  41.3ms | Avg:  40.4ms | Rate: 24.8 FPS | Queue: 0B

[2026-09-11 18:40:47.820]
[TELEMETRY] Motors: [0, 20, 0, 0] || Vision: CX:  0 CY:  0 W:  0 H:  0 Px:    0 || IMU: AX: -0.1 AY: -0.3 AZ: -8.7 TZ: -0.0 || Yaw Error:-28.7deg || Batt: 3.56V  || State: MANUAL   
[COMMAND] Mode: MANUAL                || Motors: [0, 20, 0, 0]
[LATENCY] Delta: 115.4ms | Avg:  40.7ms | Rate: 24.6 FPS | Queue: 0B

[2026-09-11 18:40:47.824]
[TELEMETRY] Motors: [0, 20, 0, 0] || Vision: CX:  0 CY:  0 W:  0 H:  0 Px:    0 || IMU: AX: -0.2 AY: -0.3 AZ: -8.8 TZ: -0.0 || Yaw Error:-28.7deg || Batt: 3.56V  || State: MANUAL   
[COMMAND] Mode: MANUAL                || Motors: [0, 20, 0, 0]
[LATENCY] Delta:   1.5ms | Avg:  40.3ms | Rate: 24.8 FPS | Queue: 0B

[2026-09-11 18:40:47.873]
[TELEMETRY] Motors: [0, 20, 0, 0] || Vision: CX:  0 CY:  0 W:  0 H:  0 Px:    0 || IMU: AX: -0.0 AY: -0.4 AZ: -8.7 TZ: -0.0 || Yaw Error:-28.7deg || Batt: 3.56V  || State: MANUAL   
[COMMAND] Mode: MANUAL                || Motors: [0, 20, 0, 0]
[LATENCY] Delta:  47.1ms | Avg:  40.5ms | Rate: 24.7 FPS | Queue: 0B

[2026-09-11 18:40:47.900]
[TELEMETRY] Motors: [0, 20, 0, 0] || Vision: CX:  0 CY:  0 W:  0 H:  0 Px:    0 || IMU: AX: -0.1 AY: -0.4 AZ: -8.8 TZ: -0.0 || Yaw Error:-28.7deg || Batt: 3.56V  || State: MANUAL   
[COMMAND] Mode: MANUAL                || Motors: [0, 20, 0, 0]
[LATENCY] Delta:  26.8ms | Avg:  40.4ms | Rate: 24.8 FPS | Queue: 0B

[2026-09-11 18:40:47.961]
[TELEMETRY] Motors: [0, 20, 0, 0] || Vision: CX:  0 CY:  0 W:  0 H:  0 Px:    0 || IMU: AX: -0.2 AY: -0.4 AZ: -8.7 TZ: -0.0 || Yaw Error:-28.7deg || Batt: 3.56V  || State: MANUAL   
[COMMAND] Mode: MANUAL                || Motors: [0, 20, 0, 0]
[LATENCY] Delta:  61.7ms | Avg:  40.5ms | Rate: 24.7 FPS | Queue: 0B

[2026-09-11 18:40:47.968]
[TELEMETRY] Motors: [0, 20, 0, 0] || Vision: CX:  0 CY:  0 W:  0 H:  0 Px:    0 || IMU: AX: -0.1 AY: -0.3 AZ: -8.8 TZ:  0.0 || Yaw Error:-28.7deg || Batt: 3.56V  || State: MANUAL   
[COMMAND] Mode: MANUAL                || Motors: [0, 20, 0, 0]
[LATENCY] Delta:   7.9ms | Avg:  40.3ms | Rate: 24.8 FPS | Queue: 0B

[2026-09-11 18:40:48.013]
[TELEMETRY] Motors: [0, 20, 0, 0] || Vision: CX:  0 CY:  0 W:  0 H:  0 Px:    0 || IMU: AX: -0.2 AY: -0.5 AZ: -8.7 TZ:  0.0 || Yaw Error:-28.7deg || Batt: 3.56V  || State: MANUAL   
[COMMAND] Mode: MANUAL                || Motors: [0, 20, 0, 0]
[LATENCY] Delta:  43.9ms | Avg:  40.4ms | Rate: 24.7 FPS | Queue: 0B

[2026-09-11 18:40:48.060]
[TELEMETRY] Motors: [0, 20, 0, 0] || Vision: CX:  0 CY:  0 W:  0 H:  0 Px:    0 || IMU: AX: -0.1 AY: -0.4 AZ: -8.6 TZ:  0.0 || Yaw Error:-28.7deg || Batt: 3.56V  || State: MANUAL   
[COMMAND] Mode: MANUAL                || Motors: [0, 20, 0, 0]
[LATENCY] Delta:  47.4ms | Avg:  40.2ms | Rate: 24.9 FPS | Queue: 0B

[2026-09-11 18:40:48.118]
[TELEMETRY] Motors: [0, 20, 0, 0] || Vision: CX:  0 CY:  0 W:  0 H:  0 Px:    0 || IMU: AX: -0.1 AY: -0.5 AZ: -8.8 TZ:  0.0 || Yaw Error:-28.7deg || Batt: 3.56V  || State: MANUAL   
[COMMAND] Mode: MANUAL                || Motors: [0, 20, 0, 0]
[LATENCY] Delta:  57.5ms | Avg:  40.4ms | Rate: 24.7 FPS | Queue: 0B

[2026-09-11 18:40:48.174]
[TELEMETRY] Motors: [0, 20, 0, 0] || Vision: CX:  0 CY:  0 W:  0 H:  0 Px:    0 || IMU: AX: -0.1 AY: -0.5 AZ: -8.6 TZ:  0.0 || Yaw Error:-28.7deg || Batt: 3.56V  || State: MANUAL   
[COMMAND] Mode: MANUAL                || Motors: [0, 20, 0, 0]
[LATENCY] Delta:  54.3ms | Avg:  40.2ms | Rate: 24.9 FPS | Queue: 0B

[2026-09-11 18:40:48.228]
[TELEMETRY] Motors: [0, 20, 0, 0] || Vision: CX:  0 CY:  0 W:  0 H:  0 Px:    0 || IMU: AX: -0.1 AY: -0.5 AZ: -8.6 TZ:  0.0 || Yaw Error:-28.7deg || Batt: 3.56V  || State: MANUAL   
[COMMAND] Mode: MANUAL                || Motors: [0, 20, 0, 0]
[LATENCY] Delta:  55.5ms | Avg:  40.5ms | Rate: 24.7 FPS | Queue: 0B

[2026-09-11 18:40:48.260]
[TELEMETRY] Motors: [0, 20, 0, 0] || Vision: CX:  0 CY:  0 W:  0 H:  0 Px:    0 || IMU: AX: -0.2 AY: -0.5 AZ: -8.7 TZ:  0.0 || Yaw Error:-28.7deg || Batt: 3.56V  || State: MANUAL   
[COMMAND] Mode: MANUAL                || Motors: [0, 20, 0, 0]
[LATENCY] Delta:  32.1ms | Avg:  40.4ms | Rate: 24.7 FPS | Queue: 0B

[2026-09-11 18:40:48.331]
[TELEMETRY] Motors: [0, 20, 0, 0] || Vision: CX:  0 CY:  0 W:  0 H:  0 Px:    0 || IMU: AX: -0.3 AY: -0.4 AZ: -8.7 TZ:  0.0 || Yaw Error:-28.7deg || Batt: 3.56V  || State: MANUAL   
[COMMAND] Mode: MANUAL                || Motors: [0, 20, 0, 0]
[LATENCY] Delta:  70.1ms | Avg:  40.8ms | Rate: 24.5 FPS | Queue: 0B

[2026-09-11 18:40:48.434]
[TELEMETRY] Motors: [0, 20, 0, 0] || Vision: CX:  0 CY:  0 W:  0 H:  0 Px:    0 || IMU: AX: -0.2 AY: -0.4 AZ: -8.7 TZ: -0.0 || Yaw Error:-28.7deg || Batt: 3.56V  || State: MANUAL   
[COMMAND] Mode: MANUAL                || Motors: [0, 20, 0, 0]
[LATENCY] Delta: 103.6ms | Avg:  41.0ms | Rate: 24.4 FPS | Queue: 0B

[2026-09-11 18:40:48.440]
[TELEMETRY] Motors: [0, 20, 0, 0] || Vision: CX:  0 CY:  0 W:  0 H:  0 Px:    0 || IMU: AX: -0.1 AY: -0.5 AZ: -8.6 TZ: -0.0 || Yaw Error:-28.7deg || Batt: 3.56V  || State: MANUAL   
[COMMAND] Mode: MANUAL                || Motors: [0, 20, 0, 0]
[LATENCY] Delta:   4.7ms | Avg:  40.9ms | Rate: 24.5 FPS | Queue: 0B

[2026-09-11 18:40:48.467]
[TELEMETRY] Motors: [0, 20, 0, 0] || Vision: CX:  0 CY:  0 W:  0 H:  0 Px:    0 || IMU: AX: -0.1 AY: -0.6 AZ: -8.7 TZ: -0.0 || Yaw Error:-28.7deg || Batt: 3.56V  || State: MANUAL   
[COMMAND] Mode: MANUAL                || Motors: [0, 20, 0, 0]
[LATENCY] Delta:  30.0ms | Avg:  40.6ms | Rate: 24.6 FPS | Queue: 0B

[2026-09-11 18:40:48.521]
[TELEMETRY] Motors: [0, 20, 0, 0] || Vision: CX:  0 CY:  0 W:  0 H:  0 Px:    0 || IMU: AX: -0.1 AY: -0.4 AZ: -8.6 TZ: -0.0 || Yaw Error:-28.7deg || Batt: 3.56V  || State: MANUAL   
[COMMAND] Mode: MANUAL                || Motors: [0, 20, 0, 0]
[LATENCY] Delta:  53.7ms | Avg:  40.9ms | Rate: 24.5 FPS | Queue: 0B

[2026-09-11 18:40:48.532]
[TELEMETRY] Motors: [0, 20, 0, 0] || Vision: CX:  0 CY:  0 W:  0 H:  0 Px:    0 || IMU: AX: -0.0 AY: -0.5 AZ: -8.5 TZ: -0.0 || Yaw Error:-28.7deg || Batt: 3.56V  || State: MANUAL   
[COMMAND] Mode: MANUAL                || Motors: [0, 20, 0, 0]
[LATENCY] Delta:  11.1ms | Avg:  40.8ms | Rate: 24.5 FPS | Queue: 0B

[2026-09-11 18:40:48.576]
[TELEMETRY] Motors: [0, 20, 0, 0] || Vision: CX:  0 CY:  0 W:  0 H:  0 Px:    0 || IMU: AX: -0.1 AY: -0.4 AZ: -8.6 TZ: -0.0 || Yaw Error:-28.7deg || Batt: 3.56V  || State: MANUAL   
[COMMAND] Mode: MANUAL                || Motors: [0, 20, 0, 0]
[LATENCY] Delta:  42.3ms | Avg:  40.7ms | Rate: 24.6 FPS | Queue: 0B

[2026-09-11 18:40:48.620]
[TELEMETRY] Motors: [0, 20, 0, 0] || Vision: CX:  0 CY:  0 W:  0 H:  0 Px:    0 || IMU: AX: -0.2 AY: -0.5 AZ: -8.8 TZ: -0.0 || Yaw Error:-28.7deg || Batt: 3.56V  || State: MANUAL   
[COMMAND] Mode: MANUAL                || Motors: [0, 20, 0, 0]
[LATENCY] Delta:  44.0ms | Avg:  40.6ms | Rate: 24.6 FPS | Queue: 0B

[2026-09-11 18:40:48.662]
[TELEMETRY] Motors: [0, 20, 0, 0] || Vision: CX:  0 CY:  0 W:  0 H:  0 Px:    0 || IMU: AX: -0.2 AY: -0.5 AZ: -8.8 TZ: -0.0 || Yaw Error:-28.7deg || Batt: 3.56V  || State: MANUAL   
[COMMAND] Mode: MANUAL                || Motors: [0, 20, 0, 0]
[LATENCY] Delta:  43.3ms | Avg:  40.6ms | Rate: 24.6 FPS | Queue: 0B

[2026-09-11 18:40:48.699]
[TELEMETRY] Motors: [0, 20, 0, 0] || Vision: CX:  0 CY:  0 W:  0 H:  0 Px:    0 || IMU: AX: -0.1 AY: -0.4 AZ: -8.7 TZ: -0.0 || Yaw Error:-28.7deg || Batt: 3.56V  || State: MANUAL   
[COMMAND] Mode: MANUAL                || Motors: [0, 20, 0, 0]
[LATENCY] Delta:  37.6ms | Avg:  40.8ms | Rate: 24.5 FPS | Queue: 0B

[2026-09-11 18:40:48.730]
[TELEMETRY] Motors: [0, 20, 0, 0] || Vision: CX:  0 CY:  0 W:  0 H:  0 Px:    0 || IMU: AX: -0.0 AY: -0.4 AZ: -8.8 TZ: -0.0 || Yaw Error:-28.7deg || Batt: 3.56V  || State: MANUAL   
[COMMAND] Mode: MANUAL                || Motors: [0, 20, 0, 0]
[LATENCY] Delta:  29.5ms | Avg:  40.8ms | Rate: 24.5 FPS | Queue: 0B

[2026-09-11 18:40:48.782]
[TELEMETRY] Motors: [0, 20, 0, 0] || Vision: CX:  0 CY:  0 W:  0 H:  0 Px:    0 || IMU: AX: -0.1 AY: -0.5 AZ: -8.6 TZ: -0.0 || Yaw Error:-28.7deg || Batt: 3.56V  || State: MANUAL   
[COMMAND] Mode: MANUAL                || Motors: [0, 20, 0, 0]
[LATENCY] Delta:  51.7ms | Avg:  40.7ms | Rate: 24.6 FPS | Queue: 0B

[2026-09-11 18:40:48.937]
[TELEMETRY] Motors: [0, 20, 0, 0] || Vision: CX:  0 CY:  0 W:  0 H:  0 Px:    0 || IMU: AX: -0.1 AY: -0.5 AZ: -8.8 TZ:  0.0 || Yaw Error:-28.7deg || Batt: 3.56V  || State: MANUAL   
[COMMAND] Mode: MANUAL                || Motors: [0, 20, 0, 0]
[LATENCY] Delta: 155.9ms | Avg:  41.4ms | Rate: 24.1 FPS | Queue: 0B

[2026-09-11 18:40:48.943]
[TELEMETRY] Motors: [0, 20, 0, 0] || Vision: CX:  0 CY:  0 W:  0 H:  0 Px:    0 || IMU: AX: -0.1 AY: -0.5 AZ: -8.8 TZ:  0.0 || Yaw Error:-28.7deg || Batt: 3.56V  || State: MANUAL   
[COMMAND] Mode: MANUAL                || Motors: [0, 20, 0, 0]
[LATENCY] Delta:   6.6ms | Avg:  41.3ms | Rate: 24.2 FPS | Queue: 0B

[2026-09-11 18:40:48.987]
[TELEMETRY] Motors: [0, 20, 0, 0] || Vision: CX:  0 CY:  0 W:  0 H:  0 Px:    0 || IMU: AX: -0.1 AY: -0.4 AZ: -8.7 TZ:  0.0 || Yaw Error:-28.7deg || Batt: 3.56V  || State: MANUAL   
[COMMAND] Mode: MANUAL                || Motors: [0, 20, 0, 0]
[LATENCY] Delta:  43.7ms | Avg:  41.2ms | Rate: 24.3 FPS | Queue: 0B

[2026-09-11 18:40:49.130]
[TELEMETRY] Motors: [0, 20, 0, 0] || Vision: CX:  0 CY:  0 W:  0 H:  0 Px:    0 || IMU: AX: -0.2 AY: -0.4 AZ: -8.7 TZ:  0.0 || Yaw Error:-28.7deg || Batt: 3.56V  || State: MANUAL   
[COMMAND] Mode: MANUAL                || Motors: [0, 20, 0, 0]
[LATENCY] Delta: 142.5ms | Avg:  41.2ms | Rate: 24.3 FPS | Queue: 0B

[2026-09-11 18:40:49.134]
[TELEMETRY] Motors: [0, 20, 0, 0] || Vision: CX:  0 CY:  0 W:  0 H:  0 Px:    0 || IMU: AX: -0.1 AY: -0.4 AZ: -8.8 TZ: -0.0 || Yaw Error:-28.7deg || Batt: 3.56V  || State: MANUAL   
[COMMAND] Mode: MANUAL                || Motors: [0, 20, 0, 0]
[LATENCY] Delta:   3.7ms | Avg:  41.2ms | Rate: 24.3 FPS | Queue: 0B

[2026-09-11 18:40:49.190]
[TELEMETRY] Motors: [0, 20, 0, 0] || Vision: CX:  0 CY:  0 W:  0 H:  0 Px:    0 || IMU: AX: -0.1 AY: -0.4 AZ: -8.6 TZ: -0.0 || Yaw Error:-28.7deg || Batt: 3.56V  || State: MANUAL   
[COMMAND] Mode: MANUAL                || Motors: [0, 20, 0, 0]
[LATENCY] Delta:  55.2ms | Avg:  41.5ms | Rate: 24.1 FPS | Queue: 0B

[2026-09-11 18:40:49.215]
[TELEMETRY] Motors: [0, 20, 0, 0] || Vision: CX:  0 CY:  0 W:  0 H:  0 Px:    0 || IMU: AX: -0.0 AY: -0.4 AZ: -8.7 TZ: -0.0 || Yaw Error:-28.7deg || Batt: 3.56V  || State: MANUAL   
[COMMAND] Mode: MANUAL                || Motors: [0, 20, 0, 0]
[LATENCY] Delta:  25.1ms | Avg:  41.6ms | Rate: 24.0 FPS | Queue: 0B

[2026-09-11 18:40:49.256]
[TELEMETRY] Motors: [0, 20, 0, 0] || Vision: CX:  0 CY:  0 W:  0 H:  0 Px:    0 || IMU: AX: -0.1 AY: -0.4 AZ: -8.7 TZ: -0.0 || Yaw Error:-28.7deg || Batt: 3.56V  || State: MANUAL   
[COMMAND] Mode: MANUAL                || Motors: [0, 20, 0, 0]
[LATENCY] Delta:  42.0ms | Avg:  41.6ms | Rate: 24.0 FPS | Queue: 0B

[2026-09-11 18:40:49.348]
[TELEMETRY] Motors: [0, 20, 0, 0] || Vision: CX:  0 CY:  0 W:  0 H:  0 Px:    0 || IMU: AX: -0.3 AY: -0.4 AZ: -8.8 TZ: -0.0 || Yaw Error:-28.7deg || Batt: 3.56V  || State: MANUAL   
[COMMAND] Mode: MANUAL                || Motors: [0, 20, 0, 0]
[LATENCY] Delta:  91.6ms | Avg:  41.8ms | Rate: 23.9 FPS | Queue: 0B

[2026-09-11 18:40:49.413]
[TELEMETRY] Motors: [0, 20, 0, 0] || Vision: CX:  0 CY:  0 W:  0 H:  0 Px:    0 || IMU: AX: -0.1 AY: -0.3 AZ: -8.7 TZ: -0.0 || Yaw Error:-28.7deg || Batt: 3.56V  || State: MANUAL   
[COMMAND] Mode: MANUAL                || Motors: [0, 20, 0, 0]
[LATENCY] Delta:  66.0ms | Avg:  41.8ms | Rate: 23.9 FPS | Queue: 0B

[2026-09-11 18:40:49.425]
[TELEMETRY] Motors: [0, 20, 0, 0] || Vision: CX:  0 CY:  0 W:  0 H:  0 Px:    0 || IMU: AX: -0.1 AY: -0.5 AZ: -8.7 TZ: -0.0 || Yaw Error:-28.7deg || Batt: 3.56V  || State: MANUAL   
[COMMAND] Mode: MANUAL                || Motors: [0, 20, 0, 0]
[LATENCY] Delta:   1.8ms | Avg:  41.3ms | Rate: 24.2 FPS | Queue: 0B

[2026-09-11 18:40:49.456]
[TELEMETRY] Motors: [0, 20, 0, 0] || Vision: CX:  0 CY:  0 W:  0 H:  0 Px:    0 || IMU: AX: -0.1 AY: -0.3 AZ: -8.7 TZ: -0.0 || Yaw Error:-28.7deg || Batt: 3.56V  || State: MANUAL   
[COMMAND] Mode: MANUAL                || Motors: [0, 20, 0, 0]
[LATENCY] Delta:  36.3ms | Avg:  41.4ms | Rate: 24.1 FPS | Queue: 0B

[2026-09-11 18:40:49.486]
[TELEMETRY] Motors: [0, 20, 0, 0] || Vision: CX:  0 CY:  0 W:  0 H:  0 Px:    0 || IMU: AX: -0.1 AY: -0.3 AZ: -8.7 TZ: -0.0 || Yaw Error:-28.7deg || Batt: 3.56V  || State: MANUAL   
[COMMAND] Mode: MANUAL                || Motors: [0, 20, 0, 0]
[LATENCY] Delta:  30.3ms | Avg:  41.6ms | Rate: 24.1 FPS | Queue: 0B

[2026-09-11 18:40:49.557]
[TELEMETRY] Motors: [0, 20, 0, 0] || Vision: CX:  0 CY:  0 W:  0 H:  0 Px:    0 || IMU: AX: -0.3 AY: -0.4 AZ: -8.7 TZ:  0.0 || Yaw Error:-28.7deg || Batt: 3.56V  || State: MANUAL   
[COMMAND] Mode: MANUAL                || Motors: [0, 20, 0, 0]
[LATENCY] Delta:  71.1ms | Avg:  41.5ms | Rate: 24.1 FPS | Queue: 0B

[2026-09-11 18:40:49.598]
[TELEMETRY] Motors: [0, 20, 0, 0] || Vision: CX:  0 CY:  0 W:  0 H:  0 Px:    0 || IMU: AX: -0.1 AY: -0.4 AZ: -8.7 TZ:  0.0 || Yaw Error:-28.7deg || Batt: 3.56V  || State: MANUAL   
[COMMAND] Mode: MANUAL                || Motors: [0, 20, 0, 0]
[LATENCY] Delta:  42.0ms | Avg:  41.5ms | Rate: 24.1 FPS | Queue: 0B

[2026-09-11 18:40:49.608]
[TELEMETRY] Motors: [0, 20, 0, 0] || Vision: CX:  0 CY:  0 W:  0 H:  0 Px:    0 || IMU: AX: -0.1 AY: -0.3 AZ: -8.7 TZ: -0.0 || Yaw Error:-28.7deg || Batt: 3.56V  || State: MANUAL   
[COMMAND] Mode: MANUAL                || Motors: [0, 20, 0, 0]
[LATENCY] Delta:   8.3ms | Avg:  41.6ms | Rate: 24.1 FPS | Queue: 0B

[2026-09-11 18:40:49.654]
[TELEMETRY] Motors: [0, 20, 0, 0] || Vision: CX:  0 CY:  0 W:  0 H:  0 Px:    0 || IMU: AX: -0.1 AY: -0.3 AZ: -8.6 TZ:  0.0 || Yaw Error:-28.7deg || Batt: 3.56V  || State: MANUAL   
[COMMAND] Mode: MANUAL                || Motors: [0, 20, 0, 0]
[LATENCY] Delta:  46.6ms | Avg:  41.6ms | Rate: 24.1 FPS | Queue: 0B

[2026-09-11 18:40:49.711]
[TELEMETRY] Motors: [0, 20, 0, 0] || Vision: CX:  0 CY:  0 W:  0 H:  0 Px:    0 || IMU: AX: -0.1 AY: -0.4 AZ: -8.8 TZ:  0.0 || Yaw Error:-28.7deg || Batt: 3.56V  || State: MANUAL   
[COMMAND] Mode: MANUAL                || Motors: [0, 20, 0, 0]
[LATENCY] Delta:  57.8ms | Avg:  41.5ms | Rate: 24.1 FPS | Queue: 0B

[2026-09-11 18:40:49.763]
[TELEMETRY] Motors: [0, 20, 0, 0] || Vision: CX:  0 CY:  0 W:  0 H:  0 Px:    0 || IMU: AX: -0.1 AY: -0.5 AZ: -8.8 TZ:  0.0 || Yaw Error:-28.7deg || Batt: 3.56V  || State: MANUAL   
[COMMAND] Mode: MANUAL                || Motors: [0, 20, 0, 0]
[LATENCY] Delta:  51.7ms | Avg:  41.7ms | Rate: 24.0 FPS | Queue: 0B

[2026-09-11 18:40:49.809]
[TELEMETRY] Motors: [0, 20, 0, 0] || Vision: CX:  0 CY:  0 W:  0 H:  0 Px:    0 || IMU: AX: -0.2 AY: -0.3 AZ: -8.8 TZ:  0.0 || Yaw Error:-28.7deg || Batt: 3.56V  || State: MANUAL   
[COMMAND] Mode: MANUAL                || Motors: [0, 20, 0, 0]
[LATENCY] Delta:  46.0ms | Avg:  41.7ms | Rate: 24.0 FPS | Queue: 0B

[2026-09-11 18:40:49.866]
[TELEMETRY] Motors: [0, 20, 0, 0] || Vision: CX:  0 CY:  0 W:  0 H:  0 Px:    0 || IMU: AX: -0.2 AY: -0.4 AZ: -8.7 TZ: -0.0 || Yaw Error:-28.7deg || Batt: 3.56V  || State: MANUAL   
[COMMAND] Mode: MANUAL                || Motors: [0, 20, 0, 0]
[LATENCY] Delta:  56.5ms | Avg:  41.5ms | Rate: 24.1 FPS | Queue: 0B

[2026-09-11 18:40:49.870]
[TELEMETRY] Motors: [0, 20, 0, 0] || Vision: CX:  0 CY:  0 W:  0 H:  0 Px:    0 || IMU: AX: -0.2 AY: -0.5 AZ: -8.7 TZ: -0.0 || Yaw Error:-28.7deg || Batt: 3.56V  || State: MANUAL   
[COMMAND] Mode: MANUAL                || Motors: [0, 20, 0, 0]
[LATENCY] Delta:   4.2ms | Avg:  41.3ms | Rate: 24.2 FPS | Queue: 0B

[2026-09-11 18:40:49.894]
[TELEMETRY] Motors: [0, 20, 0, 0] || Vision: CX:  0 CY:  0 W:  0 H:  0 Px:    0 || IMU: AX: -0.0 AY: -0.4 AZ: -8.7 TZ: -0.0 || Yaw Error:-28.7deg || Batt: 3.56V  || State: MANUAL   
[COMMAND] Mode: MANUAL                || Motors: [0, 20, 0, 0]
[LATENCY] Delta:  23.7ms | Avg:  41.1ms | Rate: 24.3 FPS | Queue: 0B

[2026-09-11 18:40:49.970]
[TELEMETRY] Motors: [0, 20, 0, 0] || Vision: CX:  0 CY:  0 W:  0 H:  0 Px:    0 || IMU: AX:  0.0 AY: -0.4 AZ: -8.6 TZ: -0.0 || Yaw Error:-28.7deg || Batt: 3.56V  || State: MANUAL   
[COMMAND] Mode: MANUAL                || Motors: [0, 20, 0, 0]
[LATENCY] Delta:  76.7ms | Avg:  41.2ms | Rate: 24.2 FPS | Queue: 0B

[2026-09-11 18:40:49.974]
[TELEMETRY] Motors: [0, 20, 0, 0] || Vision: CX:  0 CY:  0 W:  0 H:  0 Px:    0 || IMU: AX: -0.1 AY: -0.5 AZ: -8.7 TZ: -0.0 || Yaw Error:-28.7deg || Batt: 3.56V  || State: MANUAL   
[COMMAND] Mode: MANUAL                || Motors: [0, 20, 0, 0]
[LATENCY] Delta:   1.9ms | Avg:  41.0ms | Rate: 24.4 FPS | Queue: 0B

[2026-09-11 18:40:50.048]
[TELEMETRY] Motors: [0, 20, 0, 0] || Vision: CX:  0 CY:  0 W:  0 H:  0 Px:    0 || IMU: AX: -0.1 AY: -0.5 AZ: -8.7 TZ: -0.0 || Yaw Error:-28.7deg || Batt: 3.56V  || State: MANUAL   
[COMMAND] Mode: MANUAL                || Motors: [0, 20, 0, 0]
[LATENCY] Delta:  75.7ms | Avg:  41.1ms | Rate: 24.3 FPS | Queue: 0B

[2026-09-11 18:40:50.051]
[TELEMETRY] Motors: [0, 20, 0, 0] || Vision: CX:  0 CY:  0 W:  0 H:  0 Px:    0 || IMU: AX: -0.1 AY: -0.6 AZ: -8.8 TZ: -0.0 || Yaw Error:-28.7deg || Batt: 3.56V  || State: MANUAL   
[COMMAND] Mode: MANUAL                || Motors: [0, 20, 0, 0]
[LATENCY] Delta:   4.2ms | Avg:  41.1ms | Rate: 24.3 FPS | Queue: 0B

[2026-09-11 18:40:50.100]
[TELEMETRY] Motors: [0, 20, 0, 0] || Vision: CX:  0 CY:  0 W:  0 H:  0 Px:    0 || IMU: AX: -0.3 AY: -0.5 AZ: -8.8 TZ: -0.0 || Yaw Error:-28.7deg || Batt: 3.56V  || State: MANUAL   
[COMMAND] Mode: MANUAL                || Motors: [0, 20, 0, 0]
[LATENCY] Delta:  47.0ms | Avg:  41.1ms | Rate: 24.3 FPS | Queue: 0B

[2026-09-11 18:40:50.127]
[TELEMETRY] Motors: [0, 20, 0, 0] || Vision: CX:  0 CY:  0 W:  0 H:  0 Px:    0 || IMU: AX: -0.1 AY: -0.4 AZ: -8.9 TZ: -0.0 || Yaw Error:-28.7deg || Batt: 3.57V  || State: MANUAL   
[COMMAND] Mode: MANUAL                || Motors: [0, 20, 0, 0]
[LATENCY] Delta:  28.3ms | Avg:  41.1ms | Rate: 24.3 FPS | Queue: 0B

[2026-09-11 18:40:50.174]
[TELEMETRY] Motors: [0, 20, 0, 0] || Vision: CX:  0 CY:  0 W:  0 H:  0 Px:    0 || IMU: AX: -0.0 AY: -0.4 AZ: -8.7 TZ: -0.0 || Yaw Error:-28.7deg || Batt: 3.57V  || State: MANUAL   
[COMMAND] Mode: MANUAL                || Motors: [0, 20, 0, 0]
[LATENCY] Delta:  46.1ms | Avg:  40.9ms | Rate: 24.4 FPS | Queue: 0B

[2026-09-11 18:40:50.250]
[TELEMETRY] Motors: [0, 20, 0, 0] || Vision: CX:  0 CY:  0 W:  0 H:  0 Px:    0 || IMU: AX: -0.1 AY: -0.4 AZ: -8.8 TZ: -0.0 || Yaw Error:-28.7deg || Batt: 3.57V  || State: MANUAL   
[COMMAND] Mode: MANUAL                || Motors: [0, 20, 0, 0]
[LATENCY] Delta:  76.7ms | Avg:  41.3ms | Rate: 24.2 FPS | Queue: 0B

[2026-09-11 18:40:50.268]
[TELEMETRY] Motors: [0, 20, 0, 0] || Vision: CX:  0 CY:  0 W:  0 H:  0 Px:    0 || IMU: AX: -0.1 AY: -0.4 AZ: -8.7 TZ: -0.0 || Yaw Error:-28.7deg || Batt: 3.57V  || State: MANUAL   
[COMMAND] Mode: MANUAL                || Motors: [0, 20, 0, 0]
[LATENCY] Delta:  17.1ms | Avg:  41.3ms | Rate: 24.2 FPS | Queue: 0B

[2026-09-11 18:40:50.291]
[TELEMETRY] Motors: [0, 20, 0, 0] || Vision: CX:  0 CY:  0 W:  0 H:  0 Px:    0 || IMU: AX: -0.1 AY: -0.4 AZ: -8.7 TZ: -0.0 || Yaw Error:-28.7deg || Batt: 3.57V  || State: MANUAL   
[COMMAND] Mode: MANUAL                || Motors: [0, 20, 0, 0]
[LATENCY] Delta:  20.6ms | Avg:  41.0ms | Rate: 24.4 FPS | Queue: 0B

[2026-09-11 18:40:50.356]
[TELEMETRY] Motors: [0, 20, 0, 0] || Vision: CX:  0 CY:  0 W:  0 H:  0 Px:    0 || IMU: AX: -0.1 AY: -0.4 AZ: -8.7 TZ: -0.0 || Yaw Error:-28.7deg || Batt: 3.57V  || State: MANUAL   
[COMMAND] Mode: MANUAL                || Motors: [0, 20, 0, 0]
[LATENCY] Delta:  66.9ms | Avg:  41.1ms | Rate: 24.3 FPS | Queue: 0B

[2026-09-11 18:40:50.376]
[TELEMETRY] Motors: [0, 20, 0, 0] || Vision: CX:  0 CY:  0 W:  0 H:  0 Px:    0 || IMU: AX: -0.2 AY: -0.4 AZ: -8.7 TZ:  0.0 || Yaw Error:-28.7deg || Batt: 3.57V  || State: MANUAL   
[COMMAND] Mode: MANUAL                || Motors: [0, 20, 0, 0]
[LATENCY] Delta:  21.8ms | Avg:  41.2ms | Rate: 24.3 FPS | Queue: 0B

[2026-09-11 18:40:50.420]
[TELEMETRY] Motors: [0, 20, 0, 0] || Vision: CX:  0 CY:  0 W:  0 H:  0 Px:    0 || IMU: AX: -0.1 AY: -0.4 AZ: -8.8 TZ:  0.0 || Yaw Error:-28.7deg || Batt: 3.57V  || State: MANUAL   
[COMMAND] Mode: MANUAL                || Motors: [0, 20, 0, 0]
[LATENCY] Delta:  43.7ms | Avg:  41.1ms | Rate: 24.4 FPS | Queue: 0B

[2026-09-11 18:40:50.474]
[TELEMETRY] Motors: [0, 20, 0, 0] || Vision: CX:  0 CY:  0 W:  0 H:  0 Px:    0 || IMU: AX: -0.2 AY: -0.4 AZ: -8.6 TZ:  0.0 || Yaw Error:-28.7deg || Batt: 3.57V  || State: MANUAL   
[COMMAND] Mode: MANUAL                || Motors: [0, 20, 0, 0]
[LATENCY] Delta:  52.7ms | Avg:  41.2ms | Rate: 24.2 FPS | Queue: 0B

[2026-09-11 18:40:50.531]
[TELEMETRY] Motors: [0, 20, 0, 0] || Vision: CX:  0 CY:  0 W:  0 H:  0 Px:    0 || IMU: AX: -0.1 AY: -0.4 AZ: -8.7 TZ:  0.0 || Yaw Error:-28.7deg || Batt: 3.57V  || State: MANUAL   
[COMMAND] Mode: MANUAL                || Motors: [0, 20, 0, 0]
[LATENCY] Delta:  58.2ms | Avg:  41.4ms | Rate: 24.2 FPS | Queue: 0B

[2026-09-11 18:40:50.535]
[TELEMETRY] Motors: [0, 20, 0, 0] || Vision: CX:  0 CY:  0 W:  0 H:  0 Px:    0 || IMU: AX: -0.1 AY: -0.3 AZ: -8.8 TZ:  0.0 || Yaw Error:-28.7deg || Batt: 3.57V  || State: MANUAL   
[COMMAND] Mode: MANUAL                || Motors: [0, 20, 0, 0]
[LATENCY] Delta:   3.9ms | Avg:  40.7ms | Rate: 24.6 FPS | Queue: 0B

[2026-09-11 18:40:50.581]
[TELEMETRY] Motors: [0, 20, 0, 0] || Vision: CX:  0 CY:  0 W:  0 H:  0 Px:    0 || IMU: AX: -0.3 AY: -0.5 AZ: -8.8 TZ:  0.0 || Yaw Error:-28.7deg || Batt: 3.57V  || State: MANUAL   
[COMMAND] Mode: MANUAL                || Motors: [0, 20, 0, 0]
[LATENCY] Delta:  45.1ms | Avg:  40.9ms | Rate: 24.4 FPS | Queue: 0B

[2026-09-11 18:40:50.612]
[TELEMETRY] Motors: [0, 20, 0, 0] || Vision: CX:  0 CY:  0 W:  0 H:  0 Px:    0 || IMU: AX: -0.2 AY: -0.4 AZ: -8.8 TZ:  0.0 || Yaw Error:-28.7deg || Batt: 3.57V  || State: MANUAL   
[COMMAND] Mode: MANUAL                || Motors: [0, 20, 0, 0]
[LATENCY] Delta:  32.1ms | Avg:  41.1ms | Rate: 24.3 FPS | Queue: 0B

[2026-09-11 18:40:50.648]
[TELEMETRY] Motors: [0, 20, 0, 0] || Vision: CX:  0 CY:  0 W:  0 H:  0 Px:    0 || IMU: AX: -0.1 AY: -0.4 AZ: -8.5 TZ:  0.0 || Yaw Error:-28.7deg || Batt: 3.56V  || State: MANUAL   
[COMMAND] Mode: MANUAL                || Motors: [0, 20, 0, 0]
[LATENCY] Delta:  36.0ms | Avg:  41.1ms | Rate: 24.3 FPS | Queue: 0B

[2026-09-11 18:40:50.718]
[TELEMETRY] Motors: [0, 20, 0, 0] || Vision: CX:  0 CY:  0 W:  0 H:  0 Px:    0 || IMU: AX:  0.1 AY: -0.4 AZ: -8.6 TZ: -0.0 || Yaw Error:-28.7deg || Batt: 3.56V  || State: MANUAL   
[COMMAND] Mode: MANUAL                || Motors: [0, 20, 0, 0]
[LATENCY] Delta:  69.1ms | Avg:  41.2ms | Rate: 24.3 FPS | Queue: 0B

[2026-09-11 18:40:50.835]
[TELEMETRY] Motors: [0, 20, 0, 0] || Vision: CX:  0 CY:  0 W:  0 H:  0 Px:    0 || IMU: AX:  0.0 AY: -0.4 AZ: -8.6 TZ: -0.0 || Yaw Error:-28.7deg || Batt: 3.56V  || State: MANUAL   
[COMMAND] Mode: MANUAL                || Motors: [0, 20, 0, 0]
[LATENCY] Delta: 118.5ms | Avg:  41.7ms | Rate: 24.0 FPS | Queue: 0B

[2026-09-11 18:40:50.840]
[TELEMETRY] Motors: [0, 20, 0, 0] || Vision: CX:  0 CY:  0 W:  0 H:  0 Px:    0 || IMU: AX:  0.0 AY: -0.3 AZ: -8.8 TZ: -0.0 || Yaw Error:-28.7deg || Batt: 3.56V  || State: MANUAL   
[COMMAND] Mode: MANUAL                || Motors: [0, 20, 0, 0]
[LATENCY] Delta:   4.2ms | Avg:  41.4ms | Rate: 24.1 FPS | Queue: 0B

[2026-09-11 18:40:50.858]
[TELEMETRY] Motors: [1, 20, 0, 0] || Vision: CX:  0 CY:  0 W:  0 H:  0 Px:    0 || IMU: AX: -0.2 AY: -0.3 AZ: -8.6 TZ: -0.0 || Yaw Error:-28.7deg || Batt: 3.56V  || State: MANUAL   
[COMMAND] Mode: MANUAL                || Motors: [0, 20, 0, 0]
[LATENCY] Delta:  16.8ms | Avg:  41.4ms | Rate: 24.2 FPS | Queue: 0B

[2026-09-11 18:40:50.862]
[TELEMETRY] Motors: [0, 20, 0, 0] || Vision: CX:  0 CY:  0 W:  0 H:  0 Px:    0 || IMU: AX: -0.2 AY: -0.4 AZ: -8.7 TZ: -0.0 || Yaw Error:-28.7deg || Batt: 3.56V  || State: MANUAL   
[COMMAND] Mode: MANUAL                || Motors: [0, 20, 0, 0]
[LATENCY] Delta:   4.9ms | Avg:  41.1ms | Rate: 24.4 FPS | Queue: 0B

[2026-09-11 18:40:50.919]
[TELEMETRY] Motors: [0, 20, 0, 0] || Vision: CX:  0 CY:  0 W:  0 H:  0 Px:    0 || IMU: AX: -0.1 AY: -0.4 AZ: -8.7 TZ: -0.0 || Yaw Error:-28.7deg || Batt: 3.56V  || State: MANUAL   
[COMMAND] Mode: MANUAL                || Motors: [0, 20, 0, 0]
[LATENCY] Delta:  57.3ms | Avg:  41.0ms | Rate: 24.4 FPS | Queue: 0B

[2026-09-11 18:40:50.937]
[TELEMETRY] Motors: [0, 20, 0, 0] || Vision: CX:  0 CY:  0 W:  0 H:  0 Px:    0 || IMU: AX: -0.0 AY: -0.5 AZ: -8.8 TZ: -0.0 || Yaw Error:-28.7deg || Batt: 3.56V  || State: MANUAL   
[COMMAND] Mode: MANUAL                || Motors: [0, 20, 0, 0]
[LATENCY] Delta:  18.2ms | Avg:  40.7ms | Rate: 24.6 FPS | Queue: 0B

[2026-09-11 18:40:50.963]
[TELEMETRY] Motors: [0, 20, 0, 0] || Vision: CX:  0 CY:  0 W:  0 H:  0 Px:    0 || IMU: AX: -0.1 AY: -0.4 AZ: -8.7 TZ: -0.0 || Yaw Error:-28.7deg || Batt: 3.56V  || State: MANUAL   
[COMMAND] Mode: MANUAL                || Motors: [0, 20, 0, 0]
[LATENCY] Delta:  26.3ms | Avg:  40.8ms | Rate: 24.5 FPS | Queue: 0B

[2026-09-11 18:40:51.016]
[TELEMETRY] Motors: [0, 20, 0, 0] || Vision: CX:  0 CY:  0 W:  0 H:  0 Px:    0 || IMU: AX: -0.2 AY: -0.4 AZ: -8.7 TZ:  0.0 || Yaw Error:-28.7deg || Batt: 3.56V  || State: MANUAL   
[COMMAND] Mode: MANUAL                || Motors: [0, 20, 0, 0]
[LATENCY] Delta:  52.7ms | Avg:  41.1ms | Rate: 24.3 FPS | Queue: 0B

[2026-09-11 18:40:51.070]
[TELEMETRY] Motors: [0, 20, 0, 0] || Vision: CX:  0 CY:  0 W:  0 H:  0 Px:    0 || IMU: AX: -0.1 AY: -0.5 AZ: -8.7 TZ:  0.0 || Yaw Error:-28.7deg || Batt: 3.56V  || State: MANUAL   
[COMMAND] Mode: MANUAL                || Motors: [0, 20, 0, 0]
[LATENCY] Delta:  54.7ms | Avg:  41.3ms | Rate: 24.2 FPS | Queue: 0B

[2026-09-11 18:40:51.148]
[TELEMETRY] Motors: [0, 20, 0, 0] || Vision: CX:  0 CY:  0 W:  0 H:  0 Px:    0 || IMU: AX: -0.1 AY: -0.5 AZ: -8.6 TZ:  0.0 || Yaw Error:-28.7deg || Batt: 3.56V  || State: MANUAL   
[COMMAND] Mode: MANUAL                || Motors: [0, 20, 0, 0]
[LATENCY] Delta:  77.3ms | Avg:  41.3ms | Rate: 24.2 FPS | Queue: 0B

[2026-09-11 18:40:51.152]
[TELEMETRY] Motors: [0, 20, 0, 0] || Vision: CX:  0 CY:  0 W:  0 H:  0 Px:    0 || IMU: AX:  0.0 AY: -0.5 AZ: -8.6 TZ:  0.0 || Yaw Error:-28.7deg || Batt: 3.56V  || State: MANUAL   
[COMMAND] Mode: MANUAL                || Motors: [0, 20, 0, 0]
[LATENCY] Delta:   3.8ms | Avg:  41.3ms | Rate: 24.2 FPS | Queue: 0B

[2026-09-11 18:40:51.178]
[TELEMETRY] Motors: [0, 20, 0, 0] || Vision: CX:  0 CY:  0 W:  0 H:  0 Px:    0 || IMU: AX: -0.1 AY: -0.5 AZ: -8.6 TZ:  0.0 || Yaw Error:-28.7deg || Batt: 3.57V  || State: MANUAL   
[COMMAND] Mode: MANUAL                || Motors: [0, 20, 0, 0]
[LATENCY] Delta:  25.9ms | Avg:  41.0ms | Rate: 24.4 FPS | Queue: 0B

[2026-09-11 18:40:51.240]
[TELEMETRY] Motors: [0, 20, 0, 0] || Vision: CX:  0 CY:  0 W:  0 H:  0 Px:    0 || IMU: AX: -0.1 AY: -0.5 AZ: -8.7 TZ:  0.0 || Yaw Error:-28.7deg || Batt: 3.57V  || State: MANUAL   
[COMMAND] Mode: MANUAL                || Motors: [0, 20, 0, 0]
[LATENCY] Delta:  61.6ms | Avg:  41.3ms | Rate: 24.2 FPS | Queue: 0B

[2026-09-11 18:40:51.245]
[TELEMETRY] Motors: [0, 20, 0, 0] || Vision: CX:  0 CY:  0 W:  0 H:  0 Px:    0 || IMU: AX: -0.1 AY: -0.3 AZ: -8.8 TZ:  0.0 || Yaw Error:-28.7deg || Batt: 3.57V  || State: MANUAL   
[COMMAND] Mode: MANUAL                || Motors: [0, 20, 0, 0]
[LATENCY] Delta:   6.7ms | Avg:  41.2ms | Rate: 24.3 FPS | Queue: 0B

[2026-09-11 18:40:51.292]
[TELEMETRY] Motors: [0, 20, 0, 0] || Vision: CX:  0 CY:  0 W:  0 H:  0 Px:    0 || IMU: AX: -0.2 AY: -0.3 AZ: -8.8 TZ: -0.0 || Yaw Error:-28.7deg || Batt: 3.57V  || State: MANUAL   
[COMMAND] Mode: MANUAL                || Motors: [0, 20, 0, 0]
[LATENCY] Delta:  45.6ms | Avg:  41.2ms | Rate: 24.3 FPS | Queue: 0B

[2026-09-11 18:40:51.403]
[TELEMETRY] Motors: [0, 20, 0, 0] || Vision: CX:  0 CY:  0 W:  0 H:  0 Px:    0 || IMU: AX: -0.2 AY: -0.5 AZ: -8.9 TZ: -0.0 || Yaw Error:-28.7deg || Batt: 3.57V  || State: MANUAL   
[COMMAND] Mode: MANUAL                || Motors: [0, 20, 0, 0]
[LATENCY] Delta: 111.2ms | Avg:  41.5ms | Rate: 24.1 FPS | Queue: 0B

[2026-09-11 18:40:51.423]
[TELEMETRY] Motors: [0, 20, 0, 0] || Vision: CX:  0 CY:  0 W:  0 H:  0 Px:    0 || IMU: AX: -0.1 AY: -0.4 AZ: -8.8 TZ: -0.0 || Yaw Error:-28.7deg || Batt: 3.57V  || State: MANUAL   
[COMMAND] Mode: MANUAL                || Motors: [0, 20, 0, 0]
[LATENCY] Delta:  19.8ms | Avg:  41.1ms | Rate: 24.3 FPS | Queue: 0B

[2026-09-11 18:40:51.427]
[TELEMETRY] Motors: [0, 20, 0, 0] || Vision: CX:  0 CY:  0 W:  0 H:  0 Px:    0 || IMU: AX: -0.1 AY: -0.5 AZ: -8.7 TZ: -0.0 || Yaw Error:-28.7deg || Batt: 3.57V  || State: MANUAL   
[COMMAND] Mode: MANUAL                || Motors: [0, 20, 0, 0]
[LATENCY] Delta:   4.2ms | Avg:  40.8ms | Rate: 24.5 FPS | Queue: 0B

[2026-09-11 18:40:51.497]
[TELEMETRY] Motors: [0, 20, 0, 0] || Vision: CX:  0 CY:  0 W:  0 H:  0 Px:    0 || IMU: AX: -0.1 AY: -0.5 AZ: -8.8 TZ: -0.0 || Yaw Error:-28.7deg || Batt: 3.57V  || State: MANUAL   
[COMMAND] Mode: MANUAL                || Motors: [0, 20, 0, 0]
[LATENCY] Delta:  70.3ms | Avg:  40.9ms | Rate: 24.4 FPS | Queue: 0B

[2026-09-11 18:40:51.504]
[TELEMETRY] Motors: [0, 20, 0, 0] || Vision: CX:  0 CY:  0 W:  0 H:  0 Px:    0 || IMU: AX: -0.1 AY: -0.5 AZ: -8.8 TZ: -0.0 || Yaw Error:-28.7deg || Batt: 3.57V  || State: MANUAL   
[COMMAND] Mode: MANUAL                || Motors: [0, 20, 0, 0]
[LATENCY] Delta:   7.5ms | Avg:  40.9ms | Rate: 24.4 FPS | Queue: 0B

[2026-09-11 18:40:51.548]
[TELEMETRY] Motors: [0, 20, 0, 0] || Vision: CX:  0 CY:  0 W:  0 H:  0 Px:    0 || IMU: AX: -0.2 AY: -0.3 AZ: -8.7 TZ: -0.0 || Yaw Error:-28.7deg || Batt: 3.57V  || State: MANUAL   
[COMMAND] Mode: MANUAL                || Motors: [0, 20, 0, 0]
[LATENCY] Delta:  42.4ms | Avg:  41.1ms | Rate: 24.3 FPS | Queue: 0B

[2026-09-11 18:40:51.664]
[TELEMETRY] Motors: [0, 20, 0, 0] || Vision: CX:  0 CY:  0 W:  0 H:  0 Px:    0 || IMU: AX: -0.2 AY: -0.4 AZ: -8.8 TZ: -0.0 || Yaw Error:-28.7deg || Batt: 3.57V  || State: MANUAL   
[COMMAND] Mode: MANUAL                || Motors: [0, 20, 0, 0]
[LATENCY] Delta: 117.0ms | Avg:  41.7ms | Rate: 24.0 FPS | Queue: 0B

[2026-09-11 18:40:51.668]
[TELEMETRY] Motors: [0, 20, 0, 0] || Vision: CX:  0 CY:  0 W:  0 H:  0 Px:    0 || IMU: AX:  0.1 AY: -0.4 AZ: -8.7 TZ: -0.0 || Yaw Error:-28.7deg || Batt: 3.57V  || State: MANUAL   
[COMMAND] Mode: MANUAL                || Motors: [0, 20, 0, 0]
[LATENCY] Delta:   3.7ms | Avg:  41.5ms | Rate: 24.1 FPS | Queue: 0B

[2026-09-11 18:40:51.730]
[TELEMETRY] Motors: [0, 20, 0, 0] || Vision: CX:  0 CY:  0 W:  0 H:  0 Px:    0 || IMU: AX: -0.1 AY: -0.4 AZ: -8.6 TZ: -0.0 || Yaw Error:-28.7deg || Batt: 3.57V  || State: MANUAL   
[COMMAND] Mode: MANUAL                || Motors: [0, 20, 0, 0]
[LATENCY] Delta:  62.0ms | Avg:  41.6ms | Rate: 24.0 FPS | Queue: 0B

[2026-09-11 18:40:51.733]
[TELEMETRY] Motors: [0, 20, 0, 0] || Vision: CX:  0 CY:  0 W:  0 H:  0 Px:    0 || IMU: AX: -0.1 AY: -0.3 AZ: -8.8 TZ: -0.0 || Yaw Error:-28.7deg || Batt: 3.56V  || State: MANUAL   
[COMMAND] Mode: MANUAL                || Motors: [0, 20, 0, 0]
[LATENCY] Delta:   3.7ms | Avg:  41.4ms | Rate: 24.2 FPS | Queue: 0B

[2026-09-11 18:40:51.814]
[TELEMETRY] Motors: [0, 20, 0, 0] || Vision: CX:  0 CY:  0 W:  0 H:  0 Px:    0 || IMU: AX: -0.2 AY: -0.3 AZ: -8.7 TZ: -0.0 || Yaw Error:-28.7deg || Batt: 3.56V  || State: MANUAL   
[COMMAND] Mode: MANUAL                || Motors: [0, 20, 0, 0]
[LATENCY] Delta:  79.9ms | Avg:  41.5ms | Rate: 24.1 FPS | Queue: 0B

[2026-09-11 18:40:51.872]
[TELEMETRY] Motors: [0, 20, 0, 0] || Vision: CX:  0 CY:  0 W:  0 H:  0 Px:    0 || IMU: AX: -0.2 AY: -0.4 AZ: -8.8 TZ: -0.0 || Yaw Error:-28.7deg || Batt: 3.56V  || State: MANUAL   
[COMMAND] Mode: MANUAL                || Motors: [0, 20, 0, 0]
[LATENCY] Delta:  58.6ms | Avg:  41.7ms | Rate: 24.0 FPS | Queue: 0B

[2026-09-11 18:40:51.911]
[TELEMETRY] Motors: [0, 20, 0, 0] || Vision: CX:  0 CY:  0 W:  0 H:  0 Px:    0 || IMU: AX: -0.1 AY: -0.4 AZ: -8.8 TZ: -0.0 || Yaw Error:-28.7deg || Batt: 3.56V  || State: MANUAL   
[COMMAND] Mode: MANUAL                || Motors: [0, 20, 0, 0]
[LATENCY] Delta:  36.2ms | Avg:  41.5ms | Rate: 24.1 FPS | Queue: 0B

[2026-09-11 18:40:51.915]
[TELEMETRY] Motors: [0, 20, 0, 0] || Vision: CX:  0 CY:  0 W:  0 H:  0 Px:    0 || IMU: AX: -0.1 AY: -0.4 AZ: -8.7 TZ: -0.0 || Yaw Error:-28.7deg || Batt: 3.56V  || State: MANUAL   
[COMMAND] Mode: MANUAL                || Motors: [0, 20, 0, 0]
[LATENCY] Delta:   2.1ms | Avg:  41.4ms | Rate: 24.1 FPS | Queue: 0B

[2026-09-11 18:40:51.973]
[TELEMETRY] Motors: [0, 20, 0, 0] || Vision: CX:  0 CY:  0 W:  0 H:  0 Px:    0 || IMU: AX: -0.2 AY: -0.3 AZ: -8.7 TZ:  0.0 || Yaw Error:-28.7deg || Batt: 3.56V  || State: MANUAL   
[COMMAND] Mode: MANUAL                || Motors: [0, 20, 0, 0]
[LATENCY] Delta:  62.2ms | Avg:  40.5ms | Rate: 24.7 FPS | Queue: 0B

[2026-09-11 18:40:51.979]
[TELEMETRY] Motors: [0, 20, 0, 0] || Vision: CX:  0 CY:  0 W:  0 H:  0 Px:    0 || IMU: AX: -0.1 AY: -0.5 AZ: -8.7 TZ:  0.0 || Yaw Error:-28.7deg || Batt: 3.56V  || State: MANUAL   
[COMMAND] Mode: MANUAL                || Motors: [0, 20, 0, 0]
[LATENCY] Delta:   4.0ms | Avg:  40.5ms | Rate: 24.7 FPS | Queue: 0B

[2026-09-11 18:40:51.983]
[TELEMETRY] Motors: [0, 20, 0, 0] || Vision: CX:  0 CY:  0 W:  0 H:  0 Px:    0 || IMU: AX: -0.2 AY: -0.4 AZ: -8.8 TZ:  0.0 || Yaw Error:-28.7deg || Batt: 3.56V  || State: MANUAL   
[COMMAND] Mode: MANUAL                || Motors: [0, 20, 0, 0]
[LATENCY] Delta:   2.1ms | Avg:  40.5ms | Rate: 24.7 FPS | Queue: 0B

[2026-09-11 18:40:52.018]
[TELEMETRY] Motors: [0, 20, 0, 0] || Vision: CX:  0 CY:  0 W:  0 H:  0 Px:    0 || IMU: AX: -0.2 AY: -0.3 AZ: -8.8 TZ:  0.0 || Yaw Error:-28.7deg || Batt: 3.56V  || State: MANUAL   
[COMMAND] Mode: MANUAL                || Motors: [0, 20, 0, 0]
[LATENCY] Delta:  37.7ms | Avg:  40.5ms | Rate: 24.7 FPS | Queue: 0B

[2026-09-11 18:40:52.061]
[TELEMETRY] Motors: [0, 20, 0, 0] || Vision: CX:  0 CY:  0 W:  0 H:  0 Px:    0 || IMU: AX: -0.0 AY: -0.3 AZ: -8.7 TZ:  0.0 || Yaw Error:-28.7deg || Batt: 3.56V  || State: MANUAL   
[COMMAND] Mode: MANUAL                || Motors: [0, 20, 0, 0]
[LATENCY] Delta:  45.0ms | Avg:  40.7ms | Rate: 24.6 FPS | Queue: 0B

[2026-09-11 18:40:52.113]
[TELEMETRY] Motors: [0, 20, 0, 0] || Vision: CX:  0 CY:  0 W:  0 H:  0 Px:    0 || IMU: AX: -0.1 AY: -0.5 AZ: -8.6 TZ: -0.0 || Yaw Error:-28.7deg || Batt: 3.56V  || State: MANUAL   
[COMMAND] Mode: MANUAL                || Motors: [0, 20, 0, 0]
[LATENCY] Delta:  51.2ms | Avg:  40.4ms | Rate: 24.8 FPS | Queue: 0B

[2026-09-11 18:40:52.298]
[TELEMETRY] Motors: [0, 20, 0, 0] || Vision: CX:  0 CY:  0 W:  0 H:  0 Px:    0 || IMU: AX:  0.1 AY: -0.5 AZ: -8.6 TZ: -0.0 || Yaw Error:-28.7deg || Batt: 3.56V  || State: MANUAL   
[COMMAND] Mode: MANUAL                || Motors: [0, 20, 0, 0]
[LATENCY] Delta: 186.0ms | Avg:  40.6ms | Rate: 24.6 FPS | Queue: 0B

[2026-09-11 18:40:52.317]
[TELEMETRY] Motors: [0, 20, 0, 0] || Vision: CX:  0 CY:  0 W:  0 H:  0 Px:    0 || IMU: AX: -0.0 AY: -0.4 AZ: -8.6 TZ: -0.0 || Yaw Error:-28.7deg || Batt: 3.56V  || State: MANUAL   
[COMMAND] Mode: MANUAL                || Motors: [0, 20, 0, 0]
[LATENCY] Delta:  18.8ms | Avg:  40.7ms | Rate: 24.6 FPS | Queue: 0B

[2026-09-11 18:40:52.321]
[TELEMETRY] Motors: [0, 20, 0, 0] || Vision: CX:  0 CY:  0 W:  0 H:  0 Px:    0 || IMU: AX:  0.0 AY: -0.4 AZ: -8.7 TZ: -0.0 || Yaw Error:-28.7deg || Batt: 3.57V  || State: MANUAL   
[COMMAND] Mode: MANUAL                || Motors: [0, 20, 0, 0]
[LATENCY] Delta:   4.7ms | Avg:  40.7ms | Rate: 24.5 FPS | Queue: 0B

[2026-09-11 18:40:52.326]
[TELEMETRY] Motors: [0, 20, 0, 0] || Vision: CX:  0 CY:  0 W:  0 H:  0 Px:    0 || IMU: AX: -0.1 AY: -0.5 AZ: -8.9 TZ: -0.0 || Yaw Error:-28.7deg || Batt: 3.57V  || State: MANUAL   
[COMMAND] Mode: MANUAL                || Motors: [0, 20, 0, 0]
[LATENCY] Delta:   1.7ms | Avg:  40.5ms | Rate: 24.7 FPS | Queue: 0B

[2026-09-11 18:40:52.331]
[TELEMETRY] Motors: [0, 20, 0, 0] || Vision: CX:  0 CY:  0 W:  0 H:  0 Px:    0 || IMU: AX: -0.1 AY: -0.5 AZ: -8.8 TZ: -0.0 || Yaw Error:-28.7deg || Batt: 3.57V  || State: MANUAL   
[COMMAND] Mode: MANUAL                || Motors: [0, 20, 0, 0]
[LATENCY] Delta:   3.4ms | Avg:  40.4ms | Rate: 24.7 FPS | Queue: 0B

[2026-09-11 18:40:52.366]
[TELEMETRY] Motors: [0, 20, 0, 0] || Vision: CX:  0 CY:  0 W:  0 H:  0 Px:    0 || IMU: AX: -0.0 AY: -0.5 AZ: -8.6 TZ: -0.0 || Yaw Error:-28.7deg || Batt: 3.57V  || State: MANUAL   
[COMMAND] Mode: MANUAL                || Motors: [0, 20, 0, 0]
[LATENCY] Delta:  36.9ms | Avg:  40.6ms | Rate: 24.6 FPS | Queue: 0B

[2026-09-11 18:40:52.441]
[TELEMETRY] Motors: [0, 20, 0, 0] || Vision: CX:  0 CY:  0 W:  0 H:  0 Px:    0 || IMU: AX:  0.0 AY: -0.5 AZ: -8.7 TZ: -0.0 || Yaw Error:-28.7deg || Batt: 3.57V  || State: MANUAL   
[COMMAND] Mode: MANUAL                || Motors: [0, 20, 0, 0]
[LATENCY] Delta:  74.7ms | Avg:  40.8ms | Rate: 24.5 FPS | Queue: 0B

[2026-09-11 18:40:52.530]
[TELEMETRY] Motors: [0, 20, 0, 0] || Vision: CX:  0 CY:  0 W:  0 H:  0 Px:    0 || IMU: AX:  0.0 AY: -0.5 AZ: -8.6 TZ:  0.0 || Yaw Error:-28.7deg || Batt: 3.57V  || State: MANUAL   
[COMMAND] Mode: MANUAL                || Motors: [0, 20, 0, 0]
[LATENCY] Delta:  87.8ms | Avg:  41.2ms | Rate: 24.3 FPS | Queue: 0B

[2026-09-11 18:40:52.534]
[TELEMETRY] Motors: [0, 20, 0, 0] || Vision: CX:  0 CY:  0 W:  0 H:  0 Px:    0 || IMU: AX: -0.0 AY: -0.4 AZ: -8.7 TZ:  0.0 || Yaw Error:-28.7deg || Batt: 3.57V  || State: MANUAL   
[COMMAND] Mode: MANUAL                || Motors: [0, 20, 0, 0]
[LATENCY] Delta:   0.3ms | Avg:  41.2ms | Rate: 24.3 FPS | Queue: 0B

[2026-09-11 18:40:52.602]
[TELEMETRY] Motors: [0, 20, 0, 0] || Vision: CX:  0 CY:  0 W:  0 H:  0 Px:    0 || IMU: AX:  0.0 AY: -0.5 AZ: -8.7 TZ:  0.0 || Yaw Error:-28.7deg || Batt: 3.57V  || State: MANUAL   
[COMMAND] Mode: MANUAL                || Motors: [0, 20, 0, 0]
[LATENCY] Delta:  67.6ms | Avg:  41.4ms | Rate: 24.2 FPS | Queue: 0B

[2026-09-11 18:40:52.804]
[TELEMETRY] Motors: [0, 20, 0, 0] || Vision: CX:  0 CY:  0 W:  0 H:  0 Px:    0 || IMU: AX:  0.0 AY: -0.5 AZ: -8.7 TZ:  0.0 || Yaw Error:-28.7deg || Batt: 3.57V  || State: MANUAL   
[COMMAND] Mode: MANUAL                || Motors: [0, 20, 0, 0]
[LATENCY] Delta: 203.1ms | Avg:  41.8ms | Rate: 23.9 FPS | Queue: 0B

[2026-09-11 18:40:52.884]
[TELEMETRY] Motors: [0, 20, 0, 0] || Vision: CX:  0 CY:  0 W:  0 H:  0 Px:    0 || IMU: AX:  0.0 AY: -0.5 AZ: -8.7 TZ:  0.0 || Yaw Error:-28.7deg || Batt: 3.57V  || State: MANUAL   
[COMMAND] Mode: MANUAL                || Motors: [0, 20, 0, 0]
[LATENCY] Delta:  79.2ms | Avg:  42.2ms | Rate: 23.7 FPS | Queue: 0B

[2026-09-11 18:40:52.888]
[TELEMETRY] Motors: [0, 20, 0, 0] || Vision: CX:  0 CY:  0 W:  0 H:  0 Px:    0 || IMU: AX:  0.0 AY: -0.5 AZ: -8.7 TZ:  0.0 || Yaw Error:-28.7deg || Batt: 3.57V  || State: MANUAL   
[COMMAND] Mode: MANUAL                || Motors: [0, 20, 0, 0]
[LATENCY] Delta:   3.2ms | Avg:  41.7ms | Rate: 24.0 FPS | Queue: 0B

[2026-09-11 18:40:52.938]
[TELEMETRY] Motors: [0, 20, 0, 0] || Vision: CX:  0 CY:  0 W:  0 H:  0 Px:    0 || IMU: AX: -0.2 AY: -0.4 AZ: -8.7 TZ:  0.0 || Yaw Error:-28.7deg || Batt: 3.56V  || State: MANUAL   
[COMMAND] Mode: MANUAL                || Motors: [0, 20, 0, 0]
[LATENCY] Delta:  50.1ms | Avg:  41.7ms | Rate: 24.0 FPS | Queue: 0B

[2026-09-11 18:40:52.942]
[TELEMETRY] Motors: [0, 20, 0, 0] || Vision: CX:  0 CY:  0 W:  0 H:  0 Px:    0 || IMU: AX: -0.2 AY: -0.4 AZ: -8.8 TZ:  0.0 || Yaw Error:-28.7deg || Batt: 3.56V  || State: MANUAL   
[COMMAND] Mode: MANUAL                || Motors: [0, 20, 0, 0]
[LATENCY] Delta:   4.1ms | Avg:  41.4ms | Rate: 24.2 FPS | Queue: 0B

[2026-09-11 18:40:52.999]
[TELEMETRY] Motors: [0, 20, 0, 0] || Vision: CX:  0 CY:  0 W:  0 H:  0 Px:    0 || IMU: AX: -0.0 AY: -0.5 AZ: -8.7 TZ: -0.0 || Yaw Error:-28.7deg || Batt: 3.56V  || State: MANUAL   
[COMMAND] Mode: MANUAL                || Motors: [0, 20, 0, 0]
[LATENCY] Delta:  58.2ms | Avg:  41.7ms | Rate: 24.0 FPS | Queue: 0B

[2026-09-11 18:40:53.003]
[TELEMETRY] Motors: [0, 20, 0, 0] || Vision: CX:  0 CY:  0 W:  0 H:  0 Px:    0 || IMU: AX: -0.0 AY: -0.6 AZ: -8.8 TZ: -0.0 || Yaw Error:-28.7deg || Batt: 3.56V  || State: MANUAL   
[COMMAND] Mode: MANUAL                || Motors: [0, 20, 0, 0]
[LATENCY] Delta:   2.8ms | Avg:  41.7ms | Rate: 24.0 FPS | Queue: 0B

[2026-09-11 18:40:53.008]
[TELEMETRY] Motors: [0, 20, 0, 0] || Vision: CX:  0 CY:  0 W:  0 H:  0 Px:    0 || IMU: AX: -0.1 AY: -0.3 AZ: -8.6 TZ: -0.0 || Yaw Error:-28.7deg || Batt: 3.56V  || State: MANUAL   
[COMMAND] Mode: MANUAL                || Motors: [0, 20, 0, 0]
[LATENCY] Delta:   4.0ms | Avg:  41.6ms | Rate: 24.0 FPS | Queue: 0B

[2026-09-11 18:40:53.076]
[TELEMETRY] Motors: [0, 20, 0, 0] || Vision: CX:  0 CY:  0 W:  0 H:  0 Px:    0 || IMU: AX: -0.0 AY: -0.2 AZ: -8.6 TZ: -0.0 || Yaw Error:-28.7deg || Batt: 3.56V  || State: MANUAL   
[COMMAND] Mode: MANUAL                || Motors: [0, 20, 0, 0]
[LATENCY] Delta:  68.0ms | Avg:  41.9ms | Rate: 23.9 FPS | Queue: 0B

[2026-09-11 18:40:53.080]
[TELEMETRY] Motors: [0, 20, 0, 0] || Vision: CX:  0 CY:  0 W:  0 H:  0 Px:    0 || IMU: AX: -0.2 AY: -0.4 AZ: -8.8 TZ: -0.0 || Yaw Error:-28.7deg || Batt: 3.56V  || State: MANUAL   
[COMMAND] Mode: MANUAL                || Motors: [0, 20, 0, 0]
[LATENCY] Delta:   0.2ms | Avg:  41.4ms | Rate: 24.2 FPS | Queue: 0B

[2026-09-11 18:40:53.084]
[TELEMETRY] Motors: [0, 20, 0, 0] || Vision: CX:  0 CY:  0 W:  0 H:  0 Px:    0 || IMU: AX: -0.1 AY: -0.6 AZ: -8.8 TZ: -0.0 || Yaw Error:-28.7deg || Batt: 3.56V  || State: MANUAL   
[COMMAND] Mode: MANUAL                || Motors: [0, 20, 0, 0]
[LATENCY] Delta:   4.8ms | Avg:  41.3ms | Rate: 24.2 FPS | Queue: 0B

[2026-09-11 18:40:53.089]
[TELEMETRY] Motors: [0, 20, 0, 0] || Vision: CX:  0 CY:  0 W:  0 H:  0 Px:    0 || IMU: AX: -0.4 AY: -0.4 AZ: -8.8 TZ:  0.0 || Yaw Error:-28.7deg || Batt: 3.56V  || State: MANUAL   
[COMMAND] Mode: MANUAL                || Motors: [0, 20, 0, 0]
[LATENCY] Delta:   4.7ms | Avg:  41.2ms | Rate: 24.3 FPS | Queue: 0B

[2026-09-11 18:40:53.218]
[TELEMETRY] Motors: [0, 20, 0, 0] || Vision: CX:  0 CY:  0 W:  0 H:  0 Px:    0 || IMU: AX: -0.2 AY: -0.2 AZ: -8.8 TZ:  0.0 || Yaw Error:-28.7deg || Batt: 3.56V  || State: MANUAL   
[COMMAND] Mode: MANUAL                || Motors: [0, 20, 0, 0]
[LATENCY] Delta: 133.2ms | Avg:  41.5ms | Rate: 24.1 FPS | Queue: 0B

[2026-09-11 18:40:53.228]
[TELEMETRY] Motors: [0, 20, 0, 0] || Vision: CX:  0 CY:  0 W:  0 H:  0 Px:    0 || IMU: AX: -0.1 AY: -0.4 AZ: -8.7 TZ:  0.0 || Yaw Error:-28.7deg || Batt: 3.56V  || State: MANUAL   
[COMMAND] Mode: MANUAL                || Motors: [0, 20, 0, 0]
[LATENCY] Delta:   9.0ms | Avg:  41.4ms | Rate: 24.2 FPS | Queue: 0B

[2026-09-11 18:40:53.236]
[TELEMETRY] Motors: [0, 20, 0, 0] || Vision: CX:  0 CY:  0 W:  0 H:  0 Px:    0 || IMU: AX: -0.1 AY: -0.5 AZ: -8.8 TZ:  0.0 || Yaw Error:-28.7deg || Batt: 3.56V  || State: MANUAL   
[COMMAND] Mode: MANUAL                || Motors: [0, 20, 0, 0]
[LATENCY] Delta:   8.4ms | Avg:  41.2ms | Rate: 24.3 FPS | Queue: 0B

[2026-09-11 18:40:53.274]
[TELEMETRY] Motors: [0, 20, 0, 0] || Vision: CX:  0 CY:  0 W:  0 H:  0 Px:    0 || IMU: AX: -0.1 AY: -0.5 AZ: -8.7 TZ:  0.0 || Yaw Error:-28.7deg || Batt: 3.56V  || State: MANUAL   
[COMMAND] Mode: MANUAL                || Motors: [0, 20, 0, 0]
[LATENCY] Delta:  38.2ms | Avg:  40.7ms | Rate: 24.6 FPS | Queue: 0B

[2026-09-11 18:40:53.305]
[TELEMETRY] Motors: [0, 20, 0, 0] || Vision: CX:  0 CY:  0 W:  0 H:  0 Px:    0 || IMU: AX: -0.1 AY: -0.7 AZ: -8.7 TZ:  0.0 || Yaw Error:-28.7deg || Batt: 3.56V  || State: MANUAL   
[COMMAND] Mode: MANUAL                || Motors: [0, 20, 0, 0]
[LATENCY] Delta:  30.1ms | Avg:  40.8ms | Rate: 24.5 FPS | Queue: 0B

[2026-09-11 18:40:53.346]
[TELEMETRY] Motors: [0, 20, 0, 0] || Vision: CX:  0 CY:  0 W:  0 H:  0 Px:    0 || IMU: AX: -0.1 AY: -0.7 AZ: -8.8 TZ: -0.0 || Yaw Error:-28.7deg || Batt: 3.56V  || State: MANUAL   
[COMMAND] Mode: MANUAL                || Motors: [0, 20, 0, 0]
[LATENCY] Delta:  42.2ms | Avg:  41.0ms | Rate: 24.4 FPS | Queue: 0B

[2026-09-11 18:40:53.425]
[TELEMETRY] Motors: [0, 20, 0, 0] || Vision: CX:  0 CY:  0 W:  0 H:  0 Px:    0 || IMU: AX: -0.0 AY: -0.5 AZ: -8.7 TZ: -0.0 || Yaw Error:-28.7deg || Batt: 3.56V  || State: MANUAL   
[COMMAND] Mode: MANUAL                || Motors: [0, 20, 0, 0]
[LATENCY] Delta:  77.6ms | Avg:  41.4ms | Rate: 24.2 FPS | Queue: 0B

[2026-09-11 18:40:53.558]
[TELEMETRY] Motors: [1, 20, 0, 0] || Vision: CX:  0 CY:  0 W:  0 H:  0 Px:    0 || IMU: AX:  0.0 AY: -0.6 AZ: -8.7 TZ: -0.0 || Yaw Error:-28.7deg || Batt: 3.56V  || State: MANUAL   
[COMMAND] Mode: MANUAL                || Motors: [0, 20, 0, 0]
[LATENCY] Delta: 132.9ms | Avg:  41.8ms | Rate: 23.9 FPS | Queue: 0B

[2026-09-11 18:40:53.615]
[TELEMETRY] Motors: [1, 20, 0, 0] || Vision: CX:  0 CY:  0 W:  0 H:  0 Px:    0 || IMU: AX:  0.2 AY: -0.6 AZ: -8.5 TZ: -0.1 || Yaw Error:-28.7deg || Batt: 3.56V  || State: MANUAL   
[COMMAND] Mode: MANUAL                || Motors: [0, 20, 0, 0]
[LATENCY] Delta:  58.1ms | Avg:  41.9ms | Rate: 23.9 FPS | Queue: 0B

[2026-09-11 18:40:53.621]
[TELEMETRY] Motors: [1, 20, 0, 0] || Vision: CX:  0 CY:  0 W:  0 H:  0 Px:    0 || IMU: AX:  0.4 AY: -0.3 AZ: -8.6 TZ: -0.1 || Yaw Error:-28.7deg || Batt: 3.56V  || State: MANUAL   
[COMMAND] Mode: MANUAL                || Motors: [0, 20, 0, 0]
[LATENCY] Delta:   4.7ms | Avg:  41.8ms | Rate: 23.9 FPS | Queue: 0B

[2026-09-11 18:40:53.625]
[TELEMETRY] Motors: [1, 20, 0, 0] || Vision: CX:  0 CY:  0 W:  0 H:  0 Px:    0 || IMU: AX:  0.4 AY: -0.5 AZ: -8.7 TZ: -0.1 || Yaw Error:-28.7deg || Batt: 3.56V  || State: MANUAL   
[COMMAND] Mode: MANUAL                || Motors: [0, 20, 0, 0]
[LATENCY] Delta:   0.1ms | Avg:  40.8ms | Rate: 24.5 FPS | Queue: 0B

[2026-09-11 18:40:53.629]
[TELEMETRY] Motors: [1, 20, 0, 0] || Vision: CX:  0 CY:  0 W:  0 H:  0 Px:    0 || IMU: AX:  0.3 AY: -0.5 AZ: -8.8 TZ: -0.0 || Yaw Error:-28.7deg || Batt: 3.56V  || State: MANUAL   
[COMMAND] Mode: MANUAL                || Motors: [0, 20, 0, 0]
[LATENCY] Delta:   3.2ms | Avg:  40.6ms | Rate: 24.6 FPS | Queue: 0B

[2026-09-11 18:40:53.648]
[TELEMETRY] Motors: [1, 20, 0, 0] || Vision: CX:  0 CY:  0 W:  0 H:  0 Px:    0 || IMU: AX:  0.3 AY: -0.6 AZ: -8.9 TZ: -0.0 || Yaw Error:-28.7deg || Batt: 3.56V  || State: MANUAL   
[COMMAND] Mode: MANUAL                || Motors: [0, 20, 0, 0]
[LATENCY] Delta:  19.6ms | Avg:  40.7ms | Rate: 24.6 FPS | Queue: 0B

[2026-09-11 18:40:53.698]
[TELEMETRY] Motors: [0, 20, 0, 0] || Vision: CX:  0 CY:  0 W:  0 H:  0 Px:    0 || IMU: AX:  0.2 AY: -0.9 AZ: -9.0 TZ: -0.0 || Yaw Error:-28.7deg || Batt: 3.56V  || State: MANUAL   
[COMMAND] Mode: MANUAL                || Motors: [0, 20, 0, 0]
[LATENCY] Delta:  49.2ms | Avg:  40.9ms | Rate: 24.4 FPS | Queue: 0B

[2026-09-11 18:40:53.724]
[TELEMETRY] Motors: [0, 20, 0, 0] || Vision: CX:  0 CY:  0 W:  0 H:  0 Px:    0 || IMU: AX:  0.3 AY: -1.1 AZ: -9.0 TZ:  0.0 || Yaw Error:-28.7deg || Batt: 3.56V  || State: MANUAL   
[COMMAND] Mode: MANUAL                || Motors: [0, 20, 0, 0]
[LATENCY] Delta:  26.7ms | Avg:  41.1ms | Rate: 24.4 FPS | Queue: 0B

[2026-09-11 18:40:53.782]
[TELEMETRY] Motors: [0, 20, 0, 0] || Vision: CX:  0 CY:  0 W:  0 H:  0 Px:    0 || IMU: AX:  0.1 AY: -0.9 AZ: -8.8 TZ: -0.0 || Yaw Error:-28.7deg || Batt: 3.56V  || State: MANUAL   
[COMMAND] Mode: MANUAL                || Motors: [0, 20, 0, 0]
[LATENCY] Delta:  57.5ms | Avg:  41.1ms | Rate: 24.3 FPS | Queue: 0B

[2026-09-11 18:40:53.838]
[TELEMETRY] Motors: [0, 20, 0, 0] || Vision: CX:  0 CY:  0 W:  0 H:  0 Px:    0 || IMU: AX:  0.1 AY: -0.6 AZ: -8.6 TZ: -0.0 || Yaw Error:-28.7deg || Batt: 3.56V  || State: MANUAL   
[COMMAND] Mode: MANUAL                || Motors: [0, 20, 0, 0]
[LATENCY] Delta:  56.2ms | Avg:  41.2ms | Rate: 24.3 FPS | Queue: 0B

[2026-09-11 18:40:53.849]
[TELEMETRY] Motors: [0, 20, 0, 0] || Vision: CX:  0 CY:  0 W:  0 H:  0 Px:    0 || IMU: AX:  0.7 AY: -0.2 AZ: -8.6 TZ: -0.0 || Yaw Error:-28.7deg || Batt: 3.56V  || State: MANUAL   
[COMMAND] Mode: MANUAL                || Motors: [0, 20, 0, 0]
[LATENCY] Delta:  10.8ms | Avg:  41.2ms | Rate: 24.3 FPS | Queue: 0B

[2026-09-11 18:40:53.908]
[TELEMETRY] Motors: [2, 20, 0, 0] || Vision: CX:  0 CY:  0 W:  0 H:  0 Px:    0 || IMU: AX:  1.1 AY: -0.3 AZ: -8.5 TZ: -0.1 || Yaw Error:-28.7deg || Batt: 3.56V  || State: MANUAL   
[COMMAND] Mode: MANUAL                || Motors: [0, 20, 0, 0]
[LATENCY] Delta:  59.7ms | Avg:  41.2ms | Rate: 24.3 FPS | Queue: 0B

[2026-09-11 18:40:53.960]
[TELEMETRY] Motors: [3, 20, 0, 0] || Vision: CX:  0 CY:  0 W:  0 H:  0 Px:    0 || IMU: AX:  0.8 AY: -0.1 AZ: -8.8 TZ: -0.2 || Yaw Error:-28.7deg || Batt: 3.56V  || State: MANUAL   
[COMMAND] Mode: MANUAL                || Motors: [0, 20, 0, 0]
[LATENCY] Delta:  51.5ms | Avg:  40.7ms | Rate: 24.6 FPS | Queue: 0B

[2026-09-11 18:40:53.964]
[TELEMETRY] Motors: [4, 20, 0, 0] || Vision: CX:  0 CY:  0 W:  0 H:  0 Px:    0 || IMU: AX:  0.3 AY: -0.0 AZ: -9.0 TZ: -0.2 || Yaw Error:-28.7deg || Batt: 3.56V  || State: MANUAL   
[COMMAND] Mode: MANUAL                || Motors: [0, 20, 0, 0]
[LATENCY] Delta:   3.9ms | Avg:  40.6ms | Rate: 24.6 FPS | Queue: 0B

[2026-09-11 18:40:54.045]
[TELEMETRY] Motors: [3, 20, 0, 0] || Vision: CX:  0 CY:  0 W:  0 H:  0 Px:    0 || IMU: AX:  0.0 AY:  0.1 AZ: -8.9 TZ: -0.1 || Yaw Error:-28.7deg || Batt: 3.56V  || State: MANUAL   
[COMMAND] Mode: MANUAL                || Motors: [0, 20, 0, 0]
[LATENCY] Delta:  80.8ms | Avg:  41.0ms | Rate: 24.4 FPS | Queue: 0B

[2026-09-11 18:40:54.054]
[TELEMETRY] Motors: [1, 20, 0, 0] || Vision: CX:  0 CY:  0 W:  0 H:  0 Px:    0 || IMU: AX: -0.2 AY: -0.4 AZ: -8.8 TZ: -0.1 || Yaw Error:-28.7deg || Batt: 3.56V  || State: MANUAL   
[COMMAND] Mode: MANUAL                || Motors: [0, 20, 0, 0]
[LATENCY] Delta:  10.0ms | Avg:  41.0ms | Rate: 24.4 FPS | Queue: 0B

[2026-09-11 18:40:54.112]
[TELEMETRY] Motors: [0, 20, 0, 0] || Vision: CX:  0 CY:  0 W:  0 H:  0 Px:    0 || IMU: AX: -0.4 AY: -0.6 AZ: -8.9 TZ: -0.0 || Yaw Error:-28.7deg || Batt: 3.56V  || State: MANUAL   
[COMMAND] Mode: MANUAL                || Motors: [0, 20, 0, 0]
[LATENCY] Delta:  57.1ms | Avg:  41.2ms | Rate: 24.3 FPS | Queue: 0B

[2026-09-11 18:40:54.142]
[TELEMETRY] Motors: [0, 20, 0, 1] || Vision: CX:  0 CY:  0 W:  0 H:  0 Px:    0 || IMU: AX: -0.3 AY: -0.3 AZ: -8.6 TZ:  0.1 || Yaw Error:-28.7deg || Batt: 3.56V  || State: MANUAL   
[COMMAND] Mode: MANUAL                || Motors: [0, 20, 0, 0]
[LATENCY] Delta:  29.2ms | Avg:  41.1ms | Rate: 24.4 FPS | Queue: 0B

[2026-09-11 18:40:54.207]
[TELEMETRY] Motors: [0, 20, 0, 2] || Vision: CX:  0 CY:  0 W:  0 H:  0 Px:    0 || IMU: AX: -0.2 AY: -0.4 AZ: -8.3 TZ:  0.1 || Yaw Error:-28.7deg || Batt: 3.56V  || State: MANUAL   
[COMMAND] Mode: MANUAL                || Motors: [0, 20, 0, 0]
[LATENCY] Delta:  66.3ms | Avg:  41.4ms | Rate: 24.2 FPS | Queue: 0B

[2026-09-11 18:40:54.211]
[TELEMETRY] Motors: [0, 20, 0, 3] || Vision: CX:  0 CY:  0 W:  0 H:  0 Px:    0 || IMU: AX: -0.0 AY: -0.5 AZ: -8.3 TZ:  0.1 || Yaw Error:-28.7deg || Batt: 3.56V  || State: MANUAL   
[COMMAND] Mode: MANUAL                || Motors: [0, 20, 0, 0]
[LATENCY] Delta:   3.7ms | Avg:  41.2ms | Rate: 24.3 FPS | Queue: 0B

[2026-09-11 18:40:54.262]
[TELEMETRY] Motors: [0, 20, 0, 3] || Vision: CX:  0 CY:  0 W:  0 H:  0 Px:    0 || IMU: AX:  0.2 AY: -0.1 AZ: -8.3 TZ:  0.1 || Yaw Error:-28.7deg || Batt: 3.56V  || State: MANUAL   
[COMMAND] Mode: MANUAL                || Motors: [0, 20, 0, 0]
[LATENCY] Delta:  50.7ms | Avg:  41.0ms | Rate: 24.4 FPS | Queue: 0B

[2026-09-11 18:40:54.322]
[TELEMETRY] Motors: [0, 20, 0, 2] || Vision: CX:  0 CY:  0 W:  0 H:  0 Px:    0 || IMU: AX:  0.1 AY:  0.3 AZ: -8.6 TZ:  0.1 || Yaw Error:-28.7deg || Batt: 3.56V  || State: MANUAL   
[COMMAND] Mode: MANUAL                || Motors: [0, 20, 0, 0]
[LATENCY] Delta:  60.1ms | Avg:  41.2ms | Rate: 24.3 FPS | Queue: 0B

[2026-09-11 18:40:54.349]
[TELEMETRY] Motors: [0, 20, 0, 2] || Vision: CX:  0 CY:  0 W:  0 H:  0 Px:    0 || IMU: AX: -0.2 AY:  0.4 AZ: -8.6 TZ:  0.1 || Yaw Error:-28.7deg || Batt: 3.56V  || State: MANUAL   
[COMMAND] Mode: MANUAL                || Motors: [0, 20, 0, 0]
[LATENCY] Delta:  28.5ms | Avg:  41.3ms | Rate: 24.2 FPS | Queue: 0B

[2026-09-11 18:40:54.364]
[TELEMETRY] Motors: [0, 20, 0, 2] || Vision: CX:  0 CY:  0 W:  0 H:  0 Px:    0 || IMU: AX:  0.0 AY:  0.5 AZ: -8.5 TZ:  0.1 || Yaw Error:-28.7deg || Batt: 3.56V  || State: MANUAL   
[COMMAND] Mode: MANUAL                || Motors: [0, 20, 0, 0]
[LATENCY] Delta:  14.7ms | Avg:  41.0ms | Rate: 24.4 FPS | Queue: 0B

[2026-09-11 18:40:54.424]
[TELEMETRY] Motors: [0, 20, 0, 1] || Vision: CX:  0 CY:  0 W:  0 H:  0 Px:    0 || IMU: AX: -0.2 AY:  0.7 AZ: -8.6 TZ:  0.0 || Yaw Error:-28.7deg || Batt: 3.56V  || State: MANUAL   
[COMMAND] Mode: MANUAL                || Motors: [0, 20, 0, 0]
[LATENCY] Delta:  59.5ms | Avg:  41.3ms | Rate: 24.2 FPS | Queue: 0B

[2026-09-11 18:40:54.505]
[TELEMETRY] Motors: [0, 20, 0, 1] || Vision: CX:  0 CY:  0 W:  0 H:  0 Px:    0 || IMU: AX: -0.6 AY:  0.4 AZ: -8.8 TZ:  0.0 || Yaw Error:-28.7deg || Batt: 3.56V  || State: MANUAL   
[COMMAND] Mode: MANUAL                || Motors: [0, 20, 0, 0]
[LATENCY] Delta:  79.9ms | Avg:  41.1ms | Rate: 24.3 FPS | Queue: 0B

[2026-09-11 18:40:54.513]
[TELEMETRY] Motors: [0, 20, 0, 1] || Vision: CX:  0 CY:  0 W:  0 H:  0 Px:    0 || IMU: AX: -0.4 AY: -0.0 AZ: -9.1 TZ:  0.1 || Yaw Error:-28.7deg || Batt: 3.56V  || State: MANUAL   
[COMMAND] Mode: MANUAL                || Motors: [0, 20, 0, 0]
[LATENCY] Delta:   7.6ms | Avg:  40.9ms | Rate: 24.4 FPS | Queue: 0B

[2026-09-11 18:40:54.523]
[TELEMETRY] Motors: [0, 20, 0, 2] || Vision: CX:  0 CY:  0 W:  0 H:  0 Px:    0 || IMU: AX: -0.0 AY: -0.2 AZ: -9.0 TZ:  0.1 || Yaw Error:-28.7deg || Batt: 3.56V  || State: MANUAL   
[COMMAND] Mode: MANUAL                || Motors: [0, 20, 0, 0]
[LATENCY] Delta:  10.4ms | Avg:  41.0ms | Rate: 24.4 FPS | Queue: 0B

[2026-09-11 18:40:54.615]
[TELEMETRY] Motors: [0, 20, 0, 3] || Vision: CX:  0 CY:  0 W:  0 H:  0 Px:    0 || IMU: AX: -0.4 AY: -0.3 AZ: -9.3 TZ:  0.1 || Yaw Error:-28.7deg || Batt: 3.56V  || State: MANUAL   
[COMMAND] Mode: MANUAL                || Motors: [0, 20, 0, 0]
[LATENCY] Delta:  93.2ms | Avg:  41.4ms | Rate: 24.1 FPS | Queue: 0B

[2026-09-11 18:40:54.644]
[TELEMETRY] Motors: [0, 20, 0, 5] || Vision: CX:  0 CY:  0 W:  0 H:  0 Px:    0 || IMU: AX: -0.7 AY: -0.6 AZ: -9.3 TZ:  0.2 || Yaw Error:-28.7deg || Batt: 3.56V  || State: MANUAL   
[COMMAND] Mode: MANUAL                || Motors: [0, 20, 0, 0]
[LATENCY] Delta:  28.5ms | Avg:  41.4ms | Rate: 24.2 FPS | Queue: 0B

[2026-09-11 18:40:54.648]
[TELEMETRY] Motors: [0, 20, 0, 6] || Vision: CX:  0 CY:  0 W:  0 H:  0 Px:    0 || IMU: AX: -0.8 AY: -0.5 AZ: -9.2 TZ:  0.3 || Yaw Error:-28.7deg || Batt: 3.56V  || State: MANUAL   
[COMMAND] Mode: MANUAL                || Motors: [0, 20, 0, 0]
[LATENCY] Delta:   1.8ms | Avg:  41.2ms | Rate: 24.3 FPS | Queue: 0B

[2026-09-11 18:40:54.702]
[TELEMETRY] Motors: [0, 20, 0, 6] || Vision: CX:  0 CY:  0 W:  0 H:  0 Px:    0 || IMU: AX: -0.6 AY:  0.2 AZ: -8.8 TZ:  0.3 || Yaw Error:-28.7deg || Batt: 3.56V  || State: MANUAL   
[COMMAND] Mode: MANUAL                || Motors: [0, 20, 0, 0]
[LATENCY] Delta:  56.7ms | Avg:  41.1ms | Rate: 24.3 FPS | Queue: 0B

[2026-09-11 18:40:54.776]
[TELEMETRY] Motors: [0, 20, 0, 6] || Vision: CX:  0 CY:  0 W:  0 H:  0 Px:    0 || IMU: AX: -0.9 AY:  0.3 AZ: -8.7 TZ:  0.3 || Yaw Error:-28.7deg || Batt: 3.56V  || State: MANUAL   
[COMMAND] Mode: MANUAL                || Motors: [0, 20, 0, 0]
[LATENCY] Delta:  72.8ms | Avg:  41.4ms | Rate: 24.1 FPS | Queue: 0B

[2026-09-11 18:40:54.780]
[TELEMETRY] Motors: [0, 20, 0, 5] || Vision: CX:  0 CY:  0 W:  0 H:  0 Px:    0 || IMU: AX: -1.1 AY:  0.1 AZ: -8.7 TZ:  0.2 || Yaw Error:-28.7deg || Batt: 3.56V  || State: MANUAL   
[COMMAND] Mode: MANUAL                || Motors: [0, 20, 0, 0]
[LATENCY] Delta:   4.8ms | Avg:  41.0ms | Rate: 24.4 FPS | Queue: 0B

[2026-09-11 18:40:54.815]
[TELEMETRY] Motors: [0, 20, 0, 5] || Vision: CX:  0 CY:  0 W:  0 H:  0 Px:    0 || IMU: AX: -0.7 AY:  0.4 AZ: -8.3 TZ:  0.2 || Yaw Error:-28.7deg || Batt: 3.56V  || State: MANUAL   
[COMMAND] Mode: MANUAL                || Motors: [0, 20, 0, 0]
[LATENCY] Delta:  34.8ms | Avg:  41.1ms | Rate: 24.3 FPS | Queue: 0B

[2026-09-11 18:40:54.847]
[TELEMETRY] Motors: [0, 20, 0, 4] || Vision: CX:  0 CY:  0 W:  0 H:  0 Px:    0 || IMU: AX: -0.4 AY:  0.4 AZ: -8.3 TZ:  0.2 || Yaw Error:-28.7deg || Batt: 3.56V  || State: MANUAL   
[COMMAND] Mode: MANUAL                || Motors: [0, 20, 0, 0]
[LATENCY] Delta:  32.2ms | Avg:  41.1ms | Rate: 24.3 FPS | Queue: 0B

[2026-09-11 18:40:54.986]
[TELEMETRY] Motors: [0, 20, 0, 2] || Vision: CX:  0 CY:  0 W:  0 H:  0 Px:    0 || IMU: AX: -0.4 AY: -0.4 AZ: -8.4 TZ:  0.1 || Yaw Error:-28.7deg || Batt: 3.56V  || State: MANUAL   
[COMMAND] Mode: MANUAL                || Motors: [0, 20, 0, 0]
[LATENCY] Delta: 139.1ms | Avg:  41.5ms | Rate: 24.1 FPS | Queue: 0B

[2026-09-11 18:40:54.995]
[TELEMETRY] Motors: [0, 20, 0, 1] || Vision: CX:  0 CY:  0 W:  0 H:  0 Px:    0 || IMU: AX: -0.5 AY: -0.4 AZ: -8.6 TZ:  0.1 || Yaw Error:-28.7deg || Batt: 3.56V  || State: MANUAL   
[COMMAND] Mode: MANUAL                || Motors: [0, 20, 0, 0]
[LATENCY] Delta:   9.1ms | Avg:  41.5ms | Rate: 24.1 FPS | Queue: 0B

[2026-09-11 18:40:54.999]
[TELEMETRY] Motors: [0, 20, 0, 0] || Vision: CX:  0 CY:  0 W:  0 H:  0 Px:    0 || IMU: AX: -0.6 AY: -0.4 AZ: -8.7 TZ:  0.0 || Yaw Error:-28.7deg || Batt: 3.56V  || State: MANUAL   
[COMMAND] Mode: MANUAL                || Motors: [0, 20, 0, 0]
[LATENCY] Delta:   4.6ms | Avg:  41.2ms | Rate: 24.3 FPS | Queue: 0B

[2026-09-11 18:40:55.004]
[TELEMETRY] Motors: [0, 20, 0, 0] || Vision: CX:  0 CY:  0 W:  0 H:  0 Px:    0 || IMU: AX: -0.9 AY: -0.4 AZ: -8.9 TZ: -0.0 || Yaw Error:-28.7deg || Batt: 3.56V  || State: MANUAL   
[COMMAND] Mode: MANUAL                || Motors: [0, 20, 0, 0]
[LATENCY] Delta:   4.3ms | Avg:  40.9ms | Rate: 24.4 FPS | Queue: 0B

[2026-09-11 18:40:55.055]
[TELEMETRY] Motors: [0, 20, 0, 0] || Vision: CX:  0 CY:  0 W:  0 H:  0 Px:    0 || IMU: AX: -0.9 AY: -0.3 AZ: -8.8 TZ:  0.0 || Yaw Error:-28.7deg || Batt: 3.56V  || State: MANUAL   
[COMMAND] Mode: MANUAL                || Motors: [0, 20, 0, 0]
[LATENCY] Delta:  50.5ms | Avg:  41.2ms | Rate: 24.3 FPS | Queue: 0B

[2026-09-11 18:40:55.116]
[TELEMETRY] Motors: [0, 20, 0, 0] || Vision: CX:  0 CY:  0 W:  0 H:  0 Px:    0 || IMU: AX: -0.8 AY: -0.2 AZ: -9.0 TZ:  0.0 || Yaw Error:-28.7deg || Batt: 3.56V  || State: MANUAL   
[COMMAND] Mode: MANUAL                || Motors: [0, 20, 0, 0]
[LATENCY] Delta:  60.8ms | Avg:  41.2ms | Rate: 24.3 FPS | Queue: 0B

[2026-09-11 18:40:55.149]
[TELEMETRY] Motors: [0, 20, 0, 0] || Vision: CX:  0 CY:  0 W:  0 H:  0 Px:    0 || IMU: AX: -0.9 AY: -0.2 AZ: -8.7 TZ:  0.0 || Yaw Error:-28.7deg || Batt: 3.56V  || State: MANUAL   
[COMMAND] Mode: MANUAL                || Motors: [0, 20, 0, 0]
[LATENCY] Delta:  33.2ms | Avg:  41.3ms | Rate: 24.2 FPS | Queue: 0B

[2026-09-11 18:40:55.167]
[TELEMETRY] Motors: [0, 20, 0, 1] || Vision: CX:  0 CY:  0 W:  0 H:  0 Px:    0 || IMU: AX: -0.7 AY: -0.2 AZ: -8.6 TZ:  0.1 || Yaw Error:-28.7deg || Batt: 3.56V  || State: MANUAL   
[COMMAND] Mode: MANUAL                || Motors: [0, 20, 0, 0]
[LATENCY] Delta:  17.7ms | Avg:  40.9ms | Rate: 24.5 FPS | Queue: 0B

[2026-09-11 18:40:55.205]
[TELEMETRY] Motors: [0, 20, 0, 2] || Vision: CX:  0 CY:  0 W:  0 H:  0 Px:    0 || IMU: AX: -0.6 AY: -0.4 AZ: -8.5 TZ:  0.1 || Yaw Error:-28.7deg || Batt: 3.56V  || State: MANUAL   
[COMMAND] Mode: MANUAL                || Motors: [0, 20, 0, 0]
[LATENCY] Delta:  38.9ms | Avg:  40.3ms | Rate: 24.8 FPS | Queue: 0B

[2026-09-11 18:40:55.255]
[TELEMETRY] Motors: [0, 20, 0, 2] || Vision: CX:  0 CY:  0 W:  0 H:  0 Px:    0 || IMU: AX: -0.6 AY: -0.2 AZ: -8.4 TZ:  0.1 || Yaw Error:-28.7deg || Batt: 3.56V  || State: MANUAL   
[COMMAND] Mode: MANUAL                || Motors: [0, 20, 0, 0]
[LATENCY] Delta:  50.5ms | Avg:  40.5ms | Rate: 24.7 FPS | Queue: 0B

[2026-09-11 18:40:55.316]
[TELEMETRY] Motors: [0, 20, 0, 2] || Vision: CX:  0 CY:  0 W:  0 H:  0 Px:    0 || IMU: AX: -0.7 AY: -0.0 AZ: -8.5 TZ:  0.1 || Yaw Error:-28.7deg || Batt: 3.56V  || State: MANUAL   
[COMMAND] Mode: MANUAL                || Motors: [0, 20, 0, 0]
[LATENCY] Delta:  59.7ms | Avg:  40.8ms | Rate: 24.5 FPS | Queue: 0B

[2026-09-11 18:40:55.330]
[TELEMETRY] Motors: [0, 20, 0, 2] || Vision: CX:  0 CY:  0 W:  0 H:  0 Px:    0 || IMU: AX: -0.8 AY:  0.1 AZ: -8.4 TZ:  0.1 || Yaw Error:-28.7deg || Batt: 3.56V  || State: MANUAL   
[COMMAND] Mode: MANUAL                || Motors: [0, 20, 0, 0]
[LATENCY] Delta:  14.6ms | Avg:  40.9ms | Rate: 24.5 FPS | Queue: 0B

[2026-09-11 18:40:55.364]
[TELEMETRY] Motors: [0, 20, 0, 2] || Vision: CX:  0 CY:  0 W:  0 H:  0 Px:    0 || IMU: AX: -0.7 AY: -0.2 AZ: -8.7 TZ:  0.1 || Yaw Error:-28.7deg || Batt: 3.56V  || State: MANUAL   
[COMMAND] Mode: MANUAL                || Motors: [0, 20, 0, 0]
[LATENCY] Delta:  33.0ms | Avg:  41.0ms | Rate: 24.4 FPS | Queue: 0B

