[2026-09-15 18:03:21.582]
[TELEMETRY] Motors: [0, 0, 0, 0] || Vision: CX:  0 CY:  0 W:  0 H:  0 Px:    0 || IMU: AX:  0.2 AY: -0.7 AZ: -8.8 TZ: -0.0 || Yaw Error:-28.7deg || Batt: 3.08V  LOW! || State: MANUAL   
[COMMAND] Mode: MANUAL                || Motors: [0, 20, 0, 0]
[LATENCY] Delta:  59.7ms | Avg:  59.7ms | Rate: 16.8 FPS | Queue: 0B

[2026-09-15 18:03:21.648]
[TELEMETRY] Motors: [0, 0, 0, 0] || Vision: CX:  0 CY:  0 W:  0 H:  0 Px:    0 || IMU: AX:  0.2 AY: -0.7 AZ: -8.8 TZ: -0.0 || Yaw Error:-28.7deg || Batt: 3.08V  LOW! || State: MANUAL   
[COMMAND] Mode: MANUAL                || Motors: [0, 20, 0, 0]
[LATENCY] Delta:  63.2ms | Avg:  61.4ms | Rate: 16.3 FPS | Queue: 0B

[2026-09-15 18:03:21.683]
[TELEMETRY] Motors: [0, 0, 0, 0] || Vision: CX:  0 CY:  0 W:  0 H:  0 Px:    0 || IMU: AX:  0.2 AY: -1.0 AZ: -8.6 TZ: -0.1 || Yaw Error:-28.7deg || Batt: 3.08V  LOW! || State: MANUAL   
[COMMAND] Mode: MANUAL                || Motors: [0, 20, 0, 0]
[LATENCY] Delta:  34.0ms | Avg:  52.3ms | Rate: 19.1 FPS | Queue: 0B

[2026-09-15 18:03:21.799]
[TELEMETRY] Motors: [0, 0, 0, 0] || Vision: CX:  0 CY:  0 W:  0 H:  0 Px:    0 || IMU: AX:  0.2 AY: -1.1 AZ: -8.6 TZ: -0.1 || Yaw Error:-28.7deg || Batt: 3.08V  LOW! || State: MANUAL   
[COMMAND] Mode: MANUAL                || Motors: [0, 20, 0, 0]
[LATENCY] Delta: 117.0ms | Avg:  68.5ms | Rate: 14.6 FPS | Queue: 0B

[2026-09-15 18:03:21.883]
[TELEMETRY] Motors: [0, 0, 0, 0] || Vision: CX:  0 CY:  0 W:  0 H:  0 Px:    0 || IMU: AX: -0.0 AY: -0.8 AZ: -8.8 TZ: -0.0 || Yaw Error:-28.7deg || Batt: 3.13V  LOW! || State: MANUAL   
[COMMAND] Mode: MANUAL                || Motors: [0, 20, 0, 0]
[LATENCY] Delta:  87.5ms | Avg:  72.3ms | Rate: 13.8 FPS | Queue: 0B

[2026-09-15 18:03:21.969]
[TELEMETRY] Motors: [0, 0, 0, 0] || Vision: CX:  0 CY:  0 W:  0 H:  0 Px:    0 || IMU: AX: -0.1 AY: -0.8 AZ: -8.6 TZ: -0.0 || Yaw Error:-28.7deg || Batt: 3.13V  LOW! || State: MANUAL   
[COMMAND] Mode: MANUAL                || Motors: [0, 20, 0, 0]
[LATENCY] Delta:  92.2ms | Avg:  75.6ms | Rate: 13.2 FPS | Queue: 0B

[2026-09-15 18:03:22.052]
[TELEMETRY] Motors: [0, 0, 0, 0] || Vision: CX:  0 CY:  0 W:  0 H:  0 Px:    0 || IMU: AX:  0.0 AY: -0.9 AZ: -8.7 TZ: -0.0 || Yaw Error:-28.7deg || Batt: 3.13V  LOW! || State: MANUAL   
[COMMAND] Mode: MANUAL                || Motors: [0, 20, 0, 0]
[LATENCY] Delta:  76.6ms | Avg:  75.7ms | Rate: 13.2 FPS | Queue: 0B

[2026-09-15 18:03:22.152]
[TELEMETRY] Motors: [0, 0, 0, 0] || Vision: CX:  0 CY:  0 W:  0 H:  0 Px:    0 || IMU: AX:  0.2 AY: -0.8 AZ: -8.7 TZ: -0.0 || Yaw Error:-28.7deg || Batt: 3.13V  LOW! || State: MANUAL   
[COMMAND] Mode: MANUAL                || Motors: [0, 20, 0, 0]
[LATENCY] Delta: 100.6ms | Avg:  78.8ms | Rate: 12.7 FPS | Queue: 0B

[2026-09-15 18:03:22.235]
[TELEMETRY] Motors: [0, 0, 0, 0] || Vision: CX:  0 CY:  0 W:  0 H:  0 Px:    0 || IMU: AX:  0.2 AY: -0.7 AZ: -8.7 TZ:  0.0 || Yaw Error:-28.7deg || Batt: 3.13V  LOW! || State: MANUAL   
[COMMAND] Mode: MANUAL                || Motors: [0, 20, 0, 0]
[LATENCY] Delta:  83.1ms | Avg:  79.3ms | Rate: 12.6 FPS | Queue: 0B

[2026-09-15 18:03:22.302]
[TELEMETRY] Motors: [0, 0, 0, 0] || Vision: CX:  0 CY:  0 W:  0 H:  0 Px:    0 || IMU: AX:  0.1 AY: -0.7 AZ: -8.8 TZ: -0.0 || Yaw Error:-28.7deg || Batt: 3.13V  LOW! || State: MANUAL   
[COMMAND] Mode: MANUAL                || Motors: [0, 20, 0, 0]
[LATENCY] Delta:  70.0ms | Avg:  78.4ms | Rate: 12.8 FPS | Queue: 0B

[2026-09-15 18:03:22.370]
[TELEMETRY] Motors: [0, 0, 0, 0] || Vision: CX:  0 CY:  0 W:  0 H:  0 Px:    0 || IMU: AX: -0.0 AY: -0.6 AZ: -8.8 TZ:  0.0 || Yaw Error:-28.7deg || Batt: 3.13V  LOW! || State: MANUAL   
[COMMAND] Mode: MANUAL                || Motors: [0, 20, 0, 0]
[LATENCY] Delta:  68.5ms | Avg:  77.5ms | Rate: 12.9 FPS | Queue: 0B

[2026-09-15 18:03:22.473]
[TELEMETRY] Motors: [0, 0, 0, 0] || Vision: CX:  0 CY:  0 W:  0 H:  0 Px:    0 || IMU: AX:  0.1 AY: -0.7 AZ: -8.7 TZ:  0.0 || Yaw Error:-28.7deg || Batt: 3.13V  LOW! || State: MANUAL   
[COMMAND] Mode: MANUAL                || Motors: [0, 20, 0, 0]
[LATENCY] Delta: 104.8ms | Avg:  79.8ms | Rate: 12.5 FPS | Queue: 0B

[2026-09-15 18:03:22.574]
[TELEMETRY] Motors: [0, 0, 0, 0] || Vision: CX:  0 CY:  0 W:  0 H:  0 Px:    0 || IMU: AX:  0.0 AY: -0.6 AZ: -8.7 TZ:  0.0 || Yaw Error:-28.7deg || Batt: 3.13V  LOW! || State: MANUAL   
[COMMAND] Mode: MANUAL                || Motors: [0, 20, 0, 0]
[LATENCY] Delta:  10.5ms | Avg:  75.6ms | Rate: 13.2 FPS | Queue: 0B

[2026-09-15 18:03:22.658]
[TELEMETRY] Motors: [0, 0, 0, 0] || Vision: CX:  0 CY:  0 W:  0 H:  0 Px:    0 || IMU: AX: -0.0 AY: -0.7 AZ: -8.7 TZ:  0.0 || Yaw Error:-28.7deg || Batt: 3.13V  LOW! || State: MANUAL   
[COMMAND] Mode: MANUAL                || Motors: [0, 20, 0, 0]
[LATENCY] Delta:  84.9ms | Avg:  76.2ms | Rate: 13.1 FPS | Queue: 0B

[2026-09-15 18:03:22.743]
[TELEMETRY] Motors: [0, 0, 0, 0] || Vision: CX:  0 CY:  0 W:  0 H:  0 Px:    0 || IMU: AX: -0.1 AY: -0.6 AZ: -8.7 TZ:  0.0 || Yaw Error:-28.7deg || Batt: 3.13V  LOW! || State: MANUAL   
[COMMAND] Mode: MANUAL                || Motors: [0, 20, 0, 0]
[LATENCY] Delta:  76.9ms | Avg:  76.2ms | Rate: 13.1 FPS | Queue: 0B

[2026-09-15 18:03:22.827]
[TELEMETRY] Motors: [0, 0, 0, 0] || Vision: CX:  0 CY:  0 W:  0 H:  0 Px:    0 || IMU: AX: -0.0 AY: -0.5 AZ: -8.7 TZ:  0.0 || Yaw Error:-28.7deg || Batt: 3.13V  LOW! || State: MANUAL   
[COMMAND] Mode: MANUAL                || Motors: [0, 20, 0, 0]
[LATENCY] Delta:  82.3ms | Avg:  76.6ms | Rate: 13.1 FPS | Queue: 0B

[2026-09-15 18:03:22.931]
[TELEMETRY] Motors: [0, 0, 0, 0] || Vision: CX:  0 CY:  0 W:  0 H:  0 Px:    0 || IMU: AX: -0.1 AY: -0.5 AZ: -8.9 TZ:  0.0 || Yaw Error:-28.7deg || Batt: 3.06V  LOW! || State: MANUAL   
[COMMAND] Mode: MANUAL                || Motors: [0, 20, 0, 0]
[LATENCY] Delta: 101.6ms | Avg:  78.0ms | Rate: 12.8 FPS | Queue: 0B

[2026-09-15 18:03:23.001]
[TELEMETRY] Motors: [0, 0, 0, 0] || Vision: CX:  0 CY:  0 W:  0 H:  0 Px:    0 || IMU: AX: -0.1 AY: -0.2 AZ: -8.8 TZ:  0.0 || Yaw Error:-28.7deg || Batt: 3.06V  LOW! || State: MANUAL   
[COMMAND] Mode: MANUAL                || Motors: [0, 20, 0, 0]
[LATENCY] Delta:  75.2ms | Avg:  77.8ms | Rate: 12.8 FPS | Queue: 0B

[2026-09-15 18:03:23.018]
[TELEMETRY] Motors: [0, 0, 0, 0] || Vision: CX:  0 CY:  0 W:  0 H:  0 Px:    0 || IMU: AX:  0.1 AY: -0.4 AZ: -8.7 TZ:  0.1 || Yaw Error:-28.7deg || Batt: 3.06V  LOW! || State: MANUAL   
[COMMAND] Mode: MANUAL                || Motors: [0, 20, 0, 0]
[LATENCY] Delta:  17.8ms | Avg:  74.8ms | Rate: 13.4 FPS | Queue: 0B

[2026-09-15 18:03:23.134]
[TELEMETRY] Motors: [0, 0, 0, 0] || Vision: CX:  0 CY:  0 W:  0 H:  0 Px:    0 || IMU: AX:  0.3 AY: -0.5 AZ: -8.6 TZ:  0.0 || Yaw Error:-28.7deg || Batt: 3.06V  LOW! || State: MANUAL   
[COMMAND] Mode: MANUAL                || Motors: [0, 20, 0, 0]
[LATENCY] Delta: 117.0ms | Avg:  76.8ms | Rate: 13.0 FPS | Queue: 0B

[2026-09-15 18:03:23.150]
[TELEMETRY] Motors: [0, 0, 0, 0] || Vision: CX:  0 CY:  0 W:  0 H:  0 Px:    0 || IMU: AX: -0.1 AY: -0.1 AZ: -8.6 TZ:  0.0 || Yaw Error:-28.7deg || Batt: 3.06V  LOW! || State: MANUAL   
[COMMAND] Mode: MANUAL                || Motors: [0, 20, 0, 0]
[LATENCY] Delta:  18.0ms | Avg:  74.2ms | Rate: 13.5 FPS | Queue: 0B

[2026-09-15 18:03:23.267]
[TELEMETRY] Motors: [0, 0, 0, 0] || Vision: CX:  0 CY:  0 W:  0 H:  0 Px:    0 || IMU: AX:  0.0 AY: -0.5 AZ: -9.0 TZ:  0.0 || Yaw Error:-28.7deg || Batt: 3.06V  LOW! || State: MANUAL   
[COMMAND] Mode: MANUAL                || Motors: [0, 20, 0, 0]
[LATENCY] Delta: 110.4ms | Avg:  75.7ms | Rate: 13.2 FPS | Queue: 0B

[2026-09-15 18:03:23.352]
[TELEMETRY] Motors: [0, 0, 0, 0] || Vision: CX:  0 CY:  0 W:  0 H:  0 Px:    0 || IMU: AX: -0.2 AY: -0.6 AZ: -8.8 TZ:  0.0 || Yaw Error:-28.7deg || Batt: 3.06V  LOW! || State: MANUAL   
[COMMAND] Mode: MANUAL                || Motors: [0, 20, 0, 0]
[LATENCY] Delta:  90.2ms | Avg:  76.3ms | Rate: 13.1 FPS | Queue: 0B

[2026-09-15 18:03:23.368]
[TELEMETRY] Motors: [0, 0, 0, 0] || Vision: CX:  0 CY:  0 W:  0 H:  0 Px:    0 || IMU: AX: -0.3 AY: -0.6 AZ: -8.5 TZ:  0.0 || Yaw Error:-28.7deg || Batt: 3.06V  LOW! || State: MANUAL   
[COMMAND] Mode: MANUAL                || Motors: [0, 20, 0, 0]
[LATENCY] Delta:  21.7ms | Avg:  74.2ms | Rate: 13.5 FPS | Queue: 0B

[2026-09-15 18:03:23.469]
[TELEMETRY] Motors: [0, 0, 0, 0] || Vision: CX:  0 CY:  0 W:  0 H:  0 Px:    0 || IMU: AX:  0.0 AY: -0.2 AZ: -8.7 TZ:  0.0 || Yaw Error:-28.7deg || Batt: 3.06V  LOW! || State: MANUAL   
[COMMAND] Mode: MANUAL                || Motors: [0, 20, 0, 0]
[LATENCY] Delta:  98.3ms | Avg:  75.1ms | Rate: 13.3 FPS | Queue: 0B

[2026-09-15 18:03:23.556]
[TELEMETRY] Motors: [0, 0, 0, 0] || Vision: CX:  0 CY:  0 W:  0 H:  0 Px:    0 || IMU: AX:  0.0 AY: -0.0 AZ: -9.0 TZ: -0.0 || Yaw Error:-28.7deg || Batt: 3.06V  LOW! || State: MANUAL   
[COMMAND] Mode: MANUAL                || Motors: [0, 20, 0, 0]
[LATENCY] Delta:  90.2ms | Avg:  75.7ms | Rate: 13.2 FPS | Queue: 0B

[2026-09-15 18:03:23.639]
[TELEMETRY] Motors: [0, 0, 0, 0] || Vision: CX:  0 CY:  0 W:  0 H:  0 Px:    0 || IMU: AX:  0.2 AY: -0.4 AZ: -8.8 TZ: -0.0 || Yaw Error:-28.7deg || Batt: 3.05V  LOW! || State: MANUAL   
[COMMAND] Mode: MANUAL                || Motors: [0, 20, 0, 0]
[LATENCY] Delta:  81.3ms | Avg:  75.9ms | Rate: 13.2 FPS | Queue: 0B

[2026-09-15 18:03:23.726]
[TELEMETRY] Motors: [0, 0, 0, 0] || Vision: CX:  0 CY:  0 W:  0 H:  0 Px:    0 || IMU: AX:  0.3 AY: -0.5 AZ: -8.6 TZ: -0.0 || Yaw Error:-28.7deg || Batt: 3.05V  LOW! || State: MANUAL   
[COMMAND] Mode: MANUAL                || Motors: [0, 20, 0, 0]
[LATENCY] Delta:  78.9ms | Avg:  76.0ms | Rate: 13.2 FPS | Queue: 0B

[2026-09-15 18:03:23.795]
[TELEMETRY] Motors: [0, 0, 0, 0] || Vision: CX:  0 CY:  0 W:  0 H:  0 Px:    0 || IMU: AX:  0.1 AY: -0.8 AZ: -8.7 TZ: -0.1 || Yaw Error:-28.7deg || Batt: 3.05V  LOW! || State: MANUAL   
[COMMAND] Mode: MANUAL                || Motors: [0, 20, 0, 0]
[LATENCY] Delta:  72.8ms | Avg:  75.9ms | Rate: 13.2 FPS | Queue: 0B

[2026-09-15 18:03:23.879]
[TELEMETRY] Motors: [0, 0, 0, 0] || Vision: CX:  0 CY:  0 W:  0 H:  0 Px:    0 || IMU: AX:  0.0 AY: -0.6 AZ: -8.7 TZ: -0.1 || Yaw Error:-28.7deg || Batt: 3.05V  LOW! || State: MANUAL   
[COMMAND] Mode: MANUAL                || Motors: [0, 20, 0, 0]
[LATENCY] Delta:  85.0ms | Avg:  76.2ms | Rate: 13.1 FPS | Queue: 0B

[2026-09-15 18:03:23.945]
[TELEMETRY] Motors: [0, 0, 0, 0] || Vision: CX:  0 CY:  0 W:  0 H:  0 Px:    0 || IMU: AX:  0.3 AY: -0.5 AZ: -8.8 TZ: -0.1 || Yaw Error:-28.7deg || Batt: 3.05V  LOW! || State: MANUAL   
[COMMAND] Mode: MANUAL                || Motors: [0, 20, 0, 0]
[LATENCY] Delta:  58.3ms | Avg:  75.6ms | Rate: 13.2 FPS | Queue: 0B

[2026-09-15 18:03:24.027]
[TELEMETRY] Motors: [0, 0, 0, 0] || Vision: CX:  0 CY:  0 W:  0 H:  0 Px:    0 || IMU: AX:  0.2 AY: -0.6 AZ: -8.8 TZ: -0.0 || Yaw Error:-28.7deg || Batt: 3.05V  LOW! || State: MANUAL   
[COMMAND] Mode: MANUAL                || Motors: [0, 20, 0, 0]
[LATENCY] Delta:  91.8ms | Avg:  76.1ms | Rate: 13.1 FPS | Queue: 0B

[2026-09-15 18:03:24.094]
[TELEMETRY] Motors: [0, 0, 0, 0] || Vision: CX:  0 CY:  0 W:  0 H:  0 Px:    0 || IMU: AX:  0.4 AY: -0.4 AZ: -8.7 TZ: -0.0 || Yaw Error:-28.7deg || Batt: 3.05V  LOW! || State: MANUAL   
[COMMAND] Mode: MANUAL                || Motors: [0, 20, 0, 0]
[LATENCY] Delta:  64.7ms | Avg:  75.7ms | Rate: 13.2 FPS | Queue: 0B

[2026-09-15 18:03:24.145]
[TELEMETRY] Motors: [0, 0, 0, 0] || Vision: CX:  0 CY:  0 W:  0 H:  0 Px:    0 || IMU: AX:  0.2 AY: -0.7 AZ: -8.8 TZ: -0.0 || Yaw Error:-28.7deg || Batt: 3.09V  LOW! || State: MANUAL   
[COMMAND] Mode: MANUAL                || Motors: [0, 20, 0, 0]
[LATENCY] Delta:  43.8ms | Avg:  74.8ms | Rate: 13.4 FPS | Queue: 0B

[2026-09-15 18:03:24.245]
[TELEMETRY] Motors: [0, 0, 0, 0] || Vision: CX:  0 CY:  0 W:  0 H:  0 Px:    0 || IMU: AX:  0.3 AY: -0.7 AZ: -8.7 TZ: -0.0 || Yaw Error:-28.7deg || Batt: 3.09V  LOW! || State: MANUAL   
[COMMAND] Mode: MANUAL                || Motors: [0, 20, 0, 0]
[LATENCY] Delta:  99.1ms | Avg:  75.5ms | Rate: 13.2 FPS | Queue: 0B

[2026-09-15 18:03:24.313]
[TELEMETRY] Motors: [0, 0, 0, 0] || Vision: CX:  0 CY:  0 W:  0 H:  0 Px:    0 || IMU: AX:  0.2 AY: -0.7 AZ: -8.8 TZ: -0.0 || Yaw Error:-28.7deg || Batt: 3.09V  LOW! || State: MANUAL   
[COMMAND] Mode: MANUAL                || Motors: [0, 20, 0, 0]
[LATENCY] Delta:  79.3ms | Avg:  75.6ms | Rate: 13.2 FPS | Queue: 0B

[2026-09-15 18:03:24.415]
[TELEMETRY] Motors: [0, 0, 0, 0] || Vision: CX:  0 CY:  0 W:  0 H:  0 Px:    0 || IMU: AX:  0.3 AY: -0.5 AZ: -8.8 TZ: -0.0 || Yaw Error:-28.7deg || Batt: 3.09V  LOW! || State: MANUAL   
[COMMAND] Mode: MANUAL                || Motors: [0, 20, 0, 0]
[LATENCY] Delta:  96.4ms | Avg:  76.2ms | Rate: 13.1 FPS | Queue: 0B

[2026-09-15 18:03:24.465]
[TELEMETRY] Motors: [0, 0, 0, 0] || Vision: CX:  0 CY:  0 W:  0 H:  0 Px:    0 || IMU: AX: -0.0 AY: -0.8 AZ: -8.5 TZ:  0.1 || Yaw Error:-28.7deg || Batt: 3.09V  LOW! || State: MANUAL   
[COMMAND] Mode: MANUAL                || Motors: [0, 20, 0, 0]
[LATENCY] Delta:  47.0ms | Avg:  75.4ms | Rate: 13.3 FPS | Queue: 0B

[2026-09-15 18:03:24.582]
[TELEMETRY] Motors: [0, 0, 0, 0] || Vision: CX:  0 CY:  0 W:  0 H:  0 Px:    0 || IMU: AX:  0.0 AY: -0.6 AZ: -9.1 TZ:  0.1 || Yaw Error:-28.7deg || Batt: 3.09V  LOW! || State: MANUAL   
[COMMAND] Mode: MANUAL                || Motors: [0, 20, 0, 0]
[LATENCY] Delta: 114.2ms | Avg:  76.4ms | Rate: 13.1 FPS | Queue: 0B

[2026-09-15 18:03:24.597]
[TELEMETRY] Motors: [0, 0, 0, 0] || Vision: CX:  0 CY:  0 W:  0 H:  0 Px:    0 || IMU: AX:  0.1 AY: -0.6 AZ: -8.7 TZ:  0.2 || Yaw Error:-28.7deg || Batt: 3.08V  LOW! || State: MANUAL   
[COMMAND] Mode: MANUAL                || Motors: [0, 20, 0, 0]
[LATENCY] Delta:  17.4ms | Avg:  74.9ms | Rate: 13.3 FPS | Queue: 0B

[2026-09-15 18:03:24.683]
[TELEMETRY] Motors: [0, 0, 0, 0] || Vision: CX:  0 CY:  0 W:  0 H:  0 Px:    0 || IMU: AX: -0.4 AY: -0.6 AZ: -8.4 TZ:  0.3 || Yaw Error:-28.7deg || Batt: 3.08V  LOW! || State: MANUAL   
[COMMAND] Mode: MANUAL                || Motors: [0, 20, 0, 0]
[LATENCY] Delta:  94.6ms | Avg:  75.4ms | Rate: 13.3 FPS | Queue: 0B

[2026-09-15 18:03:24.783]
[TELEMETRY] Motors: [0, 0, 0, 0] || Vision: CX:  0 CY:  0 W:  0 H:  0 Px:    0 || IMU: AX: -0.5 AY: -0.6 AZ: -8.8 TZ:  0.3 || Yaw Error:-28.7deg || Batt: 3.08V  LOW! || State: MANUAL   
[COMMAND] Mode: MANUAL                || Motors: [0, 20, 0, 0]
[LATENCY] Delta:  95.1ms | Avg:  75.9ms | Rate: 13.2 FPS | Queue: 0B

[2026-09-15 18:03:24.867]
[TELEMETRY] Motors: [0, 0, 0, 0] || Vision: CX:  0 CY:  0 W:  0 H:  0 Px:    0 || IMU: AX: -0.1 AY: -0.8 AZ: -8.6 TZ:  0.4 || Yaw Error:-28.7deg || Batt: 3.08V  LOW! || State: MANUAL   
[COMMAND] Mode: MANUAL                || Motors: [0, 20, 0, 0]
[LATENCY] Delta:  87.0ms | Avg:  76.1ms | Rate: 13.1 FPS | Queue: 0B

[2026-09-15 18:03:24.966]
[TELEMETRY] Motors: [0, 0, 0, 0] || Vision: CX:  0 CY:  0 W:  0 H:  0 Px:    0 || IMU: AX: -0.3 AY: -0.9 AZ: -8.7 TZ:  0.3 || Yaw Error:-28.7deg || Batt: 3.08V  LOW! || State: MANUAL   
[COMMAND] Mode: MANUAL                || Motors: [0, 20, 0, 0]
[LATENCY] Delta: 101.8ms | Avg:  76.7ms | Rate: 13.0 FPS | Queue: 0B

[2026-09-15 18:03:25.033]
[TELEMETRY] Motors: [0, 0, 0, 0] || Vision: CX:  0 CY:  0 W:  0 H:  0 Px:    0 || IMU: AX: -0.4 AY: -0.3 AZ: -8.8 TZ:  0.4 || Yaw Error:-28.7deg || Batt: 3.08V  LOW! || State: MANUAL   
[COMMAND] Mode: MANUAL                || Motors: [0, 20, 0, 0]
[LATENCY] Delta:  69.3ms | Avg:  76.5ms | Rate: 13.1 FPS | Queue: 0B

[2026-09-15 18:03:25.084]
[TELEMETRY] Motors: [0, 0, 0, 0] || Vision: CX:  0 CY:  0 W:  0 H:  0 Px:    0 || IMU: AX: -0.3 AY: -0.6 AZ: -8.9 TZ:  0.4 || Yaw Error:-28.7deg || Batt: 3.08V  LOW! || State: MANUAL   
[COMMAND] Mode: MANUAL                || Motors: [0, 20, 0, 0]
[LATENCY] Delta:  42.4ms | Avg:  75.8ms | Rate: 13.2 FPS | Queue: 0B

[2026-09-15 18:03:25.167]
[TELEMETRY] Motors: [0, 0, 0, 0] || Vision: CX:  0 CY:  0 W:  0 H:  0 Px:    0 || IMU: AX:  0.1 AY: -0.5 AZ: -8.6 TZ:  0.3 || Yaw Error:-28.7deg || Batt: 3.11V  LOW! || State: MANUAL   
[COMMAND] Mode: MANUAL                || Motors: [0, 20, 0, 0]
[LATENCY] Delta:  84.6ms | Avg:  76.0ms | Rate: 13.2 FPS | Queue: 0B

[2026-09-15 18:03:25.253]
[TELEMETRY] Motors: [0, 0, 0, 0] || Vision: CX:  0 CY:  0 W:  0 H:  0 Px:    0 || IMU: AX:  0.4 AY:  0.0 AZ: -9.0 TZ:  0.2 || Yaw Error:-28.7deg || Batt: 3.11V  LOW! || State: MANUAL   
[COMMAND] Mode: MANUAL                || Motors: [0, 20, 0, 0]
[LATENCY] Delta:  84.7ms | Avg:  76.2ms | Rate: 13.1 FPS | Queue: 0B

[2026-09-15 18:03:25.336]
[TELEMETRY] Motors: [0, 0, 0, 0] || Vision: CX:120 CY: 68 W: 82 H: 72 Px:  169 || IMU: AX:  0.2 AY: -0.8 AZ: -8.6 TZ:  0.1 || Yaw Error: -7.2deg || Batt: 3.11V  LOW! || State: MANUAL   
[COMMAND] Mode: MANUAL                || Motors: [0, 20, 0, 0]
[LATENCY] Delta:  79.1ms | Avg:  76.2ms | Rate: 13.1 FPS | Queue: 0B

[2026-09-15 18:03:25.420]
[TELEMETRY] Motors: [0, 0, 0, 0] || Vision: CX:102 CY: 80 W:178 H:189 Px: 4630 || IMU: AX: -0.3 AY: -1.3 AZ: -8.3 TZ: -0.2 || Yaw Error:-10.4deg || Batt: 3.11V  LOW! || State: MANUAL   
[COMMAND] Mode: MANUAL                || Motors: [0, 20, 0, 0]
[LATENCY] Delta:   4.4ms | Avg:  75.1ms | Rate: 13.3 FPS | Queue: 0B

[2026-09-15 18:03:25.523]
[TELEMETRY] Motors: [0, 0, 0, 0] || Vision: CX:144 CY:109 W: 90 H: 72 Px:  119 || IMU: AX:  0.1 AY: -0.4 AZ: -8.3 TZ: -0.2 || Yaw Error: -2.9deg || Batt: 3.11V  LOW! || State: MANUAL   
[COMMAND] Mode: MANUAL                || Motors: [0, 20, 0, 0]
[LATENCY] Delta:  92.7ms | Avg:  75.4ms | Rate: 13.3 FPS | Queue: 0B

[2026-09-15 18:03:25.559]
[TELEMETRY] Motors: [0, 0, 0, 0] || Vision: CX:  0 CY:  0 W:  0 H:  0 Px:    0 || IMU: AX: -0.4 AY:  0.8 AZ: -9.5 TZ: -0.3 || Yaw Error:-28.7deg || Batt: 3.11V  LOW! || State: MANUAL   
[COMMAND] Mode: MANUAL                || Motors: [0, 20, 0, 0]
[LATENCY] Delta:  45.4ms | Avg:  74.9ms | Rate: 13.4 FPS | Queue: 0B

[2026-09-15 18:03:25.662]
[TELEMETRY] Motors: [0, 0, 0, 0] || Vision: CX:  0 CY:  0 W:  0 H:  0 Px:    0 || IMU: AX:  4.9 AY: -1.4 AZ: -9.4 TZ:  0.0 || Yaw Error:-28.7deg || Batt: 3.07V  LOW! || State: MANUAL   
[COMMAND] Mode: MANUAL                || Motors: [0, 20, 0, 0]
[LATENCY] Delta:  96.0ms | Avg:  75.3ms | Rate: 13.3 FPS | Queue: 0B

[2026-09-15 18:03:25.731]
[TELEMETRY] Motors: [0, 0, 0, 0] || Vision: CX:  0 CY:  0 W:  0 H:  0 Px:    0 || IMU: AX:  0.0 AY:  2.9 AZ: -9.6 TZ: -0.5 || Yaw Error:-28.7deg || Batt: 3.07V  LOW! || State: MANUAL   
[COMMAND] Mode: MANUAL                || Motors: [0, 20, 0, 0]
[LATENCY] Delta:  69.5ms | Avg:  75.2ms | Rate: 13.3 FPS | Queue: 0B

[2026-09-15 18:03:25.814]
[TELEMETRY] Motors: [0, 0, 0, 0] || Vision: CX:  0 CY:  0 W:  0 H:  0 Px:    0 || IMU: AX: -0.2 AY:  0.1 AZ: -9.0 TZ: -0.3 || Yaw Error:-28.7deg || Batt: 3.07V  LOW! || State: MANUAL   
[COMMAND] Mode: MANUAL                || Motors: [0, 20, 0, 0]
[LATENCY] Delta:  83.3ms | Avg:  75.3ms | Rate: 13.3 FPS | Queue: 0B

[2026-09-15 18:03:25.879]
[TELEMETRY] Motors: [0, 0, 0, 0] || Vision: CX:  0 CY:  0 W:  0 H:  0 Px:    0 || IMU: AX: -0.1 AY: -0.1 AZ: -8.7 TZ: -0.2 || Yaw Error:-28.7deg || Batt: 3.07V  LOW! || State: MANUAL   
[COMMAND] Mode: MANUAL                || Motors: [0, 20, 0, 0]
[LATENCY] Delta:  71.9ms | Avg:  75.2ms | Rate: 13.3 FPS | Queue: 0B

[2026-09-15 18:03:25.963]
[TELEMETRY] Motors: [0, 0, 0, 0] || Vision: CX:  0 CY:  0 W:  0 H:  0 Px:    0 || IMU: AX: -0.4 AY:  0.7 AZ: -8.2 TZ:  0.0 || Yaw Error:-28.7deg || Batt: 3.07V  LOW! || State: MANUAL   
[COMMAND] Mode: MANUAL                || Motors: [0, 20, 0, 0]
[LATENCY] Delta:  76.4ms | Avg:  75.3ms | Rate: 13.3 FPS | Queue: 0B

[2026-09-15 18:03:25.996]
[TELEMETRY] Motors: [0, 0, 0, 0] || Vision: CX:  0 CY:  0 W:  0 H:  0 Px:    0 || IMU: AX: -1.1 AY: -0.7 AZ: -9.5 TZ:  0.3 || Yaw Error:-28.7deg || Batt: 3.07V  LOW! || State: MANUAL   
[COMMAND] Mode: MANUAL                || Motors: [0, 20, 0, 0]
[LATENCY] Delta:  40.1ms | Avg:  74.7ms | Rate: 13.4 FPS | Queue: 0B

[2026-09-15 18:03:26.097]
[TELEMETRY] Motors: [0, 0, 0, 0] || Vision: CX:155 CY: 37 W: 76 H: 72 Px:   81 || IMU: AX: -0.6 AY:  0.4 AZ: -8.9 TZ:  0.4 || Yaw Error: -0.9deg || Batt: 3.07V  LOW! || State: MANUAL   
[COMMAND] Mode: MANUAL                || Motors: [0, 20, 0, 0]
[LATENCY] Delta:  97.9ms | Avg:  75.1ms | Rate: 13.3 FPS | Queue: 0B

[2026-09-15 18:03:26.164]
[TELEMETRY] Motors: [0, 0, 0, 0] || Vision: CX:  0 CY:  0 W:  0 H:  0 Px:    0 || IMU: AX: -1.3 AY:  0.4 AZ: -8.5 TZ:  0.4 || Yaw Error:-28.7deg || Batt: 3.07V  LOW! || State: MANUAL   
[COMMAND] Mode: MANUAL                || Motors: [0, 20, 0, 0]
[LATENCY] Delta:  72.2ms | Avg:  75.0ms | Rate: 13.3 FPS | Queue: 0B

[2026-09-15 18:03:26.198]
[TELEMETRY] Motors: [0, 0, 0, 0] || Vision: CX: 99 CY:118 W: 82 H: 68 Px:   95 || IMU: AX: -0.5 AY: -0.1 AZ: -8.7 TZ:  0.5 || Yaw Error:-10.9deg || Batt: 3.07V  LOW! || State: MANUAL   
[COMMAND] Mode: MANUAL                || Motors: [0, 20, 0, 0]
[LATENCY] Delta:  10.3ms | Avg:  73.1ms | Rate: 13.7 FPS | Queue: 0B

[2026-09-15 18:03:26.301]
[TELEMETRY] Motors: [0, 0, 0, 0] || Vision: CX:  0 CY:  0 W:  0 H:  0 Px:    0 || IMU: AX: -2.2 AY: -1.4 AZ: -9.3 TZ:  0.3 || Yaw Error:-28.7deg || Batt: 3.07V  LOW! || State: MANUAL   
[COMMAND] Mode: MANUAL                || Motors: [0, 20, 0, 0]
[LATENCY] Delta:  94.7ms | Avg:  73.5ms | Rate: 13.6 FPS | Queue: 0B

[2026-09-15 18:03:26.386]
[TELEMETRY] Motors: [0, 0, 0, 0] || Vision: CX:  0 CY:  0 W:  0 H:  0 Px:    0 || IMU: AX: -1.4 AY:  1.2 AZ: -9.8 TZ:  0.3 || Yaw Error:-28.7deg || Batt: 3.07V  LOW! || State: MANUAL   
[COMMAND] Mode: MANUAL                || Motors: [0, 20, 0, 0]
[LATENCY] Delta:  83.0ms | Avg:  73.6ms | Rate: 13.6 FPS | Queue: 0B

[2026-09-15 18:03:26.403]
[TELEMETRY] Motors: [0, 0, 0, 0] || Vision: CX:120 CY:104 W: 76 H: 70 Px:  104 || IMU: AX: -1.5 AY:  0.3 AZ: -8.4 TZ: -0.4 || Yaw Error: -7.2deg || Batt: 3.07V  LOW! || State: MANUAL   
[COMMAND] Mode: MANUAL                || Motors: [0, 20, 0, 0]
[LATENCY] Delta:   0.1ms | Avg:  71.8ms | Rate: 13.9 FPS | Queue: 0B

[2026-09-15 18:03:26.503]
[TELEMETRY] Motors: [0, 0, 0, 0] || Vision: CX:  0 CY:  0 W:  0 H:  0 Px:    0 || IMU: AX: -0.7 AY:  0.1 AZ: -8.9 TZ: -0.2 || Yaw Error:-28.7deg || Batt: 3.11V  LOW! || State: MANUAL   
[COMMAND] Mode: MANUAL                || Motors: [0, 20, 0, 0]
[LATENCY] Delta:  94.3ms | Avg:  72.1ms | Rate: 13.9 FPS | Queue: 0B

[2026-09-15 18:03:26.586]
[TELEMETRY] Motors: [0, 0, 0, 0] || Vision: CX:112 CY:105 W: 71 H: 70 Px:   84 || IMU: AX: -1.0 AY:  0.1 AZ: -9.1 TZ:  0.2 || Yaw Error: -8.6deg || Batt: 3.11V  LOW! || State: MANUAL   
[COMMAND] Mode: MANUAL                || Motors: [0, 20, 0, 0]
[LATENCY] Delta:   7.0ms | Avg:  71.4ms | Rate: 14.0 FPS | Queue: 0B

[2026-09-15 18:03:26.638]
[TELEMETRY] Motors: [0, 0, 0, 0] || Vision: CX:116 CY:109 W: 79 H: 70 Px:   88 || IMU: AX: -0.8 AY: -0.4 AZ: -8.7 TZ:  0.1 || Yaw Error: -7.9deg || Batt: 3.11V  LOW! || State: MANUAL   
[COMMAND] Mode: MANUAL                || Motors: [0, 20, 0, 0]
[LATENCY] Delta:  48.3ms | Avg:  71.1ms | Rate: 14.1 FPS | Queue: 0B

[2026-09-15 18:03:26.691]
[TELEMETRY] Motors: [0, 0, 0, 0] || Vision: CX:121 CY:112 W: 74 H: 70 Px:   63 || IMU: AX: -0.9 AY:  0.5 AZ: -8.9 TZ:  0.2 || Yaw Error: -7.0deg || Batt: 3.11V  LOW! || State: MANUAL   
[COMMAND] Mode: MANUAL                || Motors: [0, 20, 0, 0]
[LATENCY] Delta:  47.8ms | Avg:  70.8ms | Rate: 14.1 FPS | Queue: 0B

[2026-09-15 18:03:26.794]
[TELEMETRY] Motors: [0, 0, 0, 0] || Vision: CX:125 CY:104 W: 76 H: 70 Px:  101 || IMU: AX: -0.6 AY: -0.0 AZ: -8.5 TZ: -0.0 || Yaw Error: -6.3deg || Batt: 3.11V  LOW! || State: MANUAL   
[COMMAND] Mode: MANUAL                || Motors: [0, 20, 0, 0]
[LATENCY] Delta:   8.9ms | Avg:  70.4ms | Rate: 14.2 FPS | Queue: 0B

[2026-09-15 18:03:26.894]
[TELEMETRY] Motors: [0, 0, 0, 0] || Vision: CX:122 CY:104 W: 75 H: 69 Px:   90 || IMU: AX: -0.8 AY: -0.4 AZ: -8.8 TZ: -0.2 || Yaw Error: -6.8deg || Batt: 3.08V  LOW! || State: MANUAL   
[COMMAND] Mode: MANUAL                || Motors: [0, 20, 0, 0]
[LATENCY] Delta:  99.4ms | Avg:  70.7ms | Rate: 14.1 FPS | Queue: 0B

[2026-09-15 18:03:26.959]
[TELEMETRY] Motors: [0, 0, 0, 0] || Vision: CX:117 CY:102 W: 78 H: 69 Px:   96 || IMU: AX: -1.0 AY: -0.3 AZ: -9.2 TZ: -0.1 || Yaw Error: -7.7deg || Batt: 3.08V  LOW! || State: MANUAL   
[COMMAND] Mode: MANUAL                || Motors: [0, 20, 0, 0]
[LATENCY] Delta:  57.4ms | Avg:  70.6ms | Rate: 14.2 FPS | Queue: 0B

[2026-09-15 18:03:27.043]
[TELEMETRY] Motors: [0, 0, 0, 0] || Vision: CX:115 CY:106 W: 78 H: 70 Px:  106 || IMU: AX: -1.3 AY:  1.3 AZ: -8.9 TZ:  0.1 || Yaw Error: -8.1deg || Batt: 3.08V  LOW! || State: MANUAL   
[COMMAND] Mode: MANUAL                || Motors: [0, 20, 0, 0]
[LATENCY] Delta:  94.3ms | Avg:  70.9ms | Rate: 14.1 FPS | Queue: 0B

[2026-09-15 18:03:27.144]
[TELEMETRY] Motors: [0, 0, 0, 0] || Vision: CX:117 CY:109 W: 76 H: 70 Px:   93 || IMU: AX: -1.3 AY:  0.6 AZ: -8.4 TZ:  0.3 || Yaw Error: -7.7deg || Batt: 3.08V  LOW! || State: MANUAL   
[COMMAND] Mode: MANUAL                || Motors: [0, 20, 0, 0]
[LATENCY] Delta:   4.5ms | Avg:  70.4ms | Rate: 14.2 FPS | Queue: 0B

[2026-09-15 18:03:27.176]
[TELEMETRY] Motors: [0, 0, 0, 0] || Vision: CX:124 CY:102 W: 76 H: 69 Px:   95 || IMU: AX: -1.0 AY: -0.6 AZ: -8.8 TZ:  0.1 || Yaw Error: -6.5deg || Batt: 3.08V  LOW! || State: MANUAL   
[COMMAND] Mode: MANUAL                || Motors: [0, 20, 0, 0]
[LATENCY] Delta:  24.4ms | Avg:  69.8ms | Rate: 14.3 FPS | Queue: 0B

[2026-09-15 18:03:27.227]
[TELEMETRY] Motors: [0, 0, 0, 0] || Vision: CX:127 CY: 97 W: 80 H: 69 Px:  101 || IMU: AX: -0.9 AY: -1.9 AZ: -8.2 TZ: -0.2 || Yaw Error: -5.9deg || Batt: 3.08V  LOW! || State: MANUAL   
[COMMAND] Mode: MANUAL                || Motors: [0, 20, 0, 0]
[LATENCY] Delta:  62.2ms | Avg:  69.7ms | Rate: 14.3 FPS | Queue: 51B

[2026-09-15 18:03:27.244]
[TELEMETRY] Motors: [0, 0, 0, 0] || Vision: CX:123 CY: 99 W: 84 H: 72 Px:  134 || IMU: AX: -0.9 AY: -0.6 AZ: -8.8 TZ: -0.2 || Yaw Error: -6.6deg || Batt: 3.08V  LOW! || State: MANUAL   
[COMMAND] Mode: MANUAL                || Motors: [0, 20, 0, 0]
[LATENCY] Delta:  13.9ms | Avg:  69.0ms | Rate: 14.5 FPS | Queue: 0B

[2026-09-15 18:03:27.261]
[TELEMETRY] Motors: [0, 0, 0, 0] || Vision: CX:115 CY:104 W: 88 H: 70 Px:  121 || IMU: AX: -1.1 AY: -1.1 AZ: -9.3 TZ: -0.3 || Yaw Error: -8.1deg || Batt: 3.08V  LOW! || State: MANUAL   
[COMMAND] Mode: MANUAL                || Motors: [0, 20, 0, 0]
[LATENCY] Delta:  17.5ms | Avg:  68.4ms | Rate: 14.6 FPS | Queue: 0B

[2026-09-15 18:03:27.297]
[TELEMETRY] Motors: [0, 0, 0, 0] || Vision: CX:114 CY:105 W: 75 H: 69 Px:  106 || IMU: AX: -1.6 AY:  1.0 AZ: -9.0 TZ:  0.0 || Yaw Error: -8.3deg || Batt: 3.08V  LOW! || State: MANUAL   
[COMMAND] Mode: MANUAL                || Motors: [0, 20, 0, 0]
[LATENCY] Delta:  23.5ms | Avg:  67.9ms | Rate: 14.7 FPS | Queue: 0B

[2026-09-15 18:03:27.348]
[TELEMETRY] Motors: [0, 0, 0, 0] || Vision: CX:110 CY:101 W: 81 H: 71 Px:  133 || IMU: AX: -0.8 AY: -0.3 AZ: -8.5 TZ: -0.0 || Yaw Error: -9.0deg || Batt: 3.08V  LOW! || State: MANUAL   
[COMMAND] Mode: MANUAL                || Motors: [0, 20, 0, 0]
[LATENCY] Delta:  57.9ms | Avg:  67.8ms | Rate: 14.8 FPS | Queue: 0B

[2026-09-15 18:03:27.364]
[TELEMETRY] Motors: [0, 0, 0, 0] || Vision: CX:108 CY: 97 W: 76 H: 66 Px:   71 || IMU: AX: -1.0 AY: -3.6 AZ: -8.0 TZ:  0.4 || Yaw Error: -9.3deg || Batt: 3.08V  LOW! || State: MANUAL   
[COMMAND] Mode: MANUAL                || Motors: [0, 20, 0, 0]
[LATENCY] Delta:  16.4ms | Avg:  67.2ms | Rate: 14.9 FPS | Queue: 0B

[2026-09-15 18:03:27.448]
[TELEMETRY] Motors: [0, 0, 0, 0] || Vision: CX:110 CY: 99 W: 77 H: 69 Px:   79 || IMU: AX: -1.6 AY: -0.1 AZ: -9.1 TZ: -0.3 || Yaw Error: -9.0deg || Batt: 3.08V  LOW! || State: MANUAL   
[COMMAND] Mode: MANUAL                || Motors: [0, 20, 0, 0]
[LATENCY] Delta:  78.6ms | Avg:  67.3ms | Rate: 14.9 FPS | Queue: 0B

[2026-09-15 18:03:27.500]
[TELEMETRY] Motors: [0, 0, 0, 0] || Vision: CX:  0 CY:  0 W:  0 H:  0 Px:    0 || IMU: AX: -1.0 AY:  1.2 AZ: -8.9 TZ:  0.1 || Yaw Error:-28.7deg || Batt: 3.08V  LOW! || State: MANUAL   
[COMMAND] Mode: MANUAL                || Motors: [0, 20, 0, 0]
[LATENCY] Delta:  62.9ms | Avg:  67.3ms | Rate: 14.9 FPS | Queue: 0B

[2026-09-15 18:03:27.601]
[TELEMETRY] Motors: [0, 0, 0, 0] || Vision: CX:  0 CY:  0 W:  0 H:  0 Px:    0 || IMU: AX: -0.2 AY: -0.0 AZ: -8.8 TZ:  0.1 || Yaw Error:-28.7deg || Batt: 3.08V  LOW! || State: MANUAL   
[COMMAND] Mode: MANUAL                || Motors: [0, 20, 0, 0]
[LATENCY] Delta:  98.0ms | Avg:  67.6ms | Rate: 14.8 FPS | Queue: 0B

[2026-09-15 18:03:27.650]
[TELEMETRY] Motors: [0, 0, 0, 0] || Vision: CX:108 CY:112 W: 77 H: 70 Px:  105 || IMU: AX: -0.3 AY: -0.5 AZ: -8.9 TZ:  0.0 || Yaw Error: -9.3deg || Batt: 3.08V  LOW! || State: MANUAL   
[COMMAND] Mode: MANUAL                || Motors: [0, 20, 0, 0]
[LATENCY] Delta:  40.9ms | Avg:  67.3ms | Rate: 14.9 FPS | Queue: 0B

[2026-09-15 18:03:27.785]
[TELEMETRY] Motors: [0, 0, 0, 0] || Vision: CX:109 CY:110 W: 88 H: 70 Px:  118 || IMU: AX: -0.6 AY:  0.1 AZ: -8.9 TZ: -0.2 || Yaw Error: -9.1deg || Batt: 3.08V  LOW! || State: MANUAL   
[COMMAND] Mode: MANUAL                || Motors: [0, 20, 0, 0]
[LATENCY] Delta: 139.7ms | Avg:  68.1ms | Rate: 14.7 FPS | Queue: 0B

[2026-09-15 18:03:27.837]
[TELEMETRY] Motors: [0, 0, 0, 0] || Vision: CX:109 CY:120 W: 72 H: 68 Px:   66 || IMU: AX: -0.3 AY: -0.8 AZ: -8.8 TZ: -0.1 || Yaw Error: -9.1deg || Batt: 3.08V  LOW! || State: MANUAL   
[COMMAND] Mode: MANUAL                || Motors: [0, 20, 0, 0]
[LATENCY] Delta:  45.7ms | Avg:  67.9ms | Rate: 14.7 FPS | Queue: 0B

[2026-09-15 18:03:27.938]
[TELEMETRY] Motors: [0, 0, 0, 0] || Vision: CX:107 CY:122 W: 74 H: 70 Px:   75 || IMU: AX:  0.0 AY:  0.3 AZ: -8.7 TZ: -0.2 || Yaw Error: -9.5deg || Batt: 3.08V  LOW! || State: MANUAL   
[COMMAND] Mode: MANUAL                || Motors: [0, 20, 0, 0]
[LATENCY] Delta: 104.7ms | Avg:  68.2ms | Rate: 14.7 FPS | Queue: 0B

[2026-09-15 18:03:27.970]
[TELEMETRY] Motors: [0, 0, 0, 0] || Vision: CX:101 CY:122 W: 81 H: 71 Px:  129 || IMU: AX:  0.2 AY:  0.7 AZ: -8.5 TZ: -0.3 || Yaw Error:-10.6deg || Batt: 3.08V  LOW! || State: MANUAL   
[COMMAND] Mode: MANUAL                || Motors: [0, 20, 0, 0]
[LATENCY] Delta:  41.7ms | Avg:  68.0ms | Rate: 14.7 FPS | Queue: 0B

[2026-09-15 18:03:28.091]
[TELEMETRY] Motors: [0, 0, 0, 0] || Vision: CX: 98 CY:124 W: 85 H: 71 Px:  133 || IMU: AX: -0.2 AY:  0.6 AZ: -8.6 TZ: -0.2 || Yaw Error:-11.1deg || Batt: 3.08V  LOW! || State: MANUAL   
[COMMAND] Mode: MANUAL                || Motors: [0, 20, 0, 0]
[LATENCY] Delta: 112.2ms | Avg:  68.4ms | Rate: 14.6 FPS | Queue: 0B

[2026-09-15 18:03:28.207]
[TELEMETRY] Motors: [0, 0, 0, 0] || Vision: CX: 84 CY:120 W: 82 H: 70 Px:  116 || IMU: AX:  0.6 AY:  1.0 AZ: -8.3 TZ: -0.6 || Yaw Error:-13.6deg || Batt: 3.08V  LOW! || State: MANUAL   
[COMMAND] Mode: MANUAL                || Motors: [0, 20, 0, 0]
[LATENCY] Delta:  12.1ms | Avg:  68.3ms | Rate: 14.6 FPS | Queue: 0B

[2026-09-15 18:03:28.259]
[TELEMETRY] Motors: [0, 0, 0, 0] || Vision: CX: 79 CY:119 W: 72 H: 71 Px:   84 || IMU: AX:  0.8 AY:  0.9 AZ: -8.3 TZ: -0.8 || Yaw Error:-14.5deg || Batt: 3.07V  LOW! || State: MANUAL   
[COMMAND] Mode: MANUAL                || Motors: [0, 20, 0, 0]
[LATENCY] Delta:  47.5ms | Avg:  68.1ms | Rate: 14.7 FPS | Queue: 0B

[2026-09-15 18:03:28.309]
[TELEMETRY] Motors: [0, 0, 0, 0] || Vision: CX: 69 CY:117 W: 76 H: 70 Px:   90 || IMU: AX:  0.7 AY:  1.0 AZ: -8.4 TZ: -0.9 || Yaw Error:-16.3deg || Batt: 3.07V  LOW! || State: MANUAL   
[COMMAND] Mode: MANUAL                || Motors: [0, 20, 0, 0]
[LATENCY] Delta:  48.2ms | Avg:  67.9ms | Rate: 14.7 FPS | Queue: 0B

[2026-09-15 18:03:28.359]
[TELEMETRY] Motors: [0, 0, 0, 0] || Vision: CX: 45 CY:115 W: 74 H: 70 Px:   80 || IMU: AX:  0.5 AY:  0.7 AZ: -8.5 TZ: -1.1 || Yaw Error:-20.6deg || Batt: 3.07V  LOW! || State: MANUAL   
[COMMAND] Mode: MANUAL                || Motors: [0, 20, 0, 0]
[LATENCY] Delta:  49.1ms | Avg:  67.7ms | Rate: 14.8 FPS | Queue: 0B

[2026-09-15 18:03:28.426]
[TELEMETRY] Motors: [0, 0, 0, 0] || Vision: CX:  0 CY:  0 W:  0 H:  0 Px:    0 || IMU: AX:  0.8 AY:  1.2 AZ: -8.6 TZ: -1.0 || Yaw Error:-28.7deg || Batt: 3.07V  LOW! || State: MANUAL   
[COMMAND] Mode: MANUAL                || Motors: [0, 20, 0, 0]
[LATENCY] Delta:  73.7ms | Avg:  67.8ms | Rate: 14.8 FPS | Queue: 0B

[2026-09-15 18:03:28.475]
[TELEMETRY] Motors: [0, 0, 0, 0] || Vision: CX:  0 CY:  0 W:  0 H:  0 Px:    0 || IMU: AX:  0.7 AY:  0.4 AZ: -8.6 TZ: -1.1 || Yaw Error:-28.7deg || Batt: 3.07V  LOW! || State: MANUAL   
[COMMAND] Mode: MANUAL                || Motors: [0, 20, 0, 0]
[LATENCY] Delta:  44.9ms | Avg:  67.6ms | Rate: 14.8 FPS | Queue: 0B

[2026-09-15 18:03:28.491]
[TELEMETRY] Motors: [0, 0, 0, 0] || Vision: CX:  0 CY:  0 W:  0 H:  0 Px:    0 || IMU: AX:  1.0 AY: -0.1 AZ: -9.0 TZ: -1.1 || Yaw Error:-28.7deg || Batt: 3.07V  LOW! || State: MANUAL   
[COMMAND] Mode: MANUAL                || Motors: [0, 20, 0, 0]
[LATENCY] Delta:   7.7ms | Avg:  67.0ms | Rate: 14.9 FPS | Queue: 0B

[2026-09-15 18:03:28.575]
[TELEMETRY] Motors: [0, 0, 0, 0] || Vision: CX:  0 CY:  0 W:  0 H:  0 Px:    0 || IMU: AX:  0.5 AY:  0.0 AZ: -9.4 TZ: -0.9 || Yaw Error:-28.7deg || Batt: 3.07V  LOW! || State: MANUAL   
[COMMAND] Mode: MANUAL                || Motors: [0, 20, 0, 0]
[LATENCY] Delta:  94.3ms | Avg:  67.2ms | Rate: 14.9 FPS | Queue: 0B

[2026-09-15 18:03:28.678]
[TELEMETRY] Motors: [0, 0, 0, 0] || Vision: CX:  0 CY:  0 W:  0 H:  0 Px:    0 || IMU: AX:  0.3 AY:  0.3 AZ: -9.1 TZ: -0.8 || Yaw Error:-28.7deg || Batt: 3.07V  LOW! || State: MANUAL   
[COMMAND] Mode: MANUAL                || Motors: [0, 20, 0, 0]
[LATENCY] Delta: 104.8ms | Avg:  67.6ms | Rate: 14.8 FPS | Queue: 0B

[2026-09-15 18:03:28.745]
[TELEMETRY] Motors: [0, 0, 0, 0] || Vision: CX:257 CY:130 W: 72 H: 71 Px:  107 || IMU: AX:  0.4 AY: -0.1 AZ: -8.9 TZ: -0.4 || Yaw Error:+17.4deg || Batt: 3.07V  LOW! || State: MANUAL   
[COMMAND] Mode: MANUAL                || Motors: [0, 20, 0, 0]
[LATENCY] Delta:  66.9ms | Avg:  67.6ms | Rate: 14.8 FPS | Queue: 0B

[2026-09-15 18:03:28.796]
[TELEMETRY] Motors: [0, 0, 0, 0] || Vision: CX:250 CY:120 W: 74 H: 70 Px:  103 || IMU: AX:  0.3 AY: -0.0 AZ: -8.8 TZ:  0.3 || Yaw Error:+16.1deg || Batt: 3.07V  LOW! || State: MANUAL   
[COMMAND] Mode: MANUAL                || Motors: [0, 20, 0, 0]
[LATENCY] Delta:  12.6ms | Avg:  66.8ms | Rate: 15.0 FPS | Queue: 0B

[2026-09-15 18:03:28.931]
[TELEMETRY] Motors: [0, 0, 0, 0] || Vision: CX:259 CY:116 W: 72 H: 70 Px:   97 || IMU: AX: -0.0 AY: -0.1 AZ: -8.9 TZ:  0.5 || Yaw Error:+17.8deg || Batt: 3.07V  LOW! || State: MANUAL   
[COMMAND] Mode: MANUAL                || Motors: [0, 20, 0, 0]
[LATENCY] Delta: 121.7ms | Avg:  67.3ms | Rate: 14.9 FPS | Queue: 0B

[2026-09-15 18:03:28.949]
[TELEMETRY] Motors: [0, 0, 0, 0] || Vision: CX:267 CY:116 W: 72 H: 69 Px:   60 || IMU: AX:  0.0 AY: -0.1 AZ: -8.8 TZ:  0.6 || Yaw Error:+19.2deg || Batt: 3.07V  LOW! || State: MANUAL   
[COMMAND] Mode: MANUAL                || Motors: [0, 20, 0, 0]
[LATENCY] Delta:  28.2ms | Avg:  67.0ms | Rate: 14.9 FPS | Queue: 0B

[2026-09-15 18:03:28.965]
[TELEMETRY] Motors: [0, 0, 0, 0] || Vision: CX:272 CY:114 W: 72 H: 68 Px:   57 || IMU: AX:  0.0 AY:  0.2 AZ: -8.7 TZ:  0.6 || Yaw Error:+20.1deg || Batt: 3.07V  LOW! || State: MANUAL   
[COMMAND] Mode: MANUAL                || Motors: [0, 20, 0, 0]
[LATENCY] Delta:  11.7ms | Avg:  66.5ms | Rate: 15.0 FPS | Queue: 0B

[2026-09-15 18:03:28.982]
[TELEMETRY] Motors: [0, 0, 0, 0] || Vision: CX:  0 CY:  0 W:  0 H:  0 Px:    0 || IMU: AX: -0.2 AY:  0.1 AZ: -8.8 TZ:  0.6 || Yaw Error:-28.7deg || Batt: 3.07V  LOW! || State: MANUAL   
[COMMAND] Mode: MANUAL                || Motors: [0, 20, 0, 0]
[LATENCY] Delta:   4.8ms | Avg:  65.5ms | Rate: 15.3 FPS | Queue: 0B

[2026-09-15 18:03:29.050]
[TELEMETRY] Motors: [0, 0, 0, 0] || Vision: CX:  0 CY:  0 W:  0 H:  0 Px:    0 || IMU: AX: -0.2 AY: -0.1 AZ: -9.0 TZ:  0.5 || Yaw Error:-28.7deg || Batt: 3.07V  LOW! || State: MANUAL   
[COMMAND] Mode: MANUAL                || Motors: [0, 20, 0, 0]
[LATENCY] Delta:  64.5ms | Avg:  65.5ms | Rate: 15.3 FPS | Queue: 0B

[2026-09-15 18:03:29.067]
[TELEMETRY] Motors: [0, 0, 0, 0] || Vision: CX:  0 CY:  0 W:  0 H:  0 Px:    0 || IMU: AX: -0.4 AY: -0.0 AZ: -9.1 TZ:  0.5 || Yaw Error:-28.7deg || Batt: 3.07V  LOW! || State: MANUAL   
[COMMAND] Mode: MANUAL                || Motors: [0, 20, 0, 0]
[LATENCY] Delta:   8.6ms | Avg:  65.0ms | Rate: 15.4 FPS | Queue: 0B

[2026-09-15 18:03:29.131]
[TELEMETRY] Motors: [0, 0, 0, 0] || Vision: CX:  0 CY:  0 W:  0 H:  0 Px:    0 || IMU: AX: -0.1 AY:  0.5 AZ: -8.8 TZ:  0.3 || Yaw Error:-28.7deg || Batt: 3.07V  LOW! || State: MANUAL   
[COMMAND] Mode: MANUAL                || Motors: [0, 20, 0, 0]
[LATENCY] Delta:   5.6ms | Avg:  64.6ms | Rate: 15.5 FPS | Queue: 0B

[2026-09-15 18:03:29.197]
[TELEMETRY] Motors: [0, 0, 0, 0] || Vision: CX:  0 CY:  0 W:  0 H:  0 Px:    0 || IMU: AX:  0.1 AY:  0.5 AZ: -8.5 TZ:  0.1 || Yaw Error:-28.7deg || Batt: 3.04V  LOW! || State: MANUAL   
[COMMAND] Mode: MANUAL                || Motors: [0, 20, 0, 0]
[LATENCY] Delta:   6.9ms | Avg:  64.0ms | Rate: 15.6 FPS | Queue: 0B

[2026-09-15 18:03:29.213]
[TELEMETRY] Motors: [0, 0, 0, 0] || Vision: CX:  0 CY:  0 W:  0 H:  0 Px:    0 || IMU: AX:  0.1 AY:  0.5 AZ: -8.6 TZ: -0.2 || Yaw Error:-28.7deg || Batt: 3.04V  LOW! || State: MANUAL   
[COMMAND] Mode: MANUAL                || Motors: [0, 20, 0, 0]
[LATENCY] Delta:   6.3ms | Avg:  63.1ms | Rate: 15.8 FPS | Queue: 0B

[2026-09-15 18:03:29.281]
[TELEMETRY] Motors: [0, 0, 0, 0] || Vision: CX:  0 CY:  0 W:  0 H:  0 Px:    0 || IMU: AX:  0.2 AY:  0.6 AZ: -8.9 TZ: -0.2 || Yaw Error:-28.7deg || Batt: 3.04V  LOW! || State: MANUAL   
[COMMAND] Mode: MANUAL                || Motors: [0, 20, 0, 0]
[LATENCY] Delta:  68.8ms | Avg:  63.1ms | Rate: 15.8 FPS | Queue: 0B

[2026-09-15 18:03:29.331]
[TELEMETRY] Motors: [0, 0, 0, 0] || Vision: CX:  0 CY:  0 W:  0 H:  0 Px:    0 || IMU: AX:  0.3 AY:  0.4 AZ: -8.9 TZ: -0.2 || Yaw Error:-28.7deg || Batt: 3.04V  LOW! || State: MANUAL   
[COMMAND] Mode: MANUAL                || Motors: [0, 20, 0, 0]
[LATENCY] Delta:  43.5ms | Avg:  63.0ms | Rate: 15.9 FPS | Queue: 0B

[2026-09-15 18:03:29.364]
[TELEMETRY] Motors: [0, 0, 0, 0] || Vision: CX:  0 CY:  0 W:  0 H:  0 Px:    0 || IMU: AX:  0.2 AY:  0.8 AZ: -8.8 TZ: -0.2 || Yaw Error:-28.7deg || Batt: 3.04V  LOW! || State: MANUAL   
[COMMAND] Mode: MANUAL                || Motors: [0, 20, 0, 0]
[LATENCY] Delta:  38.0ms | Avg:  62.8ms | Rate: 15.9 FPS | Queue: 0B

[2026-09-15 18:03:29.381]
[TELEMETRY] Motors: [0, 0, 0, 0] || Vision: CX:  0 CY:  0 W:  0 H:  0 Px:    0 || IMU: AX:  0.4 AY:  0.5 AZ: -8.8 TZ: -0.1 || Yaw Error:-28.7deg || Batt: 3.04V  LOW! || State: MANUAL   
[COMMAND] Mode: MANUAL                || Motors: [0, 20, 0, 0]
[LATENCY] Delta:  10.3ms | Avg:  62.4ms | Rate: 16.0 FPS | Queue: 0B

[2026-09-15 18:03:29.464]
[TELEMETRY] Motors: [0, 0, 0, 0] || Vision: CX:  0 CY:  0 W:  0 H:  0 Px:    0 || IMU: AX:  0.3 AY:  0.5 AZ: -8.8 TZ: -0.1 || Yaw Error:-28.7deg || Batt: 3.06V  LOW! || State: MANUAL   
[COMMAND] Mode: MANUAL                || Motors: [0, 20, 0, 0]
[LATENCY] Delta:  84.5ms | Avg:  62.5ms | Rate: 16.0 FPS | Queue: 0B

[2026-09-15 18:03:29.498]
[TELEMETRY] Motors: [0, 0, 0, 0] || Vision: CX:  0 CY:  0 W:  0 H:  0 Px:    0 || IMU: AX:  0.3 AY:  0.3 AZ: -8.8 TZ: -0.1 || Yaw Error:-28.7deg || Batt: 3.06V  LOW! || State: MANUAL   
[COMMAND] Mode: MANUAL                || Motors: [0, 20, 0, 0]
[LATENCY] Delta:  36.0ms | Avg:  62.3ms | Rate: 16.0 FPS | Queue: 0B

[2026-09-15 18:03:29.615]
[TELEMETRY] Motors: [0, 0, 0, 0] || Vision: CX:  0 CY:  0 W:  0 H:  0 Px:    0 || IMU: AX:  0.2 AY:  0.3 AZ: -8.8 TZ: -0.1 || Yaw Error:-28.7deg || Batt: 3.06V  LOW! || State: MANUAL   
[COMMAND] Mode: MANUAL                || Motors: [0, 20, 0, 0]
[LATENCY] Delta: 121.5ms | Avg:  62.8ms | Rate: 15.9 FPS | Queue: 0B

[2026-09-15 18:03:29.716]
[TELEMETRY] Motors: [0, 0, 0, 0] || Vision: CX:  0 CY:  0 W:  0 H:  0 Px:    0 || IMU: AX:  0.3 AY:  0.3 AZ: -8.8 TZ: -0.1 || Yaw Error:-28.7deg || Batt: 3.06V  LOW! || State: MANUAL   
[COMMAND] Mode: MANUAL                || Motors: [0, 20, 0, 0]
[LATENCY] Delta:  97.8ms | Avg:  63.1ms | Rate: 15.9 FPS | Queue: 0B

[2026-09-15 18:03:29.806]
[TELEMETRY] Motors: [0, 0, 0, 0] || Vision: CX:  0 CY:  0 W:  0 H:  0 Px:    0 || IMU: AX:  0.3 AY:  0.3 AZ: -8.8 TZ: -0.1 || Yaw Error:-28.7deg || Batt: 3.06V  LOW! || State: MANUAL   
[COMMAND] Mode: MANUAL                || Motors: [0, 20, 0, 0]
[LATENCY] Delta:  81.6ms | Avg:  63.2ms | Rate: 15.8 FPS | Queue: 0B

[2026-09-15 18:03:29.891]
[TELEMETRY] Motors: [0, 0, 0, 0] || Vision: CX:  0 CY:  0 W:  0 H:  0 Px:    0 || IMU: AX:  0.2 AY:  0.3 AZ: -8.8 TZ: -0.1 || Yaw Error:-28.7deg || Batt: 3.06V  LOW! || State: MANUAL   
[COMMAND] Mode: MANUAL                || Motors: [0, 20, 0, 0]
[LATENCY] Delta:  94.8ms | Avg:  63.4ms | Rate: 15.8 FPS | Queue: 0B

[2026-09-15 18:03:29.974]
[TELEMETRY] Motors: [0, 0, 0, 0] || Vision: CX:  0 CY:  0 W:  0 H:  0 Px:    0 || IMU: AX:  0.1 AY: -0.0 AZ: -8.8 TZ: -0.1 || Yaw Error:-28.7deg || Batt: 3.06V  LOW! || State: MANUAL   
[COMMAND] Mode: MANUAL                || Motors: [0, 20, 0, 0]
[LATENCY] Delta:  80.8ms | Avg:  63.6ms | Rate: 15.7 FPS | Queue: 0B

[2026-09-15 18:03:30.008]
[TELEMETRY] Motors: [0, 0, 0, 0] || Vision: CX:  0 CY:  0 W:  0 H:  0 Px:    0 || IMU: AX:  0.3 AY: -0.2 AZ: -8.9 TZ: -0.1 || Yaw Error:-28.7deg || Batt: 3.06V  LOW! || State: MANUAL   
[COMMAND] Mode: MANUAL                || Motors: [0, 20, 0, 0]
[LATENCY] Delta:  25.6ms | Avg:  63.3ms | Rate: 15.8 FPS | Queue: 0B

[2026-09-15 18:03:30.023]
[TELEMETRY] Motors: [0, 0, 0, 0] || Vision: CX:  0 CY:  0 W:  0 H:  0 Px:    0 || IMU: AX:  0.2 AY: -0.3 AZ: -8.9 TZ: -0.1 || Yaw Error:-28.7deg || Batt: 3.06V  LOW! || State: MANUAL   
[COMMAND] Mode: MANUAL                || Motors: [0, 20, 0, 0]
[LATENCY] Delta:  28.3ms | Avg:  63.0ms | Rate: 15.9 FPS | Queue: 0B

[2026-09-15 18:03:30.040]
[TELEMETRY] Motors: [0, 0, 0, 0] || Vision: CX:  0 CY:  0 W:  0 H:  0 Px:    0 || IMU: AX:  0.2 AY: -0.1 AZ: -8.8 TZ: -0.1 || Yaw Error:-28.7deg || Batt: 3.10V  LOW! || State: MANUAL   
[COMMAND] Mode: MANUAL                || Motors: [0, 20, 0, 0]
[LATENCY] Delta:  12.0ms | Avg:  62.7ms | Rate: 16.0 FPS | Queue: 0B

[2026-09-15 18:03:30.074]
[TELEMETRY] Motors: [0, 0, 0, 0] || Vision: CX:  0 CY:  0 W:  0 H:  0 Px:    0 || IMU: AX:  0.4 AY: -0.1 AZ: -8.6 TZ:  0.0 || Yaw Error:-28.7deg || Batt: 3.10V  LOW! || State: MANUAL   
[COMMAND] Mode: MANUAL                || Motors: [0, 20, 0, 0]
[LATENCY] Delta:   0.1ms | Avg:  61.9ms | Rate: 16.1 FPS | Queue: 0B

[2026-09-15 18:03:30.106]
[TELEMETRY] Motors: [0, 0, 0, 0] || Vision: CX:  0 CY:  0 W:  0 H:  0 Px:    0 || IMU: AX:  0.5 AY:  0.0 AZ: -8.6 TZ:  0.1 || Yaw Error:-28.7deg || Batt: 3.10V  LOW! || State: MANUAL   
[COMMAND] Mode: MANUAL                || Motors: [0, 20, 0, 0]
[LATENCY] Delta:  40.1ms | Avg:  61.8ms | Rate: 16.2 FPS | Queue: 0B

[2026-09-15 18:03:30.124]
[TELEMETRY] Motors: [0, 0, 0, 0] || Vision: CX:  0 CY:  0 W:  0 H:  0 Px:    0 || IMU: AX:  0.3 AY: -0.3 AZ: -8.8 TZ:  0.1 || Yaw Error:-28.7deg || Batt: 3.10V  LOW! || State: MANUAL   
[COMMAND] Mode: MANUAL                || Motors: [0, 20, 0, 0]
[LATENCY] Delta:  15.9ms | Avg:  61.5ms | Rate: 16.3 FPS | Queue: 0B

[2026-09-15 18:03:30.224]
[TELEMETRY] Motors: [0, 0, 0, 0] || Vision: CX:  0 CY:  0 W:  0 H:  0 Px:    0 || IMU: AX:  0.4 AY: -0.2 AZ: -8.9 TZ:  0.1 || Yaw Error:-28.7deg || Batt: 3.10V  LOW! || State: MANUAL   
[COMMAND] Mode: MANUAL                || Motors: [0, 20, 0, 0]
[LATENCY] Delta:  98.2ms | Avg:  61.7ms | Rate: 16.2 FPS | Queue: 0B

[2026-09-15 18:03:30.240]
[TELEMETRY] Motors: [0, 0, 0, 0] || Vision: CX:  0 CY:  0 W:  0 H:  0 Px:    0 || IMU: AX:  0.4 AY: -0.1 AZ: -8.7 TZ:  0.1 || Yaw Error:-28.7deg || Batt: 3.10V  LOW! || State: MANUAL   
[COMMAND] Mode: MANUAL                || Motors: [0, 20, 0, 0]
[LATENCY] Delta:  16.7ms | Avg:  61.4ms | Rate: 16.3 FPS | Queue: 0B

[2026-09-15 18:03:30.259]
[TELEMETRY] Motors: [0, 0, 0, 0] || Vision: CX:  0 CY:  0 W:  0 H:  0 Px:    0 || IMU: AX:  0.2 AY: -0.3 AZ: -8.8 TZ:  0.1 || Yaw Error:-28.7deg || Batt: 3.10V  LOW! || State: MANUAL   
[COMMAND] Mode: MANUAL                || Motors: [0, 20, 50, 0]
[LATENCY] Delta:  23.8ms | Avg:  61.1ms | Rate: 16.4 FPS | Queue: 0B

[2026-09-15 18:03:30.275]
[TELEMETRY] Motors: [0, 0, 0, 0] || Vision: CX:  0 CY:  0 W:  0 H:  0 Px:    0 || IMU: AX:  0.6 AY: -0.2 AZ: -8.6 TZ:  0.1 || Yaw Error:-28.7deg || Batt: 3.06V  LOW! || State: MANUAL   
[COMMAND] Mode: MANUAL                || Motors: [0, 20, 50, 0]
[LATENCY] Delta:  15.4ms | Avg:  60.8ms | Rate: 16.4 FPS | Queue: 0B

[2026-09-15 18:03:30.376]
[TELEMETRY] Motors: [0, 0, 0, 0] || Vision: CX:  0 CY:  0 W:  0 H:  0 Px:    0 || IMU: AX:  0.2 AY:  0.1 AZ: -8.7 TZ:  0.1 || Yaw Error:-28.7deg || Batt: 3.06V  LOW! || State: MANUAL   
[COMMAND] Mode: MANUAL                || Motors: [0, 20, 0, 0]
[LATENCY] Delta:  92.2ms | Avg:  61.0ms | Rate: 16.4 FPS | Queue: 0B

[2026-09-15 18:03:30.426]
[TELEMETRY] Motors: [0, 0, 0, 0] || Vision: CX:  0 CY:  0 W:  0 H:  0 Px:    0 || IMU: AX:  0.6 AY: -0.1 AZ: -9.0 TZ:  0.2 || Yaw Error:-28.7deg || Batt: 3.06V  LOW! || State: MANUAL   
[COMMAND] Mode: MANUAL                || Motors: [0, 20, 0, 0]
[LATENCY] Delta:  53.8ms | Avg:  61.0ms | Rate: 16.4 FPS | Queue: 0B

[2026-09-15 18:03:30.496]
[TELEMETRY] Motors: [0, 0, 0, 0] || Vision: CX:  0 CY:  0 W:  0 H:  0 Px:    0 || IMU: AX:  0.5 AY: -0.1 AZ: -8.9 TZ:  0.1 || Yaw Error:-28.7deg || Batt: 3.06V  LOW! || State: MANUAL   
[COMMAND] Mode: MANUAL                || Motors: [0, 20, 0, 0]
[LATENCY] Delta:  75.3ms | Avg:  61.1ms | Rate: 16.4 FPS | Queue: 0B

[2026-09-15 18:03:30.513]
[TELEMETRY] Motors: [0, 0, 0, 0] || Vision: CX:  0 CY:  0 W:  0 H:  0 Px:    0 || IMU: AX:  0.4 AY: -0.0 AZ: -8.7 TZ:  0.1 || Yaw Error:-28.7deg || Batt: 3.06V  LOW! || State: MANUAL   
[COMMAND] Mode: MANUAL                || Motors: [0, 20, 50, 0]
[LATENCY] Delta:  11.8ms | Avg:  60.4ms | Rate: 16.6 FPS | Queue: 0B

[2026-09-15 18:03:30.581]
[TELEMETRY] Motors: [0, 0, 0, 0] || Vision: CX:  0 CY:  0 W:  0 H:  0 Px:    0 || IMU: AX:  0.3 AY: -0.3 AZ: -8.5 TZ:  0.1 || Yaw Error:-28.7deg || Batt: 3.06V  LOW! || State: MANUAL   
[COMMAND] Mode: MANUAL                || Motors: [0, 20, 50, 0]
[LATENCY] Delta:   4.7ms | Avg:  60.0ms | Rate: 16.7 FPS | Queue: 0B

[2026-09-15 18:03:30.631]
[TELEMETRY] Motors: [0, 0, 0, 0] || Vision: CX:  0 CY:  0 W:  0 H:  0 Px:    0 || IMU: AX:  0.3 AY: -0.3 AZ: -8.6 TZ:  0.1 || Yaw Error:-28.7deg || Batt: 3.06V  LOW! || State: MANUAL   
[COMMAND] Mode: MANUAL                || Motors: [0, 20, 50, 0]
[LATENCY] Delta:  45.2ms | Avg:  59.9ms | Rate: 16.7 FPS | Queue: 0B

[2026-09-15 18:03:30.716]
[TELEMETRY] Motors: [0, 0, 0, 0] || Vision: CX:  0 CY:  0 W:  0 H:  0 Px:    0 || IMU: AX:  0.2 AY: -0.3 AZ: -8.7 TZ:  0.0 || Yaw Error:-28.7deg || Batt: 3.06V  LOW! || State: MANUAL   
[COMMAND] Mode: MANUAL                || Motors: [0, 20, 0, 0]
[LATENCY] Delta:  79.5ms | Avg:  60.1ms | Rate: 16.6 FPS | Queue: 0B

[2026-09-15 18:03:30.733]
[TELEMETRY] Motors: [0, 0, 0, 0] || Vision: CX:  0 CY:  0 W:  0 H:  0 Px:    0 || IMU: AX:  0.5 AY: -0.3 AZ: -8.9 TZ:  0.0 || Yaw Error:-28.7deg || Batt: 3.06V  LOW! || State: MANUAL   
[COMMAND] Mode: MANUAL                || Motors: [0, 20, 0, 0]
[LATENCY] Delta:  26.3ms | Avg:  59.8ms | Rate: 16.7 FPS | Queue: 0B

[2026-09-15 18:03:30.782]
[TELEMETRY] Motors: [0, 0, 0, 0] || Vision: CX:  0 CY:  0 W:  0 H:  0 Px:    0 || IMU: AX:  0.5 AY: -0.1 AZ: -8.8 TZ:  0.0 || Yaw Error:-28.7deg || Batt: 3.06V  LOW! || State: MANUAL   
[COMMAND] Mode: MANUAL                || Motors: [0, 20, 0, 0]
[LATENCY] Delta:  48.2ms | Avg:  59.8ms | Rate: 16.7 FPS | Queue: 0B

[2026-09-15 18:03:30.834]
[TELEMETRY] Motors: [0, 0, 0, 0] || Vision: CX:  0 CY:  0 W:  0 H:  0 Px:    0 || IMU: AX:  0.3 AY: -0.0 AZ: -8.9 TZ:  0.0 || Yaw Error:-28.7deg || Batt: 3.06V  LOW! || State: MANUAL   
[COMMAND] Mode: MANUAL                || Motors: [0, 20, 0, 0]
[LATENCY] Delta:  52.7ms | Avg:  59.7ms | Rate: 16.7 FPS | Queue: 0B

[2026-09-15 18:03:30.851]
[TELEMETRY] Motors: [0, 0, 0, 0] || Vision: CX:  0 CY:  0 W:  0 H:  0 Px:    0 || IMU: AX:  0.3 AY: -0.3 AZ: -8.7 TZ:  0.0 || Yaw Error:-28.7deg || Batt: 3.10V  LOW! || State: MANUAL   
[COMMAND] Mode: MANUAL                || Motors: [0, 20, 0, 0]
[LATENCY] Delta:  17.0ms | Avg:  59.5ms | Rate: 16.8 FPS | Queue: 0B

[2026-09-15 18:03:30.902]
[TELEMETRY] Motors: [0, 0, 0, 0] || Vision: CX:  0 CY:  0 W:  0 H:  0 Px:    0 || IMU: AX:  0.0 AY: -0.6 AZ: -8.7 TZ:  0.0 || Yaw Error:-28.7deg || Batt: 3.10V  LOW! || State: MANUAL   
[COMMAND] Mode: MANUAL                || Motors: [0, 20, 0, 0]
[LATENCY] Delta:  51.6ms | Avg:  59.4ms | Rate: 16.8 FPS | Queue: 0B

[2026-09-15 18:03:30.918]
[TELEMETRY] Motors: [0, 0, 0, 0] || Vision: CX:  0 CY:  0 W:  0 H:  0 Px:    0 || IMU: AX: -0.2 AY: -0.5 AZ: -8.8 TZ:  0.0 || Yaw Error:-28.7deg || Batt: 3.10V  LOW! || State: MANUAL   
[COMMAND] Mode: MANUAL                || Motors: [0, 20, 0, 0]
[LATENCY] Delta:  13.8ms | Avg:  59.1ms | Rate: 16.9 FPS | Queue: 0B

[2026-09-15 18:03:30.935]
[TELEMETRY] Motors: [0, 0, 0, 0] || Vision: CX:  0 CY:  0 W:  0 H:  0 Px:    0 || IMU: AX:  0.0 AY: -0.7 AZ: -8.7 TZ:  0.0 || Yaw Error:-28.7deg || Batt: 3.10V  LOW! || State: MANUAL   
[COMMAND] Mode: MANUAL                || Motors: [0, 20, 0, 0]
[LATENCY] Delta:   9.8ms | Avg:  58.8ms | Rate: 17.0 FPS | Queue: 0B

[2026-09-15 18:03:30.985]
[TELEMETRY] Motors: [0, 0, 0, 0] || Vision: CX:  0 CY:  0 W:  0 H:  0 Px:    0 || IMU: AX: -0.4 AY: -0.7 AZ: -9.1 TZ:  0.1 || Yaw Error:-28.7deg || Batt: 3.10V  LOW! || State: MANUAL   
[COMMAND] Mode: MANUAL                || Motors: [0, 20, 0, 0]
[LATENCY] Delta:   6.4ms | Avg:  58.1ms | Rate: 17.2 FPS | Queue: 0B

[2026-09-15 18:03:31.003]
[TELEMETRY] Motors: [0, 0, 0, 0] || Vision: CX:  0 CY:  0 W:  0 H:  0 Px:    0 || IMU: AX: -0.5 AY: -1.1 AZ: -9.1 TZ:  0.1 || Yaw Error:-28.7deg || Batt: 3.10V  LOW! || State: MANUAL   
[COMMAND] Mode: MANUAL                || Motors: [50, 20, 0, 0]
[LATENCY] Delta:   9.6ms | Avg:  57.8ms | Rate: 17.3 FPS | Queue: 0B

[2026-09-15 18:03:31.035]
[TELEMETRY] Motors: [0, 0, 0, 0] || Vision: CX:  0 CY:  0 W:  0 H:  0 Px:    0 || IMU: AX: -0.4 AY: -0.9 AZ: -8.6 TZ:  0.1 || Yaw Error:-28.7deg || Batt: 3.10V  LOW! || State: MANUAL   
[COMMAND] Mode: MANUAL                || Motors: [50, 20, 0, 0]
[LATENCY] Delta:  28.5ms | Avg:  57.6ms | Rate: 17.3 FPS | Queue: 0B

[2026-09-15 18:03:31.052]
[TELEMETRY] Motors: [0, 0, 0, 0] || Vision: CX:  0 CY:  0 W:  0 H:  0 Px:    0 || IMU: AX: -0.3 AY: -0.5 AZ: -8.3 TZ:  0.1 || Yaw Error:-28.7deg || Batt: 3.08V  LOW! || State: MANUAL   
[COMMAND] Mode: MANUAL                || Motors: [50, 20, 0, 0]
[LATENCY] Delta:   5.2ms | Avg:  57.1ms | Rate: 17.5 FPS | Queue: 0B

[2026-09-15 18:03:31.086]
[TELEMETRY] Motors: [0, 0, 0, 0] || Vision: CX:  0 CY:  0 W:  0 H:  0 Px:    0 || IMU: AX: -0.4 AY: -0.4 AZ: -8.7 TZ:  0.1 || Yaw Error:-28.7deg || Batt: 3.08V  LOW! || State: MANUAL   
[COMMAND] Mode: MANUAL                || Motors: [50, 20, 0, 0]
[LATENCY] Delta:  29.0ms | Avg:  56.9ms | Rate: 17.6 FPS | Queue: 0B

[2026-09-15 18:03:31.103]
[TELEMETRY] Motors: [0, 0, 0, 0] || Vision: CX:  0 CY:  0 W:  0 H:  0 Px:    0 || IMU: AX: -0.5 AY: -0.4 AZ: -8.9 TZ:  0.1 || Yaw Error:-28.7deg || Batt: 3.08V  LOW! || State: MANUAL   
[COMMAND] Mode: MANUAL                || Motors: [50, 20, 0, 0]
[LATENCY] Delta:  11.7ms | Avg:  56.7ms | Rate: 17.6 FPS | Queue: 0B

[2026-09-15 18:03:31.137]
[TELEMETRY] Motors: [0, 0, 0, 0] || Vision: CX:  0 CY:  0 W:  0 H:  0 Px:    0 || IMU: AX: -0.4 AY: -0.6 AZ: -8.8 TZ:  0.2 || Yaw Error:-28.7deg || Batt: 3.08V  LOW! || State: MANUAL   
[COMMAND] Mode: MANUAL                || Motors: [0, 20, 0, 0]
[LATENCY] Delta:   4.7ms | Avg:  56.2ms | Rate: 17.8 FPS | Queue: 0B

[2026-09-15 18:03:31.154]
[TELEMETRY] Motors: [0, 0, 0, 0] || Vision: CX:  0 CY:  0 W:  0 H:  0 Px:    0 || IMU: AX: -0.4 AY: -0.4 AZ: -8.7 TZ:  0.2 || Yaw Error:-28.7deg || Batt: 3.08V  LOW! || State: MANUAL   
[COMMAND] Mode: MANUAL                || Motors: [50, 20, 0, 50]
[LATENCY] Delta:  20.0ms | Avg:  56.0ms | Rate: 17.9 FPS | Queue: 0B

[2026-09-15 18:03:31.170]
[TELEMETRY] Motors: [0, 0, 0, 0] || Vision: CX:  0 CY:  0 W:  0 H:  0 Px:    0 || IMU: AX: -0.4 AY: -0.5 AZ: -8.6 TZ:  0.2 || Yaw Error:-28.7deg || Batt: 3.08V  LOW! || State: MANUAL   
[COMMAND] Mode: MANUAL                || Motors: [50, 20, 0, 50]
[LATENCY] Delta:  22.2ms | Avg:  55.8ms | Rate: 17.9 FPS | Queue: 0B

[2026-09-15 18:03:31.186]
[TELEMETRY] Motors: [0, 0, 0, 0] || Vision: CX:  0 CY:  0 W:  0 H:  0 Px:    0 || IMU: AX: -0.3 AY: -0.4 AZ: -8.7 TZ:  0.2 || Yaw Error:-28.7deg || Batt: 3.08V  LOW! || State: MANUAL   
[COMMAND] Mode: MANUAL                || Motors: [50, 20, 0, 50]
[LATENCY] Delta:  10.7ms | Avg:  55.6ms | Rate: 18.0 FPS | Queue: 0B

[2026-09-15 18:03:31.218]
[TELEMETRY] Motors: [0, 0, 0, 0] || Vision: CX:  0 CY:  0 W:  0 H:  0 Px:    0 || IMU: AX: -0.1 AY: -0.3 AZ: -8.7 TZ:  0.2 || Yaw Error:-28.7deg || Batt: 3.08V  LOW! || State: MANUAL   
[COMMAND] Mode: MANUAL                || Motors: [50, 20, 0, 50]
[LATENCY] Delta:  31.3ms | Avg:  55.4ms | Rate: 18.0 FPS | Queue: 0B

[2026-09-15 18:03:31.235]
[TELEMETRY] Motors: [0, 0, 0, 0] || Vision: CX:  0 CY:  0 W:  0 H:  0 Px:    0 || IMU: AX: -0.4 AY: -0.2 AZ: -8.9 TZ:  0.2 || Yaw Error:-28.7deg || Batt: 3.08V  LOW! || State: MANUAL   
[COMMAND] Mode: MANUAL                || Motors: [50, 20, 0, 50]
[LATENCY] Delta:  16.4ms | Avg:  55.2ms | Rate: 18.1 FPS | Queue: 0B

[2026-09-15 18:03:31.268]
[TELEMETRY] Motors: [0, 0, 0, 0] || Vision: CX:  0 CY:  0 W:  0 H:  0 Px:    0 || IMU: AX:  0.1 AY: -0.3 AZ: -8.8 TZ:  0.2 || Yaw Error:-28.7deg || Batt: 3.05V  LOW! || State: MANUAL   
[COMMAND] Mode: MANUAL                || Motors: [50, 20, 0, 50]
[LATENCY] Delta:   4.5ms | Avg:  54.5ms | Rate: 18.4 FPS | Queue: 0B

[2026-09-15 18:03:31.284]
[TELEMETRY] Motors: [0, 0, 0, 0] || Vision: CX:  0 CY:  0 W:  0 H:  0 Px:    0 || IMU: AX:  0.1 AY: -0.1 AZ: -8.8 TZ:  0.2 || Yaw Error:-28.7deg || Batt: 3.05V  LOW! || State: MANUAL   
[COMMAND] Mode: MANUAL                || Motors: [50, 20, 0, 50]
[LATENCY] Delta:   4.9ms | Avg:  53.7ms | Rate: 18.6 FPS | Queue: 0B

[2026-09-15 18:03:31.301]
[TELEMETRY] Motors: [0, 0, 0, 0] || Vision: CX:  0 CY:  0 W:  0 H:  0 Px:    0 || IMU: AX:  0.3 AY: -0.1 AZ: -8.8 TZ:  0.1 || Yaw Error:-28.7deg || Batt: 3.05V  LOW! || State: MANUAL   
[COMMAND] Mode: MANUAL                || Motors: [50, 20, 0, 50]
[LATENCY] Delta:  16.5ms | Avg:  53.5ms | Rate: 18.7 FPS | Queue: 0B

[2026-09-15 18:03:31.317]
[TELEMETRY] Motors: [0, 0, 0, 0] || Vision: CX:  0 CY:  0 W:  0 H:  0 Px:    0 || IMU: AX:  0.2 AY: -0.0 AZ: -8.8 TZ:  0.1 || Yaw Error:-28.7deg || Batt: 3.05V  LOW! || State: MANUAL   
[COMMAND] Mode: MANUAL                || Motors: [50, 20, 0, 50]
[LATENCY] Delta:  11.1ms | Avg:  53.3ms | Rate: 18.8 FPS | Queue: 0B

[2026-09-15 18:03:31.334]
[TELEMETRY] Motors: [0, 0, 0, 0] || Vision: CX:  0 CY:  0 W:  0 H:  0 Px:    0 || IMU: AX:  0.8 AY: -0.2 AZ: -8.8 TZ:  0.1 || Yaw Error:-28.7deg || Batt: 3.05V  LOW! || State: MANUAL   
[COMMAND] Mode: MANUAL                || Motors: [50, 20, 0, 50]
[LATENCY] Delta:   6.4ms | Avg:  52.5ms | Rate: 19.0 FPS | Queue: 0B

[2026-09-15 18:03:31.351]
[TELEMETRY] Motors: [0, 0, 0, 0] || Vision: CX:  0 CY:  0 W:  0 H:  0 Px:    0 || IMU: AX:  0.5 AY: -0.2 AZ: -8.7 TZ:  0.1 || Yaw Error:-28.7deg || Batt: 3.05V  LOW! || State: MANUAL   
[COMMAND] Mode: MANUAL                || Motors: [50, 20, 0, 50]
[LATENCY] Delta:   5.0ms | Avg:  52.3ms | Rate: 19.1 FPS | Queue: 0B

[2026-09-15 18:03:31.368]
[TELEMETRY] Motors: [0, 0, 0, 0] || Vision: CX:  0 CY:  0 W:  0 H:  0 Px:    0 || IMU: AX:  0.6 AY: -0.2 AZ: -8.8 TZ:  0.0 || Yaw Error:-28.7deg || Batt: 3.05V  LOW! || State: MANUAL   
[COMMAND] Mode: MANUAL                || Motors: [50, 20, 0, 50]
[LATENCY] Delta:   6.8ms | Avg:  51.9ms | Rate: 19.3 FPS | Queue: 0B

[2026-09-15 18:03:31.383]
[TELEMETRY] Motors: [0, 0, 0, 0] || Vision: CX:  0 CY:  0 W:  0 H:  0 Px:    0 || IMU: AX:  0.4 AY: -0.2 AZ: -8.8 TZ:  0.0 || Yaw Error:-28.7deg || Batt: 3.05V  LOW! || State: MANUAL   
[COMMAND] Mode: MANUAL                || Motors: [50, 20, 0, 50]
[LATENCY] Delta:   6.4ms | Avg:  51.4ms | Rate: 19.5 FPS | Queue: 0B

[2026-09-15 18:03:31.400]
[TELEMETRY] Motors: [0, 0, 0, 0] || Vision: CX:  0 CY:  0 W:  0 H:  0 Px:    0 || IMU: AX:  0.5 AY: -0.4 AZ: -8.8 TZ:  0.0 || Yaw Error:-28.7deg || Batt: 3.05V  LOW! || State: MANUAL   
[COMMAND] Mode: MANUAL                || Motors: [100, 20, 0, 50]
[LATENCY] Delta:   5.4ms | Avg:  51.2ms | Rate: 19.5 FPS | Queue: 0B

[2026-09-15 18:03:31.418]
[TELEMETRY] Motors: [0, 0, 0, 0] || Vision: CX:  0 CY:  0 W:  0 H:  0 Px:    0 || IMU: AX:  0.2 AY: -0.4 AZ: -8.8 TZ: -0.0 || Yaw Error:-28.7deg || Batt: 3.05V  LOW! || State: MANUAL   
[COMMAND] Mode: MANUAL                || Motors: [100, 20, 0, 50]
[LATENCY] Delta:  21.0ms | Avg:  51.0ms | Rate: 19.6 FPS | Queue: 0B

[2026-09-15 18:03:31.434]
[TELEMETRY] Motors: [0, 0, 0, 0] || Vision: CX:  0 CY:  0 W:  0 H:  0 Px:    0 || IMU: AX:  0.5 AY: -0.5 AZ: -8.7 TZ: -0.0 || Yaw Error:-28.7deg || Batt: 3.05V  LOW! || State: MANUAL   
[COMMAND] Mode: MANUAL                || Motors: [100, 20, 0, 50]
[LATENCY] Delta:  16.5ms | Avg:  50.8ms | Rate: 19.7 FPS | Queue: 0B

[2026-09-15 18:03:31.451]
[TELEMETRY] Motors: [0, 0, 0, 0] || Vision: CX:  0 CY:  0 W:  0 H:  0 Px:    0 || IMU: AX:  0.2 AY: -0.6 AZ: -8.7 TZ: -0.0 || Yaw Error:-28.7deg || Batt: 3.05V  LOW! || State: MANUAL   
[COMMAND] Mode: MANUAL                || Motors: [100, 20, 0, 100]
[LATENCY] Delta:  17.9ms | Avg:  50.7ms | Rate: 19.7 FPS | Queue: 0B

[2026-09-15 18:03:31.467]
[TELEMETRY] Motors: [0, 0, 0, 0] || Vision: CX:  0 CY:  0 W:  0 H:  0 Px:    0 || IMU: AX:  0.1 AY: -0.5 AZ: -8.8 TZ: -0.0 || Yaw Error:-28.7deg || Batt: 3.05V  LOW! || State: MANUAL   
[COMMAND] Mode: MANUAL                || Motors: [100, 20, 0, 100]
[LATENCY] Delta:  17.1ms | Avg:  50.5ms | Rate: 19.8 FPS | Queue: 0B

[2026-09-15 18:03:31.485]
[TELEMETRY] Motors: [0, 0, 0, 0] || Vision: CX:  0 CY:  0 W:  0 H:  0 Px:    0 || IMU: AX:  0.1 AY: -0.5 AZ: -8.8 TZ: -0.0 || Yaw Error:-28.7deg || Batt: 3.05V  LOW! || State: MANUAL   
[COMMAND] Mode: MANUAL                || Motors: [100, 20, 0, 100]
[LATENCY] Delta:  15.5ms | Avg:  50.3ms | Rate: 19.9 FPS | Queue: 0B

[2026-09-15 18:03:31.502]
[TELEMETRY] Motors: [0, 0, 0, 0] || Vision: CX:  0 CY:  0 W:  0 H:  0 Px:    0 || IMU: AX: -0.1 AY: -0.7 AZ: -8.7 TZ: -0.0 || Yaw Error:-28.7deg || Batt: 3.05V  LOW! || State: MANUAL   
[COMMAND] Mode: MANUAL                || Motors: [100, 20, 0, 100]
[LATENCY] Delta:   6.5ms | Avg:  49.9ms | Rate: 20.0 FPS | Queue: 0B

[2026-09-15 18:03:31.520]
[TELEMETRY] Motors: [0, 0, 0, 0] || Vision: CX:  0 CY:  0 W:  0 H:  0 Px:    0 || IMU: AX: -0.0 AY: -0.8 AZ: -8.7 TZ: -0.0 || Yaw Error:-28.7deg || Batt: 3.05V  LOW! || State: MANUAL   
[COMMAND] Mode: MANUAL                || Motors: [50, 20, 0, 100]
[LATENCY] Delta:  16.6ms | Avg:  49.7ms | Rate: 20.1 FPS | Queue: 0B

[2026-09-15 18:03:31.569]
[TELEMETRY] Motors: [0, 0, 0, 0] || Vision: CX:  0 CY:  0 W:  0 H:  0 Px:    0 || IMU: AX: -0.3 AY: -0.7 AZ: -8.6 TZ: -0.0 || Yaw Error:-28.7deg || Batt: 3.05V  LOW! || State: MANUAL   
[COMMAND] Mode: MANUAL                || Motors: [50, 20, 0, 100]
[LATENCY] Delta:  44.6ms | Avg:  49.6ms | Rate: 20.2 FPS | Queue: 0B

[2026-09-15 18:03:31.603]
[TELEMETRY] Motors: [0, 0, 0, 0] || Vision: CX:  0 CY:  0 W:  0 H:  0 Px:    0 || IMU: AX: -0.2 AY: -0.7 AZ: -8.7 TZ:  0.0 || Yaw Error:-28.7deg || Batt: 3.05V  LOW! || State: MANUAL   
[COMMAND] Mode: MANUAL                || Motors: [50, 20, 0, 100]
[LATENCY] Delta:  37.8ms | Avg:  49.6ms | Rate: 20.2 FPS | Queue: 0B

[2026-09-15 18:03:31.652]
[TELEMETRY] Motors: [0, 0, 0, 0] || Vision: CX:  0 CY:  0 W:  0 H:  0 Px:    0 || IMU: AX: -0.3 AY: -0.5 AZ: -8.8 TZ:  0.0 || Yaw Error:-28.7deg || Batt: 3.05V  LOW! || State: MANUAL   
[COMMAND] Mode: MANUAL                || Motors: [100, 20, 0, 50]
[LATENCY] Delta:  45.3ms | Avg:  49.3ms | Rate: 20.3 FPS | Queue: 0B

[2026-09-15 18:03:31.685]
[TELEMETRY] Motors: [0, 0, 0, 0] || Vision: CX:  0 CY:  0 W:  0 H:  0 Px:    0 || IMU: AX: -0.4 AY: -0.7 AZ: -8.9 TZ:  0.0 || Yaw Error:-28.7deg || Batt: 3.10V  LOW! || State: MANUAL   
[COMMAND] Mode: MANUAL                || Motors: [50, 20, 0, 0]
[LATENCY] Delta:  33.7ms | Avg:  49.0ms | Rate: 20.4 FPS | Queue: 0B

[2026-09-15 18:03:31.718]
[TELEMETRY] Motors: [0, 0, 0, 0] || Vision: CX:  0 CY:  0 W:  0 H:  0 Px:    0 || IMU: AX: -0.3 AY: -0.6 AZ: -8.8 TZ:  0.0 || Yaw Error:-28.7deg || Batt: 3.10V  LOW! || State: MANUAL   
[COMMAND] Mode: MANUAL                || Motors: [100, 20, 0, 50]
[LATENCY] Delta:  37.9ms | Avg:  48.7ms | Rate: 20.5 FPS | Queue: 0B

[2026-09-15 18:03:31.771]
[TELEMETRY] Motors: [0, 0, 0, 0] || Vision: CX:  0 CY:  0 W:  0 H:  0 Px:    0 || IMU: AX: -0.3 AY: -0.7 AZ: -8.7 TZ:  0.1 || Yaw Error:-28.7deg || Batt: 3.10V  LOW! || State: MANUAL   
[COMMAND] Mode: MANUAL                || Motors: [50, 20, 0, 50]
[LATENCY] Delta:  43.4ms | Avg:  48.6ms | Rate: 20.6 FPS | Queue: 0B

[2026-09-15 18:03:31.805]
[TELEMETRY] Motors: [0, 0, 0, 0] || Vision: CX:  0 CY:  0 W:  0 H:  0 Px:    0 || IMU: AX: -0.4 AY: -0.8 AZ: -8.7 TZ:  0.1 || Yaw Error:-28.7deg || Batt: 3.10V  LOW! || State: MANUAL   
[COMMAND] Mode: MANUAL                || Motors: [50, 20, 0, 100]
[LATENCY] Delta:  42.3ms | Avg:  48.3ms | Rate: 20.7 FPS | Queue: 0B

[2026-09-15 18:03:31.838]
[TELEMETRY] Motors: [0, 0, 0, 0] || Vision: CX:  0 CY:  0 W:  0 H:  0 Px:    0 || IMU: AX: -0.3 AY: -0.7 AZ: -8.7 TZ:  0.1 || Yaw Error:-28.7deg || Batt: 3.10V  LOW! || State: MANUAL   
[COMMAND] Mode: MANUAL                || Motors: [50, 20, 0, 100]
[LATENCY] Delta:  34.1ms | Avg:  48.0ms | Rate: 20.8 FPS | Queue: 0B

[2026-09-15 18:03:31.887]
[TELEMETRY] Motors: [0, 0, 0, 0] || Vision: CX:  0 CY:  0 W:  0 H:  0 Px:    0 || IMU: AX: -0.4 AY: -0.7 AZ: -8.7 TZ:  0.1 || Yaw Error:-28.7deg || Batt: 3.10V  LOW! || State: MANUAL   
[COMMAND] Mode: MANUAL                || Motors: [100, 20, 0, 100]
[LATENCY] Delta:  49.1ms | Avg:  47.9ms | Rate: 20.9 FPS | Queue: 0B

[2026-09-15 18:03:31.920]
[TELEMETRY] Motors: [0, 0, 0, 0] || Vision: CX:  0 CY:  0 W:  0 H:  0 Px:    0 || IMU: AX: -0.4 AY: -0.5 AZ: -8.8 TZ:  0.1 || Yaw Error:-28.7deg || Batt: 3.10V  LOW! || State: MANUAL   
[COMMAND] Mode: MANUAL                || Motors: [50, 20, 0, 0]
[LATENCY] Delta:  33.0ms | Avg:  47.7ms | Rate: 20.9 FPS | Queue: 0B

[2026-09-15 18:03:31.953]
[TELEMETRY] Motors: [0, 0, 0, 0] || Vision: CX:  0 CY:  0 W:  0 H:  0 Px:    0 || IMU: AX: -0.2 AY: -0.5 AZ: -8.7 TZ:  0.1 || Yaw Error:-28.7deg || Batt: 3.10V  LOW! || State: MANUAL   
[COMMAND] Mode: MANUAL                || Motors: [50, 20, 0, 0]
[LATENCY] Delta:  38.5ms | Avg:  47.4ms | Rate: 21.1 FPS | Queue: 0B

[2026-09-15 18:03:32.003]
[TELEMETRY] Motors: [0, 0, 0, 0] || Vision: CX:  0 CY:  0 W:  0 H:  0 Px:    0 || IMU: AX: -0.3 AY: -0.4 AZ: -8.8 TZ:  0.1 || Yaw Error:-28.7deg || Batt: 3.10V  LOW! || State: MANUAL   
[COMMAND] Mode: MANUAL                || Motors: [50, 20, 0, 0]
[LATENCY] Delta:  42.5ms | Avg:  47.2ms | Rate: 21.2 FPS | Queue: 0B

[2026-09-15 18:03:32.037]
[TELEMETRY] Motors: [0, 0, 0, 0] || Vision: CX:  0 CY:  0 W:  0 H:  0 Px:    0 || IMU: AX: -0.1 AY: -0.4 AZ: -8.8 TZ:  0.1 || Yaw Error:-28.7deg || Batt: 3.10V  LOW! || State: MANUAL   
[COMMAND] Mode: MANUAL                || Motors: [100, 20, 0, 50]
[LATENCY] Delta:  38.4ms | Avg:  47.3ms | Rate: 21.1 FPS | Queue: 0B

[2026-09-15 18:03:32.085]
[TELEMETRY] Motors: [0, 0, 0, 0] || Vision: CX:  0 CY:  0 W:  0 H:  0 Px:    0 || IMU: AX: -0.0 AY: -0.5 AZ: -8.9 TZ:  0.1 || Yaw Error:-28.7deg || Batt: 3.10V  LOW! || State: MANUAL   
[COMMAND] Mode: MANUAL                || Motors: [50, 20, 0, 100]
[LATENCY] Delta:  37.8ms | Avg:  47.1ms | Rate: 21.2 FPS | Queue: 0B

[2026-09-15 18:03:32.118]
[TELEMETRY] Motors: [0, 0, 0, 0] || Vision: CX:  0 CY:  0 W:  0 H:  0 Px:    0 || IMU: AX: -0.2 AY: -0.5 AZ: -8.7 TZ:  0.1 || Yaw Error:-28.7deg || Batt: 3.10V  LOW! || State: MANUAL   
[COMMAND] Mode: MANUAL                || Motors: [50, 20, 0, 100]
[LATENCY] Delta:  40.7ms | Avg:  46.9ms | Rate: 21.3 FPS | Queue: 0B

[2026-09-15 18:03:32.170]
[TELEMETRY] Motors: [0, 0, 0, 0] || Vision: CX:  0 CY:  0 W:  0 H:  0 Px:    0 || IMU: AX:  0.0 AY: -0.3 AZ: -8.7 TZ:  0.1 || Yaw Error:-28.7deg || Batt: 3.10V  LOW! || State: MANUAL   
[COMMAND] Mode: MANUAL                || Motors: [0, 20, 0, 0]
[LATENCY] Delta:  42.9ms | Avg:  46.7ms | Rate: 21.4 FPS | Queue: 0B

[2026-09-15 18:03:32.201]
[TELEMETRY] Motors: [0, 0, 0, 0] || Vision: CX:  0 CY:  0 W:  0 H:  0 Px:    0 || IMU: AX:  0.0 AY: -0.3 AZ: -8.8 TZ:  0.1 || Yaw Error:-28.7deg || Batt: 3.11V  LOW! || State: MANUAL   
[COMMAND] Mode: MANUAL                || Motors: [50, 20, 0, 0]
[LATENCY] Delta:  38.9ms | Avg:  46.4ms | Rate: 21.6 FPS | Queue: 0B

[2026-09-15 18:03:32.252]
[TELEMETRY] Motors: [0, 0, 0, 0] || Vision: CX:  0 CY:  0 W:  0 H:  0 Px:    0 || IMU: AX:  0.2 AY: -0.2 AZ: -8.9 TZ:  0.0 || Yaw Error:-28.7deg || Batt: 3.11V  LOW! || State: MANUAL   
[COMMAND] Mode: MANUAL                || Motors: [50, 20, 0, 0]
[LATENCY] Delta:  45.6ms | Avg:  46.2ms | Rate: 21.6 FPS | Queue: 0B

[2026-09-15 18:03:32.285]
[TELEMETRY] Motors: [0, 0, 0, 0] || Vision: CX:  0 CY:  0 W:  0 H:  0 Px:    0 || IMU: AX:  0.2 AY: -0.1 AZ: -8.8 TZ:  0.1 || Yaw Error:-28.7deg || Batt: 3.11V  LOW! || State: MANUAL   
[COMMAND] Mode: MANUAL                || Motors: [50, 20, 0, 0]
[LATENCY] Delta:  39.0ms | Avg:  46.3ms | Rate: 21.6 FPS | Queue: 0B

[2026-09-15 18:03:32.319]
[TELEMETRY] Motors: [0, 0, 0, 0] || Vision: CX:  0 CY:  0 W:  0 H:  0 Px:    0 || IMU: AX:  0.3 AY: -0.3 AZ: -8.7 TZ:  0.0 || Yaw Error:-28.7deg || Batt: 3.11V  LOW! || State: MANUAL   
[COMMAND] Mode: MANUAL                || Motors: [50, 20, 0, 100]
[LATENCY] Delta:  32.8ms | Avg:  45.9ms | Rate: 21.8 FPS | Queue: 0B

[2026-09-15 18:03:32.367]
[TELEMETRY] Motors: [0, 0, 0, 0] || Vision: CX:  0 CY:  0 W:  0 H:  0 Px:    0 || IMU: AX:  0.3 AY: -0.4 AZ: -8.6 TZ:  0.0 || Yaw Error:-28.7deg || Batt: 3.11V  LOW! || State: MANUAL   
[COMMAND] Mode: MANUAL                || Motors: [50, 20, 0, 100]
[LATENCY] Delta:  43.3ms | Avg:  46.0ms | Rate: 21.7 FPS | Queue: 0B

[2026-09-15 18:03:32.401]
[TELEMETRY] Motors: [0, 0, 0, 0] || Vision: CX:  0 CY:  0 W:  0 H:  0 Px:    0 || IMU: AX:  0.3 AY: -0.4 AZ: -8.7 TZ: -0.0 || Yaw Error:-28.7deg || Batt: 3.11V  LOW! || State: MANUAL   
[COMMAND] Mode: MANUAL                || Motors: [50, 20, 0, 100]
[LATENCY] Delta:  40.8ms | Avg:  45.7ms | Rate: 21.9 FPS | Queue: 2B

[2026-09-15 18:03:32.437]
[TELEMETRY] Motors: [0, 0, 0, 0] || Vision: CX:  0 CY:  0 W:  0 H:  0 Px:    0 || IMU: AX:  0.3 AY: -0.2 AZ: -8.8 TZ: -0.0 || Yaw Error:-28.7deg || Batt: 3.11V  LOW! || State: MANUAL   
[COMMAND] Mode: MANUAL                || Motors: [50, 20, 0, 50]
[LATENCY] Delta:  36.2ms | Avg:  45.4ms | Rate: 22.0 FPS | Queue: 0B

[2026-09-15 18:03:32.485]
[TELEMETRY] Motors: [0, 0, 0, 0] || Vision: CX:  0 CY:  0 W:  0 H:  0 Px:    0 || IMU: AX:  0.4 AY: -0.2 AZ: -8.8 TZ: -0.0 || Yaw Error:-28.7deg || Batt: 3.11V  LOW! || State: MANUAL   
[COMMAND] Mode: MANUAL                || Motors: [50, 20, 0, 0]
[LATENCY] Delta:  47.3ms | Avg:  45.6ms | Rate: 21.9 FPS | Queue: 0B

[2026-09-15 18:03:32.519]
[TELEMETRY] Motors: [0, 0, 0, 0] || Vision: CX:  0 CY:  0 W:  0 H:  0 Px:    0 || IMU: AX:  0.4 AY: -0.2 AZ: -8.8 TZ: -0.1 || Yaw Error:-28.7deg || Batt: 3.11V  LOW! || State: MANUAL   
[COMMAND] Mode: MANUAL                || Motors: [50, 20, 0, 0]
[LATENCY] Delta:  37.9ms | Avg:  45.3ms | Rate: 22.1 FPS | Queue: 0B

[2026-09-15 18:03:32.535]
[TELEMETRY] Motors: [0, 0, 0, 0] || Vision: CX:  0 CY:  0 W:  0 H:  0 Px:    0 || IMU: AX:  0.4 AY: -0.2 AZ: -8.8 TZ: -0.1 || Yaw Error:-28.7deg || Batt: 3.11V  LOW! || State: MANUAL   
[COMMAND] Mode: MANUAL                || Motors: [50, 20, 0, 0]
[LATENCY] Delta:  18.7ms | Avg:  44.9ms | Rate: 22.3 FPS | Queue: 0B

[2026-09-15 18:03:32.552]
[TELEMETRY] Motors: [0, 0, 0, 0] || Vision: CX:  0 CY:  0 W:  0 H:  0 Px:    0 || IMU: AX:  0.6 AY: -0.2 AZ: -8.8 TZ: -0.1 || Yaw Error:-28.7deg || Batt: 3.11V  LOW! || State: MANUAL   
[COMMAND] Mode: MANUAL                || Motors: [50, 20, 0, 0]
[LATENCY] Delta:  16.8ms | Avg:  44.6ms | Rate: 22.4 FPS | Queue: 0B

[2026-09-15 18:03:32.570]
[TELEMETRY] Motors: [0, 0, 0, 0] || Vision: CX:  0 CY:  0 W:  0 H:  0 Px:    0 || IMU: AX:  0.6 AY: -0.2 AZ: -8.8 TZ: -0.1 || Yaw Error:-28.7deg || Batt: 3.11V  LOW! || State: MANUAL   
[COMMAND] Mode: MANUAL                || Motors: [50, 20, 0, 0]
[LATENCY] Delta:  13.1ms | Avg:  44.2ms | Rate: 22.6 FPS | Queue: 0B

[2026-09-15 18:03:32.607]
[TELEMETRY] Motors: [0, 0, 0, 0] || Vision: CX:  0 CY:  0 W:  0 H:  0 Px:    0 || IMU: AX:  0.4 AY: -0.3 AZ: -8.7 TZ: -0.1 || Yaw Error:-28.7deg || Batt: 3.11V  LOW! || State: MANUAL   
[COMMAND] Mode: MANUAL                || Motors: [50, 20, 0, 100]
[LATENCY] Delta:  31.8ms | Avg:  44.0ms | Rate: 22.7 FPS | Queue: 0B

[2026-09-15 18:03:32.640]
[TELEMETRY] Motors: [0, 0, 0, 0] || Vision: CX:  0 CY:  0 W:  0 H:  0 Px:    0 || IMU: AX:  0.5 AY: -0.4 AZ: -8.7 TZ: -0.1 || Yaw Error:-28.7deg || Batt: 3.11V  LOW! || State: MANUAL   
[COMMAND] Mode: MANUAL                || Motors: [50, 20, 0, 100]
[LATENCY] Delta:  37.7ms | Avg:  43.8ms | Rate: 22.8 FPS | Queue: 0B

[2026-09-15 18:03:32.673]
[TELEMETRY] Motors: [0, 0, 0, 0] || Vision: CX:  0 CY:  0 W:  0 H:  0 Px:    0 || IMU: AX:  0.4 AY: -0.3 AZ: -8.8 TZ: -0.1 || Yaw Error:-28.7deg || Batt: 3.11V  LOW! || State: MANUAL   
[COMMAND] Mode: MANUAL                || Motors: [50, 20, 0, 100]
[LATENCY] Delta:  36.6ms | Avg:  43.7ms | Rate: 22.9 FPS | Queue: 0B

[2026-09-15 18:03:32.725]
[TELEMETRY] Motors: [0, 0, 0, 0] || Vision: CX:  0 CY:  0 W:  0 H:  0 Px:    0 || IMU: AX:  0.3 AY: -0.2 AZ: -8.8 TZ: -0.1 || Yaw Error:-28.7deg || Batt: 3.10V  LOW! || State: MANUAL   
[COMMAND] Mode: MANUAL                || Motors: [50, 20, 0, 50]
[LATENCY] Delta:  44.9ms | Avg:  43.5ms | Rate: 23.0 FPS | Queue: 0B

[2026-09-15 18:03:32.759]
[TELEMETRY] Motors: [0, 0, 0, 0] || Vision: CX:  0 CY:  0 W:  0 H:  0 Px:    0 || IMU: AX:  0.4 AY: -0.2 AZ: -8.9 TZ: -0.1 || Yaw Error:-28.7deg || Batt: 3.10V  LOW! || State: MANUAL   
[COMMAND] Mode: MANUAL                || Motors: [50, 20, 0, 0]
[LATENCY] Delta:  38.7ms | Avg:  43.3ms | Rate: 23.1 FPS | Queue: 0B

[2026-09-15 18:03:32.794]
[TELEMETRY] Motors: [0, 0, 0, 0] || Vision: CX:  0 CY:  0 W:  0 H:  0 Px:    0 || IMU: AX:  0.2 AY: -0.3 AZ: -8.9 TZ: -0.1 || Yaw Error:-28.7deg || Batt: 3.10V  LOW! || State: MANUAL   
[COMMAND] Mode: MANUAL                || Motors: [50, 20, 0, 0]
[LATENCY] Delta:  37.3ms | Avg:  43.3ms | Rate: 23.1 FPS | Queue: 0B

[2026-09-15 18:03:32.846]
[TELEMETRY] Motors: [0, 0, 0, 0] || Vision: CX:  0 CY:  0 W:  0 H:  0 Px:    0 || IMU: AX:  0.4 AY: -0.3 AZ: -8.8 TZ: -0.1 || Yaw Error:-28.7deg || Batt: 3.10V  LOW! || State: MANUAL   
[COMMAND] Mode: MANUAL                || Motors: [100, 20, 0, 50]
[LATENCY] Delta:  39.4ms | Avg:  43.0ms | Rate: 23.3 FPS | Queue: 0B

[2026-09-15 18:03:32.878]
[TELEMETRY] Motors: [0, 0, 0, 0] || Vision: CX:  0 CY:  0 W:  0 H:  0 Px:    0 || IMU: AX:  0.2 AY: -0.6 AZ: -8.7 TZ: -0.1 || Yaw Error:-28.7deg || Batt: 3.10V  LOW! || State: MANUAL   
[COMMAND] Mode: MANUAL                || Motors: [50, 20, 0, 100]
[LATENCY] Delta:  41.1ms | Avg:  42.8ms | Rate: 23.4 FPS | Queue: 0B

[2026-09-15 18:03:32.911]
[TELEMETRY] Motors: [0, 0, 0, 0] || Vision: CX:  0 CY:  0 W:  0 H:  0 Px:    0 || IMU: AX:  0.1 AY: -0.5 AZ: -8.7 TZ: -0.1 || Yaw Error:-28.7deg || Batt: 3.10V  LOW! || State: MANUAL   
[COMMAND] Mode: MANUAL                || Motors: [50, 20, 0, 100]
[LATENCY] Delta:  38.6ms | Avg:  42.5ms | Rate: 23.5 FPS | Queue: 0B

[2026-09-15 18:03:32.961]
[TELEMETRY] Motors: [0, 0, 0, 0] || Vision: CX:  0 CY:  0 W:  0 H:  0 Px:    0 || IMU: AX: -0.0 AY: -0.5 AZ: -8.6 TZ: -0.1 || Yaw Error:-28.7deg || Batt: 3.10V  LOW! || State: MANUAL   
[COMMAND] Mode: MANUAL                || Motors: [50, 20, 0, 100]
[LATENCY] Delta:  42.6ms | Avg:  42.5ms | Rate: 23.5 FPS | Queue: 0B

[2026-09-15 18:03:32.993]
[TELEMETRY] Motors: [0, 0, 0, 0] || Vision: CX:  0 CY:  0 W:  0 H:  0 Px:    0 || IMU: AX: -0.2 AY: -0.5 AZ: -8.7 TZ: -0.1 || Yaw Error:-28.7deg || Batt: 3.10V  LOW! || State: MANUAL   
[COMMAND] Mode: MANUAL                || Motors: [100, 20, 0, 100]
[LATENCY] Delta:  37.7ms | Avg:  42.1ms | Rate: 23.7 FPS | Queue: 0B

[2026-09-15 18:03:33.043]
[TELEMETRY] Motors: [0, 0, 0, 0] || Vision: CX:  0 CY:  0 W:  0 H:  0 Px:    0 || IMU: AX: -0.1 AY: -0.4 AZ: -8.9 TZ: -0.1 || Yaw Error:-28.7deg || Batt: 3.10V  LOW! || State: MANUAL   
[COMMAND] Mode: MANUAL                || Motors: [50, 20, 0, 0]
[LATENCY] Delta:  43.8ms | Avg:  42.2ms | Rate: 23.7 FPS | Queue: 0B

[2026-09-15 18:03:33.076]
[TELEMETRY] Motors: [0, 0, 0, 0] || Vision: CX:  0 CY:  0 W:  0 H:  0 Px:    0 || IMU: AX: -0.1 AY: -0.7 AZ: -8.8 TZ: -0.1 || Yaw Error:-28.7deg || Batt: 3.10V  LOW! || State: MANUAL   
[COMMAND] Mode: MANUAL                || Motors: [50, 20, 0, 0]
[LATENCY] Delta:  36.6ms | Avg:  42.0ms | Rate: 23.8 FPS | Queue: 0B

[2026-09-15 18:03:33.126]
[TELEMETRY] Motors: [0, 0, 0, 0] || Vision: CX:  0 CY:  0 W:  0 H:  0 Px:    0 || IMU: AX: -0.2 AY: -0.8 AZ: -8.7 TZ: -0.1 || Yaw Error:-28.7deg || Batt: 3.10V  LOW! || State: MANUAL   
[COMMAND] Mode: MANUAL                || Motors: [50, 20, 0, 0]
[LATENCY] Delta:  41.2ms | Avg:  41.7ms | Rate: 24.0 FPS | Queue: 0B

[2026-09-15 18:03:33.161]
[TELEMETRY] Motors: [0, 0, 0, 0] || Vision: CX:  0 CY:  0 W:  0 H:  0 Px:    0 || IMU: AX: -0.2 AY: -0.7 AZ: -8.5 TZ: -0.1 || Yaw Error:-28.7deg || Batt: 3.10V  LOW! || State: MANUAL   
[COMMAND] Mode: MANUAL                || Motors: [50, 20, 0, 0]
[LATENCY] Delta:  38.8ms | Avg:  41.4ms | Rate: 24.1 FPS | Queue: 0B

[2026-09-15 18:03:33.211]
[TELEMETRY] Motors: [0, 0, 0, 0] || Vision: CX:  0 CY:  0 W:  0 H:  0 Px:    0 || IMU: AX: -0.1 AY: -0.8 AZ: -8.6 TZ: -0.1 || Yaw Error:-28.7deg || Batt: 3.10V  LOW! || State: MANUAL   
[COMMAND] Mode: MANUAL                || Motors: [50, 20, 0, 0]
[LATENCY] Delta:  46.8ms | Avg:  41.2ms | Rate: 24.3 FPS | Queue: 0B

[2026-09-15 18:03:33.245]
[TELEMETRY] Motors: [0, 0, 0, 0] || Vision: CX:  0 CY:  0 W:  0 H:  0 Px:    0 || IMU: AX: -0.1 AY: -0.8 AZ: -8.6 TZ: -0.1 || Yaw Error:-28.7deg || Batt: 3.11V  LOW! || State: MANUAL   
[COMMAND] Mode: MANUAL                || Motors: [50, 20, 0, 0]
[LATENCY] Delta:  39.6ms | Avg:  41.0ms | Rate: 24.4 FPS | Queue: 0B

[2026-09-15 18:03:33.279]
[TELEMETRY] Motors: [0, 0, 0, 0] || Vision: CX:  0 CY:  0 W:  0 H:  0 Px:    0 || IMU: AX: -0.1 AY: -0.9 AZ: -8.7 TZ: -0.0 || Yaw Error:-28.7deg || Batt: 3.11V  LOW! || State: MANUAL   
[COMMAND] Mode: MANUAL                || Motors: [50, 20, 0, 0]
[LATENCY] Delta:  34.1ms | Avg:  41.0ms | Rate: 24.4 FPS | Queue: 0B

[2026-09-15 18:03:33.328]
[TELEMETRY] Motors: [0, 0, 0, 0] || Vision: CX:  0 CY:  0 W:  0 H:  0 Px:    0 || IMU: AX: -0.3 AY: -0.9 AZ: -8.7 TZ: -0.0 || Yaw Error:-28.7deg || Batt: 3.11V  LOW! || State: MANUAL   
[COMMAND] Mode: MANUAL                || Motors: [50, 20, 0, 0]
[LATENCY] Delta:  43.7ms | Avg:  40.8ms | Rate: 24.5 FPS | Queue: 0B

[2026-09-15 18:03:33.361]
[TELEMETRY] Motors: [0, 0, 0, 0] || Vision: CX:  0 CY:  0 W:  0 H:  0 Px:    0 || IMU: AX: -0.0 AY: -0.8 AZ: -8.7 TZ: -0.0 || Yaw Error:-28.7deg || Batt: 3.11V  LOW! || State: MANUAL   
[COMMAND] Mode: MANUAL                || Motors: [50, 20, 0, 0]
[LATENCY] Delta:  36.6ms | Avg:  40.5ms | Rate: 24.7 FPS | Queue: 0B

[2026-09-15 18:03:33.395]
[TELEMETRY] Motors: [0, 0, 0, 0] || Vision: CX:  0 CY:  0 W:  0 H:  0 Px:    0 || IMU: AX: -0.3 AY: -0.8 AZ: -8.7 TZ: -0.0 || Yaw Error:-28.7deg || Batt: 3.11V  LOW! || State: MANUAL   
[COMMAND] Mode: MANUAL                || Motors: [50, 20, 0, 0]
[LATENCY] Delta:  37.8ms | Avg:  40.3ms | Rate: 24.8 FPS | Queue: 0B

[2026-09-15 18:03:33.446]
[TELEMETRY] Motors: [0, 0, 0, 0] || Vision: CX:  0 CY:  0 W:  0 H:  0 Px:    0 || IMU: AX: -0.1 AY: -1.1 AZ: -8.7 TZ: -0.0 || Yaw Error:-28.7deg || Batt: 3.11V  LOW! || State: MANUAL   
[COMMAND] Mode: MANUAL                || Motors: [0, 20, 0, 0]
[LATENCY] Delta:  44.5ms | Avg:  40.1ms | Rate: 24.9 FPS | Queue: 0B

[2026-09-15 18:03:33.477]
[TELEMETRY] Motors: [0, 0, 0, 0] || Vision: CX:  0 CY:  0 W:  0 H:  0 Px:    0 || IMU: AX: -0.0 AY: -1.1 AZ: -8.5 TZ:  0.0 || Yaw Error:-28.7deg || Batt: 3.11V  LOW! || State: MANUAL   
[COMMAND] Mode: MANUAL                || Motors: [0, 20, 0, 0]
[LATENCY] Delta:  36.8ms | Avg:  40.3ms | Rate: 24.8 FPS | Queue: 0B

[2026-09-15 18:03:33.529]
[TELEMETRY] Motors: [0, 0, 0, 0] || Vision: CX:  0 CY:  0 W:  0 H:  0 Px:    0 || IMU: AX: -0.2 AY: -0.7 AZ: -8.6 TZ:  0.0 || Yaw Error:-28.7deg || Batt: 3.11V  LOW! || State: MANUAL   
[COMMAND] Mode: MANUAL                || Motors: [0, 20, 0, 0]
[LATENCY] Delta:  43.0ms | Avg:  40.0ms | Rate: 25.0 FPS | Queue: 0B

[2026-09-15 18:03:33.564]
[TELEMETRY] Motors: [0, 0, 0, 0] || Vision: CX:  0 CY:  0 W:  0 H:  0 Px:    0 || IMU: AX:  0.1 AY: -0.8 AZ: -8.8 TZ:  0.0 || Yaw Error:-28.7deg || Batt: 3.11V  LOW! || State: MANUAL   
[COMMAND] Mode: MANUAL                || Motors: [0, 20, 0, 0]
[LATENCY] Delta:  40.1ms | Avg:  40.0ms | Rate: 25.0 FPS | Queue: 0B

[2026-09-15 18:03:33.600]
[TELEMETRY] Motors: [0, 0, 0, 0] || Vision: CX:  0 CY:  0 W:  0 H:  0 Px:    0 || IMU: AX:  0.1 AY: -0.5 AZ: -9.0 TZ:  0.0 || Yaw Error:-28.7deg || Batt: 3.11V  LOW! || State: MANUAL   
[COMMAND] Mode: MANUAL                || Motors: [50, 20, 0, 0]
[LATENCY] Delta:  35.8ms | Avg:  39.7ms | Rate: 25.2 FPS | Queue: 0B

[2026-09-15 18:03:33.633]
[TELEMETRY] Motors: [0, 0, 0, 0] || Vision: CX:  0 CY:  0 W:  0 H:  0 Px:    0 || IMU: AX:  0.2 AY: -0.6 AZ: -9.0 TZ:  0.0 || Yaw Error:-28.7deg || Batt: 3.11V  LOW! || State: MANUAL   
[COMMAND] Mode: MANUAL                || Motors: [50, 20, 0, 0]
[LATENCY] Delta:  39.7ms | Avg:  39.5ms | Rate: 25.3 FPS | Queue: 0B

[2026-09-15 18:03:33.685]
[TELEMETRY] Motors: [0, 0, 0, 0] || Vision: CX:  0 CY:  0 W:  0 H:  0 Px:    0 || IMU: AX:  0.1 AY: -0.6 AZ: -9.0 TZ:  0.0 || Yaw Error:-28.7deg || Batt: 3.11V  LOW! || State: MANUAL   
[COMMAND] Mode: MANUAL                || Motors: [50, 20, 0, 0]
[LATENCY] Delta:  47.1ms | Avg:  39.4ms | Rate: 25.4 FPS | Queue: 0B

[2026-09-15 18:03:33.720]
[TELEMETRY] Motors: [0, 0, 0, 0] || Vision: CX:  0 CY:  0 W:  0 H:  0 Px:    0 || IMU: AX:  0.2 AY: -0.9 AZ: -8.6 TZ:  0.0 || Yaw Error:-28.7deg || Batt: 3.11V  LOW! || State: MANUAL   
[COMMAND] Mode: MANUAL                || Motors: [50, 20, 0, 0]
[LATENCY] Delta:  34.8ms | Avg:  39.2ms | Rate: 25.5 FPS | Queue: 0B

[2026-09-15 18:03:33.771]
[TELEMETRY] Motors: [0, 0, 0, 0] || Vision: CX:  0 CY:  0 W:  0 H:  0 Px:    0 || IMU: AX:  0.2 AY: -0.6 AZ: -8.5 TZ:  0.1 || Yaw Error:-28.7deg || Batt: 3.11V  LOW! || State: MANUAL   
[COMMAND] Mode: MANUAL                || Motors: [50, 20, 0, 0]
[LATENCY] Delta:  46.1ms | Avg:  39.0ms | Rate: 25.6 FPS | Queue: 0B

[2026-09-15 18:03:33.804]
[TELEMETRY] Motors: [0, 0, 0, 0] || Vision: CX:  0 CY:  0 W:  0 H:  0 Px:    0 || IMU: AX:  0.2 AY: -0.5 AZ: -8.8 TZ:  0.0 || Yaw Error:-28.7deg || Batt: 3.11V  LOW! || State: MANUAL   
[COMMAND] Mode: MANUAL                || Motors: [50, 20, 0, 0]
[LATENCY] Delta:  39.6ms | Avg:  39.0ms | Rate: 25.6 FPS | Queue: 0B

[2026-09-15 18:03:33.838]
[TELEMETRY] Motors: [0, 0, 0, 0] || Vision: CX:  0 CY:  0 W:  0 H:  0 Px:    0 || IMU: AX:  0.2 AY: -0.5 AZ: -8.8 TZ:  0.1 || Yaw Error:-28.7deg || Batt: 3.11V  LOW! || State: MANUAL   
[COMMAND] Mode: MANUAL                || Motors: [50, 20, 0, 0]
[LATENCY] Delta:  32.3ms | Avg:  38.7ms | Rate: 25.8 FPS | Queue: 0B

[2026-09-15 18:03:33.887]
[TELEMETRY] Motors: [0, 0, 0, 0] || Vision: CX:  0 CY:  0 W:  0 H:  0 Px:    0 || IMU: AX:  0.5 AY: -0.7 AZ: -8.9 TZ:  0.1 || Yaw Error:-28.7deg || Batt: 3.11V  LOW! || State: MANUAL   
[COMMAND] Mode: MANUAL                || Motors: [0, 20, 0, 0]
[LATENCY] Delta:  44.9ms | Avg:  38.6ms | Rate: 25.9 FPS | Queue: 0B

[2026-09-15 18:03:33.922]
[TELEMETRY] Motors: [0, 0, 0, 0] || Vision: CX:  0 CY:  0 W:  0 H:  0 Px:    0 || IMU: AX:  0.7 AY: -0.5 AZ: -8.6 TZ:  0.1 || Yaw Error:-28.7deg || Batt: 3.11V  LOW! || State: MANUAL   
[COMMAND] Mode: MANUAL                || Motors: [50, 20, 0, 50]
[LATENCY] Delta:  38.6ms | Avg:  38.6ms | Rate: 25.9 FPS | Queue: 0B

[2026-09-15 18:03:33.955]
[TELEMETRY] Motors: [0, 0, 0, 0] || Vision: CX:  0 CY:  0 W:  0 H:  0 Px:    0 || IMU: AX:  0.8 AY: -0.2 AZ: -8.6 TZ:  0.0 || Yaw Error:-28.7deg || Batt: 3.11V  LOW! || State: MANUAL   
[COMMAND] Mode: MANUAL                || Motors: [50, 20, 0, 50]
[LATENCY] Delta:  36.6ms | Avg:  38.8ms | Rate: 25.8 FPS | Queue: 0B

[2026-09-15 18:03:34.005]
[TELEMETRY] Motors: [0, 0, 0, 0] || Vision: CX:  0 CY:  0 W:  0 H:  0 Px:    0 || IMU: AX:  0.5 AY: -0.5 AZ: -8.7 TZ:  0.0 || Yaw Error:-28.7deg || Batt: 3.11V  LOW! || State: MANUAL   
[COMMAND] Mode: MANUAL                || Motors: [50, 20, 0, 50]
[LATENCY] Delta:  42.3ms | Avg:  38.5ms | Rate: 26.0 FPS | Queue: 0B

[2026-09-15 18:03:34.037]
[TELEMETRY] Motors: [0, 0, 0, 0] || Vision: CX:  0 CY:  0 W:  0 H:  0 Px:    0 || IMU: AX:  0.2 AY: -0.1 AZ: -8.8 TZ:  0.0 || Yaw Error:-28.7deg || Batt: 3.11V  LOW! || State: MANUAL   
[COMMAND] Mode: MANUAL                || Motors: [50, 20, 0, 50]
[LATENCY] Delta:  41.8ms | Avg:  38.3ms | Rate: 26.1 FPS | Queue: 0B

[2026-09-15 18:03:34.072]
[TELEMETRY] Motors: [0, 0, 0, 0] || Vision: CX:  0 CY:  0 W:  0 H:  0 Px:    0 || IMU: AX:  0.2 AY: -0.5 AZ: -8.7 TZ:  0.0 || Yaw Error:-28.7deg || Batt: 3.11V  LOW! || State: MANUAL   
[COMMAND] Mode: MANUAL                || Motors: [50, 20, 0, 50]
[LATENCY] Delta:  36.4ms | Avg:  38.4ms | Rate: 26.1 FPS | Queue: 0B

[2026-09-15 18:03:34.121]
[TELEMETRY] Motors: [48, 20, 0, 51] || Vision: CX:  0 CY:  0 W:  0 H:  0 Px:    0 || IMU: AX:  0.4 AY: -0.3 AZ: -8.7 TZ:  0.1 || Yaw Error:-28.7deg || Batt: 3.11V  LOW! || State: MANUAL   
[COMMAND] Mode: MANUAL                || Motors: [50, 20, 0, 50]
[LATENCY] Delta:  44.6ms | Avg:  38.6ms | Rate: 25.9 FPS | Queue: 0B

[2026-09-15 18:03:35.261]
[TELEMETRY] Motors: [0, 20, 0, 4] || Vision: CX:  0 CY:  0 W:  0 H:  0 Px:    0 || IMU: AX:  0.0 AY: -0.1 AZ: -8.8 TZ:  0.2 || Yaw Error:-28.7deg || Batt: 3.11V  LOW! || State: MANUAL   
[COMMAND] Mode: MANUAL                || Motors: [0, 20, 0, 0]
[LATENCY] Delta: 1134.6ms | Avg:  43.8ms | Rate: 22.8 FPS | Queue: 0B

[2026-09-15 18:03:35.278]
[TELEMETRY] Motors: [0, 20, 0, 4] || Vision: CX:154 CY:131 W: 79 H: 69 Px:  109 || IMU: AX:  0.0 AY: -0.1 AZ: -8.9 TZ:  0.2 || Yaw Error: -1.1deg || Batt: 3.11V  LOW! || State: MANUAL   
[COMMAND] Mode: MANUAL                || Motors: [0, 20, 0, 0]
[LATENCY] Delta:  26.9ms | Avg:  43.5ms | Rate: 23.0 FPS | Queue: 0B

[2026-09-15 18:03:35.310]
[TELEMETRY] Motors: [0, 20, 0, 4] || Vision: CX:  0 CY:  0 W:  0 H:  0 Px:    0 || IMU: AX:  0.1 AY: -0.1 AZ: -8.9 TZ:  0.2 || Yaw Error:-28.7deg || Batt: 3.11V  LOW! || State: MANUAL   
[COMMAND] Mode: MANUAL                || Motors: [0, 20, 0, 0]
[LATENCY] Delta:  27.6ms | Avg:  43.6ms | Rate: 22.9 FPS | Queue: 0B

[2026-09-15 18:03:35.361]
[TELEMETRY] Motors: [0, 20, 0, 3] || Vision: CX:  0 CY:  0 W:  0 H:  0 Px:    0 || IMU: AX:  0.2 AY: -0.2 AZ: -8.8 TZ:  0.2 || Yaw Error:-28.7deg || Batt: 3.11V  LOW! || State: MANUAL   
[COMMAND] Mode: MANUAL                || Motors: [0, 20, 0, 0]
[LATENCY] Delta:  49.9ms | Avg:  43.6ms | Rate: 22.9 FPS | Queue: 0B

[2026-09-15 18:03:35.412]
[TELEMETRY] Motors: [0, 20, 0, 3] || Vision: CX:  0 CY:  0 W:  0 H:  0 Px:    0 || IMU: AX:  0.2 AY: -0.2 AZ: -8.7 TZ:  0.1 || Yaw Error:-28.7deg || Batt: 3.11V  LOW! || State: MANUAL   
[COMMAND] Mode: MANUAL                || Motors: [0, 20, 0, 0]
[LATENCY] Delta:  43.3ms | Avg:  43.6ms | Rate: 22.9 FPS | Queue: 0B

[2026-09-15 18:03:35.445]
[TELEMETRY] Motors: [0, 20, 0, 3] || Vision: CX:  0 CY:  0 W:  0 H:  0 Px:    0 || IMU: AX:  0.2 AY: -0.3 AZ: -8.7 TZ:  0.1 || Yaw Error:-28.7deg || Batt: 3.11V  LOW! || State: MANUAL   
[COMMAND] Mode: MANUAL                || Motors: [0, 20, 0, 0]
[LATENCY] Delta:  38.8ms | Avg:  43.3ms | Rate: 23.1 FPS | Queue: 0B

[2026-09-15 18:03:35.497]
[TELEMETRY] Motors: [0, 20, 0, 2] || Vision: CX:  0 CY:  0 W:  0 H:  0 Px:    0 || IMU: AX:  0.4 AY: -0.5 AZ: -8.8 TZ:  0.1 || Yaw Error:-28.7deg || Batt: 3.11V  LOW! || State: MANUAL   
[COMMAND] Mode: MANUAL                || Motors: [0, 20, 0, 0]
[LATENCY] Delta:  46.3ms | Avg:  43.5ms | Rate: 23.0 FPS | Queue: 0B

[2026-09-15 18:03:35.514]
[TELEMETRY] Motors: [0, 20, 0, 2] || Vision: CX:  0 CY:  0 W:  0 H:  0 Px:    0 || IMU: AX:  0.3 AY: -0.5 AZ: -8.7 TZ:  0.1 || Yaw Error:-28.7deg || Batt: 3.11V  LOW! || State: MANUAL   
[COMMAND] Mode: MANUAL                || Motors: [0, 20, 0, 0]
[LATENCY] Delta:  31.2ms | Avg:  43.1ms | Rate: 23.2 FPS | Queue: 0B

[2026-09-15 18:03:35.567]
[TELEMETRY] Motors: [0, 20, 0, 1] || Vision: CX:  0 CY:  0 W:  0 H:  0 Px:    0 || IMU: AX:  0.2 AY: -0.5 AZ: -8.6 TZ:  0.1 || Yaw Error:-28.7deg || Batt: 3.11V  LOW! || State: MANUAL   
[COMMAND] Mode: MANUAL                || Motors: [0, 20, 0, 50]
[LATENCY] Delta:  46.7ms | Avg:  43.1ms | Rate: 23.2 FPS | Queue: 0B

[2026-09-15 18:03:35.602]
[TELEMETRY] Motors: [0, 20, 0, 51] || Vision: CX:  0 CY:  0 W:  0 H:  0 Px:    0 || IMU: AX:  0.3 AY: -0.7 AZ: -8.7 TZ:  0.1 || Yaw Error:-28.7deg || Batt: 3.11V  LOW! || State: MANUAL   
[COMMAND] Mode: MANUAL                || Motors: [0, 20, 0, 50]
[LATENCY] Delta:  35.4ms | Avg:  42.8ms | Rate: 23.4 FPS | Queue: 0B

[2026-09-15 18:03:35.635]
[TELEMETRY] Motors: [0, 20, 0, 50] || Vision: CX:  0 CY:  0 W:  0 H:  0 Px:    0 || IMU: AX:  0.4 AY: -0.7 AZ: -8.6 TZ:  0.0 || Yaw Error:-28.7deg || Batt: 3.11V  LOW! || State: MANUAL   
[COMMAND] Mode: MANUAL                || Motors: [0, 20, 0, 50]
[LATENCY] Delta:  38.0ms | Avg:  42.5ms | Rate: 23.5 FPS | Queue: 0B

[2026-09-15 18:03:35.687]
[TELEMETRY] Motors: [0, 20, 0, 50] || Vision: CX:  0 CY:  0 W:  0 H:  0 Px:    0 || IMU: AX: -0.7 AY:  0.4 AZ: -8.6 TZ:  0.0 || Yaw Error:-28.7deg || Batt: 3.11V  LOW! || State: MANUAL   
[COMMAND] Mode: MANUAL                || Motors: [0, 20, 0, 50]
[LATENCY] Delta:  42.5ms | Avg:  42.7ms | Rate: 23.4 FPS | Queue: 0B

[2026-09-15 18:03:35.720]
[TELEMETRY] Motors: [0, 20, 0, 49] || Vision: CX:  0 CY:  0 W:  0 H:  0 Px:    0 || IMU: AX:  3.9 AY: -4.5 AZ: -7.7 TZ: -0.0 || Yaw Error:-28.7deg || Batt: 3.11V  LOW! || State: MANUAL   
[COMMAND] Mode: MANUAL                || Motors: [0, 20, 0, 50]
[LATENCY] Delta:  38.2ms | Avg:  42.7ms | Rate: 23.4 FPS | Queue: 0B

[2026-09-15 18:03:35.770]
[TELEMETRY] Motors: [2, 20, 0, 47] || Vision: CX:  0 CY:  0 W:  0 H:  0 Px:    0 || IMU: AX:  1.2 AY: -1.6 AZ: -7.2 TZ: -0.1 || Yaw Error:-28.7deg || Batt: 2.98V  LOW! || State: MANUAL   
[COMMAND] Mode: MANUAL                || Motors: [0, 20, 0, 50]
[LATENCY] Delta:  43.5ms | Avg:  42.7ms | Rate: 23.4 FPS | Queue: 0B

[2026-09-15 18:03:35.805]
[TELEMETRY] Motors: [1, 20, 0, 48] || Vision: CX:  0 CY:  0 W:  0 H:  0 Px:    0 || IMU: AX:  0.8 AY:  1.9 AZ: -9.2 TZ: -0.1 || Yaw Error:-28.7deg || Batt: 2.98V  LOW! || State: MANUAL   
[COMMAND] Mode: MANUAL                || Motors: [0, 20, 0, 50]
[LATENCY] Delta:  37.1ms | Avg:  42.8ms | Rate: 23.4 FPS | Queue: 0B

[2026-09-15 18:03:35.839]
[TELEMETRY] Motors: [1, 20, 0, 48] || Vision: CX:  0 CY:  0 W:  0 H:  0 Px:    0 || IMU: AX:  2.3 AY: -0.6 AZ: -8.7 TZ: -0.1 || Yaw Error:-28.7deg || Batt: 2.98V  LOW! || State: MANUAL   
[COMMAND] Mode: MANUAL                || Motors: [0, 20, 0, 50]
[LATENCY] Delta:  38.7ms | Avg:  42.9ms | Rate: 23.3 FPS | Queue: 0B

[2026-09-15 18:03:35.887]
[TELEMETRY] Motors: [2, 20, 0, 47] || Vision: CX:  0 CY:  0 W:  0 H:  0 Px:    0 || IMU: AX: -1.1 AY: -1.8 AZ: -8.8 TZ: -0.1 || Yaw Error:-28.7deg || Batt: 2.98V  LOW! || State: MANUAL   
[COMMAND] Mode: MANUAL                || Motors: [0, 20, 0, 50]
[LATENCY] Delta:  41.6ms | Avg:  43.0ms | Rate: 23.3 FPS | Queue: 0B

[2026-09-15 18:03:35.922]
[TELEMETRY] Motors: [2, 20, 0, 47] || Vision: CX:107 CY:188 W:136 H: 62 Px:  119 || IMU: AX:  0.8 AY:  0.7 AZ: -8.6 TZ: -0.1 || Yaw Error: -9.5deg || Batt: 2.98V  LOW! || State: MANUAL   
[COMMAND] Mode: MANUAL                || Motors: [0, 20, 0, 50]
[LATENCY] Delta:  38.9ms | Avg:  42.9ms | Rate: 23.3 FPS | Queue: 0B

[2026-09-15 18:03:35.957]
[TELEMETRY] Motors: [3, 20, 0, 46] || Vision: CX:  0 CY:  0 W:  0 H:  0 Px:    0 || IMU: AX:  1.7 AY: -0.7 AZ: -8.6 TZ: -0.1 || Yaw Error:-28.7deg || Batt: 2.98V  LOW! || State: MANUAL   
[COMMAND] Mode: MANUAL                || Motors: [0, 20, 0, 50]
[LATENCY] Delta:  34.2ms | Avg:  43.0ms | Rate: 23.3 FPS | Queue: 0B

[2026-09-15 18:03:36.010]
[TELEMETRY] Motors: [3, 20, 0, 46] || Vision: CX:  0 CY:  0 W:  0 H:  0 Px:    0 || IMU: AX: -0.8 AY:  1.5 AZ: -8.8 TZ: -0.2 || Yaw Error:-28.7deg || Batt: 2.98V  LOW! || State: MANUAL   
[COMMAND] Mode: MANUAL                || Motors: [0, 20, 0, 50]
[LATENCY] Delta:  47.0ms | Avg:  42.8ms | Rate: 23.4 FPS | Queue: 0B

[2026-09-15 18:03:36.043]
[TELEMETRY] Motors: [3, 20, 0, 46] || Vision: CX:  0 CY:  0 W:  0 H:  0 Px:    0 || IMU: AX:  1.8 AY: -2.5 AZ: -8.5 TZ: -0.2 || Yaw Error:-28.7deg || Batt: 2.98V  LOW! || State: MANUAL   
[COMMAND] Mode: MANUAL                || Motors: [0, 20, 0, 0]
[LATENCY] Delta:  39.1ms | Avg:  42.7ms | Rate: 23.4 FPS | Queue: 0B

[2026-09-15 18:03:36.075]
[TELEMETRY] Motors: [4, 20, 0, 45] || Vision: CX:  0 CY:  0 W:  0 H:  0 Px:    0 || IMU: AX: -1.2 AY: -1.6 AZ: -8.9 TZ: -0.2 || Yaw Error:-28.7deg || Batt: 2.98V  LOW! || State: MANUAL   
[COMMAND] Mode: MANUAL                || Motors: [0, 20, 0, 0]
[LATENCY] Delta:  40.0ms | Avg:  42.4ms | Rate: 23.6 FPS | Queue: 0B

[2026-09-15 18:03:36.124]
[TELEMETRY] Motors: [4, 20, 0, 0] || Vision: CX:  0 CY:  0 W:  0 H:  0 Px:    0 || IMU: AX: -1.2 AY:  1.9 AZ: -8.8 TZ: -0.2 || Yaw Error:-28.7deg || Batt: 2.98V  LOW! || State: MANUAL   
[COMMAND] Mode: MANUAL                || Motors: [0, 20, 0, 0]
[LATENCY] Delta:  41.0ms | Avg:  42.4ms | Rate: 23.6 FPS | Queue: 0B

[2026-09-15 18:03:36.157]
[TELEMETRY] Motors: [5, 20, 0, 0] || Vision: CX:  0 CY:  0 W:  0 H:  0 Px:    0 || IMU: AX:  0.5 AY: -3.3 AZ: -6.9 TZ: -0.2 || Yaw Error:-28.7deg || Batt: 2.98V  LOW! || State: MANUAL   
[COMMAND] Mode: MANUAL                || Motors: [0, 20, 0, 0]
[LATENCY] Delta:  38.2ms | Avg:  41.9ms | Rate: 23.9 FPS | Queue: 0B

[2026-09-15 18:03:36.207]
[TELEMETRY] Motors: [4, 20, 0, 0] || Vision: CX:  0 CY:  0 W:  0 H:  0 Px:    0 || IMU: AX: -0.1 AY: -0.9 AZ: -8.8 TZ: -0.2 || Yaw Error:-28.7deg || Batt: 2.98V  LOW! || State: MANUAL   
[COMMAND] Mode: MANUAL                || Motors: [0, 20, 0, 0]
[LATENCY] Delta:  45.1ms | Avg:  41.9ms | Rate: 23.9 FPS | Queue: 0B

[2026-09-15 18:03:36.241]
[TELEMETRY] Motors: [4, 20, 0, 0] || Vision: CX:  0 CY:  0 W:  0 H:  0 Px:    0 || IMU: AX:  0.4 AY: -0.4 AZ: -9.0 TZ: -0.2 || Yaw Error:-28.7deg || Batt: 2.98V  LOW! || State: MANUAL   
[COMMAND] Mode: MANUAL                || Motors: [0, 20, 0, 0]
[LATENCY] Delta:  36.1ms | Avg:  41.5ms | Rate: 24.1 FPS | Queue: 0B

[2026-09-15 18:03:36.293]
[TELEMETRY] Motors: [2, 20, 0, 0] || Vision: CX:  0 CY:  0 W:  0 H:  0 Px:    0 || IMU: AX: -0.5 AY: -0.4 AZ: -9.0 TZ: -0.1 || Yaw Error:-28.7deg || Batt: 3.07V  LOW! || State: MANUAL   
[COMMAND] Mode: MANUAL                || Motors: [0, 20, 0, 0]
[LATENCY] Delta:  48.7ms | Avg:  41.6ms | Rate: 24.1 FPS | Queue: 0B

[2026-09-15 18:03:36.326]
[TELEMETRY] Motors: [3, 20, 0, 0] || Vision: CX:  0 CY:  0 W:  0 H:  0 Px:    0 || IMU: AX: -0.1 AY: -0.7 AZ: -8.8 TZ: -0.1 || Yaw Error:-28.7deg || Batt: 3.07V  LOW! || State: MANUAL   
[COMMAND] Mode: MANUAL                || Motors: [0, 20, 0, 0]
[LATENCY] Delta:  33.8ms | Avg:  41.2ms | Rate: 24.3 FPS | Queue: 0B

[2026-09-15 18:03:36.358]
[TELEMETRY] Motors: [2, 20, 0, 0] || Vision: CX:  0 CY:  0 W:  0 H:  0 Px:    0 || IMU: AX: -0.3 AY: -0.3 AZ: -8.5 TZ: -0.1 || Yaw Error:-28.7deg || Batt: 3.07V  LOW! || State: MANUAL   
[COMMAND] Mode: MANUAL                || Motors: [0, 20, 0, 0]
[LATENCY] Delta:  38.0ms | Avg:  40.8ms | Rate: 24.5 FPS | Queue: 0B

[2026-09-15 18:03:36.409]
[TELEMETRY] Motors: [2, 20, 0, 0] || Vision: CX:  0 CY:  0 W:  0 H:  0 Px:    0 || IMU: AX: -0.2 AY: -0.8 AZ: -8.5 TZ: -0.1 || Yaw Error:-28.7deg || Batt: 3.07V  LOW! || State: MANUAL   
[COMMAND] Mode: MANUAL                || Motors: [0, 20, 0, 0]
[LATENCY] Delta:  39.1ms | Avg:  40.9ms | Rate: 24.4 FPS | Queue: 0B

[2026-09-15 18:03:36.444]
[TELEMETRY] Motors: [1, 20, 0, 0] || Vision: CX:  0 CY:  0 W:  0 H:  0 Px:    0 || IMU: AX: -0.1 AY: -0.5 AZ: -8.4 TZ: -0.1 || Yaw Error:-28.7deg || Batt: 3.07V  LOW! || State: MANUAL   
[COMMAND] Mode: MANUAL                || Motors: [0, 20, 0, 50]
[LATENCY] Delta:  39.5ms | Avg:  40.9ms | Rate: 24.4 FPS | Queue: 0B

[2026-09-15 18:03:36.476]
[TELEMETRY] Motors: [1, 20, 0, 48] || Vision: CX:  0 CY:  0 W:  0 H:  0 Px:    0 || IMU: AX: -0.3 AY: -0.6 AZ: -8.8 TZ: -0.0 || Yaw Error:-28.7deg || Batt: 3.07V  LOW! || State: MANUAL   
[COMMAND] Mode: MANUAL                || Motors: [0, 20, 0, 50]
[LATENCY] Delta:  40.4ms | Avg:  40.9ms | Rate: 24.5 FPS | Queue: 0B

[2026-09-15 18:03:36.526]
[TELEMETRY] Motors: [0, 20, 0, 49] || Vision: CX:  0 CY:  0 W:  0 H:  0 Px:    0 || IMU: AX:  0.0 AY: -0.8 AZ: -8.6 TZ: -0.0 || Yaw Error:-28.7deg || Batt: 3.07V  LOW! || State: MANUAL   
[COMMAND] Mode: MANUAL                || Motors: [0, 20, 0, 50]
[LATENCY] Delta:  42.5ms | Avg:  40.8ms | Rate: 24.5 FPS | Queue: 0B

[2026-09-15 18:03:36.559]
[TELEMETRY] Motors: [0, 20, 0, 49] || Vision: CX:  0 CY:  0 W:  0 H:  0 Px:    0 || IMU: AX:  2.1 AY: -1.8 AZ: -8.0 TZ: -0.0 || Yaw Error:-28.7deg || Batt: 3.07V  LOW! || State: MANUAL   
[COMMAND] Mode: MANUAL                || Motors: [0, 20, 0, 50]
[LATENCY] Delta:  39.0ms | Avg:  40.7ms | Rate: 24.6 FPS | Queue: 0B

[2026-09-15 18:03:36.610]
[TELEMETRY] Motors: [1, 20, 0, 48] || Vision: CX:  0 CY:  0 W:  0 H:  0 Px:    0 || IMU: AX:  1.5 AY: -2.0 AZ: -7.4 TZ: -0.0 || Yaw Error:-28.7deg || Batt: 3.07V  LOW! || State: MANUAL   
[COMMAND] Mode: MANUAL                || Motors: [0, 20, 0, 50]
[LATENCY] Delta:  41.5ms | Avg:  40.6ms | Rate: 24.6 FPS | Queue: 0B

[2026-09-15 18:03:36.644]
[TELEMETRY] Motors: [1, 20, 0, 48] || Vision: CX:  0 CY:  0 W:  0 H:  0 Px:    0 || IMU: AX:  0.6 AY:  0.1 AZ: -7.6 TZ: -0.1 || Yaw Error:-28.7deg || Batt: 3.07V  LOW! || State: MANUAL   
[COMMAND] Mode: MANUAL                || Motors: [0, 20, 0, 50]
[LATENCY] Delta:  38.4ms | Avg:  40.8ms | Rate: 24.5 FPS | Queue: 0B

[2026-09-15 18:03:36.679]
[TELEMETRY] Motors: [0, 20, 0, 49] || Vision: CX:  0 CY:  0 W:  0 H:  0 Px:    0 || IMU: AX:  0.1 AY:  2.4 AZ: -9.2 TZ: -0.0 || Yaw Error:-28.7deg || Batt: 3.07V  LOW! || State: MANUAL   
[COMMAND] Mode: MANUAL                || Motors: [0, 20, 0, 50]
[LATENCY] Delta:  37.1ms | Avg:  40.5ms | Rate: 24.7 FPS | Queue: 0B

[2026-09-15 18:03:36.728]
[TELEMETRY] Motors: [1, 20, 0, 48] || Vision: CX:  0 CY:  0 W:  0 H:  0 Px:    0 || IMU: AX:  1.9 AY: -0.2 AZ: -8.5 TZ: -0.1 || Yaw Error:-28.7deg || Batt: 3.07V  LOW! || State: MANUAL   
[COMMAND] Mode: MANUAL                || Motors: [0, 20, 0, 50]
[LATENCY] Delta:  42.8ms | Avg:  40.2ms | Rate: 24.9 FPS | Queue: 0B

[2026-09-15 18:03:36.762]
[TELEMETRY] Motors: [2, 20, 0, 47] || Vision: CX:  0 CY:  0 W:  0 H:  0 Px:    0 || IMU: AX: -0.8 AY: -1.6 AZ: -9.1 TZ: -0.1 || Yaw Error:-28.7deg || Batt: 3.07V  LOW! || State: MANUAL   
[COMMAND] Mode: MANUAL                || Motors: [0, 20, 0, 50]
[LATENCY] Delta:  37.8ms | Avg:  40.1ms | Rate: 25.0 FPS | Queue: 0B

[2026-09-15 18:03:36.812]
[TELEMETRY] Motors: [2, 20, 0, 47] || Vision: CX:  0 CY:  0 W:  0 H:  0 Px:    0 || IMU: AX:  0.3 AY:  1.5 AZ: -8.6 TZ: -0.1 || Yaw Error:-28.7deg || Batt: 2.97V  LOW! || State: MANUAL   
[COMMAND] Mode: MANUAL                || Motors: [0, 20, 0, 50]
[LATENCY] Delta:  44.9ms | Avg:  40.1ms | Rate: 25.0 FPS | Queue: 0B

[2026-09-15 18:03:36.848]
[TELEMETRY] Motors: [3, 20, 0, 46] || Vision: CX:  0 CY:  0 W:  0 H:  0 Px:    0 || IMU: AX:  1.1 AY: -2.6 AZ: -8.7 TZ: -0.1 || Yaw Error:-28.7deg || Batt: 2.97V  LOW! || State: MANUAL   
[COMMAND] Mode: MANUAL                || Motors: [0, 20, 0, 50]
[LATENCY] Delta:  39.5ms | Avg:  40.2ms | Rate: 24.9 FPS | Queue: 0B

[2026-09-15 18:03:36.882]
[TELEMETRY] Motors: [3, 20, 0, 46] || Vision: CX:  0 CY:  0 W:  0 H:  0 Px:    0 || IMU: AX: -1.8 AY:  1.2 AZ: -9.0 TZ: -0.1 || Yaw Error:-28.7deg || Batt: 2.97V  LOW! || State: MANUAL   
[COMMAND] Mode: MANUAL                || Motors: [0, 20, 0, 50]
[LATENCY] Delta:  37.0ms | Avg:  39.8ms | Rate: 25.1 FPS | Queue: 0B

[2026-09-15 18:03:36.916]
[TELEMETRY] Motors: [3, 20, 0, 46] || Vision: CX:  0 CY:  0 W:  0 H:  0 Px:    0 || IMU: AX:  1.4 AY:  0.8 AZ: -8.6 TZ: -0.1 || Yaw Error:-28.7deg || Batt: 2.97V  LOW! || State: MANUAL   
[COMMAND] Mode: MANUAL                || Motors: [0, 20, 0, 50]
[LATENCY] Delta:  39.3ms | Avg:  39.8ms | Rate: 25.1 FPS | Queue: 0B

[2026-09-15 18:03:36.966]
[TELEMETRY] Motors: [3, 20, 0, 46] || Vision: CX:  0 CY:  0 W:  0 H:  0 Px:    0 || IMU: AX:  1.7 AY: -2.7 AZ: -8.5 TZ: -0.1 || Yaw Error:-28.7deg || Batt: 2.97V  LOW! || State: MANUAL   
[COMMAND] Mode: MANUAL                || Motors: [0, 20, 0, 50]
[LATENCY] Delta:  43.3ms | Avg:  40.0ms | Rate: 25.0 FPS | Queue: 0B

[2026-09-15 18:03:37.000]
[TELEMETRY] Motors: [2, 20, 0, 47] || Vision: CX:  0 CY:  0 W:  0 H:  0 Px:    0 || IMU: AX: -1.4 AY: -0.8 AZ: -9.1 TZ: -0.1 || Yaw Error:-28.7deg || Batt: 2.97V  LOW! || State: MANUAL   
[COMMAND] Mode: MANUAL                || Motors: [0, 20, 0, 50]
[LATENCY] Delta:  36.4ms | Avg:  40.1ms | Rate: 24.9 FPS | Queue: 0B

[2026-09-15 18:03:37.052]
[TELEMETRY] Motors: [2, 20, 0, 47] || Vision: CX:  0 CY:  0 W:  0 H:  0 Px:    0 || IMU: AX: -1.2 AY:  2.1 AZ: -8.9 TZ: -0.1 || Yaw Error:-28.7deg || Batt: 2.97V  LOW! || State: MANUAL   
[COMMAND] Mode: MANUAL                || Motors: [0, 20, 0, 50]
[LATENCY] Delta:  43.1ms | Avg:  40.3ms | Rate: 24.8 FPS | Queue: 0B

[2026-09-15 18:03:37.084]
[TELEMETRY] Motors: [2, 20, 0, 47] || Vision: CX:  0 CY:  0 W:  0 H:  0 Px:    0 || IMU: AX:  2.0 AY: -0.7 AZ: -8.5 TZ: -0.1 || Yaw Error:-28.7deg || Batt: 2.97V  LOW! || State: MANUAL   
[COMMAND] Mode: MANUAL                || Motors: [0, 20, 0, 50]
[LATENCY] Delta:  40.5ms | Avg:  40.2ms | Rate: 24.9 FPS | Queue: 0B

[2026-09-15 18:03:37.118]
[TELEMETRY] Motors: [2, 20, 0, 47] || Vision: CX:  0 CY:  0 W:  0 H:  0 Px:    0 || IMU: AX: -0.2 AY: -2.3 AZ: -9.0 TZ: -0.1 || Yaw Error:-28.7deg || Batt: 2.97V  LOW! || State: MANUAL   
[COMMAND] Mode: MANUAL                || Motors: [0, 20, 0, 50]
[LATENCY] Delta:  36.8ms | Avg:  40.3ms | Rate: 24.8 FPS | Queue: 0B

[2026-09-15 18:03:37.169]
[TELEMETRY] Motors: [1, 20, 0, 48] || Vision: CX:  0 CY:  0 W:  0 H:  0 Px:    0 || IMU: AX: -1.6 AY:  1.9 AZ: -8.8 TZ: -0.1 || Yaw Error:-28.7deg || Batt: 2.97V  LOW! || State: MANUAL   
[COMMAND] Mode: MANUAL                || Motors: [0, 20, 0, 50]
[LATENCY] Delta:  39.8ms | Avg:  40.2ms | Rate: 24.9 FPS | Queue: 0B

[2026-09-15 18:03:37.203]
[TELEMETRY] Motors: [1, 20, 0, 48] || Vision: CX:  0 CY:  0 W:  0 H:  0 Px:    0 || IMU: AX:  1.9 AY: -1.4 AZ: -8.5 TZ: -0.0 || Yaw Error:-28.7deg || Batt: 2.97V  LOW! || State: MANUAL   
[COMMAND] Mode: MANUAL                || Motors: [0, 20, 0, 50]
[LATENCY] Delta:  40.4ms | Avg:  40.3ms | Rate: 24.8 FPS | Queue: 0B

[2026-09-15 18:03:37.237]
[TELEMETRY] Motors: [1, 20, 0, 48] || Vision: CX:  0 CY:  0 W:  0 H:  0 Px:    0 || IMU: AX: -1.6 AY: -0.5 AZ: -9.1 TZ: -0.1 || Yaw Error:-28.7deg || Batt: 2.97V  LOW! || State: MANUAL   
[COMMAND] Mode: MANUAL                || Motors: [0, 20, 0, 50]
[LATENCY] Delta:  39.0ms | Avg:  40.3ms | Rate: 24.8 FPS | Queue: 0B

[2026-09-15 18:03:37.288]
[TELEMETRY] Motors: [0, 20, 0, 49] || Vision: CX:  0 CY:  0 W:  0 H:  0 Px:    0 || IMU: AX:  0.9 AY:  0.3 AZ: -8.5 TZ: -0.0 || Yaw Error:-28.7deg || Batt: 2.97V  LOW! || State: MANUAL   
[COMMAND] Mode: MANUAL                || Motors: [0, 20, 0, 50]
[LATENCY] Delta:  42.0ms | Avg:  40.4ms | Rate: 24.7 FPS | Queue: 0B

[2026-09-15 18:03:37.321]
[TELEMETRY] Motors: [0, 20, 0, 49] || Vision: CX:  0 CY:  0 W:  0 H:  0 Px:    0 || IMU: AX: -1.2 AY: -1.1 AZ: -9.2 TZ: -0.0 || Yaw Error:-28.7deg || Batt: 2.94V  LOW! || State: MANUAL   
[COMMAND] Mode: MANUAL                || Motors: [0, 20, 0, 50]
[LATENCY] Delta:  40.9ms | Avg:  40.6ms | Rate: 24.7 FPS | Queue: 0B

[2026-09-15 18:03:37.373]
[TELEMETRY] Motors: [0, 20, 0, 49] || Vision: CX:  0 CY:  0 W:  0 H:  0 Px:    0 || IMU: AX:  1.3 AY: -0.2 AZ: -8.5 TZ: -0.0 || Yaw Error:-28.7deg || Batt: 2.94V  LOW! || State: MANUAL   
[COMMAND] Mode: MANUAL                || Motors: [0, 20, 0, 0]
[LATENCY] Delta:  42.5ms | Avg:  40.7ms | Rate: 24.5 FPS | Queue: 0B

[2026-09-15 18:03:37.405]
[TELEMETRY] Motors: [0, 20, 0, 49] || Vision: CX:  0 CY:  0 W:  0 H:  0 Px:    0 || IMU: AX: -2.0 AY:  0.2 AZ: -9.0 TZ: -0.0 || Yaw Error:-28.7deg || Batt: 2.94V  LOW! || State: MANUAL   
[COMMAND] Mode: MANUAL                || Motors: [0, 20, 0, 0]
[LATENCY] Delta:  38.2ms | Avg:  40.6ms | Rate: 24.6 FPS | Queue: 0B

[2026-09-15 18:03:37.440]
[TELEMETRY] Motors: [0, 20, 0, 0] || Vision: CX:  0 CY:  0 W:  0 H:  0 Px:    0 || IMU: AX:  1.4 AY: -1.6 AZ: -8.5 TZ:  0.0 || Yaw Error:-28.7deg || Batt: 2.94V  LOW! || State: MANUAL   
[COMMAND] Mode: MANUAL                || Motors: [50, 20, 0, 50]
[LATENCY] Delta:  36.5ms | Avg:  40.6ms | Rate: 24.7 FPS | Queue: 0B

[2026-09-15 18:03:37.490]
[TELEMETRY] Motors: [48, 20, 0, 51] || Vision: CX:  0 CY:  0 W:  0 H:  0 Px:    0 || IMU: AX: -4.6 AY:  5.5 AZ:-11.0 TZ:  0.1 || Yaw Error:-28.7deg || Batt: 2.94V  LOW! || State: MANUAL   
[COMMAND] Mode: MANUAL                || Motors: [50, 20, 0, 50]
[LATENCY] Delta:  43.0ms | Avg:  40.6ms | Rate: 24.6 FPS | Queue: 0B

[2026-09-15 18:03:37.523]
[TELEMETRY] Motors: [47, 20, 0, 52] || Vision: CX:  0 CY:  0 W:  0 H:  0 Px:    0 || IMU: AX:  0.2 AY: -0.3 AZ:-10.2 TZ:  0.1 || Yaw Error:-28.7deg || Batt: 2.94V  LOW! || State: MANUAL   
[COMMAND] Mode: MANUAL                || Motors: [50, 20, 0, 50]
[LATENCY] Delta:  38.4ms | Avg:  40.7ms | Rate: 24.6 FPS | Queue: 0B

[2026-09-15 18:03:37.557]
[TELEMETRY] Motors: [48, 20, 0, 51] || Vision: CX:  0 CY:  0 W:  0 H:  0 Px:    0 || IMU: AX:  2.9 AY: -8.7 AZ: -6.3 TZ:  0.1 || Yaw Error:-28.7deg || Batt: 2.94V  LOW! || State: MANUAL   
[COMMAND] Mode: MANUAL                || Motors: [50, 20, 0, 50]
[LATENCY] Delta:  38.7ms | Avg:  40.5ms | Rate: 24.7 FPS | Queue: 0B

[2026-09-15 18:03:37.608]
[TELEMETRY] Motors: [47, 20, 0, 52] || Vision: CX:  0 CY:  0 W:  0 H:  0 Px:    0 || IMU: AX: -1.1 AY:  1.5 AZ: -9.5 TZ:  0.1 || Yaw Error:-28.7deg || Batt: 2.94V  LOW! || State: MANUAL   
[COMMAND] Mode: MANUAL                || Motors: [50, 20, 0, 50]
[LATENCY] Delta:  42.1ms | Avg:  40.5ms | Rate: 24.7 FPS | Queue: 0B

[2026-09-15 18:03:37.641]
[TELEMETRY] Motors: [48, 20, 0, 51] || Vision: CX:  0 CY:  0 W:  0 H:  0 Px:    0 || IMU: AX: -3.8 AY:  0.6 AZ: -8.3 TZ:  0.1 || Yaw Error:-28.7deg || Batt: 2.94V  LOW! || State: MANUAL   
[COMMAND] Mode: MANUAL                || Motors: [50, 20, 0, 50]
[LATENCY] Delta:  38.3ms | Avg:  40.1ms | Rate: 24.9 FPS | Queue: 0B

[2026-09-15 18:03:37.674]
[TELEMETRY] Motors: [48, 20, 0, 51] || Vision: CX:  0 CY:  0 W:  0 H:  0 Px:    0 || IMU: AX: -3.1 AY:  1.7 AZ: -8.3 TZ:  0.1 || Yaw Error:-28.7deg || Batt: 2.94V  LOW! || State: MANUAL   
[COMMAND] Mode: MANUAL                || Motors: [50, 20, 0, 50]
[LATENCY] Delta:  39.8ms | Avg:  39.8ms | Rate: 25.1 FPS | Queue: 0B

[2026-09-15 18:03:37.725]
[TELEMETRY] Motors: [47, 20, 0, 52] || Vision: CX:  0 CY:  0 W:  0 H:  0 Px:    0 || IMU: AX: -1.2 AY:  0.1 AZ: -8.7 TZ:  0.1 || Yaw Error:-28.7deg || Batt: 2.94V  LOW! || State: MANUAL   
[COMMAND] Mode: MANUAL                || Motors: [50, 20, 0, 50]
[LATENCY] Delta:  43.7ms | Avg:  39.6ms | Rate: 25.2 FPS | Queue: 0B

[2026-09-15 18:03:37.760]
[TELEMETRY] Motors: [47, 20, 0, 52] || Vision: CX:  0 CY:  0 W:  0 H:  0 Px:    0 || IMU: AX: -0.1 AY:  0.5 AZ: -7.8 TZ:  0.1 || Yaw Error:-28.7deg || Batt: 2.94V  LOW! || State: MANUAL   
[COMMAND] Mode: MANUAL                || Motors: [50, 20, 0, 50]
[LATENCY] Delta:  35.1ms | Avg:  39.3ms | Rate: 25.4 FPS | Queue: 0B

[2026-09-15 18:03:37.810]
[TELEMETRY] Motors: [47, 20, 0, 52] || Vision: CX:  0 CY:  0 W:  0 H:  0 Px:    0 || IMU: AX:  2.6 AY: -2.4 AZ: -9.5 TZ:  0.1 || Yaw Error:-28.7deg || Batt: 2.94V  LOW! || State: MANUAL   
[COMMAND] Mode: MANUAL                || Motors: [0, 20, 0, 0]
[LATENCY] Delta:  43.0ms | Avg:  39.1ms | Rate: 25.5 FPS | Queue: 0B

[2026-09-15 18:03:37.843]
[TELEMETRY] Motors: [0, 20, 0, 1] || Vision: CX:  0 CY:  0 W:  0 H:  0 Px:    0 || IMU: AX: -1.8 AY: -0.9 AZ: -9.1 TZ:  0.1 || Yaw Error:-28.7deg || Batt: 2.90V  LOW! || State: MANUAL   
[COMMAND] Mode: MANUAL                || Motors: [0, 20, 0, 0]
[LATENCY] Delta:  40.2ms | Avg:  39.2ms | Rate: 25.5 FPS | Queue: 0B

[2026-09-15 18:03:37.892]
[TELEMETRY] Motors: [0, 20, 0, 0] || Vision: CX:  0 CY:  0 W:  0 H:  0 Px:    0 || IMU: AX: -2.0 AY: -5.2 AZ: -6.3 TZ: -0.0 || Yaw Error:-28.7deg || Batt: 2.90V  LOW! || State: MANUAL   
[COMMAND] Mode: MANUAL                || Motors: [50, 20, 0, 0]
[LATENCY] Delta:  42.5ms | Avg:  39.3ms | Rate: 25.5 FPS | Queue: 0B

[2026-09-15 18:03:37.926]
[TELEMETRY] Motors: [48, 20, 0, 1] || Vision: CX:  0 CY:  0 W:  0 H:  0 Px:    0 || IMU: AX: -1.2 AY:  1.3 AZ: -9.7 TZ:  0.0 || Yaw Error:-28.7deg || Batt: 2.90V  LOW! || State: MANUAL   
[COMMAND] Mode: MANUAL                || Motors: [50, 20, 0, 0]
[LATENCY] Delta:  38.1ms | Avg:  39.4ms | Rate: 25.4 FPS | Queue: 0B

[2026-09-15 18:03:37.959]
[TELEMETRY] Motors: [49, 20, 0, 0] || Vision: CX:  0 CY:  0 W:  0 H:  0 Px:    0 || IMU: AX:  3.4 AY:  1.1 AZ: -7.9 TZ:  0.0 || Yaw Error:-28.7deg || Batt: 2.90V  LOW! || State: MANUAL   
[COMMAND] Mode: MANUAL                || Motors: [50, 20, 0, 0]
[LATENCY] Delta:  36.2ms | Avg:  39.5ms | Rate: 25.3 FPS | Queue: 0B

[2026-09-15 18:03:38.010]
[TELEMETRY] Motors: [49, 20, 0, 0] || Vision: CX:  0 CY:  0 W:  0 H:  0 Px:    0 || IMU: AX:  1.8 AY: -0.1 AZ: -9.6 TZ:  0.0 || Yaw Error:-28.7deg || Batt: 2.90V  LOW! || State: MANUAL   
[COMMAND] Mode: MANUAL                || Motors: [50, 20, 0, 0]
[LATENCY] Delta:  42.2ms | Avg:  39.7ms | Rate: 25.2 FPS | Queue: 0B

[2026-09-15 18:03:38.042]
[TELEMETRY] Motors: [50, 20, 0, 0] || Vision: CX:  0 CY:  0 W:  0 H:  0 Px:    0 || IMU: AX: -2.2 AY:  0.1 AZ: -7.9 TZ: -0.0 || Yaw Error:-28.7deg || Batt: 2.90V  LOW! || State: MANUAL   
[COMMAND] Mode: MANUAL                || Motors: [50, 20, 0, 0]
[LATENCY] Delta:  38.6ms | Avg:  39.7ms | Rate: 25.2 FPS | Queue: 0B

[2026-09-15 18:03:38.078]
[TELEMETRY] Motors: [51, 20, 0, 0] || Vision: CX:  0 CY:  0 W:  0 H:  0 Px:    0 || IMU: AX: -1.7 AY: -0.5 AZ: -7.6 TZ: -0.1 || Yaw Error:-28.7deg || Batt: 2.90V  LOW! || State: MANUAL   
[COMMAND] Mode: MANUAL                || Motors: [50, 20, 0, 0]
[LATENCY] Delta:  39.6ms | Avg:  39.8ms | Rate: 25.1 FPS | Queue: 0B

[2026-09-15 18:03:38.129]
[TELEMETRY] Motors: [50, 20, 0, 0] || Vision: CX:  0 CY:  0 W:  0 H:  0 Px:    0 || IMU: AX:  0.8 AY: -1.1 AZ: -9.5 TZ: -0.0 || Yaw Error:-28.7deg || Batt: 2.90V  LOW! || State: MANUAL   
[COMMAND] Mode: MANUAL                || Motors: [50, 20, 0, 0]
[LATENCY] Delta:  40.9ms | Avg:  39.5ms | Rate: 25.3 FPS | Queue: 0B

[2026-09-15 18:03:38.164]
[TELEMETRY] Motors: [51, 20, 0, 0] || Vision: CX:  0 CY:  0 W:  0 H:  0 Px:    0 || IMU: AX: -1.4 AY: -0.5 AZ: -7.5 TZ: -0.1 || Yaw Error:-28.7deg || Batt: 2.90V  LOW! || State: MANUAL   
[COMMAND] Mode: MANUAL                || Motors: [50, 20, 0, 0]
[LATENCY] Delta:  39.3ms | Avg:  39.6ms | Rate: 25.2 FPS | Queue: 0B

[2026-09-15 18:03:38.197]
[TELEMETRY] Motors: [50, 20, 0, 0] || Vision: CX:  0 CY:  0 W:  0 H:  0 Px:    0 || IMU: AX:  1.5 AY: -0.1 AZ: -9.2 TZ: -0.0 || Yaw Error:-28.7deg || Batt: 2.90V  LOW! || State: MANUAL   
[COMMAND] Mode: MANUAL                || Motors: [50, 20, 0, 0]
[LATENCY] Delta:  39.4ms | Avg:  39.7ms | Rate: 25.2 FPS | Queue: 0B

[2026-09-15 18:03:38.249]
[TELEMETRY] Motors: [49, 20, 0, 0] || Vision: CX:  0 CY:  0 W:  0 H:  0 Px:    0 || IMU: AX:  0.6 AY: -0.8 AZ: -9.3 TZ:  0.0 || Yaw Error:-28.7deg || Batt: 2.90V  LOW! || State: MANUAL   
[COMMAND] Mode: MANUAL                || Motors: [50, 20, 0, 0]
[LATENCY] Delta:  45.9ms | Avg:  39.8ms | Rate: 25.1 FPS | Queue: 0B

[2026-09-15 18:03:38.284]
[TELEMETRY] Motors: [50, 20, 0, 0] || Vision: CX:  0 CY:  0 W:  0 H:  0 Px:    0 || IMU: AX: -1.9 AY: -0.9 AZ: -7.8 TZ: -0.0 || Yaw Error:-28.7deg || Batt: 2.90V  LOW! || State: MANUAL   
[COMMAND] Mode: MANUAL                || Motors: [50, 20, 0, 0]
[LATENCY] Delta:  35.5ms | Avg:  39.6ms | Rate: 25.3 FPS | Queue: 0B

[2026-09-15 18:03:38.316]
[TELEMETRY] Motors: [48, 20, 0, 1] || Vision: CX:  0 CY:  0 W:  0 H:  0 Px:    0 || IMU: AX:  0.6 AY:  0.2 AZ: -9.1 TZ:  0.0 || Yaw Error:-28.7deg || Batt: 2.90V  LOW! || State: MANUAL   
[COMMAND] Mode: MANUAL                || Motors: [50, 20, 0, 0]
[LATENCY] Delta:  38.5ms | Avg:  39.5ms | Rate: 25.3 FPS | Queue: 0B

[2026-09-15 18:03:38.366]
[TELEMETRY] Motors: [48, 20, 0, 1] || Vision: CX:  0 CY:  0 W:  0 H:  0 Px:    0 || IMU: AX: -1.9 AY: -0.8 AZ: -7.9 TZ:  0.1 || Yaw Error:-28.7deg || Batt: 2.92V  LOW! || State: MANUAL   
[COMMAND] Mode: MANUAL                || Motors: [50, 20, 0, 0]
[LATENCY] Delta:  44.6ms | Avg:  39.3ms | Rate: 25.4 FPS | Queue: 0B

[2026-09-15 18:03:38.401]
[TELEMETRY] Motors: [48, 20, 0, 1] || Vision: CX:  0 CY:  0 W:  0 H:  0 Px:    0 || IMU: AX: -1.7 AY: -0.4 AZ: -7.8 TZ:  0.1 || Yaw Error:-28.7deg || Batt: 2.92V  LOW! || State: MANUAL   
[COMMAND] Mode: MANUAL                || Motors: [50, 20, 0, 0]
[LATENCY] Delta:  37.2ms | Avg:  39.5ms | Rate: 25.3 FPS | Queue: 0B

[2026-09-15 18:03:38.451]
[TELEMETRY] Motors: [47, 20, 0, 2] || Vision: CX:  0 CY:  0 W:  0 H:  0 Px:    0 || IMU: AX:  1.5 AY: -0.2 AZ: -9.9 TZ:  0.1 || Yaw Error:-28.7deg || Batt: 2.92V  LOW! || State: MANUAL   
[COMMAND] Mode: MANUAL                || Motors: [50, 20, 0, 0]
[LATENCY] Delta:  44.2ms | Avg:  39.7ms | Rate: 25.2 FPS | Queue: 0B

[2026-09-15 18:03:38.485]
[TELEMETRY] Motors: [47, 20, 0, 2] || Vision: CX:  0 CY:  0 W:  0 H:  0 Px:    0 || IMU: AX: -2.0 AY: -0.6 AZ: -7.5 TZ:  0.1 || Yaw Error:-28.7deg || Batt: 2.92V  LOW! || State: MANUAL   
[COMMAND] Mode: MANUAL                || Motors: [0, 20, 0, 0]
[LATENCY] Delta:  38.6ms | Avg:  39.5ms | Rate: 25.3 FPS | Queue: 0B

[2026-09-15 18:03:38.518]
[TELEMETRY] Motors: [46, 20, 0, 3] || Vision: CX:  0 CY:  0 W:  0 H:  0 Px:    0 || IMU: AX:  1.6 AY: -0.5 AZ: -9.9 TZ:  0.1 || Yaw Error:-28.7deg || Batt: 2.92V  LOW! || State: MANUAL   
[COMMAND] Mode: MANUAL                || Motors: [0, 20, 0, 0]
[LATENCY] Delta:  37.1ms | Avg:  39.7ms | Rate: 25.2 FPS | Queue: 0B

[2026-09-15 18:03:38.566]
[TELEMETRY] Motors: [0, 20, 0, 2] || Vision: CX:  0 CY:  0 W:  0 H:  0 Px:    0 || IMU: AX: -0.8 AY: -0.0 AZ: -8.2 TZ:  0.1 || Yaw Error:-28.7deg || Batt: 2.92V  LOW! || State: MANUAL   
[COMMAND] Mode: MANUAL                || Motors: [0, 20, 0, 0]
[LATENCY] Delta:  38.8ms | Avg:  39.7ms | Rate: 25.2 FPS | Queue: 0B

[2026-09-15 18:03:38.601]
[TELEMETRY] Motors: [0, 20, 0, 0] || Vision: CX:  0 CY:  0 W:  0 H:  0 Px:    0 || IMU: AX:  0.7 AY:  1.6 AZ: -8.3 TZ:  0.0 || Yaw Error:-28.7deg || Batt: 2.92V  LOW! || State: MANUAL   
[COMMAND] Mode: MANUAL                || Motors: [50, 20, 0, 50]
[LATENCY] Delta:  39.1ms | Avg:  39.5ms | Rate: 25.3 FPS | Queue: 0B

[2026-09-15 18:03:38.650]
[TELEMETRY] Motors: [47, 20, 0, 52] || Vision: CX:  0 CY:  0 W:  0 H:  0 Px:    0 || IMU: AX:  0.8 AY: -1.0 AZ: -8.0 TZ:  0.1 || Yaw Error:-28.7deg || Batt: 2.92V  LOW! || State: MANUAL   
[COMMAND] Mode: MANUAL                || Motors: [50, 20, 0, 50]
[LATENCY] Delta:  43.5ms | Avg:  39.5ms | Rate: 25.3 FPS | Queue: 0B

[2026-09-15 18:03:38.685]
[TELEMETRY] Motors: [48, 20, 0, 51] || Vision: CX:  0 CY:  0 W:  0 H:  0 Px:    0 || IMU: AX:  3.0 AY:  2.2 AZ: -8.2 TZ:  0.1 || Yaw Error:-28.7deg || Batt: 2.92V  LOW! || State: MANUAL   
[COMMAND] Mode: MANUAL                || Motors: [50, 20, 0, 50]
[LATENCY] Delta:  40.8ms | Avg:  39.5ms | Rate: 25.3 FPS | Queue: 0B

[2026-09-15 18:03:38.718]
[TELEMETRY] Motors: [49, 20, 0, 50] || Vision: CX:  0 CY:  0 W:  0 H:  0 Px:    0 || IMU: AX: -3.7 AY: -2.4 AZ: -8.3 TZ:  0.0 || Yaw Error:-28.7deg || Batt: 2.92V  LOW! || State: MANUAL   
[COMMAND] Mode: MANUAL                || Motors: [50, 20, 0, 50]
[LATENCY] Delta:  39.1ms | Avg:  39.4ms | Rate: 25.4 FPS | Queue: 0B

[2026-09-15 18:03:38.769]
[TELEMETRY] Motors: [50, 20, 0, 49] || Vision: CX:  0 CY:  0 W:  0 H:  0 Px:    0 || IMU: AX:  1.1 AY: -2.6 AZ: -7.5 TZ: -0.0 || Yaw Error:-28.7deg || Batt: 2.92V  LOW! || State: MANUAL   
[COMMAND] Mode: MANUAL                || Motors: [50, 20, 0, 50]
[LATENCY] Delta:  40.4ms | Avg:  39.6ms | Rate: 25.3 FPS | Queue: 0B

[2026-09-15 18:03:38.803]
[TELEMETRY] Motors: [50, 20, 0, 49] || Vision: CX:  0 CY:  0 W:  0 H:  0 Px:    0 || IMU: AX:  2.9 AY: -6.2 AZ: -6.7 TZ: -0.0 || Yaw Error:-28.7deg || Batt: 2.92V  LOW! || State: MANUAL   
[COMMAND] Mode: MANUAL                || Motors: [50, 20, 0, 50]
[LATENCY] Delta:  38.9ms | Avg:  39.5ms | Rate: 25.3 FPS | Queue: 0B

[2026-09-15 18:03:38.838]
[TELEMETRY] Motors: [51, 20, 0, 48] || Vision: CX:  0 CY:  0 W:  0 H:  0 Px:    0 || IMU: AX: -0.9 AY: -1.2 AZ: -9.3 TZ: -0.1 || Yaw Error:-28.7deg || Batt: 2.92V  LOW! || State: MANUAL   
[COMMAND] Mode: MANUAL                || Motors: [50, 20, 0, 50]
[LATENCY] Delta:  37.0ms | Avg:  39.6ms | Rate: 25.2 FPS | Queue: 0B

[2026-09-15 18:03:38.891]
[TELEMETRY] Motors: [51, 20, 0, 48] || Vision: CX:  0 CY:  0 W:  0 H:  0 Px:    0 || IMU: AX: -1.4 AY:  0.1 AZ: -7.2 TZ: -0.1 || Yaw Error:-28.7deg || Batt: 2.82V  LOW! || State: MANUAL   
[COMMAND] Mode: MANUAL                || Motors: [50, 20, 0, 50]
[LATENCY] Delta:  50.7ms | Avg:  39.8ms | Rate: 25.1 FPS | Queue: 0B

[2026-09-15 18:03:38.925]
[TELEMETRY] Motors: [52, 20, 0, 47] || Vision: CX:  0 CY:  0 W:  0 H:  0 Px:    0 || IMU: AX:  0.0 AY: -3.0 AZ: -7.6 TZ: -0.1 || Yaw Error:-28.7deg || Batt: 2.82V  LOW! || State: MANUAL   
[COMMAND] Mode: MANUAL                || Motors: [0, 20, 0, 0]
[LATENCY] Delta:  32.8ms | Avg:  39.7ms | Rate: 25.2 FPS | Queue: 0B

[2026-09-15 18:03:38.958]
[TELEMETRY] Motors: [51, 20, 0, 48] || Vision: CX:  0 CY:  0 W:  0 H:  0 Px:    0 || IMU: AX:  1.7 AY: -4.3 AZ: -9.0 TZ: -0.1 || Yaw Error:-28.7deg || Batt: 2.82V  LOW! || State: MANUAL   
[COMMAND] Mode: MANUAL                || Motors: [0, 20, 0, 0]
[LATENCY] Delta:  37.2ms | Avg:  39.9ms | Rate: 25.1 FPS | Queue: 0B

[2026-09-15 18:03:39.009]
[TELEMETRY] Motors: [0, 20, 0, 0] || Vision: CX:  0 CY:  0 W:  0 H:  0 Px:    0 || IMU: AX:  2.1 AY: -0.2 AZ: -8.9 TZ: -0.0 || Yaw Error:-28.7deg || Batt: 2.82V  LOW! || State: MANUAL   
[COMMAND] Mode: MANUAL                || Motors: [0, 20, 0, 0]
[LATENCY] Delta:  42.3ms | Avg:  40.1ms | Rate: 25.0 FPS | Queue: 0B

[2026-09-15 18:03:39.041]
[TELEMETRY] Motors: [2, 20, 0, 0] || Vision: CX:  0 CY:  0 W:  0 H:  0 Px:    0 || IMU: AX: -1.0 AY: -2.2 AZ: -6.7 TZ: -0.1 || Yaw Error:-28.7deg || Batt: 2.82V  LOW! || State: MANUAL   
[COMMAND] Mode: MANUAL                || Motors: [0, 20, 0, 0]
[LATENCY] Delta:  39.5ms | Avg:  40.2ms | Rate: 24.9 FPS | Queue: 0B

[2026-09-15 18:03:39.076]
[TELEMETRY] Motors: [0, 20, 0, 0] || Vision: CX:  0 CY:  0 W:  0 H:  0 Px:    0 || IMU: AX:  0.5 AY:  0.7 AZ: -7.9 TZ: -0.0 || Yaw Error:-28.7deg || Batt: 2.82V  LOW! || State: MANUAL   
[COMMAND] Mode: MANUAL                || Motors: [0, 20, 0, 0]
[LATENCY] Delta:  38.0ms | Avg:  40.3ms | Rate: 24.8 FPS | Queue: 0B

[2026-09-15 18:03:39.128]
[TELEMETRY] Motors: [0, 20, 0, 0] || Vision: CX:  0 CY:  0 W:  0 H:  0 Px:    0 || IMU: AX: -0.5 AY: -1.0 AZ: -8.4 TZ:  0.0 || Yaw Error:-28.7deg || Batt: 2.82V  LOW! || State: MANUAL   
[COMMAND] Mode: MANUAL                || Motors: [0, 20, 0, 0]
[LATENCY] Delta:  41.9ms | Avg:  40.4ms | Rate: 24.8 FPS | Queue: 0B

[2026-09-15 18:03:39.162]
[TELEMETRY] Motors: [0, 20, 0, 0] || Vision: CX:  0 CY:  0 W:  0 H:  0 Px:    0 || IMU: AX: -0.2 AY: -0.6 AZ: -8.8 TZ: -0.0 || Yaw Error:-28.7deg || Batt: 2.82V  LOW! || State: MANUAL   
[COMMAND] Mode: MANUAL                || Motors: [0, 20, 0, 0]
[LATENCY] Delta:  37.8ms | Avg:  40.5ms | Rate: 24.7 FPS | Queue: 0B

[2026-09-15 18:03:39.198]
[TELEMETRY] Motors: [0, 20, 0, 0] || Vision: CX:  0 CY:  0 W:  0 H:  0 Px:    0 || IMU: AX: -0.5 AY: -0.8 AZ: -8.8 TZ: -0.0 || Yaw Error:-28.7deg || Batt: 2.82V  LOW! || State: MANUAL   
[COMMAND] Mode: MANUAL                || Motors: [0, 20, 0, 0]
[LATENCY] Delta:  42.1ms | Avg:  40.6ms | Rate: 24.6 FPS | Queue: 0B

[2026-09-15 18:03:39.247]
[TELEMETRY] Motors: [0, 20, 0, 0] || Vision: CX:  0 CY:  0 W:  0 H:  0 Px:    0 || IMU: AX: -0.3 AY: -0.3 AZ: -8.7 TZ:  0.0 || Yaw Error:-28.7deg || Batt: 2.82V  LOW! || State: MANUAL   
[COMMAND] Mode: MANUAL                || Motors: [0, 20, 0, 0]
[LATENCY] Delta:  39.2ms | Avg:  40.7ms | Rate: 24.6 FPS | Queue: 0B

[2026-09-15 18:03:39.278]
[TELEMETRY] Motors: [0, 20, 0, 0] || Vision: CX:  0 CY:  0 W:  0 H:  0 Px:    0 || IMU: AX: -0.1 AY: -0.1 AZ: -8.2 TZ:  0.0 || Yaw Error:-28.7deg || Batt: 2.82V  LOW! || State: MANUAL   
[COMMAND] Mode: MANUAL                || Motors: [0, 20, 0, 0]
[LATENCY] Delta:  38.6ms | Avg:  40.8ms | Rate: 24.5 FPS | Queue: 0B

[2026-09-15 18:03:39.328]
[TELEMETRY] Motors: [0, 20, 0, 0] || Vision: CX:  0 CY:  0 W:  0 H:  0 Px:    0 || IMU: AX:  0.1 AY: -0.6 AZ: -9.1 TZ:  0.0 || Yaw Error:-28.7deg || Batt: 2.82V  LOW! || State: MANUAL   
[COMMAND] Mode: MANUAL                || Motors: [0, 20, 0, 0]
[LATENCY] Delta:  43.1ms | Avg:  40.9ms | Rate: 24.4 FPS | Queue: 0B

[2026-09-15 18:03:39.362]
[TELEMETRY] Motors: [0, 20, 0, 0] || Vision: CX:  0 CY:  0 W:  0 H:  0 Px:    0 || IMU: AX:  0.1 AY: -0.2 AZ: -8.9 TZ: -0.0 || Yaw Error:-28.7deg || Batt: 2.82V  LOW! || State: MANUAL   
[COMMAND] Mode: MANUAL                || Motors: [0, 20, 0, 0]
[LATENCY] Delta:  38.3ms | Avg:  41.0ms | Rate: 24.4 FPS | Queue: 0B

[2026-09-15 18:03:39.396]
[TELEMETRY] Motors: [0, 20, 0, 0] || Vision: CX:  0 CY:  0 W:  0 H:  0 Px:    0 || IMU: AX:  0.2 AY: -0.4 AZ: -9.1 TZ:  0.0 || Yaw Error:-28.7deg || Batt: 3.04V  LOW! || State: MANUAL   
[COMMAND] Mode: MANUAL                || Motors: [0, 20, 0, 0]
[LATENCY] Delta:  41.2ms | Avg:  41.1ms | Rate: 24.3 FPS | Queue: 0B

[2026-09-15 18:03:39.447]
[TELEMETRY] Motors: [0, 20, 0, 0] || Vision: CX:  0 CY:  0 W:  0 H:  0 Px:    0 || IMU: AX: -0.1 AY: -0.5 AZ: -8.8 TZ:  0.0 || Yaw Error:-28.7deg || Batt: 3.04V  LOW! || State: MANUAL   
[COMMAND] Mode: MANUAL                || Motors: [0, 70, 0, 0]
[LATENCY] Delta:  38.0ms | Avg:  41.3ms | Rate: 24.2 FPS | Queue: 0B

[2026-09-15 18:03:39.479]
[TELEMETRY] Motors: [0, 20, 0, 0] || Vision: CX:  0 CY:  0 W:  0 H:  0 Px:    0 || IMU: AX: -0.2 AY: -0.6 AZ: -8.4 TZ:  0.0 || Yaw Error:-28.7deg || Batt: 3.04V  LOW! || State: MANUAL   
[COMMAND] Mode: MANUAL                || Motors: [0, 70, 0, 0]
[LATENCY] Delta:  39.2ms | Avg:  41.3ms | Rate: 24.2 FPS | Queue: 0B

[2026-09-15 18:03:39.531]
[TELEMETRY] Motors: [0, 70, 0, 0] || Vision: CX:  0 CY:  0 W:  0 H:  0 Px:    0 || IMU: AX: -0.3 AY: -0.5 AZ: -8.4 TZ:  0.0 || Yaw Error:-28.7deg || Batt: 3.04V  LOW! || State: MANUAL   
[COMMAND] Mode: MANUAL                || Motors: [0, 70, 0, 0]
[LATENCY] Delta:  44.5ms | Avg:  41.5ms | Rate: 24.1 FPS | Queue: 0B

[2026-09-15 18:03:39.564]
[TELEMETRY] Motors: [0, 70, 0, 0] || Vision: CX:  0 CY:  0 W:  0 H:  0 Px:    0 || IMU: AX: -0.2 AY: -0.5 AZ: -8.8 TZ:  0.0 || Yaw Error:-28.7deg || Batt: 3.04V  LOW! || State: MANUAL   
[COMMAND] Mode: MANUAL                || Motors: [0, 70, 0, 0]
[LATENCY] Delta:  43.1ms | Avg:  41.5ms | Rate: 24.1 FPS | Queue: 0B

[2026-09-15 18:03:39.599]
[TELEMETRY] Motors: [0, 70, 0, 0] || Vision: CX:  0 CY:  0 W:  0 H:  0 Px:    0 || IMU: AX: -0.2 AY: -0.5 AZ: -8.9 TZ:  0.0 || Yaw Error:-28.7deg || Batt: 3.04V  LOW! || State: MANUAL   
[COMMAND] Mode: MANUAL                || Motors: [0, 20, 0, 0]
[LATENCY] Delta:  32.5ms | Avg:  41.7ms | Rate: 24.0 FPS | Queue: 0B

[2026-09-15 18:03:39.648]
[TELEMETRY] Motors: [0, 70, 0, 0] || Vision: CX:  0 CY:  0 W:  0 H:  0 Px:    0 || IMU: AX: -0.1 AY: -0.4 AZ: -8.9 TZ:  0.0 || Yaw Error:-28.7deg || Batt: 3.04V  LOW! || State: MANUAL   
[COMMAND] Mode: MANUAL                || Motors: [0, 20, 0, 0]
[LATENCY] Delta:  42.4ms | Avg:  41.9ms | Rate: 23.9 FPS | Queue: 0B

[2026-09-15 18:03:39.682]
[TELEMETRY] Motors: [0, 20, 0, 0] || Vision: CX:  0 CY:  0 W:  0 H:  0 Px:    0 || IMU: AX: -0.0 AY: -0.4 AZ: -8.7 TZ:  0.0 || Yaw Error:-28.7deg || Batt: 3.04V  LOW! || State: MANUAL   
[COMMAND] Mode: MANUAL                || Motors: [0, 20, 0, 0]
[LATENCY] Delta:  39.5ms | Avg:  42.0ms | Rate: 23.8 FPS | Queue: 0B

[2026-09-15 18:03:39.717]
[TELEMETRY] Motors: [0, 20, 0, 0] || Vision: CX:  0 CY:  0 W:  0 H:  0 Px:    0 || IMU: AX: -0.1 AY: -0.6 AZ: -8.7 TZ:  0.0 || Yaw Error:-28.7deg || Batt: 3.04V  LOW! || State: MANUAL   
[COMMAND] Mode: MANUAL                || Motors: [0, 70, 0, 0]
[LATENCY] Delta:  39.1ms | Avg:  42.2ms | Rate: 23.7 FPS | Queue: 0B

[2026-09-15 18:03:39.766]
[TELEMETRY] Motors: [0, 70, 0, 0] || Vision: CX:  0 CY:  0 W:  0 H:  0 Px:    0 || IMU: AX: -0.0 AY: -0.7 AZ: -8.7 TZ:  0.0 || Yaw Error:-28.7deg || Batt: 3.04V  LOW! || State: MANUAL   
[COMMAND] Mode: MANUAL                || Motors: [0, 70, 0, 0]
[LATENCY] Delta:  39.1ms | Avg:  42.3ms | Rate: 23.6 FPS | Queue: 0B

[2026-09-15 18:03:39.801]
[TELEMETRY] Motors: [0, 70, 0, 0] || Vision: CX:  0 CY:  0 W:  0 H:  0 Px:    0 || IMU: AX: -0.1 AY: -0.6 AZ: -8.8 TZ:  0.0 || Yaw Error:-28.7deg || Batt: 3.04V  LOW! || State: MANUAL   
[COMMAND] Mode: MANUAL                || Motors: [0, 70, 0, 0]
[LATENCY] Delta:  41.5ms | Avg:  42.5ms | Rate: 23.5 FPS | Queue: 0B

[2026-09-15 18:03:39.837]
[TELEMETRY] Motors: [0, 70, 0, 1] || Vision: CX:  0 CY:  0 W:  0 H:  0 Px:    0 || IMU: AX: -0.2 AY: -0.6 AZ: -8.6 TZ:  0.0 || Yaw Error:-28.7deg || Batt: 3.04V  LOW! || State: MANUAL   
[COMMAND] Mode: MANUAL                || Motors: [0, 20, 0, 0]
[LATENCY] Delta:  39.1ms | Avg:  42.6ms | Rate: 23.5 FPS | Queue: 0B

[2026-09-15 18:03:39.887]
[TELEMETRY] Motors: [0, 20, 0, 0] || Vision: CX:  0 CY:  0 W:  0 H:  0 Px:    0 || IMU: AX: -0.1 AY: -0.6 AZ: -8.6 TZ:  0.0 || Yaw Error:-28.7deg || Batt: 3.04V  LOW! || State: MANUAL   
[COMMAND] Mode: MANUAL                || Motors: [0, 20, 0, 0]
[LATENCY] Delta:  41.4ms | Avg:  42.8ms | Rate: 23.4 FPS | Queue: 0B

[2026-09-15 18:03:39.921]
[TELEMETRY] Motors: [0, 20, 0, 0] || Vision: CX:  0 CY:  0 W:  0 H:  0 Px:    0 || IMU: AX:  0.1 AY: -0.5 AZ: -8.8 TZ:  0.0 || Yaw Error:-28.7deg || Batt: 3.07V  LOW! || State: MANUAL   
[COMMAND] Mode: MANUAL                || Motors: [0, 20, 0, 0]
[LATENCY] Delta:  39.6ms | Avg:  42.9ms | Rate: 23.3 FPS | Queue: 0B

[2026-09-15 18:03:39.956]
[TELEMETRY] Motors: [0, 20, 0, 0] || Vision: CX:  0 CY:  0 W:  0 H:  0 Px:    0 || IMU: AX:  0.2 AY: -0.3 AZ: -8.8 TZ:  0.0 || Yaw Error:-28.7deg || Batt: 3.07V  LOW! || State: MANUAL   
[COMMAND] Mode: MANUAL                || Motors: [0, 20, 50, 0]
[LATENCY] Delta:  38.8ms | Avg:  43.1ms | Rate: 23.2 FPS | Queue: 0B

[2026-09-15 18:03:40.006]
[TELEMETRY] Motors: [0, 20, 0, 0] || Vision: CX:  0 CY:  0 W:  0 H:  0 Px:    0 || IMU: AX:  0.1 AY: -0.5 AZ: -8.8 TZ: -0.0 || Yaw Error:-28.7deg || Batt: 3.07V  LOW! || State: MANUAL   
[COMMAND] Mode: MANUAL                || Motors: [0, 20, 50, 0]
[LATENCY] Delta:  44.2ms | Avg:  43.3ms | Rate: 23.1 FPS | Queue: 0B

[2026-09-15 18:03:40.042]
[TELEMETRY] Motors: [0, 20, 50, 0] || Vision: CX:  0 CY:  0 W:  0 H:  0 Px:    0 || IMU: AX: -0.0 AY: -0.5 AZ: -8.6 TZ:  0.0 || Yaw Error:-28.7deg || Batt: 3.07V  LOW! || State: MANUAL   
[COMMAND] Mode: MANUAL                || Motors: [0, 20, 50, 0]
[LATENCY] Delta:  35.8ms | Avg:  43.4ms | Rate: 23.1 FPS | Queue: 0B

[2026-09-15 18:03:40.090]
[TELEMETRY] Motors: [0, 20, 50, 0] || Vision: CX:  0 CY:  0 W:  0 H:  0 Px:    0 || IMU: AX: -0.8 AY: -0.5 AZ: -9.0 TZ: -0.0 || Yaw Error:-28.7deg || Batt: 3.07V  LOW! || State: MANUAL   
[COMMAND] Mode: MANUAL                || Motors: [0, 20, 50, 0]
[LATENCY] Delta:  43.8ms | Avg:  43.5ms | Rate: 23.0 FPS | Queue: 0B

[2026-09-15 18:03:40.127]
[TELEMETRY] Motors: [0, 20, 50, 0] || Vision: CX:  0 CY:  0 W:  0 H:  0 Px:    0 || IMU: AX: -0.2 AY: -0.7 AZ: -9.1 TZ: -0.0 || Yaw Error:-28.7deg || Batt: 3.07V  LOW! || State: MANUAL   
[COMMAND] Mode: MANUAL                || Motors: [0, 20, 0, 0]
[LATENCY] Delta:  42.2ms | Avg:  43.7ms | Rate: 22.9 FPS | Queue: 0B

[2026-09-15 18:03:40.161]
[TELEMETRY] Motors: [1, 20, 0, 0] || Vision: CX:  0 CY:  0 W:  0 H:  0 Px:    0 || IMU: AX:  0.4 AY: -0.1 AZ: -8.7 TZ: -0.0 || Yaw Error:-28.7deg || Batt: 3.07V  LOW! || State: MANUAL   
[COMMAND] Mode: MANUAL                || Motors: [0, 20, 0, 0]
[LATENCY] Delta:  34.5ms | Avg:  43.9ms | Rate: 22.8 FPS | Queue: 0B

[2026-09-15 18:03:40.195]
[TELEMETRY] Motors: [0, 20, 0, 0] || Vision: CX:  0 CY:  0 W:  0 H:  0 Px:    0 || IMU: AX: -0.0 AY: -0.5 AZ: -8.6 TZ: -0.0 || Yaw Error:-28.7deg || Batt: 3.07V  LOW! || State: MANUAL   
[COMMAND] Mode: MANUAL                || Motors: [0, 20, 0, 0]
[LATENCY] Delta:  39.6ms | Avg:  44.0ms | Rate: 22.7 FPS | Queue: 0B

[2026-09-15 18:03:40.245]
[TELEMETRY] Motors: [0, 20, 0, 0] || Vision: CX:  0 CY:  0 W:  0 H:  0 Px:    0 || IMU: AX:  0.3 AY: -0.4 AZ: -9.0 TZ: -0.0 || Yaw Error:-28.7deg || Batt: 3.07V  LOW! || State: MANUAL   
[COMMAND] Mode: MANUAL                || Motors: [0, 20, 0, 0]
[LATENCY] Delta:  42.3ms | Avg:  44.1ms | Rate: 22.7 FPS | Queue: 0B

[2026-09-15 18:03:40.277]
[TELEMETRY] Motors: [0, 20, 0, 0] || Vision: CX:  0 CY:  0 W:  0 H:  0 Px:    0 || IMU: AX: -0.1 AY: -1.1 AZ: -8.8 TZ: -0.0 || Yaw Error:-28.7deg || Batt: 3.07V  LOW! || State: MANUAL   
[COMMAND] Mode: MANUAL                || Motors: [0, 20, 0, 0]
[LATENCY] Delta:  37.3ms | Avg:  44.2ms | Rate: 22.6 FPS | Queue: 0B

[2026-09-15 18:03:40.328]
[TELEMETRY] Motors: [1, 20, 0, 0] || Vision: CX:  0 CY:  0 W:  0 H:  0 Px:    0 || IMU: AX:  0.2 AY: -0.3 AZ: -8.8 TZ: -0.0 || Yaw Error:-28.7deg || Batt: 3.07V  LOW! || State: MANUAL   
[COMMAND] Mode: MANUAL                || Motors: [0, 20, 0, 0]
[LATENCY] Delta:  40.5ms | Avg:  44.3ms | Rate: 22.5 FPS | Queue: 0B

[2026-09-15 18:03:40.360]
[TELEMETRY] Motors: [1, 20, 0, 0] || Vision: CX:  0 CY:  0 W:  0 H:  0 Px:    0 || IMU: AX:  0.1 AY: -0.3 AZ: -8.8 TZ: -0.0 || Yaw Error:-28.7deg || Batt: 3.07V  LOW! || State: MANUAL   
[COMMAND] Mode: MANUAL                || Motors: [0, 20, 0, 0]
[LATENCY] Delta:  39.9ms | Avg:  44.5ms | Rate: 22.5 FPS | Queue: 0B

[2026-09-15 18:03:40.395]
[TELEMETRY] Motors: [0, 20, 0, 0] || Vision: CX:  0 CY:  0 W:  0 H:  0 Px:    0 || IMU: AX:  0.1 AY: -0.4 AZ: -8.8 TZ: -0.0 || Yaw Error:-28.7deg || Batt: 3.07V  LOW! || State: MANUAL   
[COMMAND] Mode: MANUAL                || Motors: [0, 20, 0, 0]
[LATENCY] Delta:  38.5ms | Avg:  44.6ms | Rate: 22.4 FPS | Queue: 0B

[2026-09-15 18:03:40.448]
[TELEMETRY] Motors: [1, 20, 0, 0] || Vision: CX:  0 CY:  0 W:  0 H:  0 Px:    0 || IMU: AX:  0.2 AY: -0.2 AZ: -8.8 TZ: -0.0 || Yaw Error:-28.7deg || Batt: 3.06V  LOW! || State: MANUAL   
[COMMAND] Mode: MANUAL                || Motors: [0, 20, 0, 0]
[LATENCY] Delta:  46.5ms | Avg:  44.7ms | Rate: 22.3 FPS | Queue: 0B

[2026-09-15 18:03:40.480]
[TELEMETRY] Motors: [0, 20, 0, 0] || Vision: CX:  0 CY:  0 W:  0 H:  0 Px:    0 || IMU: AX: -0.1 AY: -0.3 AZ: -8.9 TZ: -0.0 || Yaw Error:-28.7deg || Batt: 3.06V  LOW! || State: MANUAL   
[COMMAND] Mode: MANUAL                || Motors: [0, 20, 0, 0]
[LATENCY] Delta:  38.1ms | Avg:  44.9ms | Rate: 22.3 FPS | Queue: 0B

[2026-09-15 18:03:40.516]
[TELEMETRY] Motors: [0, 20, 0, 0] || Vision: CX:  0 CY:  0 W:  0 H:  0 Px:    0 || IMU: AX: -0.1 AY: -0.2 AZ: -8.9 TZ: -0.0 || Yaw Error:-28.7deg || Batt: 3.06V  LOW! || State: MANUAL   
[COMMAND] Mode: MANUAL                || Motors: [0, 20, 50, 0]
[LATENCY] Delta:  39.5ms | Avg:  45.0ms | Rate: 22.2 FPS | Queue: 0B

[2026-09-15 18:03:40.566]
[TELEMETRY] Motors: [0, 20, 50, 0] || Vision: CX:  0 CY:  0 W:  0 H:  0 Px:    0 || IMU: AX: -0.0 AY: -0.3 AZ: -8.8 TZ: -0.0 || Yaw Error:-28.7deg || Batt: 3.06V  LOW! || State: MANUAL   
[COMMAND] Mode: MANUAL                || Motors: [0, 20, 50, 0]
[LATENCY] Delta:  41.6ms | Avg:  45.0ms | Rate: 22.2 FPS | Queue: 0B

[2026-09-15 18:03:40.599]
[TELEMETRY] Motors: [1, 20, 50, 0] || Vision: CX:  0 CY:  0 W:  0 H:  0 Px:    0 || IMU: AX:  0.4 AY: -0.7 AZ: -9.1 TZ: -0.1 || Yaw Error:-28.7deg || Batt: 3.06V  LOW! || State: MANUAL   
[COMMAND] Mode: MANUAL                || Motors: [0, 20, 50, 0]
[LATENCY] Delta:  36.8ms | Avg:  45.0ms | Rate: 22.2 FPS | Queue: 0B

[2026-09-15 18:03:40.648]
[TELEMETRY] Motors: [0, 20, 50, 0] || Vision: CX:  0 CY:  0 W:  0 H:  0 Px:    0 || IMU: AX: -0.1 AY: -0.6 AZ: -8.6 TZ: -0.0 || Yaw Error:-28.7deg || Batt: 3.06V  LOW! || State: MANUAL   
[COMMAND] Mode: MANUAL                || Motors: [0, 20, 0, 0]
[LATENCY] Delta:  41.2ms | Avg:  45.0ms | Rate: 22.2 FPS | Queue: 0B

[2026-09-15 18:03:40.682]
[TELEMETRY] Motors: [0, 20, 50, 0] || Vision: CX:  0 CY:  0 W:  0 H:  0 Px:    0 || IMU: AX: -0.0 AY: -0.2 AZ: -8.7 TZ: -0.0 || Yaw Error:-28.7deg || Batt: 3.06V  LOW! || State: MANUAL   
[COMMAND] Mode: MANUAL                || Motors: [0, 20, 0, 0]
[LATENCY] Delta:  38.9ms | Avg:  45.0ms | Rate: 22.2 FPS | Queue: 0B

[2026-09-15 18:03:40.714]
[TELEMETRY] Motors: [0, 20, 0, 0] || Vision: CX:  0 CY:  0 W:  0 H:  0 Px:    0 || IMU: AX:  0.4 AY: -0.4 AZ: -9.0 TZ: -0.0 || Yaw Error:-28.7deg || Batt: 3.06V  LOW! || State: MANUAL   
[COMMAND] Mode: MANUAL                || Motors: [0, 20, 0, 0]
[LATENCY] Delta:  38.9ms | Avg:  45.0ms | Rate: 22.2 FPS | Queue: 0B

[2026-09-15 18:03:40.766]
[TELEMETRY] Motors: [1, 20, 0, 0] || Vision: CX:  0 CY:  0 W:  0 H:  0 Px:    0 || IMU: AX: -0.1 AY: -0.2 AZ: -8.8 TZ: -0.0 || Yaw Error:-28.7deg || Batt: 3.06V  LOW! || State: MANUAL   
[COMMAND] Mode: MANUAL                || Motors: [0, 20, 0, 0]
[LATENCY] Delta:  39.5ms | Avg:  45.0ms | Rate: 22.2 FPS | Queue: 0B

[2026-09-15 18:03:40.798]
[TELEMETRY] Motors: [0, 20, 0, 0] || Vision: CX:  0 CY:  0 W:  0 H:  0 Px:    0 || IMU: AX:  0.3 AY: -0.3 AZ: -9.0 TZ: -0.0 || Yaw Error:-28.7deg || Batt: 3.06V  LOW! || State: MANUAL   
[COMMAND] Mode: MANUAL                || Motors: [0, 20, 0, 0]
[LATENCY] Delta:  39.6ms | Avg:  45.0ms | Rate: 22.2 FPS | Queue: 0B

[2026-09-15 18:03:40.833]
[TELEMETRY] Motors: [0, 20, 0, 0] || Vision: CX:  0 CY:  0 W:  0 H:  0 Px:    0 || IMU: AX: -0.1 AY: -0.4 AZ: -8.8 TZ:  0.0 || Yaw Error:-28.7deg || Batt: 3.06V  LOW! || State: MANUAL   
[COMMAND] Mode: MANUAL                || Motors: [0, 20, 0, 0]
[LATENCY] Delta:  40.4ms | Avg:  45.0ms | Rate: 22.2 FPS | Queue: 0B

[2026-09-15 18:03:40.883]
[TELEMETRY] Motors: [0, 20, 0, 0] || Vision: CX:  0 CY:  0 W:  0 H:  0 Px:    0 || IMU: AX:  0.0 AY: -0.4 AZ: -8.8 TZ:  0.0 || Yaw Error:-28.7deg || Batt: 3.06V  LOW! || State: MANUAL   
[COMMAND] Mode: MANUAL                || Motors: [0, 20, 0, 0]
[LATENCY] Delta:  42.9ms | Avg:  45.0ms | Rate: 22.2 FPS | Queue: 0B

[2026-09-15 18:03:40.918]
[TELEMETRY] Motors: [0, 20, 0, 0] || Vision: CX:  0 CY:  0 W:  0 H:  0 Px:    0 || IMU: AX:  0.0 AY: -0.3 AZ: -8.8 TZ:  0.0 || Yaw Error:-28.7deg || Batt: 3.06V  LOW! || State: MANUAL   
[COMMAND] Mode: MANUAL                || Motors: [0, 20, 0, 0]
[LATENCY] Delta:  37.2ms | Avg:  45.0ms | Rate: 22.2 FPS | Queue: 0B

[2026-09-15 18:03:40.969]
[TELEMETRY] Motors: [0, 20, 0, 0] || Vision: CX:  0 CY:  0 W:  0 H:  0 Px:    0 || IMU: AX: -0.1 AY: -0.3 AZ: -8.8 TZ:  0.0 || Yaw Error:-28.7deg || Batt: 3.05V  LOW! || State: MANUAL   
[COMMAND] Mode: MANUAL                || Motors: [0, 20, 0, 0]
[LATENCY] Delta:  48.1ms | Avg:  45.0ms | Rate: 22.2 FPS | Queue: 0B

[2026-09-15 18:03:41.003]
[TELEMETRY] Motors: [0, 20, 50, 0] || Vision: CX:  0 CY:  0 W:  0 H:  0 Px:    0 || IMU: AX:  0.0 AY: -0.3 AZ: -8.9 TZ:  0.0 || Yaw Error:-28.7deg || Batt: 3.05V  LOW! || State: MANUAL   
[COMMAND] Mode: MANUAL                || Motors: [0, 20, 50, 0]
[LATENCY] Delta:  33.8ms | Avg:  45.0ms | Rate: 22.2 FPS | Queue: 0B

[2026-09-15 18:03:41.034]
[TELEMETRY] Motors: [0, 20, 50, 1] || Vision: CX:  0 CY:  0 W:  0 H:  0 Px:    0 || IMU: AX:  0.5 AY: -0.3 AZ: -9.2 TZ:  0.0 || Yaw Error:-28.7deg || Batt: 3.05V  LOW! || State: MANUAL   
[COMMAND] Mode: MANUAL                || Motors: [0, 20, 50, 0]
[LATENCY] Delta:  38.3ms | Avg:  45.0ms | Rate: 22.2 FPS | Queue: 0B

[2026-09-15 18:03:41.084]
[TELEMETRY] Motors: [0, 20, 50, 0] || Vision: CX:  0 CY:  0 W:  0 H:  0 Px:    0 || IMU: AX: -0.2 AY: -0.2 AZ: -8.6 TZ:  0.0 || Yaw Error:-28.7deg || Batt: 3.05V  LOW! || State: MANUAL   
[COMMAND] Mode: MANUAL                || Motors: [0, 20, 50, 0]
[LATENCY] Delta:  43.3ms | Avg:  45.0ms | Rate: 22.2 FPS | Queue: 0B

[2026-09-15 18:03:41.120]
[TELEMETRY] Motors: [0, 20, 0, 1] || Vision: CX:  0 CY:  0 W:  0 H:  0 Px:    0 || IMU: AX:  0.1 AY: -0.5 AZ: -8.7 TZ:  0.1 || Yaw Error:-28.7deg || Batt: 3.05V  LOW! || State: MANUAL   
[COMMAND] Mode: MANUAL                || Motors: [0, 20, 0, 0]
[LATENCY] Delta:  37.2ms | Avg:  45.0ms | Rate: 22.2 FPS | Queue: 0B

[2026-09-15 18:03:41.153]
[TELEMETRY] Motors: [0, 20, 0, 0] || Vision: CX:  0 CY:  0 W:  0 H:  0 Px:    0 || IMU: AX:  0.2 AY: -0.6 AZ: -8.9 TZ:  0.0 || Yaw Error:-28.7deg || Batt: 3.05V  LOW! || State: MANUAL   
[COMMAND] Mode: MANUAL                || Motors: [0, 20, 0, 0]
[LATENCY] Delta:  39.7ms | Avg:  45.0ms | Rate: 22.2 FPS | Queue: 0B

[2026-09-15 18:03:41.204]
[TELEMETRY] Motors: [0, 20, 0, 1] || Vision: CX:  0 CY:  0 W:  0 H:  0 Px:    0 || IMU: AX: -0.0 AY: -0.3 AZ: -8.3 TZ:  0.0 || Yaw Error:-28.7deg || Batt: 3.05V  LOW! || State: MANUAL   
[COMMAND] Mode: MANUAL                || Motors: [0, 20, 0, 0]
[LATENCY] Delta:  41.5ms | Avg:  45.0ms | Rate: 22.2 FPS | Queue: 0B

[2026-09-15 18:03:41.238]
[TELEMETRY] Motors: [0, 20, 0, 0] || Vision: CX:  0 CY:  0 W:  0 H:  0 Px:    0 || IMU: AX: -0.2 AY: -0.4 AZ: -8.5 TZ:  0.0 || Yaw Error:-28.7deg || Batt: 3.05V  LOW! || State: MANUAL   
[COMMAND] Mode: MANUAL                || Motors: [0, 20, 0, 0]
[LATENCY] Delta:  37.6ms | Avg:  45.0ms | Rate: 22.2 FPS | Queue: 0B

[2026-09-15 18:03:41.286]
[TELEMETRY] Motors: [0, 20, 0, 0] || Vision: CX:  0 CY:  0 W:  0 H:  0 Px:    0 || IMU: AX:  0.1 AY: -0.3 AZ: -8.8 TZ: -0.0 || Yaw Error:-28.7deg || Batt: 3.05V  LOW! || State: MANUAL   
[COMMAND] Mode: MANUAL                || Motors: [0, 20, 0, 0]
[LATENCY] Delta:  42.1ms | Avg:  45.0ms | Rate: 22.2 FPS | Queue: 0B

[2026-09-15 18:03:41.320]
[TELEMETRY] Motors: [0, 20, 0, 0] || Vision: CX:  0 CY:  0 W:  0 H:  0 Px:    0 || IMU: AX:  0.1 AY: -0.2 AZ: -9.1 TZ: -0.0 || Yaw Error:-28.7deg || Batt: 3.05V  LOW! || State: MANUAL   
[COMMAND] Mode: MANUAL                || Motors: [0, 20, 0, 0]
[LATENCY] Delta:  39.5ms | Avg:  45.0ms | Rate: 22.2 FPS | Queue: 0B

[2026-09-15 18:03:41.353]
[TELEMETRY] Motors: [0, 20, 0, 0] || Vision: CX:  0 CY:  0 W:  0 H:  0 Px:    0 || IMU: AX: -0.2 AY: -0.2 AZ: -8.9 TZ: -0.0 || Yaw Error:-28.7deg || Batt: 3.05V  LOW! || State: MANUAL   
[COMMAND] Mode: MANUAL                || Motors: [0, 20, 0, 0]
[LATENCY] Delta:  38.1ms | Avg:  45.0ms | Rate: 22.2 FPS | Queue: 0B

[2026-09-15 18:03:41.402]
[TELEMETRY] Motors: [0, 20, 0, 0] || Vision: CX:  0 CY:  0 W:  0 H:  0 Px:    0 || IMU: AX: -0.2 AY: -0.4 AZ: -8.8 TZ: -0.0 || Yaw Error:-28.7deg || Batt: 3.05V  LOW! || State: MANUAL   
[COMMAND] Mode: MANUAL                || Motors: [0, 20, 0, 0]
[LATENCY] Delta:  42.8ms | Avg:  45.0ms | Rate: 22.2 FPS | Queue: 0B

[2026-09-15 18:03:41.437]
[TELEMETRY] Motors: [0, 20, 0, 0] || Vision: CX:  0 CY:  0 W:  0 H:  0 Px:    0 || IMU: AX: -0.2 AY: -0.4 AZ: -8.6 TZ: -0.0 || Yaw Error:-28.7deg || Batt: 3.05V  LOW! || State: MANUAL   
[COMMAND] Mode: MANUAL                || Motors: [0, 20, 50, 0]
[LATENCY] Delta:  39.3ms | Avg:  45.0ms | Rate: 22.2 FPS | Queue: 0B

[2026-09-15 18:03:41.487]
[TELEMETRY] Motors: [0, 20, 0, 0] || Vision: CX:  0 CY:  0 W:  0 H:  0 Px:    0 || IMU: AX: -0.2 AY: -0.5 AZ: -8.8 TZ: -0.0 || Yaw Error:-28.7deg || Batt: 3.06V  LOW! || State: MANUAL   
[COMMAND] Mode: MANUAL                || Motors: [0, 20, 50, 0]
[LATENCY] Delta:  41.0ms | Avg:  45.0ms | Rate: 22.2 FPS | Queue: 0B

[2026-09-15 18:03:41.519]
[TELEMETRY] Motors: [0, 20, 50, 0] || Vision: CX:  0 CY:  0 W:  0 H:  0 Px:    0 || IMU: AX: -0.3 AY: -0.5 AZ: -8.7 TZ:  0.0 || Yaw Error:-28.7deg || Batt: 3.06V  LOW! || State: MANUAL   
[COMMAND] Mode: MANUAL                || Motors: [0, 20, 50, 0]
[LATENCY] Delta:  37.8ms | Avg:  45.0ms | Rate: 22.2 FPS | Queue: 0B

[2026-09-15 18:03:41.555]
[TELEMETRY] Motors: [0, 20, 0, 0] || Vision: CX:  0 CY:  0 W:  0 H:  0 Px:    0 || IMU: AX: -0.1 AY: -0.7 AZ: -9.1 TZ: -0.0 || Yaw Error:-28.7deg || Batt: 3.06V  LOW! || State: MANUAL   
[COMMAND] Mode: MANUAL                || Motors: [0, 20, 0, 0]
[LATENCY] Delta:  42.0ms | Avg:  45.1ms | Rate: 22.2 FPS | Queue: 0B

[2026-09-15 18:03:41.604]
[TELEMETRY] Motors: [0, 20, 0, 1] || Vision: CX:  0 CY:  0 W:  0 H:  0 Px:    0 || IMU: AX: -1.0 AY: -0.4 AZ: -8.9 TZ:  0.1 || Yaw Error:-28.7deg || Batt: 3.06V  LOW! || State: MANUAL   
[COMMAND] Mode: MANUAL                || Motors: [0, 20, 0, 0]
[LATENCY] Delta:  40.4ms | Avg:  45.2ms | Rate: 22.1 FPS | Queue: 0B

[2026-09-15 18:03:41.638]
[TELEMETRY] Motors: [0, 20, 0, 1] || Vision: CX:  0 CY:  0 W:  0 H:  0 Px:    0 || IMU: AX:  0.1 AY: -0.3 AZ: -8.9 TZ:  0.0 || Yaw Error:-28.7deg || Batt: 3.06V  LOW! || State: MANUAL   
[COMMAND] Mode: MANUAL                || Motors: [0, 20, 0, 0]
[LATENCY] Delta:  37.9ms | Avg:  45.3ms | Rate: 22.1 FPS | Queue: 0B

[2026-09-15 18:03:41.687]
[TELEMETRY] Motors: [0, 20, 0, 0] || Vision: CX:  0 CY:  0 W:  0 H:  0 Px:    0 || IMU: AX: -0.5 AY: -0.4 AZ: -8.8 TZ:  0.0 || Yaw Error:-28.7deg || Batt: 3.06V  LOW! || State: MANUAL   
[COMMAND] Mode: MANUAL                || Motors: [0, 20, 0, 0]
[LATENCY] Delta:  40.8ms | Avg:  45.4ms | Rate: 22.0 FPS | Queue: 0B

[2026-09-15 18:03:41.721]
[TELEMETRY] Motors: [0, 20, 0, 0] || Vision: CX:  0 CY:  0 W:  0 H:  0 Px:    0 || IMU: AX: -0.1 AY: -0.6 AZ: -9.0 TZ:  0.0 || Yaw Error:-28.7deg || Batt: 3.06V  LOW! || State: MANUAL   
[COMMAND] Mode: MANUAL                || Motors: [0, 20, 0, 0]
[LATENCY] Delta:  41.0ms | Avg:  45.4ms | Rate: 22.0 FPS | Queue: 0B

[2026-09-15 18:03:41.755]
[TELEMETRY] Motors: [0, 20, 0, 0] || Vision: CX:  0 CY:  0 W:  0 H:  0 Px:    0 || IMU: AX: -0.5 AY: -0.4 AZ: -8.6 TZ:  0.0 || Yaw Error:-28.7deg || Batt: 3.06V  LOW! || State: MANUAL   
[COMMAND] Mode: MANUAL                || Motors: [0, 20, 0, 0]
[LATENCY] Delta:  37.2ms | Avg:  45.4ms | Rate: 22.0 FPS | Queue: 0B

[2026-09-15 18:03:41.806]
[TELEMETRY] Motors: [0, 20, 0, 1] || Vision: CX:  0 CY:  0 W:  0 H:  0 Px:    0 || IMU: AX: -0.1 AY: -0.6 AZ: -8.8 TZ:  0.1 || Yaw Error:-28.7deg || Batt: 3.06V  LOW! || State: MANUAL   
[COMMAND] Mode: MANUAL                || Motors: [0, 20, 0, 0]
[LATENCY] Delta:  40.9ms | Avg:  45.4ms | Rate: 22.0 FPS | Queue: 0B

[2026-09-15 18:03:41.839]
[TELEMETRY] Motors: [0, 20, 0, 0] || Vision: CX:  0 CY:  0 W:  0 H:  0 Px:    0 || IMU: AX: -0.2 AY: -0.6 AZ: -8.9 TZ: -0.0 || Yaw Error:-28.7deg || Batt: 3.06V  LOW! || State: MANUAL   
[COMMAND] Mode: MANUAL                || Motors: [0, 20, 0, 0]
[LATENCY] Delta:  40.4ms | Avg:  45.4ms | Rate: 22.0 FPS | Queue: 0B

[2026-09-15 18:03:41.890]
[TELEMETRY] Motors: [0, 20, 0, 0] || Vision: CX:  0 CY:  0 W:  0 H:  0 Px:    0 || IMU: AX: -0.3 AY: -0.4 AZ: -8.6 TZ:  0.0 || Yaw Error:-28.7deg || Batt: 3.06V  LOW! || State: MANUAL   
[COMMAND] Mode: MANUAL                || Motors: [0, 20, 0, 0]
[LATENCY] Delta:  43.3ms | Avg:  45.4ms | Rate: 22.0 FPS | Queue: 0B

[2026-09-15 18:03:41.924]
[TELEMETRY] Motors: [0, 20, 0, 0] || Vision: CX:  0 CY:  0 W:  0 H:  0 Px:    0 || IMU: AX:  0.1 AY: -0.6 AZ: -8.8 TZ:  0.0 || Yaw Error:-28.7deg || Batt: 3.06V  LOW! || State: MANUAL   
[COMMAND] Mode: MANUAL                || Motors: [0, 20, 0, 0]
[LATENCY] Delta:  43.1ms | Avg:  45.4ms | Rate: 22.0 FPS | Queue: 0B

[2026-09-15 18:03:41.959]
[TELEMETRY] Motors: [0, 20, 0, 0] || Vision: CX:  0 CY:  0 W:  0 H:  0 Px:    0 || IMU: AX: -0.3 AY: -0.6 AZ: -8.8 TZ: -0.0 || Yaw Error:-28.7deg || Batt: 3.06V  LOW! || State: MANUAL   
[COMMAND] Mode: MANUAL                || Motors: [0, 20, 0, 0]
[LATENCY] Delta:  31.9ms | Avg:  45.4ms | Rate: 22.0 FPS | Queue: 0B

[2026-09-15 18:03:42.010]
[TELEMETRY] Motors: [0, 20, 0, 0] || Vision: CX:  0 CY:  0 W:  0 H:  0 Px:    0 || IMU: AX: -0.1 AY: -0.4 AZ: -8.7 TZ: -0.0 || Yaw Error:-28.7deg || Batt: 3.06V  LOW! || State: MANUAL   
[COMMAND] Mode: MANUAL                || Motors: [0, 20, 0, 0]
[LATENCY] Delta:  45.5ms | Avg:  45.4ms | Rate: 22.0 FPS | Queue: 0B

[2026-09-15 18:03:42.045]
[TELEMETRY] Motors: [0, 20, 0, 0] || Vision: CX:  0 CY:  0 W:  0 H:  0 Px:    0 || IMU: AX: -0.1 AY: -0.4 AZ: -8.7 TZ: -0.0 || Yaw Error:-28.7deg || Batt: 3.06V  LOW! || State: MANUAL   
[COMMAND] Mode: MANUAL                || Motors: [0, 20, 0, 0]
[LATENCY] Delta:  37.3ms | Avg:  45.4ms | Rate: 22.0 FPS | Queue: 0B

[2026-09-15 18:03:42.078]
[TELEMETRY] Motors: [0, 20, 0, 0] || Vision: CX:  0 CY:  0 W:  0 H:  0 Px:    0 || IMU: AX: -0.2 AY: -0.5 AZ: -8.6 TZ: -0.0 || Yaw Error:-28.7deg || Batt: 3.06V  LOW! || State: MANUAL   
[COMMAND] Mode: MANUAL                || Motors: [0, 20, 0, 0]
[LATENCY] Delta:  37.6ms | Avg:  45.4ms | Rate: 22.0 FPS | Queue: 0B

[2026-09-15 18:03:42.128]
[TELEMETRY] Motors: [0, 20, 0, 0] || Vision: CX:  0 CY:  0 W:  0 H:  0 Px:    0 || IMU: AX: -0.1 AY: -0.4 AZ: -8.8 TZ: -0.0 || Yaw Error:-28.7deg || Batt: 3.06V  LOW! || State: MANUAL   
[COMMAND] Mode: MANUAL                || Motors: [0, 70, 0, 0]
[LATENCY] Delta:  43.5ms | Avg:  45.4ms | Rate: 22.0 FPS | Queue: 0B

[2026-09-15 18:03:42.163]
[TELEMETRY] Motors: [0, 70, 0, 0] || Vision: CX:  0 CY:  0 W:  0 H:  0 Px:    0 || IMU: AX: -0.2 AY: -0.5 AZ: -8.8 TZ: -0.0 || Yaw Error:-28.7deg || Batt: 3.06V  LOW! || State: MANUAL   
[COMMAND] Mode: MANUAL                || Motors: [0, 70, 0, 0]
[LATENCY] Delta:  40.6ms | Avg:  45.4ms | Rate: 22.0 FPS | Queue: 0B

[2026-09-15 18:03:42.196]
[TELEMETRY] Motors: [0, 70, 0, 0] || Vision: CX:  0 CY:  0 W:  0 H:  0 Px:    0 || IMU: AX: -0.0 AY: -0.3 AZ: -8.7 TZ: -0.0 || Yaw Error:-28.7deg || Batt: 3.06V  LOW! || State: MANUAL   
[COMMAND] Mode: MANUAL                || Motors: [0, 70, 0, 0]
[LATENCY] Delta:  36.4ms | Avg:  45.4ms | Rate: 22.0 FPS | Queue: 0B

[2026-09-15 18:03:42.246]
[TELEMETRY] Motors: [1, 70, 0, 0] || Vision: CX:  0 CY:  0 W:  0 H:  0 Px:    0 || IMU: AX: -0.1 AY: -0.5 AZ: -8.8 TZ: -0.0 || Yaw Error:-28.7deg || Batt: 3.06V  LOW! || State: MANUAL   
[COMMAND] Mode: MANUAL                || Motors: [0, 20, 0, 0]
[LATENCY] Delta:  41.5ms | Avg:  45.4ms | Rate: 22.0 FPS | Queue: 0B

[2026-09-15 18:03:42.281]
[TELEMETRY] Motors: [1, 20, 0, 0] || Vision: CX:  0 CY:  0 W:  0 H:  0 Px:    0 || IMU: AX: -0.2 AY: -0.5 AZ: -8.8 TZ: -0.0 || Yaw Error:-28.7deg || Batt: 3.06V  LOW! || State: MANUAL   
[COMMAND] Mode: MANUAL                || Motors: [0, 20, 0, 0]
[LATENCY] Delta:  40.5ms | Avg:  45.4ms | Rate: 22.0 FPS | Queue: 0B

[2026-09-15 18:03:42.315]
[TELEMETRY] Motors: [1, 20, 0, 0] || Vision: CX:  0 CY:  0 W:  0 H:  0 Px:    0 || IMU: AX: -0.1 AY: -0.3 AZ: -8.9 TZ: -0.1 || Yaw Error:-28.7deg || Batt: 3.06V  LOW! || State: MANUAL   
[COMMAND] Mode: MANUAL                || Motors: [0, 20, 0, 0]
[LATENCY] Delta:  36.5ms | Avg:  45.4ms | Rate: 22.0 FPS | Queue: 0B

[2026-09-15 18:03:42.367]
[TELEMETRY] Motors: [1, 20, 0, 0] || Vision: CX:  0 CY:  0 W:  0 H:  0 Px:    0 || IMU: AX: -0.3 AY: -0.3 AZ: -8.9 TZ: -0.0 || Yaw Error:-28.7deg || Batt: 3.06V  LOW! || State: MANUAL   
[COMMAND] Mode: MANUAL                || Motors: [0, 20, 0, 0]
[LATENCY] Delta:  48.0ms | Avg:  45.4ms | Rate: 22.0 FPS | Queue: 0B

[2026-09-15 18:03:42.399]
[TELEMETRY] Motors: [1, 20, 0, 0] || Vision: CX:  0 CY:  0 W:  0 H:  0 Px:    0 || IMU: AX: -0.3 AY: -0.4 AZ: -8.9 TZ: -0.0 || Yaw Error:-28.7deg || Batt: 3.06V  LOW! || State: MANUAL   
[COMMAND] Mode: MANUAL                || Motors: [0, 20, 0, 0]
[LATENCY] Delta:  34.2ms | Avg:  45.4ms | Rate: 22.0 FPS | Queue: 0B

[2026-09-15 18:03:42.433]
[TELEMETRY] Motors: [0, 20, 0, 0] || Vision: CX:  0 CY:  0 W:  0 H:  0 Px:    0 || IMU: AX: -0.2 AY: -0.3 AZ: -8.8 TZ: -0.0 || Yaw Error:-28.7deg || Batt: 3.06V  LOW! || State: MANUAL   
[COMMAND] Mode: MANUAL                || Motors: [0, 20, 0, 0]
[LATENCY] Delta:  39.1ms | Avg:  45.4ms | Rate: 22.0 FPS | Queue: 0B

[2026-09-15 18:03:42.486]
[TELEMETRY] Motors: [0, 20, 0, 0] || Vision: CX:  0 CY:  0 W:  0 H:  0 Px:    0 || IMU: AX: -0.2 AY: -0.4 AZ: -8.8 TZ: -0.0 || Yaw Error:-28.7deg || Batt: 3.06V  LOW! || State: MANUAL   
[COMMAND] Mode: MANUAL                || Motors: [0, 20, 0, 0]
[LATENCY] Delta:  43.2ms | Avg:  45.4ms | Rate: 22.0 FPS | Queue: 0B

[2026-09-15 18:03:42.519]
[TELEMETRY] Motors: [0, 20, 0, 0] || Vision: CX:  0 CY:  0 W:  0 H:  0 Px:    0 || IMU: AX: -0.0 AY: -0.4 AZ: -8.9 TZ: -0.0 || Yaw Error:-28.7deg || Batt: 3.06V  LOW! || State: MANUAL   
[COMMAND] Mode: MANUAL                || Motors: [0, 20, 0, 0]
[LATENCY] Delta:  40.9ms | Avg:  45.4ms | Rate: 22.0 FPS | Queue: 0B

[2026-09-15 18:03:42.553]
[TELEMETRY] Motors: [0, 20, 0, 0] || Vision: CX:  0 CY:  0 W:  0 H:  0 Px:    0 || IMU: AX: -0.1 AY: -0.5 AZ: -8.7 TZ:  0.0 || Yaw Error:-28.7deg || Batt: 3.06V  LOW! || State: MANUAL   
[COMMAND] Mode: MANUAL                || Motors: [0, 70, 0, 0]
[LATENCY] Delta:  35.3ms | Avg:  45.4ms | Rate: 22.0 FPS | Queue: 0B

[2026-09-15 18:03:42.604]
[TELEMETRY] Motors: [0, 20, 0, 0] || Vision: CX:  0 CY:  0 W:  0 H:  0 Px:    0 || IMU: AX: -0.2 AY: -0.4 AZ: -8.7 TZ:  0.0 || Yaw Error:-28.7deg || Batt: 3.06V  LOW! || State: MANUAL   
[COMMAND] Mode: MANUAL                || Motors: [0, 70, 0, 0]
[LATENCY] Delta:  44.7ms | Avg:  45.4ms | Rate: 22.0 FPS | Queue: 0B

[2026-09-15 18:03:42.638]
[TELEMETRY] Motors: [0, 70, 0, 0] || Vision: CX:  0 CY:  0 W:  0 H:  0 Px:    0 || IMU: AX: -0.2 AY: -0.4 AZ: -8.7 TZ:  0.0 || Yaw Error:-28.7deg || Batt: 3.06V  LOW! || State: MANUAL   
[COMMAND] Mode: MANUAL                || Motors: [0, 70, 0, 0]
[LATENCY] Delta:  35.1ms | Avg:  45.4ms | Rate: 22.0 FPS | Queue: 0B

[2026-09-15 18:03:42.689]
[TELEMETRY] Motors: [0, 70, 0, 0] || Vision: CX:  0 CY:  0 W:  0 H:  0 Px:    0 || IMU: AX: -0.2 AY: -0.3 AZ: -8.7 TZ:  0.0 || Yaw Error:-28.7deg || Batt: 3.06V  LOW! || State: MANUAL   
[COMMAND] Mode: MANUAL                || Motors: [0, 70, 0, 0]
[LATENCY] Delta:  44.1ms | Avg:  45.4ms | Rate: 22.0 FPS | Queue: 0B

[2026-09-15 18:03:42.722]
[TELEMETRY] Motors: [0, 70, 0, 0] || Vision: CX:  0 CY:  0 W:  0 H:  0 Px:    0 || IMU: AX: -0.1 AY: -0.4 AZ: -8.8 TZ: -0.0 || Yaw Error:-28.7deg || Batt: 3.06V  LOW! || State: MANUAL   
[COMMAND] Mode: MANUAL                || Motors: [0, 70, 0, 0]
[LATENCY] Delta:  38.8ms | Avg:  45.4ms | Rate: 22.0 FPS | Queue: 0B

[2026-09-15 18:03:42.756]
[TELEMETRY] Motors: [0, 70, 0, 0] || Vision: CX:  0 CY:  0 W:  0 H:  0 Px:    0 || IMU: AX: -0.1 AY: -0.3 AZ: -8.7 TZ: -0.0 || Yaw Error:-28.7deg || Batt: 3.06V  LOW! || State: MANUAL   
[COMMAND] Mode: MANUAL                || Motors: [0, 70, 0, 0]
[LATENCY] Delta:  38.5ms | Avg:  45.4ms | Rate: 22.0 FPS | Queue: 0B

[2026-09-15 18:03:42.806]
[TELEMETRY] Motors: [0, 70, 0, 0] || Vision: CX:  0 CY:  0 W:  0 H:  0 Px:    0 || IMU: AX: -0.1 AY: -0.3 AZ: -8.7 TZ: -0.0 || Yaw Error:-28.7deg || Batt: 3.06V  LOW! || State: MANUAL   
[COMMAND] Mode: MANUAL                || Motors: [0, 70, 0, 0]
[LATENCY] Delta:  44.8ms | Avg:  45.4ms | Rate: 22.0 FPS | Queue: 0B

[2026-09-15 18:03:42.839]
[TELEMETRY] Motors: [0, 70, 0, 0] || Vision: CX:  0 CY:  0 W:  0 H:  0 Px:    0 || IMU: AX: -0.2 AY: -0.4 AZ: -8.8 TZ: -0.0 || Yaw Error:-28.7deg || Batt: 3.06V  LOW! || State: MANUAL   
[COMMAND] Mode: MANUAL                || Motors: [0, 70, 0, 0]
[LATENCY] Delta:  34.2ms | Avg:  45.4ms | Rate: 22.0 FPS | Queue: 0B

[2026-09-15 18:03:42.890]
[TELEMETRY] Motors: [0, 70, 0, 0] || Vision: CX:  0 CY:  0 W:  0 H:  0 Px:    0 || IMU: AX: -0.2 AY: -0.5 AZ: -8.8 TZ: -0.0 || Yaw Error:-28.7deg || Batt: 3.06V  LOW! || State: MANUAL   
[COMMAND] Mode: MANUAL                || Motors: [0, 70, 0, 0]
[LATENCY] Delta:  45.6ms | Avg:  45.4ms | Rate: 22.0 FPS | Queue: 0B

[2026-09-15 18:03:42.924]
[TELEMETRY] Motors: [0, 70, 0, 0] || Vision: CX:  0 CY:  0 W:  0 H:  0 Px:    0 || IMU: AX: -0.2 AY: -0.4 AZ: -8.8 TZ: -0.0 || Yaw Error:-28.7deg || Batt: 3.06V  LOW! || State: MANUAL   
[COMMAND] Mode: MANUAL                || Motors: [0, 70, 0, 0]
[LATENCY] Delta:  37.0ms | Avg:  45.4ms | Rate: 22.0 FPS | Queue: 0B

[2026-09-15 18:03:42.957]
[TELEMETRY] Motors: [0, 70, 0, 0] || Vision: CX:  0 CY:  0 W:  0 H:  0 Px:    0 || IMU: AX: -0.2 AY: -0.4 AZ: -8.7 TZ: -0.0 || Yaw Error:-28.7deg || Batt: 3.06V  LOW! || State: MANUAL   
[COMMAND] Mode: MANUAL                || Motors: [0, 70, 0, 0]
[LATENCY] Delta:  37.0ms | Avg:  45.4ms | Rate: 22.0 FPS | Queue: 0B

[2026-09-15 18:03:43.008]
[TELEMETRY] Motors: [0, 70, 0, 0] || Vision: CX:  0 CY:  0 W:  0 H:  0 Px:    0 || IMU: AX: -0.0 AY: -0.5 AZ: -8.7 TZ: -0.0 || Yaw Error:-28.7deg || Batt: 3.06V  LOW! || State: MANUAL   
[COMMAND] Mode: MANUAL                || Motors: [0, 70, 0, 0]
[LATENCY] Delta:  43.0ms | Avg:  45.4ms | Rate: 22.0 FPS | Queue: 0B

[2026-09-15 18:03:43.041]
[TELEMETRY] Motors: [0, 70, 0, 0] || Vision: CX:  0 CY:  0 W:  0 H:  0 Px:    0 || IMU: AX: -0.0 AY: -0.4 AZ: -8.8 TZ: -0.0 || Yaw Error:-28.7deg || Batt: 3.07V  LOW! || State: MANUAL   
[COMMAND] Mode: MANUAL                || Motors: [0, 70, 0, 0]
[LATENCY] Delta:  38.9ms | Avg:  45.4ms | Rate: 22.0 FPS | Queue: 0B

[2026-09-15 18:03:43.075]
[TELEMETRY] Motors: [0, 70, 0, 0] || Vision: CX:  0 CY:  0 W:  0 H:  0 Px:    0 || IMU: AX: -0.1 AY: -0.4 AZ: -8.7 TZ: -0.0 || Yaw Error:-28.7deg || Batt: 3.07V  LOW! || State: MANUAL   
[COMMAND] Mode: MANUAL                || Motors: [0, 70, 0, 0]
[LATENCY] Delta:  40.5ms | Avg:  45.4ms | Rate: 22.0 FPS | Queue: 0B

[2026-09-15 18:03:43.125]
[TELEMETRY] Motors: [0, 70, 0, 0] || Vision: CX:  0 CY:  0 W:  0 H:  0 Px:    0 || IMU: AX: -0.1 AY: -0.4 AZ: -8.7 TZ: -0.0 || Yaw Error:-28.7deg || Batt: 3.07V  LOW! || State: MANUAL   
[COMMAND] Mode: MANUAL                || Motors: [0, 70, 0, 0]
[LATENCY] Delta:  38.8ms | Avg:  45.4ms | Rate: 22.0 FPS | Queue: 0B

[2026-09-15 18:03:43.159]
[TELEMETRY] Motors: [0, 70, 0, 0] || Vision: CX:  0 CY:  0 W:  0 H:  0 Px:    0 || IMU: AX: -0.1 AY: -0.6 AZ: -8.8 TZ: -0.0 || Yaw Error:-28.7deg || Batt: 3.07V  LOW! || State: MANUAL   
[COMMAND] Mode: MANUAL                || Motors: [0, 70, 0, 0]
[LATENCY] Delta:  39.1ms | Avg:  45.4ms | Rate: 22.0 FPS | Queue: 0B

[2026-09-15 18:03:43.207]
[TELEMETRY] Motors: [0, 70, 0, 0] || Vision: CX:  0 CY:  0 W:  0 H:  0 Px:    0 || IMU: AX: -0.1 AY: -0.5 AZ: -8.8 TZ: -0.0 || Yaw Error:-28.7deg || Batt: 3.07V  LOW! || State: MANUAL   
[COMMAND] Mode: MANUAL                || Motors: [0, 20, 0, 0]
[LATENCY] Delta:  44.4ms | Avg:  45.4ms | Rate: 22.0 FPS | Queue: 0B

[2026-09-15 18:03:43.239]
[TELEMETRY] Motors: [0, 20, 0, 0] || Vision: CX:  0 CY:  0 W:  0 H:  0 Px:    0 || IMU: AX: -0.2 AY: -0.5 AZ: -8.7 TZ:  0.0 || Yaw Error:-28.7deg || Batt: 3.07V  LOW! || State: MANUAL   
[COMMAND] Mode: MANUAL                || Motors: [0, 20, 0, 0]
[LATENCY] Delta:  35.6ms | Avg:  39.9ms | Rate: 25.1 FPS | Queue: 0B

[2026-09-15 18:03:43.275]
[TELEMETRY] Motors: [0, 20, 0, 0] || Vision: CX:  0 CY:  0 W:  0 H:  0 Px:    0 || IMU: AX: -0.4 AY: -0.4 AZ: -8.7 TZ:  0.0 || Yaw Error:-28.7deg || Batt: 3.07V  LOW! || State: MANUAL   
[COMMAND] Mode: MANUAL                || Motors: [0, 20, 0, 0]
[LATENCY] Delta:  40.3ms | Avg:  40.0ms | Rate: 25.0 FPS | Queue: 0B

[2026-09-15 18:03:43.323]
[TELEMETRY] Motors: [0, 20, 0, 0] || Vision: CX:  0 CY:  0 W:  0 H:  0 Px:    0 || IMU: AX: -0.1 AY: -0.4 AZ: -8.9 TZ:  0.0 || Yaw Error:-28.7deg || Batt: 3.07V  LOW! || State: MANUAL   
[COMMAND] Mode: MANUAL                || Motors: [0, 20, 0, 0]
[LATENCY] Delta:  43.5ms | Avg:  40.1ms | Rate: 25.0 FPS | Queue: 0B

[2026-09-15 18:03:43.358]
[TELEMETRY] Motors: [0, 20, 0, 0] || Vision: CX:  0 CY:  0 W:  0 H:  0 Px:    0 || IMU: AX: -0.1 AY: -0.5 AZ: -8.9 TZ:  0.0 || Yaw Error:-28.7deg || Batt: 3.07V  LOW! || State: MANUAL   
[COMMAND] Mode: MANUAL                || Motors: [0, 20, 0, 0]
[LATENCY] Delta:  35.9ms | Avg:  40.0ms | Rate: 25.0 FPS | Queue: 0B

[2026-09-15 18:03:43.393]
[TELEMETRY] Motors: [0, 20, 0, 0] || Vision: CX:  0 CY:  0 W:  0 H:  0 Px:    0 || IMU: AX: -0.2 AY: -0.6 AZ: -8.7 TZ:  0.0 || Yaw Error:-28.7deg || Batt: 3.07V  LOW! || State: MANUAL   
[COMMAND] Mode: MANUAL                || Motors: [0, 20, 0, 0]
[LATENCY] Delta:  40.7ms | Avg:  40.0ms | Rate: 25.0 FPS | Queue: 0B

[2026-09-15 18:03:43.444]
[TELEMETRY] Motors: [0, 20, 0, 0] || Vision: CX:  0 CY:  0 W:  0 H:  0 Px:    0 || IMU: AX: -0.1 AY: -0.6 AZ: -8.6 TZ: -0.0 || Yaw Error:-28.7deg || Batt: 3.07V  LOW! || State: MANUAL   
[COMMAND] Mode: MANUAL                || Motors: [0, 70, 0, 0]
[LATENCY] Delta:  44.1ms | Avg:  40.0ms | Rate: 25.0 FPS | Queue: 0B

[2026-09-15 18:03:43.478]
[TELEMETRY] Motors: [0, 70, 0, 0] || Vision: CX:  0 CY:  0 W:  0 H:  0 Px:    0 || IMU: AX: -0.1 AY: -0.5 AZ: -8.7 TZ: -0.0 || Yaw Error:-28.7deg || Batt: 3.07V  LOW! || State: MANUAL   
[COMMAND] Mode: MANUAL                || Motors: [0, 70, 0, 0]
[LATENCY] Delta:  35.4ms | Avg:  39.9ms | Rate: 25.0 FPS | Queue: 0B

[2026-09-15 18:03:43.528]
[TELEMETRY] Motors: [0, 70, 0, 0] || Vision: CX:  0 CY:  0 W:  0 H:  0 Px:    0 || IMU: AX: -0.1 AY: -0.4 AZ: -8.7 TZ:  0.0 || Yaw Error:-28.7deg || Batt: 3.07V  LOW! || State: MANUAL   
[COMMAND] Mode: MANUAL                || Motors: [0, 70, 0, 0]
[LATENCY] Delta:  44.3ms | Avg:  40.0ms | Rate: 25.0 FPS | Queue: 0B

[2026-09-15 18:03:43.561]
[TELEMETRY] Motors: [0, 70, 0, 0] || Vision: CX:  0 CY:  0 W:  0 H:  0 Px:    0 || IMU: AX:  0.1 AY: -0.3 AZ: -8.8 TZ:  0.0 || Yaw Error:-28.7deg || Batt: 3.07V  LOW! || State: MANUAL   
[COMMAND] Mode: MANUAL                || Motors: [0, 70, 0, 0]
[LATENCY] Delta:  38.3ms | Avg:  40.0ms | Rate: 25.0 FPS | Queue: 0B

[2026-09-15 18:03:43.596]
[TELEMETRY] Motors: [0, 70, 0, 0] || Vision: CX:  0 CY:  0 W:  0 H:  0 Px:    0 || IMU: AX: -0.4 AY: -0.3 AZ: -8.9 TZ:  0.0 || Yaw Error:-28.7deg || Batt: 3.07V  LOW! || State: MANUAL   
[COMMAND] Mode: MANUAL                || Motors: [0, 70, 0, 0]
[LATENCY] Delta:  37.0ms | Avg:  40.0ms | Rate: 25.0 FPS | Queue: 0B

[2026-09-15 18:03:43.645]
[TELEMETRY] Motors: [0, 70, 0, 0] || Vision: CX:  0 CY:  0 W:  0 H:  0 Px:    0 || IMU: AX:  0.1 AY: -0.3 AZ: -9.1 TZ:  0.0 || Yaw Error:-28.7deg || Batt: 3.07V  LOW! || State: MANUAL   
[COMMAND] Mode: MANUAL                || Motors: [0, 70, 0, 0]
[LATENCY] Delta:  41.5ms | Avg:  40.0ms | Rate: 25.0 FPS | Queue: 0B

[2026-09-15 18:03:43.679]
[TELEMETRY] Motors: [0, 70, 0, 0] || Vision: CX:  0 CY:  0 W:  0 H:  0 Px:    0 || IMU: AX:  0.1 AY: -0.4 AZ: -8.9 TZ:  0.0 || Yaw Error:-28.7deg || Batt: 3.07V  LOW! || State: MANUAL   
[COMMAND] Mode: MANUAL                || Motors: [0, 70, 0, 0]
[LATENCY] Delta:  40.2ms | Avg:  40.0ms | Rate: 25.0 FPS | Queue: 0B

[2026-09-15 18:03:43.712]
[TELEMETRY] Motors: [0, 70, 0, 0] || Vision: CX:  0 CY:  0 W:  0 H:  0 Px:    0 || IMU: AX: -0.1 AY: -0.5 AZ: -8.7 TZ: -0.0 || Yaw Error:-28.7deg || Batt: 3.07V  LOW! || State: MANUAL   
[COMMAND] Mode: MANUAL                || Motors: [0, 70, 0, 0]
[LATENCY] Delta:  38.0ms | Avg:  40.0ms | Rate: 25.0 FPS | Queue: 0B

[2026-09-15 18:03:43.762]
[TELEMETRY] Motors: [0, 70, 0, 0] || Vision: CX:  0 CY:  0 W:  0 H:  0 Px:    0 || IMU: AX: -0.3 AY: -0.5 AZ: -8.6 TZ: -0.0 || Yaw Error:-28.7deg || Batt: 3.07V  LOW! || State: MANUAL   
[COMMAND] Mode: MANUAL                || Motors: [0, 70, 0, 0]
[LATENCY] Delta:  44.1ms | Avg:  40.0ms | Rate: 25.0 FPS | Queue: 0B

[2026-09-15 18:03:43.795]
[TELEMETRY] Motors: [0, 70, 0, 0] || Vision: CX:  0 CY:  0 W:  0 H:  0 Px:    0 || IMU: AX: -0.1 AY: -0.4 AZ: -8.5 TZ: -0.0 || Yaw Error:-28.7deg || Batt: 3.07V  LOW! || State: MANUAL   
[COMMAND] Mode: MANUAL                || Motors: [0, 70, 0, 0]
[LATENCY] Delta:  36.6ms | Avg:  40.0ms | Rate: 25.0 FPS | Queue: 0B

[2026-09-15 18:03:43.844]
[TELEMETRY] Motors: [1, 70, 0, 0] || Vision: CX:  0 CY:  0 W:  0 H:  0 Px:    0 || IMU: AX:  0.0 AY: -0.5 AZ: -8.7 TZ: -0.1 || Yaw Error:-28.7deg || Batt: 3.07V  LOW! || State: MANUAL   
[COMMAND] Mode: MANUAL                || Motors: [0, 20, 0, 0]
[LATENCY] Delta:  43.3ms | Avg:  40.0ms | Rate: 25.0 FPS | Queue: 0B

[2026-09-15 18:03:43.878]
[TELEMETRY] Motors: [2, 70, 0, 0] || Vision: CX:  0 CY:  0 W:  0 H:  0 Px:    0 || IMU: AX:  0.1 AY: -0.3 AZ: -8.9 TZ: -0.1 || Yaw Error:-28.7deg || Batt: 3.07V  LOW! || State: MANUAL   
[COMMAND] Mode: MANUAL                || Motors: [0, 20, 0, 0]
[LATENCY] Delta:  36.0ms | Avg:  40.0ms | Rate: 25.0 FPS | Queue: 0B

[2026-09-15 18:03:43.928]
[TELEMETRY] Motors: [3, 20, 0, 0] || Vision: CX:  0 CY:  0 W:  0 H:  0 Px:    0 || IMU: AX:  0.1 AY: -0.3 AZ: -9.1 TZ: -0.1 || Yaw Error:-28.7deg || Batt: 3.07V  LOW! || State: MANUAL   
[COMMAND] Mode: MANUAL                || Motors: [0, 20, 0, 0]
[LATENCY] Delta:  44.7ms | Avg:  40.0ms | Rate: 25.0 FPS | Queue: 0B

[2026-09-15 18:03:43.962]
[TELEMETRY] Motors: [4, 20, 0, 0] || Vision: CX:  0 CY:  0 W:  0 H:  0 Px:    0 || IMU: AX: -0.1 AY: -0.3 AZ: -8.9 TZ: -0.2 || Yaw Error:-28.7deg || Batt: 3.07V  LOW! || State: MANUAL   
[COMMAND] Mode: MANUAL                || Motors: [0, 20, 0, 0]
[LATENCY] Delta:  36.9ms | Avg:  40.0ms | Rate: 25.0 FPS | Queue: 0B

[2026-09-15 18:03:43.994]
[TELEMETRY] Motors: [4, 20, 0, 0] || Vision: CX:  0 CY:  0 W:  0 H:  0 Px:    0 || IMU: AX: -0.1 AY: -0.3 AZ: -8.8 TZ: -0.2 || Yaw Error:-28.7deg || Batt: 3.07V  LOW! || State: MANUAL   
[COMMAND] Mode: MANUAL                || Motors: [0, 20, 0, 0]
[LATENCY] Delta:  38.9ms | Avg:  40.0ms | Rate: 25.0 FPS | Queue: 0B

[2026-09-15 18:03:44.047]
[TELEMETRY] Motors: [4, 20, 0, 0] || Vision: CX:  0 CY:  0 W:  0 H:  0 Px:    0 || IMU: AX: -0.2 AY: -0.4 AZ: -8.8 TZ: -0.2 || Yaw Error:-28.7deg || Batt: 3.07V  LOW! || State: MANUAL   
[COMMAND] Mode: MANUAL                || Motors: [0, 20, 0, 0]
[LATENCY] Delta:  41.5ms | Avg:  40.0ms | Rate: 25.0 FPS | Queue: 0B

[2026-09-15 18:03:44.097]
[TELEMETRY] Motors: [4, 20, 0, 0] || Vision: CX:  0 CY:  0 W:  0 H:  0 Px:    0 || IMU: AX: -0.2 AY: -0.5 AZ: -8.8 TZ: -0.2 || Yaw Error:-28.7deg || Batt: 3.04V  LOW! || State: MANUAL   
[COMMAND] Mode: MANUAL                || Motors: [0, 70, 0, 0]
[LATENCY] Delta:  50.9ms | Avg:  40.0ms | Rate: 25.0 FPS | Queue: 0B

[2026-09-15 18:03:44.130]
[TELEMETRY] Motors: [4, 20, 0, 0] || Vision: CX:  0 CY:  0 W:  0 H:  0 Px:    0 || IMU: AX: -0.1 AY: -0.3 AZ: -8.6 TZ: -0.2 || Yaw Error:-28.7deg || Batt: 3.04V  LOW! || State: MANUAL   
[COMMAND] Mode: MANUAL                || Motors: [0, 70, 0, 0]
[LATENCY] Delta:  39.9ms | Avg:  40.0ms | Rate: 25.0 FPS | Queue: 0B

[2026-09-15 18:03:44.165]
[TELEMETRY] Motors: [3, 70, 0, 0] || Vision: CX:  0 CY:  0 W:  0 H:  0 Px:    0 || IMU: AX: -0.3 AY: -0.3 AZ: -8.8 TZ: -0.1 || Yaw Error:-28.7deg || Batt: 3.04V  LOW! || State: MANUAL   
[COMMAND] Mode: MANUAL                || Motors: [0, 70, 0, 0]
[LATENCY] Delta:  32.1ms | Avg:  40.0ms | Rate: 25.0 FPS | Queue: 0B

[2026-09-15 18:03:44.197]
[TELEMETRY] Motors: [2, 70, 0, 0] || Vision: CX:  0 CY:  0 W:  0 H:  0 Px:    0 || IMU: AX: -0.3 AY: -0.4 AZ: -8.9 TZ: -0.1 || Yaw Error:-28.7deg || Batt: 3.04V  LOW! || State: MANUAL   
[COMMAND] Mode: MANUAL                || Motors: [0, 70, 0, 0]
[LATENCY] Delta:  35.8ms | Avg:  40.0ms | Rate: 25.0 FPS | Queue: 0B

[2026-09-15 18:03:44.232]
[TELEMETRY] Motors: [2, 70, 0, 0] || Vision: CX:  0 CY:  0 W:  0 H:  0 Px:    0 || IMU: AX: -0.5 AY: -0.4 AZ: -8.8 TZ: -0.1 || Yaw Error:-28.7deg || Batt: 3.04V  LOW! || State: MANUAL   
[COMMAND] Mode: MANUAL                || Motors: [0, 70, 0, 0]
[LATENCY] Delta:  40.4ms | Avg:  40.0ms | Rate: 25.0 FPS | Queue: 0B

[2026-09-15 18:03:44.283]
[TELEMETRY] Motors: [2, 70, 0, 0] || Vision: CX:  0 CY:  0 W:  0 H:  0 Px:    0 || IMU: AX: -0.3 AY: -0.4 AZ: -8.7 TZ: -0.1 || Yaw Error:-28.7deg || Batt: 3.04V  LOW! || State: MANUAL   
[COMMAND] Mode: MANUAL                || Motors: [0, 20, 0, 0]
[LATENCY] Delta:  44.0ms | Avg:  40.0ms | Rate: 25.0 FPS | Queue: 0B

[2026-09-15 18:03:44.316]
[TELEMETRY] Motors: [1, 20, 0, 0] || Vision: CX:  0 CY:  0 W:  0 H:  0 Px:    0 || IMU: AX: -0.3 AY: -0.5 AZ: -8.7 TZ: -0.0 || Yaw Error:-28.7deg || Batt: 3.04V  LOW! || State: MANUAL   
[COMMAND] Mode: MANUAL                || Motors: [0, 20, 0, 0]
[LATENCY] Delta:  36.0ms | Avg:  40.0ms | Rate: 25.0 FPS | Queue: 0B

[2026-09-15 18:03:44.368]
[TELEMETRY] Motors: [1, 20, 0, 0] || Vision: CX:  0 CY:  0 W:  0 H:  0 Px:    0 || IMU: AX: -0.3 AY: -0.6 AZ: -8.7 TZ: -0.1 || Yaw Error:-28.7deg || Batt: 3.04V  LOW! || State: MANUAL   
[COMMAND] Mode: MANUAL                || Motors: [0, 20, 0, 0]
[LATENCY] Delta:  41.6ms | Avg:  40.0ms | Rate: 25.0 FPS | Queue: 0B

[2026-09-15 18:03:44.402]
[TELEMETRY] Motors: [0, 20, 0, 0] || Vision: CX:  0 CY:  0 W:  0 H:  0 Px:    0 || IMU: AX: -0.5 AY: -0.6 AZ: -8.9 TZ: -0.0 || Yaw Error:-28.7deg || Batt: 3.04V  LOW! || State: MANUAL   
[COMMAND] Mode: MANUAL                || Motors: [0, 20, 0, 0]
[LATENCY] Delta:  41.2ms | Avg:  40.0ms | Rate: 25.0 FPS | Queue: 0B

[2026-09-15 18:03:44.437]
[TELEMETRY] Motors: [0, 20, 0, 0] || Vision: CX:  0 CY:  0 W:  0 H:  0 Px:    0 || IMU: AX: -0.4 AY: -0.7 AZ: -8.7 TZ: -0.0 || Yaw Error:-28.7deg || Batt: 3.04V  LOW! || State: MANUAL   
[COMMAND] Mode: MANUAL                || Motors: [0, 20, 0, 0]
[LATENCY] Delta:  37.9ms | Avg:  40.0ms | Rate: 25.0 FPS | Queue: 0B

[2026-09-15 18:03:44.472]
[TELEMETRY] Motors: [0, 20, 0, 0] || Vision: CX:  0 CY:  0 W:  0 H:  0 Px:    0 || IMU: AX: -0.2 AY: -0.3 AZ: -8.7 TZ: -0.0 || Yaw Error:-28.7deg || Batt: 3.04V  LOW! || State: MANUAL   
[COMMAND] Mode: MANUAL                || Motors: [0, 20, 0, 0]
[LATENCY] Delta:  38.5ms | Avg:  40.0ms | Rate: 25.0 FPS | Queue: 0B

[2026-09-15 18:03:44.522]
[TELEMETRY] Motors: [0, 20, 0, 0] || Vision: CX:  0 CY:  0 W:  0 H:  0 Px:    0 || IMU: AX: -0.5 AY: -0.5 AZ: -8.9 TZ: -0.0 || Yaw Error:-28.7deg || Batt: 3.04V  LOW! || State: MANUAL   
[COMMAND] Mode: MANUAL                || Motors: [0, 20, 0, 0]
[LATENCY] Delta:  43.2ms | Avg:  40.0ms | Rate: 25.0 FPS | Queue: 0B

[2026-09-15 18:03:44.558]
[TELEMETRY] Motors: [0, 20, 0, 0] || Vision: CX:  0 CY:  0 W:  0 H:  0 Px:    0 || IMU: AX: -0.3 AY: -0.5 AZ: -8.8 TZ: -0.0 || Yaw Error:-28.7deg || Batt: 3.04V  LOW! || State: MANUAL   
[COMMAND] Mode: MANUAL                || Motors: [0, 20, 0, 0]
[LATENCY] Delta:  36.7ms | Avg:  40.0ms | Rate: 25.0 FPS | Queue: 0B

[2026-09-15 18:03:44.609]
[TELEMETRY] Motors: [0, 20, 0, 0] || Vision: CX:  0 CY:  0 W:  0 H:  0 Px:    0 || IMU: AX: -0.4 AY: -0.5 AZ: -8.8 TZ: -0.0 || Yaw Error:-28.7deg || Batt: 3.07V  LOW! || State: MANUAL   
[COMMAND] Mode: MANUAL                || Motors: [0, 70, 0, 0]
[LATENCY] Delta:  46.0ms | Avg:  40.0ms | Rate: 25.0 FPS | Queue: 0B

[2026-09-15 18:03:44.643]
[TELEMETRY] Motors: [0, 70, 0, 0] || Vision: CX:  0 CY:  0 W:  0 H:  0 Px:    0 || IMU: AX: -0.2 AY: -0.5 AZ: -8.9 TZ: -0.0 || Yaw Error:-28.7deg || Batt: 3.07V  LOW! || State: MANUAL   
[COMMAND] Mode: MANUAL                || Motors: [0, 70, 0, 0]
[LATENCY] Delta:  39.5ms | Avg:  40.0ms | Rate: 25.0 FPS | Queue: 0B

[2026-09-15 18:03:44.676]
[TELEMETRY] Motors: [0, 70, 0, 0] || Vision: CX:  0 CY:  0 W:  0 H:  0 Px:    0 || IMU: AX: -0.3 AY: -0.5 AZ: -8.8 TZ: -0.0 || Yaw Error:-28.7deg || Batt: 3.07V  LOW! || State: MANUAL   
[COMMAND] Mode: MANUAL                || Motors: [0, 70, 0, 0]
[LATENCY] Delta:  36.0ms | Avg:  40.0ms | Rate: 25.0 FPS | Queue: 0B

[2026-09-15 18:03:44.726]
[TELEMETRY] Motors: [0, 70, 0, 0] || Vision: CX:  0 CY:  0 W:  0 H:  0 Px:    0 || IMU: AX: -0.2 AY: -0.6 AZ: -8.7 TZ: -0.0 || Yaw Error:-28.7deg || Batt: 3.07V  LOW! || State: MANUAL   
[COMMAND] Mode: MANUAL                || Motors: [0, 70, 0, 0]
[LATENCY] Delta:  40.3ms | Avg:  40.0ms | Rate: 25.0 FPS | Queue: 0B

[2026-09-15 18:03:44.759]
[TELEMETRY] Motors: [0, 70, 0, 0] || Vision: CX:  0 CY:  0 W:  0 H:  0 Px:    0 || IMU: AX: -0.2 AY: -0.6 AZ: -8.7 TZ: -0.0 || Yaw Error:-28.7deg || Batt: 3.07V  LOW! || State: MANUAL   
[COMMAND] Mode: MANUAL                || Motors: [0, 70, 0, 0]
[LATENCY] Delta:  40.3ms | Avg:  40.0ms | Rate: 25.0 FPS | Queue: 0B

[2026-09-15 18:03:44.809]
[TELEMETRY] Motors: [0, 70, 0, 0] || Vision: CX:  0 CY:  0 W:  0 H:  0 Px:    0 || IMU: AX: -0.2 AY: -0.6 AZ: -8.7 TZ: -0.0 || Yaw Error:-28.7deg || Batt: 3.07V  LOW! || State: MANUAL   
[COMMAND] Mode: MANUAL                || Motors: [0, 70, 0, 0]
[LATENCY] Delta:  42.3ms | Avg:  40.0ms | Rate: 25.0 FPS | Queue: 0B

[2026-09-15 18:03:44.841]
[TELEMETRY] Motors: [0, 70, 0, 0] || Vision: CX:  0 CY:  0 W:  0 H:  0 Px:    0 || IMU: AX: -0.4 AY: -0.5 AZ: -8.8 TZ:  0.0 || Yaw Error:-28.7deg || Batt: 3.07V  LOW! || State: MANUAL   
[COMMAND] Mode: MANUAL                || Motors: [0, 70, 0, 0]
[LATENCY] Delta:  38.4ms | Avg:  40.0ms | Rate: 25.0 FPS | Queue: 0B

[2026-09-15 18:03:44.874]
[TELEMETRY] Motors: [0, 70, 0, 0] || Vision: CX:  0 CY:  0 W:  0 H:  0 Px:    0 || IMU: AX: -0.1 AY: -0.6 AZ: -8.8 TZ:  0.0 || Yaw Error:-28.7deg || Batt: 3.07V  LOW! || State: MANUAL   
[COMMAND] Mode: MANUAL                || Motors: [0, 70, 0, 0]
[LATENCY] Delta:  37.6ms | Avg:  40.0ms | Rate: 25.0 FPS | Queue: 0B

[2026-09-15 18:03:44.926]
[TELEMETRY] Motors: [0, 70, 0, 0] || Vision: CX:  0 CY:  0 W:  0 H:  0 Px:    0 || IMU: AX: -0.2 AY: -0.5 AZ: -8.7 TZ:  0.0 || Yaw Error:-28.7deg || Batt: 3.07V  LOW! || State: MANUAL   
[COMMAND] Mode: MANUAL                || Motors: [0, 70, 0, 0]
[LATENCY] Delta:  45.8ms | Avg:  40.0ms | Rate: 25.0 FPS | Queue: 0B

[2026-09-15 18:03:44.960]
[TELEMETRY] Motors: [0, 70, 0, 0] || Vision: CX:  0 CY:  0 W:  0 H:  0 Px:    0 || IMU: AX: -0.2 AY: -0.4 AZ: -8.7 TZ:  0.0 || Yaw Error:-28.7deg || Batt: 3.07V  LOW! || State: MANUAL   
[COMMAND] Mode: MANUAL                || Motors: [0, 70, 0, 0]
[LATENCY] Delta:  36.7ms | Avg:  40.0ms | Rate: 25.0 FPS | Queue: 0B

[2026-09-15 18:03:44.992]
[TELEMETRY] Motors: [0, 70, 0, 1] || Vision: CX:  0 CY:  0 W:  0 H:  0 Px:    0 || IMU: AX: -0.1 AY: -0.3 AZ: -8.8 TZ:  0.0 || Yaw Error:-28.7deg || Batt: 3.07V  LOW! || State: MANUAL   
[COMMAND] Mode: MANUAL                || Motors: [0, 70, 0, 0]
[LATENCY] Delta:  37.4ms | Avg:  40.0ms | Rate: 25.0 FPS | Queue: 0B

[2026-09-15 18:03:45.043]
[TELEMETRY] Motors: [0, 70, 0, 1] || Vision: CX:  0 CY:  0 W:  0 H:  0 Px:    0 || IMU: AX: -0.2 AY: -0.2 AZ: -8.8 TZ:  0.1 || Yaw Error:-28.7deg || Batt: 3.07V  LOW! || State: MANUAL   
[COMMAND] Mode: MANUAL                || Motors: [0, 20, 0, 0]
[LATENCY] Delta:  44.3ms | Avg:  40.0ms | Rate: 25.0 FPS | Queue: 0B

[2026-09-15 18:03:45.076]
[TELEMETRY] Motors: [0, 70, 0, 1] || Vision: CX:  0 CY:  0 W:  0 H:  0 Px:    0 || IMU: AX: -0.1 AY: -0.5 AZ: -8.8 TZ:  0.1 || Yaw Error:-28.7deg || Batt: 3.07V  LOW! || State: MANUAL   
[COMMAND] Mode: MANUAL                || Motors: [0, 20, 0, 0]
[LATENCY] Delta:  37.3ms | Avg:  40.0ms | Rate: 25.0 FPS | Queue: 0B

[2026-09-15 18:03:45.125]
[TELEMETRY] Motors: [0, 20, 0, 2] || Vision: CX:  0 CY:  0 W:  0 H:  0 Px:    0 || IMU: AX: -0.2 AY: -0.4 AZ: -8.8 TZ:  0.1 || Yaw Error:-28.7deg || Batt: 3.06V  LOW! || State: MANUAL   
[COMMAND] Mode: MANUAL                || Motors: [0, 20, 0, 0]
[LATENCY] Delta:  40.0ms | Avg:  40.0ms | Rate: 25.0 FPS | Queue: 0B

[2026-09-15 18:03:45.157]
[TELEMETRY] Motors: [0, 20, 0, 2] || Vision: CX:  0 CY:  0 W:  0 H:  0 Px:    0 || IMU: AX: -0.2 AY: -0.3 AZ: -8.7 TZ:  0.1 || Yaw Error:-28.7deg || Batt: 3.06V  LOW! || State: MANUAL   
[COMMAND] Mode: MANUAL                || Motors: [0, 20, 0, 0]
[LATENCY] Delta:  39.9ms | Avg:  40.0ms | Rate: 25.0 FPS | Queue: 0B

[2026-09-15 18:03:45.208]
[TELEMETRY] Motors: [0, 20, 0, 1] || Vision: CX:  0 CY:  0 W:  0 H:  0 Px:    0 || IMU: AX: -0.1 AY: -0.4 AZ: -8.7 TZ:  0.1 || Yaw Error:-28.7deg || Batt: 3.06V  LOW! || State: MANUAL   
[COMMAND] Mode: MANUAL                || Motors: [0, 70, 0, 0]
[LATENCY] Delta:  43.3ms | Avg:  40.0ms | Rate: 25.0 FPS | Queue: 0B

[2026-09-15 18:03:45.242]
[TELEMETRY] Motors: [0, 70, 0, 2] || Vision: CX:  0 CY:  0 W:  0 H:  0 Px:    0 || IMU: AX: -0.1 AY: -0.5 AZ: -8.8 TZ:  0.1 || Yaw Error:-28.7deg || Batt: 3.06V  LOW! || State: MANUAL   
[COMMAND] Mode: MANUAL                || Motors: [0, 70, 0, 0]
[LATENCY] Delta:  39.6ms | Avg:  40.0ms | Rate: 25.0 FPS | Queue: 0B

[2026-09-15 18:03:45.277]
[TELEMETRY] Motors: [0, 70, 0, 2] || Vision: CX:  0 CY:  0 W:  0 H:  0 Px:    0 || IMU: AX: -0.2 AY: -0.2 AZ: -8.9 TZ:  0.1 || Yaw Error:-28.7deg || Batt: 3.06V  LOW! || State: MANUAL   
[COMMAND] Mode: MANUAL                || Motors: [0, 20, 0, 0]
[LATENCY] Delta:  37.4ms | Avg:  40.0ms | Rate: 25.0 FPS | Queue: 0B

[2026-09-15 18:03:45.327]
[TELEMETRY] Motors: [0, 70, 0, 2] || Vision: CX:  0 CY:  0 W:  0 H:  0 Px:    0 || IMU: AX: -0.4 AY: -0.3 AZ: -8.8 TZ:  0.1 || Yaw Error:-28.7deg || Batt: 3.06V  LOW! || State: MANUAL   
[COMMAND] Mode: MANUAL                || Motors: [0, 20, 0, 0]
[LATENCY] Delta:  41.1ms | Avg:  40.0ms | Rate: 25.0 FPS | Queue: 0B

[2026-09-15 18:03:45.361]
[TELEMETRY] Motors: [0, 20, 0, 2] || Vision: CX:  0 CY:  0 W:  0 H:  0 Px:    0 || IMU: AX: -0.4 AY: -0.1 AZ: -8.8 TZ:  0.1 || Yaw Error:-28.7deg || Batt: 3.06V  LOW! || State: MANUAL   
[COMMAND] Mode: MANUAL                || Motors: [0, 20, 0, 0]
[LATENCY] Delta:  39.8ms | Avg:  40.0ms | Rate: 25.0 FPS | Queue: 0B

[2026-09-15 18:03:45.394]
[TELEMETRY] Motors: [0, 20, 0, 2] || Vision: CX:  0 CY:  0 W:  0 H:  0 Px:    0 || IMU: AX: -0.3 AY: -0.1 AZ: -8.9 TZ:  0.1 || Yaw Error:-28.7deg || Batt: 3.06V  LOW! || State: MANUAL   
[COMMAND] Mode: MANUAL                || Motors: [0, 20, 0, 0]
[LATENCY] Delta:  37.0ms | Avg:  40.0ms | Rate: 25.0 FPS | Queue: 0B

[2026-09-15 18:03:45.444]
[TELEMETRY] Motors: [0, 20, 0, 2] || Vision: CX:  0 CY:  0 W:  0 H:  0 Px:    0 || IMU: AX: -0.2 AY: -0.1 AZ: -8.9 TZ:  0.1 || Yaw Error:-28.7deg || Batt: 3.06V  LOW! || State: MANUAL   
[COMMAND] Mode: MANUAL                || Motors: [0, 70, 0, 0]
[LATENCY] Delta:  45.2ms | Avg:  40.0ms | Rate: 25.0 FPS | Queue: 0B

[2026-09-15 18:03:45.478]
[TELEMETRY] Motors: [0, 20, 0, 2] || Vision: CX:  0 CY:  0 W:  0 H:  0 Px:    0 || IMU: AX: -0.4 AY: -0.2 AZ: -8.8 TZ:  0.1 || Yaw Error:-28.7deg || Batt: 3.06V  LOW! || State: MANUAL   
[COMMAND] Mode: MANUAL                || Motors: [0, 70, 0, 0]
[LATENCY] Delta:  35.4ms | Avg:  40.0ms | Rate: 25.0 FPS | Queue: 0B

[2026-09-15 18:03:45.512]
[TELEMETRY] Motors: [0, 70, 0, 2] || Vision: CX:  0 CY:  0 W:  0 H:  0 Px:    0 || IMU: AX: -0.4 AY: -0.2 AZ: -8.7 TZ:  0.1 || Yaw Error:-28.7deg || Batt: 3.06V  LOW! || State: MANUAL   
[COMMAND] Mode: MANUAL                || Motors: [0, 20, 0, 0]
[LATENCY] Delta:  39.2ms | Avg:  40.0ms | Rate: 25.0 FPS | Queue: 0B

[2026-09-15 18:03:45.563]
[TELEMETRY] Motors: [0, 20, 0, 2] || Vision: CX:  0 CY:  0 W:  0 H:  0 Px:    0 || IMU: AX: -0.3 AY: -0.3 AZ: -8.7 TZ:  0.1 || Yaw Error:-28.7deg || Batt: 3.06V  LOW! || State: MANUAL   
[COMMAND] Mode: MANUAL                || Motors: [0, 20, 0, 0]
[LATENCY] Delta:  44.5ms | Avg:  40.0ms | Rate: 25.0 FPS | Queue: 0B

[2026-09-15 18:03:45.596]
[TELEMETRY] Motors: [0, 20, 0, 2] || Vision: CX:  0 CY:  0 W:  0 H:  0 Px:    0 || IMU: AX: -0.3 AY: -0.2 AZ: -8.8 TZ:  0.1 || Yaw Error:-28.7deg || Batt: 3.06V  LOW! || State: MANUAL   
[COMMAND] Mode: MANUAL                || Motors: [0, 20, 0, 0]
[LATENCY] Delta:  38.4ms | Avg:  40.0ms | Rate: 25.0 FPS | Queue: 0B

[2026-09-15 18:03:45.648]
[TELEMETRY] Motors: [0, 20, 0, 2] || Vision: CX:  0 CY:  0 W:  0 H:  0 Px:    0 || IMU: AX: -0.2 AY: -0.5 AZ: -8.8 TZ:  0.1 || Yaw Error:-28.7deg || Batt: 3.06V  LOW! || State: MANUAL   
[COMMAND] Mode: MANUAL                || Motors: [0, 20, 0, 0]
[LATENCY] Delta:  47.6ms | Avg:  40.0ms | Rate: 25.0 FPS | Queue: 0B

[2026-09-15 18:03:45.683]
[TELEMETRY] Motors: [0, 20, 0, 2] || Vision: CX:  0 CY:  0 W:  0 H:  0 Px:    0 || IMU: AX: -0.3 AY: -0.3 AZ: -8.9 TZ:  0.1 || Yaw Error:-28.7deg || Batt: 3.06V  LOW! || State: MANUAL   
[COMMAND] Mode: MANUAL                || Motors: [0, 20, 0, 0]
[LATENCY] Delta:  33.2ms | Avg:  40.0ms | Rate: 25.0 FPS | Queue: 0B

[2026-09-15 18:03:45.716]
[TELEMETRY] Motors: [0, 20, 0, 3] || Vision: CX:  0 CY:  0 W:  0 H:  0 Px:    0 || IMU: AX: -0.5 AY: -0.4 AZ: -8.9 TZ:  0.1 || Yaw Error:-28.7deg || Batt: 3.06V  LOW! || State: MANUAL   
[COMMAND] Mode: MANUAL                || Motors: [0, 20, 0, 0]
[LATENCY] Delta:  37.3ms | Avg:  40.0ms | Rate: 25.0 FPS | Queue: 0B

[2026-09-15 18:03:45.765]
[TELEMETRY] Motors: [0, 20, 0, 2] || Vision: CX:  0 CY:  0 W:  0 H:  0 Px:    0 || IMU: AX: -0.3 AY: -0.2 AZ: -8.8 TZ:  0.1 || Yaw Error:-28.7deg || Batt: 3.06V  LOW! || State: MANUAL   
[COMMAND] Mode: MANUAL                || Motors: [0, 20, 0, 0]
[LATENCY] Delta:  41.1ms | Avg:  40.0ms | Rate: 25.0 FPS | Queue: 0B

[2026-09-15 18:03:45.800]
[TELEMETRY] Motors: [0, 20, 0, 2] || Vision: CX:  0 CY:  0 W:  0 H:  0 Px:    0 || IMU: AX: -0.6 AY: -0.4 AZ: -8.7 TZ:  0.1 || Yaw Error:-28.7deg || Batt: 3.06V  LOW! || State: MANUAL   
[COMMAND] Mode: MANUAL                || Motors: [0, 20, 0, 0]
[LATENCY] Delta:  38.4ms | Avg:  40.0ms | Rate: 25.0 FPS | Queue: 0B

[2026-09-15 18:03:45.833]
[TELEMETRY] Motors: [0, 20, 0, 2] || Vision: CX:  0 CY:  0 W:  0 H:  0 Px:    0 || IMU: AX: -0.0 AY:  0.0 AZ: -8.9 TZ:  0.1 || Yaw Error:-28.7deg || Batt: 3.06V  LOW! || State: MANUAL   
[COMMAND] Mode: MANUAL                || Motors: [0, 20, 0, 0]
[LATENCY] Delta:  39.8ms | Avg:  40.0ms | Rate: 25.0 FPS | Queue: 0B

[2026-09-15 18:03:45.884]
[TELEMETRY] Motors: [0, 20, 0, 1] || Vision: CX:  0 CY:  0 W:  0 H:  0 Px:    0 || IMU: AX:  0.0 AY: -0.6 AZ: -9.0 TZ:  0.0 || Yaw Error:-28.7deg || Batt: 3.06V  LOW! || State: MANUAL   
[COMMAND] Mode: MANUAL                || Motors: [0, 20, 0, 0]
[LATENCY] Delta:  39.9ms | Avg:  40.0ms | Rate: 25.0 FPS | Queue: 0B

[2026-09-15 18:03:45.917]
[TELEMETRY] Motors: [0, 20, 0, 1] || Vision: CX:  0 CY:  0 W:  0 H:  0 Px:    0 || IMU: AX: -0.9 AY: -0.7 AZ: -8.5 TZ:  0.0 || Yaw Error:-28.7deg || Batt: 3.06V  LOW! || State: MANUAL   
[COMMAND] Mode: MANUAL                || Motors: [0, 20, 0, 0]
[LATENCY] Delta:  39.4ms | Avg:  40.0ms | Rate: 25.0 FPS | Queue: 0B

[2026-09-15 18:03:45.966]
[TELEMETRY] Motors: [0, 20, 0, 2] || Vision: CX:  0 CY:  0 W:  0 H:  0 Px:    0 || IMU: AX:  1.0 AY: -0.3 AZ: -8.4 TZ:  0.1 || Yaw Error:-28.7deg || Batt: 3.06V  LOW! || State: MANUAL   
[COMMAND] Mode: MANUAL                || Motors: [0, 20, 0, 0]
[LATENCY] Delta:  43.9ms | Avg:  40.0ms | Rate: 25.0 FPS | Queue: 0B

[2026-09-15 18:03:46.003]
[TELEMETRY] Motors: [0, 20, 0, 2] || Vision: CX:  0 CY:  0 W:  0 H:  0 Px:    0 || IMU: AX: -0.7 AY: -0.4 AZ: -8.7 TZ:  0.1 || Yaw Error:-28.7deg || Batt: 3.06V  LOW! || State: MANUAL   
[COMMAND] Mode: MANUAL                || Motors: [0, 20, 0, 0]
[LATENCY] Delta:  39.2ms | Avg:  40.0ms | Rate: 25.0 FPS | Queue: 0B

[2026-09-15 18:03:46.037]
[TELEMETRY] Motors: [0, 20, 0, 2] || Vision: CX:  0 CY:  0 W:  0 H:  0 Px:    0 || IMU: AX:  1.0 AY: -0.2 AZ: -8.9 TZ:  0.1 || Yaw Error:-28.7deg || Batt: 3.06V  LOW! || State: MANUAL   
[COMMAND] Mode: MANUAL                || Motors: [0, 20, 0, 0]
[LATENCY] Delta:  36.5ms | Avg:  40.0ms | Rate: 25.0 FPS | Queue: 0B

[2026-09-15 18:03:46.087]
[TELEMETRY] Motors: [0, 20, 0, 4] || Vision: CX:  0 CY:  0 W:  0 H:  0 Px:    0 || IMU: AX: -0.4 AY: -0.6 AZ: -9.0 TZ:  0.2 || Yaw Error:-28.7deg || Batt: 3.06V  LOW! || State: MANUAL   
[COMMAND] Mode: MANUAL                || Motors: [0, 20, 0, 0]
[LATENCY] Delta:  44.3ms | Avg:  40.0ms | Rate: 25.0 FPS | Queue: 0B

[2026-09-15 18:03:46.122]
[TELEMETRY] Motors: [0, 20, 0, 5] || Vision: CX:  0 CY:  0 W:  0 H:  0 Px:    0 || IMU: AX:  0.7 AY: -0.9 AZ: -8.4 TZ:  0.2 || Yaw Error:-28.7deg || Batt: 3.06V  LOW! || State: MANUAL   
[COMMAND] Mode: MANUAL                || Motors: [0, 20, 0, 0]
[LATENCY] Delta:  39.6ms | Avg:  40.0ms | Rate: 25.0 FPS | Queue: 0B

[2026-09-15 18:03:46.155]
[TELEMETRY] Motors: [0, 20, 0, 6] || Vision: CX:  0 CY:  0 W:  0 H:  0 Px:    0 || IMU: AX: -0.8 AY: -0.4 AZ: -8.2 TZ:  0.3 || Yaw Error:-28.7deg || Batt: 3.03V  LOW! || State: MANUAL   
[COMMAND] Mode: MANUAL                || Motors: [0, 20, 0, 0]
[LATENCY] Delta:  38.3ms | Avg:  40.0ms | Rate: 25.0 FPS | Queue: 0B

[2026-09-15 18:03:46.206]
[TELEMETRY] Motors: [0, 20, 0, 7] || Vision: CX:  0 CY:  0 W:  0 H:  0 Px:    0 || IMU: AX: -0.1 AY: -0.8 AZ: -8.8 TZ:  0.3 || Yaw Error:-28.7deg || Batt: 3.03V  LOW! || State: MANUAL   
[COMMAND] Mode: MANUAL                || Motors: [0, 20, 0, 0]
[LATENCY] Delta:  40.7ms | Avg:  40.0ms | Rate: 25.0 FPS | Queue: 0B

[2026-09-15 18:03:46.240]
[TELEMETRY] Motors: [0, 20, 0, 8] || Vision: CX:  0 CY:  0 W:  0 H:  0 Px:    0 || IMU: AX: -0.0 AY: -0.8 AZ: -8.9 TZ:  0.4 || Yaw Error:-28.7deg || Batt: 3.03V  LOW! || State: MANUAL   
[COMMAND] Mode: MANUAL                || Motors: [0, 20, 0, 0]
[LATENCY] Delta:  40.3ms | Avg:  40.0ms | Rate: 25.0 FPS | Queue: 0B

[2026-09-15 18:03:46.273]
[TELEMETRY] Motors: [0, 20, 0, 11] || Vision: CX:  0 CY:  0 W:  0 H:  0 Px:    0 || IMU: AX: -0.0 AY: -0.4 AZ: -8.9 TZ:  0.5 || Yaw Error:-28.7deg || Batt: 3.03V  LOW! || State: MANUAL   
[COMMAND] Mode: MANUAL                || Motors: [0, 20, 0, 0]
[LATENCY] Delta:  37.6ms | Avg:  40.0ms | Rate: 25.0 FPS | Queue: 0B

[2026-09-15 18:03:46.324]
[TELEMETRY] Motors: [0, 20, 0, 10] || Vision: CX:  0 CY:  0 W:  0 H:  0 Px:    0 || IMU: AX: -0.3 AY: -0.6 AZ: -8.6 TZ:  0.4 || Yaw Error:-28.7deg || Batt: 3.03V  LOW! || State: MANUAL   
[COMMAND] Mode: MANUAL                || Motors: [0, 20, 0, 0]
[LATENCY] Delta:  44.4ms | Avg:  40.0ms | Rate: 25.0 FPS | Queue: 0B

[2026-09-15 18:03:46.356]
[TELEMETRY] Motors: [0, 20, 0, 11] || Vision: CX:  0 CY:  0 W:  0 H:  0 Px:    0 || IMU: AX:  0.5 AY: -0.8 AZ: -8.7 TZ:  0.4 || Yaw Error:-28.7deg || Batt: 3.03V  LOW! || State: MANUAL   
[COMMAND] Mode: MANUAL                || Motors: [0, 20, 0, 0]
[LATENCY] Delta:  38.2ms | Avg:  40.0ms | Rate: 25.0 FPS | Queue: 0B

[2026-09-15 18:03:46.405]
[TELEMETRY] Motors: [0, 20, 0, 9] || Vision: CX:  0 CY:  0 W:  0 H:  0 Px:    0 || IMU: AX: -0.2 AY: -0.2 AZ: -8.6 TZ:  0.4 || Yaw Error:-28.7deg || Batt: 3.03V  LOW! || State: MANUAL   
[COMMAND] Mode: MANUAL                || Motors: [0, 20, 0, 0]
[LATENCY] Delta:  39.6ms | Avg:  40.0ms | Rate: 25.0 FPS | Queue: 0B

[2026-09-15 18:03:46.437]
[TELEMETRY] Motors: [0, 20, 0, 7] || Vision: CX:  0 CY:  0 W:  0 H:  0 Px:    0 || IMU: AX:  0.4 AY: -0.4 AZ: -9.0 TZ:  0.3 || Yaw Error:-28.7deg || Batt: 3.03V  LOW! || State: MANUAL   
[COMMAND] Mode: MANUAL                || Motors: [0, 20, 0, 0]
[LATENCY] Delta:  37.1ms | Avg:  40.0ms | Rate: 25.0 FPS | Queue: 0B

[2026-09-15 18:03:46.488]
[TELEMETRY] Motors: [0, 20, 0, 6] || Vision: CX:  0 CY:  0 W:  0 H:  0 Px:    0 || IMU: AX:  0.5 AY: -0.8 AZ: -8.8 TZ:  0.3 || Yaw Error:-28.7deg || Batt: 3.03V  LOW! || State: MANUAL   
[COMMAND] Mode: MANUAL                || Motors: [0, 20, 0, 0]
[LATENCY] Delta:  45.6ms | Avg:  40.0ms | Rate: 25.0 FPS | Queue: 0B

[2026-09-15 18:03:46.521]
[TELEMETRY] Motors: [0, 20, 0, 3] || Vision: CX:  0 CY:  0 W:  0 H:  0 Px:    0 || IMU: AX:  0.5 AY: -0.5 AZ: -8.7 TZ:  0.2 || Yaw Error:-28.7deg || Batt: 3.03V  LOW! || State: MANUAL   
[COMMAND] Mode: MANUAL                || Motors: [0, 20, 0, 0]
[LATENCY] Delta:  37.7ms | Avg:  40.0ms | Rate: 25.0 FPS | Queue: 0B

[2026-09-15 18:03:46.554]
[TELEMETRY] Motors: [0, 20, 0, 1] || Vision: CX:  0 CY:  0 W:  0 H:  0 Px:    0 || IMU: AX:  0.4 AY: -0.5 AZ: -8.7 TZ:  0.0 || Yaw Error:-28.7deg || Batt: 3.03V  LOW! || State: MANUAL   
[COMMAND] Mode: MANUAL                || Motors: [0, 20, 0, 0]
[LATENCY] Delta:  37.8ms | Avg:  40.0ms | Rate: 25.0 FPS | Queue: 0B

[2026-09-15 18:03:46.604]
[TELEMETRY] Motors: [0, 20, 0, 0] || Vision: CX:  0 CY:  0 W:  0 H:  0 Px:    0 || IMU: AX:  0.4 AY: -0.5 AZ: -8.6 TZ: -0.0 || Yaw Error:-28.7deg || Batt: 3.03V  LOW! || State: MANUAL   
[COMMAND] Mode: MANUAL                || Motors: [0, 20, 0, 0]
[LATENCY] Delta:  39.7ms | Avg:  40.0ms | Rate: 25.0 FPS | Queue: 0B

[2026-09-15 18:03:46.638]
[TELEMETRY] Motors: [1, 20, 0, 0] || Vision: CX:  0 CY:  0 W:  0 H:  0 Px:    0 || IMU: AX:  0.2 AY: -0.8 AZ: -9.4 TZ: -0.1 || Yaw Error:-28.7deg || Batt: 3.03V  LOW! || State: MANUAL   
[COMMAND] Mode: MANUAL                || Motors: [0, 20, 0, 0]
[LATENCY] Delta:  39.0ms | Avg:  40.0ms | Rate: 25.0 FPS | Queue: 0B

[2026-09-15 18:03:46.688]
[TELEMETRY] Motors: [3, 20, 0, 0] || Vision: CX:  0 CY:  0 W:  0 H:  0 Px:    0 || IMU: AX:  0.7 AY: -0.4 AZ: -8.9 TZ: -0.1 || Yaw Error:-28.7deg || Batt: 3.06V  LOW! || State: MANUAL   
[COMMAND] Mode: MANUAL                || Motors: [0, 20, 0, 0]
[LATENCY] Delta:  44.8ms | Avg:  40.0ms | Rate: 25.0 FPS | Queue: 0B

[2026-09-15 18:03:46.721]
[TELEMETRY] Motors: [6, 20, 0, 0] || Vision: CX:  0 CY:  0 W:  0 H:  0 Px:    0 || IMU: AX: -0.1 AY: -0.6 AZ: -8.9 TZ: -0.3 || Yaw Error:-28.7deg || Batt: 3.06V  LOW! || State: MANUAL   
[COMMAND] Mode: MANUAL                || Motors: [0, 20, 0, 0]
[LATENCY] Delta:  38.9ms | Avg:  40.0ms | Rate: 25.0 FPS | Queue: 0B

[2026-09-15 18:03:46.754]
[TELEMETRY] Motors: [6, 20, 0, 0] || Vision: CX:147 CY: 88 W: 79 H: 71 Px:  100 || IMU: AX:  0.7 AY: -0.9 AZ: -8.4 TZ: -0.3 || Yaw Error: -2.3deg || Batt: 3.06V  LOW! || State: MANUAL   
[COMMAND] Mode: MANUAL                || Motors: [0, 20, 0, 0]
[LATENCY] Delta:  35.8ms | Avg:  40.0ms | Rate: 25.0 FPS | Queue: 0B

[2026-09-15 18:03:46.787]
[TELEMETRY] Motors: [9, 20, 0, 0] || Vision: CX:144 CY: 87 W: 76 H: 69 Px:   91 || IMU: AX:  0.4 AY: -0.9 AZ: -8.2 TZ: -0.4 || Yaw Error: -2.9deg || Batt: 3.06V  LOW! || State: MANUAL   
[COMMAND] Mode: MANUAL                || Motors: [0, 20, 0, 0]
[LATENCY] Delta:  30.6ms | Avg:  39.9ms | Rate: 25.0 FPS | Queue: 0B

[2026-09-15 18:03:46.821]
[TELEMETRY] Motors: [10, 20, 0, 0] || Vision: CX:139 CY: 85 W: 78 H: 68 Px:   95 || IMU: AX: -0.2 AY: -0.9 AZ: -8.4 TZ: -0.4 || Yaw Error: -3.8deg || Batt: 3.06V  LOW! || State: MANUAL   
[COMMAND] Mode: MANUAL                || Motors: [0, 20, 0, 0]
[LATENCY] Delta:  41.1ms | Avg:  39.9ms | Rate: 25.0 FPS | Queue: 0B

[2026-09-15 18:03:46.872]
[TELEMETRY] Motors: [16, 20, 0, 0] || Vision: CX:135 CY: 85 W: 74 H: 69 Px:   70 || IMU: AX:  0.7 AY: -0.8 AZ: -8.4 TZ: -0.7 || Yaw Error: -4.5deg || Batt: 3.06V  LOW! || State: MANUAL   
[COMMAND] Mode: MANUAL                || Motors: [0, 20, 0, 0]
[LATENCY] Delta:  38.8ms | Avg:  39.9ms | Rate: 25.1 FPS | Queue: 0B

[2026-09-15 18:03:46.906]
[TELEMETRY] Motors: [14, 20, 0, 0] || Vision: CX:128 CY: 86 W: 76 H: 70 Px:   93 || IMU: AX: -0.7 AY: -0.2 AZ: -8.8 TZ: -0.6 || Yaw Error: -5.7deg || Batt: 3.06V  LOW! || State: MANUAL   
[COMMAND] Mode: MANUAL                || Motors: [0, 20, 0, 0]
[LATENCY] Delta:  38.8ms | Avg:  39.9ms | Rate: 25.1 FPS | Queue: 0B

[2026-09-15 18:03:46.955]
[TELEMETRY] Motors: [13, 20, 0, 0] || Vision: CX:122 CY: 87 W: 80 H: 69 Px:   81 || IMU: AX: -0.8 AY: -0.8 AZ: -8.8 TZ: -0.6 || Yaw Error: -6.8deg || Batt: 3.06V  LOW! || State: MANUAL   
[COMMAND] Mode: MANUAL                || Motors: [0, 20, 0, 0]
[LATENCY] Delta:  43.8ms | Avg:  39.9ms | Rate: 25.0 FPS | Queue: 0B

[2026-09-15 18:03:46.988]
[TELEMETRY] Motors: [14, 20, 0, 0] || Vision: CX:115 CY: 87 W: 74 H: 69 Px:   71 || IMU: AX: -0.5 AY: -0.7 AZ: -8.7 TZ: -0.6 || Yaw Error: -8.1deg || Batt: 3.06V  LOW! || State: MANUAL   
[COMMAND] Mode: MANUAL                || Motors: [0, 20, 0, 0]
[LATENCY] Delta:  37.7ms | Avg:  39.9ms | Rate: 25.0 FPS | Queue: 0B

[2026-09-15 18:03:47.021]
[TELEMETRY] Motors: [14, 20, 0, 0] || Vision: CX:110 CY: 86 W: 74 H: 69 Px:   73 || IMU: AX: -0.0 AY: -0.6 AZ: -8.8 TZ: -0.6 || Yaw Error: -9.0deg || Batt: 3.06V  LOW! || State: MANUAL   
[COMMAND] Mode: MANUAL                || Motors: [0, 20, 0, 0]
[LATENCY] Delta:  39.6ms | Avg:  39.9ms | Rate: 25.0 FPS | Queue: 0B

[2026-09-15 18:03:47.072]
[TELEMETRY] Motors: [14, 20, 0, 0] || Vision: CX:101 CY: 86 W: 77 H: 70 Px:   90 || IMU: AX: -0.2 AY: -0.9 AZ: -8.9 TZ: -0.6 || Yaw Error:-10.6deg || Batt: 3.06V  LOW! || State: MANUAL   
[COMMAND] Mode: MANUAL                || Motors: [0, 20, 0, 0]
[LATENCY] Delta:  44.0ms | Avg:  40.0ms | Rate: 25.0 FPS | Queue: 0B

[2026-09-15 18:03:47.104]
[TELEMETRY] Motors: [13, 20, 0, 0] || Vision: CX: 92 CY: 86 W: 76 H: 69 Px:   78 || IMU: AX:  0.2 AY: -0.7 AZ: -8.9 TZ: -0.5 || Yaw Error:-12.2deg || Batt: 3.06V  LOW! || State: MANUAL   
[COMMAND] Mode: MANUAL                || Motors: [0, 20, 0, 0]
[LATENCY] Delta:  35.8ms | Avg:  39.9ms | Rate: 25.0 FPS | Queue: 0B

[2026-09-15 18:03:47.155]
[TELEMETRY] Motors: [14, 20, 0, 0] || Vision: CX: 85 CY: 87 W: 76 H: 69 Px:   75 || IMU: AX: -0.3 AY: -0.5 AZ: -8.7 TZ: -0.6 || Yaw Error:-13.5deg || Batt: 3.06V  LOW! || State: MANUAL   
[COMMAND] Mode: MANUAL                || Motors: [0, 20, 0, 0]
[LATENCY] Delta:  41.9ms | Avg:  39.9ms | Rate: 25.0 FPS | Queue: 0B

[2026-09-15 18:03:47.189]
[TELEMETRY] Motors: [13, 20, 0, 0] || Vision: CX: 75 CY: 86 W: 85 H: 67 Px:   69 || IMU: AX:  0.1 AY: -0.4 AZ: -9.3 TZ: -0.5 || Yaw Error:-15.2deg || Batt: 3.03V  LOW! || State: MANUAL   
[COMMAND] Mode: MANUAL                || Motors: [0, 20, 0, 0]
[LATENCY] Delta:  40.3ms | Avg:  39.9ms | Rate: 25.0 FPS | Queue: 0B

[2026-09-15 18:03:47.222]
[TELEMETRY] Motors: [11, 20, 0, 0] || Vision: CX: 68 CY: 88 W: 77 H: 68 Px:   72 || IMU: AX: -0.7 AY: -1.1 AZ: -8.7 TZ: -0.5 || Yaw Error:-16.5deg || Batt: 3.03V  LOW! || State: MANUAL   
[COMMAND] Mode: MANUAL                || Motors: [0, 20, 0, 0]
[LATENCY] Delta:  38.2ms | Avg:  39.9ms | Rate: 25.0 FPS | Queue: 0B

[2026-09-15 18:03:47.290]
[TELEMETRY] Motors: [11, 20, 0, 0] || Vision: CX:  0 CY:  0 W:  0 H:  0 Px:    0 || IMU: AX: -0.2 AY: -0.1 AZ: -9.0 TZ: -0.4 || Yaw Error:-28.7deg || Batt: 3.03V  LOW! || State: MANUAL   
[COMMAND] Mode: MANUAL                || Motors: [0, 20, 0, 0]
[LATENCY] Delta:  57.6ms | Avg:  40.0ms | Rate: 25.0 FPS | Queue: 0B

[2026-09-15 18:03:47.325]
[TELEMETRY] Motors: [9, 20, 0, 0] || Vision: CX:  0 CY:  0 W:  0 H:  0 Px:    0 || IMU: AX: -0.1 AY: -0.8 AZ: -8.5 TZ: -0.4 || Yaw Error:-28.7deg || Batt: 3.03V  LOW! || State: MANUAL   
[COMMAND] Mode: MANUAL                || Motors: [0, 20, 0, 0]
[LATENCY] Delta:  34.1ms | Avg:  40.0ms | Rate: 25.0 FPS | Queue: 0B

[2026-09-15 18:03:47.360]
[TELEMETRY] Motors: [7, 20, 0, 0] || Vision: CX:  0 CY:  0 W:  0 H:  0 Px:    0 || IMU: AX: -0.7 AY: -1.1 AZ: -8.8 TZ: -0.3 || Yaw Error:-28.7deg || Batt: 3.03V  LOW! || State: MANUAL   
[COMMAND] Mode: MANUAL                || Motors: [0, 20, 0, 0]
[LATENCY] Delta:  39.4ms | Avg:  40.0ms | Rate: 25.0 FPS | Queue: 0B

[2026-09-15 18:03:47.394]
[TELEMETRY] Motors: [6, 20, 0, 0] || Vision: CX:  0 CY:  0 W:  0 H:  0 Px:    0 || IMU: AX: -0.2 AY: -0.9 AZ: -8.5 TZ: -0.3 || Yaw Error:-28.7deg || Batt: 3.03V  LOW! || State: MANUAL   
[COMMAND] Mode: MANUAL                || Motors: [0, 20, 0, 0]
[LATENCY] Delta:  39.2ms | Avg:  40.0ms | Rate: 25.0 FPS | Queue: 0B

[2026-09-15 18:03:47.445]
[TELEMETRY] Motors: [6, 20, 0, 0] || Vision: CX:  0 CY:  0 W:  0 H:  0 Px:    0 || IMU: AX: -0.4 AY: -0.8 AZ: -8.5 TZ: -0.2 || Yaw Error:-28.7deg || Batt: 3.03V  LOW! || State: MANUAL   
[COMMAND] Mode: MANUAL                || Motors: [0, 20, 0, 0]
[LATENCY] Delta:  42.1ms | Avg:  40.0ms | Rate: 25.0 FPS | Queue: 0B

[2026-09-15 18:03:47.479]
[TELEMETRY] Motors: [4, 20, 0, 0] || Vision: CX:  0 CY:  0 W:  0 H:  0 Px:    0 || IMU: AX: -0.4 AY: -0.9 AZ: -8.8 TZ: -0.2 || Yaw Error:-28.7deg || Batt: 3.03V  LOW! || State: MANUAL   
[COMMAND] Mode: MANUAL                || Motors: [0, 20, 0, 0]
[LATENCY] Delta:  41.4ms | Avg:  40.0ms | Rate: 25.0 FPS | Queue: 0B

[2026-09-15 18:03:47.512]
[TELEMETRY] Motors: [3, 20, 0, 0] || Vision: CX:  0 CY:  0 W:  0 H:  0 Px:    0 || IMU: AX: -0.5 AY: -0.7 AZ: -8.9 TZ: -0.1 || Yaw Error:-28.7deg || Batt: 3.03V  LOW! || State: MANUAL   
[COMMAND] Mode: MANUAL                || Motors: [0, 20, 0, 0]
[LATENCY] Delta:  36.6ms | Avg:  40.0ms | Rate: 25.0 FPS | Queue: 0B

[2026-09-15 18:03:47.560]
[TELEMETRY] Motors: [2, 20, 0, 0] || Vision: CX:  0 CY:  0 W:  0 H:  0 Px:    0 || IMU: AX: -0.1 AY: -0.4 AZ: -8.9 TZ: -0.1 || Yaw Error:-28.7deg || Batt: 3.03V  LOW! || State: MANUAL   
[COMMAND] Mode: MANUAL                || Motors: [0, 20, 0, 0]
[LATENCY] Delta:  41.9ms | Avg:  40.0ms | Rate: 25.0 FPS | Queue: 0B

[2026-09-15 18:03:47.592]
[TELEMETRY] Motors: [0, 20, 0, 0] || Vision: CX:  0 CY:  0 W:  0 H:  0 Px:    0 || IMU: AX: -0.4 AY: -0.3 AZ: -8.6 TZ: -0.0 || Yaw Error:-28.7deg || Batt: 3.03V  LOW! || State: MANUAL   
[COMMAND] Mode: MANUAL                || Motors: [0, 20, 0, 0]
[LATENCY] Delta:  37.9ms | Avg:  40.0ms | Rate: 25.0 FPS | Queue: 0B

[2026-09-15 18:03:47.643]
[TELEMETRY] Motors: [0, 20, 0, 0] || Vision: CX:  0 CY:  0 W:  0 H:  0 Px:    0 || IMU: AX: -0.4 AY: -0.7 AZ: -9.1 TZ: -0.0 || Yaw Error:-28.7deg || Batt: 3.03V  LOW! || State: MANUAL   
[COMMAND] Mode: MANUAL                || Motors: [0, 20, 0, 0]
[LATENCY] Delta:  45.5ms | Avg:  40.0ms | Rate: 25.0 FPS | Queue: 0B

[2026-09-15 18:03:47.678]
[TELEMETRY] Motors: [0, 20, 0, 1] || Vision: CX:  0 CY:  0 W:  0 H:  0 Px:    0 || IMU: AX:  0.0 AY: -0.5 AZ: -8.8 TZ:  0.0 || Yaw Error:-28.7deg || Batt: 3.03V  LOW! || State: MANUAL   
[COMMAND] Mode: MANUAL                || Motors: [0, 20, 0, 0]
[LATENCY] Delta:  34.4ms | Avg:  40.0ms | Rate: 25.0 FPS | Queue: 0B

[2026-09-15 18:03:47.727]
[TELEMETRY] Motors: [0, 20, 0, 2] || Vision: CX:  0 CY:  0 W:  0 H:  0 Px:    0 || IMU: AX: -0.1 AY: -0.6 AZ: -8.9 TZ:  0.1 || Yaw Error:-28.7deg || Batt: 3.06V  LOW! || State: MANUAL   
[COMMAND] Mode: MANUAL                || Motors: [0, 20, 0, 0]
[LATENCY] Delta:  44.1ms | Avg:  40.0ms | Rate: 25.0 FPS | Queue: 0B

[2026-09-15 18:03:47.762]
[TELEMETRY] Motors: [0, 20, 0, 2] || Vision: CX:  0 CY:  0 W:  0 H:  0 Px:    0 || IMU: AX: -0.1 AY: -0.8 AZ: -8.7 TZ:  0.1 || Yaw Error:-28.7deg || Batt: 3.06V  LOW! || State: MANUAL   
[COMMAND] Mode: MANUAL                || Motors: [0, 20, 0, 0]
[LATENCY] Delta:  40.2ms | Avg:  40.0ms | Rate: 25.0 FPS | Queue: 0B

[2026-09-15 18:03:47.795]
[TELEMETRY] Motors: [0, 20, 0, 3] || Vision: CX:  0 CY:  0 W:  0 H:  0 Px:    0 || IMU: AX:  0.2 AY: -0.8 AZ: -8.7 TZ:  0.1 || Yaw Error:-28.7deg || Batt: 3.06V  LOW! || State: MANUAL   
[COMMAND] Mode: MANUAL                || Motors: [0, 20, 0, 0]
[LATENCY] Delta:  36.2ms | Avg:  40.0ms | Rate: 25.0 FPS | Queue: 0B

[2026-09-15 18:03:47.846]
[TELEMETRY] Motors: [0, 20, 0, 3] || Vision: CX:  0 CY:  0 W:  0 H:  0 Px:    0 || IMU: AX:  0.2 AY: -0.7 AZ: -8.5 TZ:  0.2 || Yaw Error:-28.7deg || Batt: 3.06V  LOW! || State: MANUAL   
[COMMAND] Mode: MANUAL                || Motors: [0, 20, 0, 0]
[LATENCY] Delta:  42.3ms | Avg:  40.0ms | Rate: 25.0 FPS | Queue: 0B

[2026-09-15 18:03:47.880]
[TELEMETRY] Motors: [0, 20, 0, 3] || Vision: CX:  0 CY:  0 W:  0 H:  0 Px:    0 || IMU: AX:  0.2 AY: -0.5 AZ: -8.5 TZ:  0.2 || Yaw Error:-28.7deg || Batt: 3.06V  LOW! || State: MANUAL   
[COMMAND] Mode: MANUAL                || Motors: [0, 20, 0, 0]
[LATENCY] Delta:  38.2ms | Avg:  40.0ms | Rate: 25.0 FPS | Queue: 0B

[2026-09-15 18:03:47.914]
[TELEMETRY] Motors: [0, 20, 0, 4] || Vision: CX:  0 CY:  0 W:  0 H:  0 Px:    0 || IMU: AX:  0.4 AY: -0.4 AZ: -8.8 TZ:  0.2 || Yaw Error:-28.7deg || Batt: 3.06V  LOW! || State: MANUAL   
[COMMAND] Mode: MANUAL                || Motors: [0, 20, 0, 0]
[LATENCY] Delta:  38.4ms | Avg:  40.0ms | Rate: 25.0 FPS | Queue: 0B

[2026-09-15 18:03:47.964]
[TELEMETRY] Motors: [0, 20, 0, 4] || Vision: CX:  0 CY:  0 W:  0 H:  0 Px:    0 || IMU: AX:  0.1 AY: -0.4 AZ: -9.1 TZ:  0.2 || Yaw Error:-28.7deg || Batt: 3.06V  LOW! || State: MANUAL   
[COMMAND] Mode: MANUAL                || Motors: [0, 20, 0, 0]
[LATENCY] Delta:  41.5ms | Avg:  40.0ms | Rate: 25.0 FPS | Queue: 0B

[2026-09-15 18:03:47.998]
[TELEMETRY] Motors: [0, 20, 0, 4] || Vision: CX:  0 CY:  0 W:  0 H:  0 Px:    0 || IMU: AX:  0.3 AY: -0.7 AZ: -8.9 TZ:  0.2 || Yaw Error:-28.7deg || Batt: 3.06V  LOW! || State: MANUAL   
[COMMAND] Mode: MANUAL                || Motors: [0, 20, 0, 0]
[LATENCY] Delta:  41.3ms | Avg:  40.0ms | Rate: 25.0 FPS | Queue: 0B

[2026-09-15 18:03:48.030]
[TELEMETRY] Motors: [0, 20, 0, 5] || Vision: CX:  0 CY:  0 W:  0 H:  0 Px:    0 || IMU: AX: -0.0 AY: -0.9 AZ: -8.6 TZ:  0.2 || Yaw Error:-28.7deg || Batt: 3.06V  LOW! || State: MANUAL   
[COMMAND] Mode: MANUAL                || Motors: [0, 20, 0, 0]
[LATENCY] Delta:  37.2ms | Avg:  40.0ms | Rate: 25.0 FPS | Queue: 0B

[2026-09-15 18:03:48.079]
[TELEMETRY] Motors: [0, 20, 0, 4] || Vision: CX:  0 CY:  0 W:  0 H:  0 Px:    0 || IMU: AX: -0.1 AY: -0.7 AZ: -8.3 TZ:  0.2 || Yaw Error:-28.7deg || Batt: 3.06V  LOW! || State: MANUAL   
[COMMAND] Mode: MANUAL                || Motors: [0, 20, 0, 0]
[LATENCY] Delta:  42.8ms | Avg:  40.0ms | Rate: 25.0 FPS | Queue: 0B

[2026-09-15 18:03:48.128]
[TELEMETRY] Motors: [0, 20, 0, 3] || Vision: CX:  0 CY:  0 W:  0 H:  0 Px:    0 || IMU: AX:  0.6 AY: -0.4 AZ: -8.9 TZ:  0.1 || Yaw Error:-28.7deg || Batt: 3.06V  LOW! || State: MANUAL   
[COMMAND] Mode: MANUAL                || Motors: [0, 20, 0, 0]
[LATENCY] Delta:  43.1ms | Avg:  40.0ms | Rate: 25.0 FPS | Queue: 0B

[2026-09-15 18:03:48.160]
[TELEMETRY] Motors: [0, 20, 0, 3] || Vision: CX:  0 CY:  0 W:  0 H:  0 Px:    0 || IMU: AX:  0.6 AY: -0.5 AZ: -9.1 TZ:  0.1 || Yaw Error:-28.7deg || Batt: 3.06V  LOW! || State: MANUAL   
[COMMAND] Mode: MANUAL                || Motors: [0, 20, 0, 0]
[LATENCY] Delta:  37.3ms | Avg:  40.0ms | Rate: 25.0 FPS | Queue: 0B

[2026-09-15 18:03:48.195]
[TELEMETRY] Motors: [0, 20, 0, 2] || Vision: CX:  0 CY:  0 W:  0 H:  0 Px:    0 || IMU: AX:  0.3 AY: -0.4 AZ: -9.0 TZ:  0.1 || Yaw Error:-28.7deg || Batt: 3.06V  LOW! || State: MANUAL   
[COMMAND] Mode: MANUAL                || Motors: [0, 20, 0, 0]
[LATENCY] Delta:  37.7ms | Avg:  40.0ms | Rate: 25.0 FPS | Queue: 0B

[2026-09-15 18:03:48.245]
[TELEMETRY] Motors: [0, 20, 0, 2] || Vision: CX:  0 CY:  0 W:  0 H:  0 Px:    0 || IMU: AX:  0.3 AY: -0.4 AZ: -8.7 TZ:  0.1 || Yaw Error:-28.7deg || Batt: 3.05V  LOW! || State: MANUAL   
[COMMAND] Mode: MANUAL                || Motors: [0, 20, 0, 0]
[LATENCY] Delta:  42.3ms | Avg:  40.0ms | Rate: 25.0 FPS | Queue: 0B

[2026-09-15 18:03:48.280]
[TELEMETRY] Motors: [0, 20, 0, 1] || Vision: CX:  0 CY:  0 W:  0 H:  0 Px:    0 || IMU: AX:  0.2 AY: -0.5 AZ: -8.7 TZ:  0.1 || Yaw Error:-28.7deg || Batt: 3.05V  LOW! || State: MANUAL   
[COMMAND] Mode: MANUAL                || Motors: [0, 20, 0, 0]
[LATENCY] Delta:  37.9ms | Avg:  40.0ms | Rate: 25.0 FPS | Queue: 2B

[2026-09-15 18:03:48.326]
[TELEMETRY] Motors: [0, 20, 0, 1] || Vision: CX:  0 CY:  0 W:  0 H:  0 Px:    0 || IMU: AX:  0.1 AY: -0.5 AZ: -8.8 TZ:  0.0 || Yaw Error:-28.7deg || Batt: 3.05V  LOW! || State: MANUAL   
[COMMAND] Mode: MANUAL                || Motors: [0, 20, 0, 0]
[LATENCY] Delta:  43.7ms | Avg:  40.0ms | Rate: 25.0 FPS | Queue: 0B

[2026-09-15 18:03:48.359]
[TELEMETRY] Motors: [0, 20, 0, 0] || Vision: CX:  0 CY:  0 W:  0 H:  0 Px:    0 || IMU: AX:  0.1 AY: -0.6 AZ: -9.0 TZ:  0.0 || Yaw Error:-28.7deg || Batt: 3.05V  LOW! || State: MANUAL   
[COMMAND] Mode: MANUAL                || Motors: [0, 20, 0, 0]
[LATENCY] Delta:  44.2ms | Avg:  40.0ms | Rate: 25.0 FPS | Queue: 0B

[2026-09-15 18:03:48.391]
[TELEMETRY] Motors: [0, 20, 0, 0] || Vision: CX:  0 CY:  0 W:  0 H:  0 Px:    0 || IMU: AX:  0.2 AY: -0.7 AZ: -8.6 TZ:  0.0 || Yaw Error:-28.7deg || Batt: 3.05V  LOW! || State: MANUAL   
[COMMAND] Mode: MANUAL                || Motors: [0, 20, 0, 0]
[LATENCY] Delta:  31.5ms | Avg:  40.0ms | Rate: 25.0 FPS | Queue: 0B

[2026-09-15 18:03:48.440]
[TELEMETRY] Motors: [0, 20, 0, 0] || Vision: CX:  0 CY:  0 W:  0 H:  0 Px:    0 || IMU: AX:  0.0 AY: -0.7 AZ: -8.5 TZ: -0.0 || Yaw Error:-28.7deg || Batt: 3.05V  LOW! || State: MANUAL   
[COMMAND] Mode: MANUAL                || Motors: [0, 20, 0, 0]
[LATENCY] Delta:  45.2ms | Avg:  40.0ms | Rate: 25.0 FPS | Queue: 0B

[2026-09-15 18:03:48.490]
[TELEMETRY] Motors: [0, 20, 0, 0] || Vision: CX:  0 CY:  0 W:  0 H:  0 Px:    0 || IMU: AX:  0.0 AY: -0.6 AZ: -8.6 TZ: -0.0 || Yaw Error:-28.7deg || Batt: 3.05V  LOW! || State: MANUAL   
[COMMAND] Mode: MANUAL                || Motors: [0, 20, 0, 0]
[LATENCY] Delta:  45.0ms | Avg:  40.0ms | Rate: 25.0 FPS | Queue: 0B

[2026-09-15 18:03:48.523]
[TELEMETRY] Motors: [0, 0, 0, 0] || Vision: CX:  0 CY:  0 W:  0 H:  0 Px:    0 || IMU: AX:  0.1 AY: -0.6 AZ: -8.9 TZ: -0.0 || Yaw Error:-28.7deg || Batt: 3.05V  LOW! || State: MANUAL   
[COMMAND] Mode: MANUAL                || Motors: [0, 20, 0, 0]
[LATENCY] Delta:  29.8ms | Avg:  40.0ms | Rate: 25.0 FPS | Queue: 0B

[2026-09-15 18:03:48.558]
[TELEMETRY] Motors: [0, 0, 0, 0] || Vision: CX:  0 CY:  0 W:  0 H:  0 Px:    0 || IMU: AX: -0.1 AY: -0.5 AZ: -8.9 TZ: -0.1 || Yaw Error:-28.7deg || Batt: 3.05V  LOW! || State: MANUAL   
[COMMAND] Mode: MANUAL                || Motors: [0, 20, 0, 0]
[LATENCY] Delta:  43.6ms | Avg:  40.0ms | Rate: 25.0 FPS | Queue: 0B

[2026-09-15 18:03:48.607]
[TELEMETRY] Motors: [0, 0, 0, 0] || Vision: CX:  0 CY:  0 W:  0 H:  0 Px:    0 || IMU: AX: -0.1 AY: -0.3 AZ: -9.0 TZ: -0.1 || Yaw Error:-28.7deg || Batt: 3.05V  LOW! || State: MANUAL   
[COMMAND] Mode: MANUAL                || Motors: [0, 20, 0, 0]
[LATENCY] Delta:  41.8ms | Avg:  40.0ms | Rate: 25.0 FPS | Queue: 0B

[2026-09-15 18:03:48.643]
[TELEMETRY] Motors: [1, 20, 0, 0] || Vision: CX:  0 CY:  0 W:  0 H:  0 Px:    0 || IMU: AX:  0.1 AY: -0.4 AZ: -8.9 TZ: -0.1 || Yaw Error:-28.7deg || Batt: 3.05V  LOW! || State: MANUAL   
[COMMAND] Mode: MANUAL                || Motors: [0, 20, 0, 0]
[LATENCY] Delta:  34.4ms | Avg:  40.0ms | Rate: 25.0 FPS | Queue: 0B

[2026-09-15 18:03:48.677]
[TELEMETRY] Motors: [1, 20, 0, 0] || Vision: CX:  0 CY:  0 W:  0 H:  0 Px:    0 || IMU: AX:  0.1 AY: -0.4 AZ: -8.7 TZ: -0.1 || Yaw Error:-28.7deg || Batt: 3.05V  LOW! || State: MANUAL   
[COMMAND] Mode: MANUAL                || Motors: [0, 20, 0, 0]
[LATENCY] Delta:  40.3ms | Avg:  40.0ms | Rate: 25.0 FPS | Queue: 0B

[2026-09-15 18:03:48.726]
[TELEMETRY] Motors: [1, 20, 0, 0] || Vision: CX:  0 CY:  0 W:  0 H:  0 Px:    0 || IMU: AX:  0.1 AY: -0.5 AZ: -8.7 TZ: -0.1 || Yaw Error:-28.7deg || Batt: 3.05V  LOW! || State: MANUAL   
[COMMAND] Mode: MANUAL                || Motors: [0, 20, 0, 0]
[LATENCY] Delta:  42.2ms | Avg:  40.0ms | Rate: 25.0 FPS | Queue: 0B

[2026-09-15 18:03:48.759]
[TELEMETRY] Motors: [1, 20, 0, 0] || Vision: CX:  0 CY:  0 W:  0 H:  0 Px:    0 || IMU: AX:  0.0 AY: -0.6 AZ: -8.8 TZ: -0.0 || Yaw Error:-28.7deg || Batt: 3.05V  LOW! || State: MANUAL   
[COMMAND] Mode: MANUAL                || Motors: [0, 20, 0, 0]
[LATENCY] Delta:  39.4ms | Avg:  40.0ms | Rate: 25.0 FPS | Queue: 0B

[2026-09-15 18:03:48.792]
[TELEMETRY] Motors: [1, 20, 0, 0] || Vision: CX:  0 CY:  0 W:  0 H:  0 Px:    0 || IMU: AX: -0.2 AY: -0.5 AZ: -8.8 TZ: -0.0 || Yaw Error:-28.7deg || Batt: 3.05V  LOW! || State: MANUAL   
[COMMAND] Mode: MANUAL                || Motors: [0, 20, 0, 0]
[LATENCY] Delta:  37.3ms | Avg:  40.0ms | Rate: 25.0 FPS | Queue: 0B

