ISO-10303-21;
HEADER;
/* Generated by software containing ST-Developer
 * from STEP Tools, Inc. (www.steptools.com) 
 */
/* OPTION: using custom renumber hook */

FILE_DESCRIPTION(
/* description */ ('STEP AP242 Edition 2',
'CAx-IF Rec.Pracs.---Representation and Presentation of Product Manufa
cturing Information (PMI)---4.0---2014-10-13',
'CAx-IF Rec.Pracs.---3D Tessellated Geometry---0.4---2014-09-14','2;1',
'CAx-IF Rec.Pracs.---User Defined Attributes---1.5---2016-08-15'),
/* implementation_level */ '2;1');

FILE_NAME(
/* name */ 'Battery Holder',
/* time_stamp */ '2026-08-29T20:48:03Z',
/* author */ (''),
/* organization */ (''),
/* preprocessor_version */ 'ST-DEVELOPER v20',
/* originating_system */ 'ONSHAPE BY PTC INC, 1.220',
/* authorisation */ '  ');

FILE_SCHEMA (('AP242_MANAGED_MODEL_BASED_3D_ENGINEERING_MIM_LF { 1 0 10303 442 3 1 4 }'));
ENDSEC;

DATA;
#10=SHAPE_REPRESENTATION_RELATIONSHIP('','',#2375,#11);
#11=ADVANCED_BREP_SHAPE_REPRESENTATION('',(#2373),#3969);
#12=ELLIPSE('',#2516,0.00106066017177982,0.00075);
#13=ELLIPSE('',#2518,0.00106066017177982,0.00075);
#14=ELLIPSE('',#2520,0.00106066017177982,0.00075);
#15=ELLIPSE('',#2523,0.00106066017177982,0.00075);
#16=ELLIPSE('',#2525,0.00106066017177982,0.00075);
#17=ELLIPSE('',#2527,0.00106066017177982,0.00075);
#18=ELLIPSE('',#2530,0.00212132034355965,0.0015);
#19=ELLIPSE('',#2532,0.00212132034355965,0.0015);
#20=ELLIPSE('',#2534,0.00212132034355965,0.0015);
#21=ELLIPSE('',#2536,0.00212132034355965,0.0015);
#22=ELLIPSE('',#2538,0.00212132034355965,0.0015);
#23=ELLIPSE('',#2539,0.00212132034355965,0.0015);
#24=ELLIPSE('',#2541,0.00212132034355965,0.0015);
#25=ELLIPSE('',#2543,0.00212132034355965,0.0015);
#26=ELLIPSE('',#2546,0.00212132034355965,0.0015);
#27=ELLIPSE('',#2547,0.00212132034355965,0.0015);
#28=ELLIPSE('',#2549,0.00212132034355965,0.0015);
#29=ELLIPSE('',#2551,0.00212132034355965,0.0015);
#30=ELLIPSE('',#2554,0.00212132034355965,0.0015);
#31=ELLIPSE('',#2555,0.00212132034355965,0.0015);
#32=ELLIPSE('',#2557,0.00212132034355965,0.0015);
#33=ELLIPSE('',#2559,0.00212132034355965,0.0015);
#34=ELLIPSE('',#2562,0.00212132034355965,0.0015);
#35=ELLIPSE('',#2563,0.00212132034355965,0.0015);
#36=ELLIPSE('',#2565,0.00212132034355965,0.0015);
#37=ELLIPSE('',#2567,0.00212132034355965,0.0015);
#38=ELLIPSE('',#2574,0.00212132034355965,0.0015);
#39=ELLIPSE('',#2577,0.00212132034355965,0.0015);
#40=ELLIPSE('',#2580,0.00212132034355965,0.0015);
#41=ELLIPSE('',#2583,0.00212132034355965,0.0015);
#42=ELLIPSE('',#2586,0.00106066017177982,0.00075);
#43=ELLIPSE('',#2587,0.00106066017177982,0.00075);
#44=ELLIPSE('',#2589,0.00106066017177982,0.00075);
#45=ELLIPSE('',#2591,0.00106066017177982,0.00075);
#46=B_SPLINE_CURVE_WITH_KNOTS('',3,(#3641,#3642,#3643,#3644,#3645),
 .UNSPECIFIED.,.F.,.F.,(4,1,4),(0.,0.000986246888404944,0.00197249377680989),
 .UNSPECIFIED.);
#47=B_SPLINE_CURVE_WITH_KNOTS('',3,(#3646,#3647,#3648,#3649,#3650),
 .UNSPECIFIED.,.F.,.F.,(4,1,4),(0.,0.000986246888404951,0.0019724937768099),
 .UNSPECIFIED.);
#48=B_SPLINE_CURVE_WITH_KNOTS('',3,(#3652,#3653,#3654,#3655,#3656),
 .UNSPECIFIED.,.F.,.F.,(4,1,4),(0.,0.00098624688840495,0.0019724937768099),
 .UNSPECIFIED.);
#49=B_SPLINE_CURVE_WITH_KNOTS('',3,(#3657,#3658,#3659,#3660,#3661),
 .UNSPECIFIED.,.F.,.F.,(4,1,4),(0.,0.000986246888404945,0.00197249377680989),
 .UNSPECIFIED.);
#50=CYLINDRICAL_SURFACE('',#2443,0.001);
#51=CYLINDRICAL_SURFACE('',#2444,0.001);
#52=CYLINDRICAL_SURFACE('',#2446,0.001);
#53=CYLINDRICAL_SURFACE('',#2450,0.001);
#54=CYLINDRICAL_SURFACE('',#2479,0.005);
#55=CYLINDRICAL_SURFACE('',#2482,0.005);
#56=CYLINDRICAL_SURFACE('',#2485,0.005);
#57=CYLINDRICAL_SURFACE('',#2488,0.004);
#58=CYLINDRICAL_SURFACE('',#2491,0.004);
#59=CYLINDRICAL_SURFACE('',#2494,0.004);
#60=CYLINDRICAL_SURFACE('',#2497,0.004);
#61=CYLINDRICAL_SURFACE('',#2500,0.004);
#62=CYLINDRICAL_SURFACE('',#2502,0.004);
#63=CYLINDRICAL_SURFACE('',#2505,0.004);
#64=CYLINDRICAL_SURFACE('',#2508,0.004);
#65=CYLINDRICAL_SURFACE('',#2512,0.005);
#66=CYLINDRICAL_SURFACE('',#2515,0.00075);
#67=CYLINDRICAL_SURFACE('',#2517,0.00075);
#68=CYLINDRICAL_SURFACE('',#2519,0.00075);
#69=CYLINDRICAL_SURFACE('',#2521,0.00075);
#70=CYLINDRICAL_SURFACE('',#2522,0.00075);
#71=CYLINDRICAL_SURFACE('',#2524,0.00075);
#72=CYLINDRICAL_SURFACE('',#2526,0.00075);
#73=CYLINDRICAL_SURFACE('',#2528,0.00075);
#74=CYLINDRICAL_SURFACE('',#2529,0.0015);
#75=CYLINDRICAL_SURFACE('',#2531,0.0015);
#76=CYLINDRICAL_SURFACE('',#2533,0.0015);
#77=CYLINDRICAL_SURFACE('',#2535,0.0015);
#78=CYLINDRICAL_SURFACE('',#2537,0.0015);
#79=CYLINDRICAL_SURFACE('',#2540,0.0015);
#80=CYLINDRICAL_SURFACE('',#2542,0.0015);
#81=CYLINDRICAL_SURFACE('',#2544,0.0015);
#82=CYLINDRICAL_SURFACE('',#2545,0.0015);
#83=CYLINDRICAL_SURFACE('',#2548,0.0015);
#84=CYLINDRICAL_SURFACE('',#2550,0.0015);
#85=CYLINDRICAL_SURFACE('',#2552,0.0015);
#86=CYLINDRICAL_SURFACE('',#2553,0.0015);
#87=CYLINDRICAL_SURFACE('',#2556,0.0015);
#88=CYLINDRICAL_SURFACE('',#2558,0.0015);
#89=CYLINDRICAL_SURFACE('',#2560,0.0015);
#90=CYLINDRICAL_SURFACE('',#2561,0.0015);
#91=CYLINDRICAL_SURFACE('',#2564,0.0015);
#92=CYLINDRICAL_SURFACE('',#2566,0.0015);
#93=CYLINDRICAL_SURFACE('',#2568,0.0015);
#94=CYLINDRICAL_SURFACE('',#2569,0.0015);
#95=CYLINDRICAL_SURFACE('',#2570,0.0015);
#96=CYLINDRICAL_SURFACE('',#2571,0.0015);
#97=CYLINDRICAL_SURFACE('',#2572,0.0015);
#98=CYLINDRICAL_SURFACE('',#2573,0.0015);
#99=CYLINDRICAL_SURFACE('',#2575,0.0015);
#100=CYLINDRICAL_SURFACE('',#2576,0.0015);
#101=CYLINDRICAL_SURFACE('',#2578,0.0015);
#102=CYLINDRICAL_SURFACE('',#2579,0.0015);
#103=CYLINDRICAL_SURFACE('',#2581,0.0015);
#104=CYLINDRICAL_SURFACE('',#2582,0.0015);
#105=CYLINDRICAL_SURFACE('',#2584,0.0015);
#106=CYLINDRICAL_SURFACE('',#2585,0.00075);
#107=CYLINDRICAL_SURFACE('',#2588,0.00075);
#108=CYLINDRICAL_SURFACE('',#2590,0.00075);
#109=CYLINDRICAL_SURFACE('',#2592,0.00075);
#110=CIRCLE('',#2378,0.00075);
#111=CIRCLE('',#2380,0.001);
#112=CIRCLE('',#2381,0.00075);
#113=CIRCLE('',#2383,0.00075);
#114=CIRCLE('',#2385,0.001);
#115=CIRCLE('',#2386,0.00075);
#116=CIRCLE('',#2388,0.001);
#117=CIRCLE('',#2390,0.001);
#118=CIRCLE('',#2393,0.0015);
#119=CIRCLE('',#2394,0.0015);
#120=CIRCLE('',#2398,0.0015);
#121=CIRCLE('',#2399,0.0015);
#122=CIRCLE('',#2403,0.0015);
#123=CIRCLE('',#2406,0.0015);
#124=CIRCLE('',#2409,0.0015);
#125=CIRCLE('',#2412,0.0015);
#126=CIRCLE('',#2414,0.001);
#127=CIRCLE('',#2416,0.001);
#128=CIRCLE('',#2418,0.0015);
#129=CIRCLE('',#2419,0.0015);
#130=CIRCLE('',#2423,0.0015);
#131=CIRCLE('',#2424,0.0015);
#132=CIRCLE('',#2426,0.001);
#133=CIRCLE('',#2427,0.001);
#134=CIRCLE('',#2428,0.0015);
#135=CIRCLE('',#2429,0.0015);
#136=CIRCLE('',#2430,0.0015);
#137=CIRCLE('',#2431,0.0015);
#138=CIRCLE('',#2433,0.00075);
#139=CIRCLE('',#2434,0.00075);
#140=CIRCLE('',#2435,0.001);
#141=CIRCLE('',#2436,0.00075);
#142=CIRCLE('',#2437,0.00075);
#143=CIRCLE('',#2438,0.001);
#144=CIRCLE('',#2466,0.004);
#145=CIRCLE('',#2467,0.004);
#146=CIRCLE('',#2468,0.004);
#147=CIRCLE('',#2469,0.004);
#148=CIRCLE('',#2470,0.004);
#149=CIRCLE('',#2471,0.004);
#150=CIRCLE('',#2472,0.004);
#151=CIRCLE('',#2473,0.004);
#152=CIRCLE('',#2474,0.005);
#153=CIRCLE('',#2475,0.005);
#154=CIRCLE('',#2476,0.005);
#155=CIRCLE('',#2477,0.005);
#156=CIRCLE('',#2480,0.005);
#157=CIRCLE('',#2483,0.005);
#158=CIRCLE('',#2486,0.005);
#159=CIRCLE('',#2489,0.004);
#160=CIRCLE('',#2492,0.004);
#161=CIRCLE('',#2495,0.004);
#162=CIRCLE('',#2498,0.004);
#163=CIRCLE('',#2501,0.004);
#164=CIRCLE('',#2503,0.004);
#165=CIRCLE('',#2506,0.004);
#166=CIRCLE('',#2509,0.004);
#167=CIRCLE('',#2513,0.005);
#168=ORIENTED_EDGE('',*,*,#848,.T.);
#169=ORIENTED_EDGE('',*,*,#849,.T.);
#170=ORIENTED_EDGE('',*,*,#850,.F.);
#171=ORIENTED_EDGE('',*,*,#851,.T.);
#172=ORIENTED_EDGE('',*,*,#852,.F.);
#173=ORIENTED_EDGE('',*,*,#853,.T.);
#174=ORIENTED_EDGE('',*,*,#854,.T.);
#175=ORIENTED_EDGE('',*,*,#855,.F.);
#176=ORIENTED_EDGE('',*,*,#856,.T.);
#177=ORIENTED_EDGE('',*,*,#857,.T.);
#178=ORIENTED_EDGE('',*,*,#858,.F.);
#179=ORIENTED_EDGE('',*,*,#859,.F.);
#180=ORIENTED_EDGE('',*,*,#860,.T.);
#181=ORIENTED_EDGE('',*,*,#861,.T.);
#182=ORIENTED_EDGE('',*,*,#862,.T.);
#183=ORIENTED_EDGE('',*,*,#863,.T.);
#184=ORIENTED_EDGE('',*,*,#864,.T.);
#185=ORIENTED_EDGE('',*,*,#865,.F.);
#186=ORIENTED_EDGE('',*,*,#866,.F.);
#187=ORIENTED_EDGE('',*,*,#867,.F.);
#188=ORIENTED_EDGE('',*,*,#868,.T.);
#189=ORIENTED_EDGE('',*,*,#869,.T.);
#190=ORIENTED_EDGE('',*,*,#870,.T.);
#191=ORIENTED_EDGE('',*,*,#871,.T.);
#192=ORIENTED_EDGE('',*,*,#872,.F.);
#193=ORIENTED_EDGE('',*,*,#873,.T.);
#194=ORIENTED_EDGE('',*,*,#874,.F.);
#195=ORIENTED_EDGE('',*,*,#875,.T.);
#196=ORIENTED_EDGE('',*,*,#876,.T.);
#197=ORIENTED_EDGE('',*,*,#877,.T.);
#198=ORIENTED_EDGE('',*,*,#878,.T.);
#199=ORIENTED_EDGE('',*,*,#879,.T.);
#200=ORIENTED_EDGE('',*,*,#880,.T.);
#201=ORIENTED_EDGE('',*,*,#881,.T.);
#202=ORIENTED_EDGE('',*,*,#882,.T.);
#203=ORIENTED_EDGE('',*,*,#883,.F.);
#204=ORIENTED_EDGE('',*,*,#884,.F.);
#205=ORIENTED_EDGE('',*,*,#885,.T.);
#206=ORIENTED_EDGE('',*,*,#886,.F.);
#207=ORIENTED_EDGE('',*,*,#887,.T.);
#208=ORIENTED_EDGE('',*,*,#884,.T.);
#209=ORIENTED_EDGE('',*,*,#888,.T.);
#210=ORIENTED_EDGE('',*,*,#889,.F.);
#211=ORIENTED_EDGE('',*,*,#890,.T.);
#212=ORIENTED_EDGE('',*,*,#891,.T.);
#213=ORIENTED_EDGE('',*,*,#892,.T.);
#214=ORIENTED_EDGE('',*,*,#893,.F.);
#215=ORIENTED_EDGE('',*,*,#894,.T.);
#216=ORIENTED_EDGE('',*,*,#895,.T.);
#217=ORIENTED_EDGE('',*,*,#896,.T.);
#218=ORIENTED_EDGE('',*,*,#870,.F.);
#219=ORIENTED_EDGE('',*,*,#897,.T.);
#220=ORIENTED_EDGE('',*,*,#898,.T.);
#221=ORIENTED_EDGE('',*,*,#899,.T.);
#222=ORIENTED_EDGE('',*,*,#900,.F.);
#223=ORIENTED_EDGE('',*,*,#901,.T.);
#224=ORIENTED_EDGE('',*,*,#893,.T.);
#225=ORIENTED_EDGE('',*,*,#902,.T.);
#226=ORIENTED_EDGE('',*,*,#903,.F.);
#227=ORIENTED_EDGE('',*,*,#904,.T.);
#228=ORIENTED_EDGE('',*,*,#905,.T.);
#229=ORIENTED_EDGE('',*,*,#906,.T.);
#230=ORIENTED_EDGE('',*,*,#907,.T.);
#231=ORIENTED_EDGE('',*,*,#908,.T.);
#232=ORIENTED_EDGE('',*,*,#909,.T.);
#233=ORIENTED_EDGE('',*,*,#910,.F.);
#234=ORIENTED_EDGE('',*,*,#911,.F.);
#235=ORIENTED_EDGE('',*,*,#912,.T.);
#236=ORIENTED_EDGE('',*,*,#913,.F.);
#237=ORIENTED_EDGE('',*,*,#914,.T.);
#238=ORIENTED_EDGE('',*,*,#911,.T.);
#239=ORIENTED_EDGE('',*,*,#915,.F.);
#240=ORIENTED_EDGE('',*,*,#916,.F.);
#241=ORIENTED_EDGE('',*,*,#917,.F.);
#242=ORIENTED_EDGE('',*,*,#918,.T.);
#243=ORIENTED_EDGE('',*,*,#919,.F.);
#244=ORIENTED_EDGE('',*,*,#920,.F.);
#245=ORIENTED_EDGE('',*,*,#921,.T.);
#246=ORIENTED_EDGE('',*,*,#922,.T.);
#247=ORIENTED_EDGE('',*,*,#923,.T.);
#248=ORIENTED_EDGE('',*,*,#924,.T.);
#249=ORIENTED_EDGE('',*,*,#925,.T.);
#250=ORIENTED_EDGE('',*,*,#926,.T.);
#251=ORIENTED_EDGE('',*,*,#927,.T.);
#252=ORIENTED_EDGE('',*,*,#928,.F.);
#253=ORIENTED_EDGE('',*,*,#929,.T.);
#254=ORIENTED_EDGE('',*,*,#920,.T.);
#255=ORIENTED_EDGE('',*,*,#930,.T.);
#256=ORIENTED_EDGE('',*,*,#931,.F.);
#257=ORIENTED_EDGE('',*,*,#932,.T.);
#258=ORIENTED_EDGE('',*,*,#928,.T.);
#259=ORIENTED_EDGE('',*,*,#933,.T.);
#260=ORIENTED_EDGE('',*,*,#934,.F.);
#261=ORIENTED_EDGE('',*,*,#935,.T.);
#262=ORIENTED_EDGE('',*,*,#936,.T.);
#263=ORIENTED_EDGE('',*,*,#937,.T.);
#264=ORIENTED_EDGE('',*,*,#922,.F.);
#265=ORIENTED_EDGE('',*,*,#938,.T.);
#266=ORIENTED_EDGE('',*,*,#934,.T.);
#267=ORIENTED_EDGE('',*,*,#939,.T.);
#268=ORIENTED_EDGE('',*,*,#940,.F.);
#269=ORIENTED_EDGE('',*,*,#941,.T.);
#270=ORIENTED_EDGE('',*,*,#942,.T.);
#271=ORIENTED_EDGE('',*,*,#905,.F.);
#272=ORIENTED_EDGE('',*,*,#943,.T.);
#273=ORIENTED_EDGE('',*,*,#913,.T.);
#274=ORIENTED_EDGE('',*,*,#944,.T.);
#275=ORIENTED_EDGE('',*,*,#945,.F.);
#276=ORIENTED_EDGE('',*,*,#946,.F.);
#277=ORIENTED_EDGE('',*,*,#947,.T.);
#278=ORIENTED_EDGE('',*,*,#941,.F.);
#279=ORIENTED_EDGE('',*,*,#948,.T.);
#280=ORIENTED_EDGE('',*,*,#900,.T.);
#281=ORIENTED_EDGE('',*,*,#949,.T.);
#282=ORIENTED_EDGE('',*,*,#950,.F.);
#283=ORIENTED_EDGE('',*,*,#951,.T.);
#284=ORIENTED_EDGE('',*,*,#952,.T.);
#285=ORIENTED_EDGE('',*,*,#953,.T.);
#286=ORIENTED_EDGE('',*,*,#895,.F.);
#287=ORIENTED_EDGE('',*,*,#954,.T.);
#288=ORIENTED_EDGE('',*,*,#950,.T.);
#289=ORIENTED_EDGE('',*,*,#955,.T.);
#290=ORIENTED_EDGE('',*,*,#956,.F.);
#291=ORIENTED_EDGE('',*,*,#957,.T.);
#292=ORIENTED_EDGE('',*,*,#958,.T.);
#293=ORIENTED_EDGE('',*,*,#878,.F.);
#294=ORIENTED_EDGE('',*,*,#959,.T.);
#295=ORIENTED_EDGE('',*,*,#886,.T.);
#296=ORIENTED_EDGE('',*,*,#960,.T.);
#297=ORIENTED_EDGE('',*,*,#961,.F.);
#298=ORIENTED_EDGE('',*,*,#962,.F.);
#299=ORIENTED_EDGE('',*,*,#963,.T.);
#300=ORIENTED_EDGE('',*,*,#957,.F.);
#301=ORIENTED_EDGE('',*,*,#964,.T.);
#302=ORIENTED_EDGE('',*,*,#965,.F.);
#303=ORIENTED_EDGE('',*,*,#966,.T.);
#304=ORIENTED_EDGE('',*,*,#967,.T.);
#305=ORIENTED_EDGE('',*,*,#968,.T.);
#306=ORIENTED_EDGE('',*,*,#969,.T.);
#307=ORIENTED_EDGE('',*,*,#970,.T.);
#308=ORIENTED_EDGE('',*,*,#924,.F.);
#309=ORIENTED_EDGE('',*,*,#971,.T.);
#310=ORIENTED_EDGE('',*,*,#945,.T.);
#311=ORIENTED_EDGE('',*,*,#972,.T.);
#312=ORIENTED_EDGE('',*,*,#874,.T.);
#313=ORIENTED_EDGE('',*,*,#973,.T.);
#314=ORIENTED_EDGE('',*,*,#936,.F.);
#315=ORIENTED_EDGE('',*,*,#974,.T.);
#316=ORIENTED_EDGE('',*,*,#850,.T.);
#317=ORIENTED_EDGE('',*,*,#975,.T.);
#318=ORIENTED_EDGE('',*,*,#976,.F.);
#319=ORIENTED_EDGE('',*,*,#977,.F.);
#320=ORIENTED_EDGE('',*,*,#978,.T.);
#321=ORIENTED_EDGE('',*,*,#979,.T.);
#322=ORIENTED_EDGE('',*,*,#980,.T.);
#323=ORIENTED_EDGE('',*,*,#981,.T.);
#324=ORIENTED_EDGE('',*,*,#863,.F.);
#325=ORIENTED_EDGE('',*,*,#982,.T.);
#326=ORIENTED_EDGE('',*,*,#967,.F.);
#327=ORIENTED_EDGE('',*,*,#983,.T.);
#328=ORIENTED_EDGE('',*,*,#952,.F.);
#329=ORIENTED_EDGE('',*,*,#984,.F.);
#330=ORIENTED_EDGE('',*,*,#961,.T.);
#331=ORIENTED_EDGE('',*,*,#985,.T.);
#332=ORIENTED_EDGE('',*,*,#986,.T.);
#333=ORIENTED_EDGE('',*,*,#987,.T.);
#334=ORIENTED_EDGE('',*,*,#988,.T.);
#335=ORIENTED_EDGE('',*,*,#989,.T.);
#336=ORIENTED_EDGE('',*,*,#990,.F.);
#337=ORIENTED_EDGE('',*,*,#991,.T.);
#338=ORIENTED_EDGE('',*,*,#917,.T.);
#339=ORIENTED_EDGE('',*,*,#992,.T.);
#340=ORIENTED_EDGE('',*,*,#993,.F.);
#341=ORIENTED_EDGE('',*,*,#908,.F.);
#342=ORIENTED_EDGE('',*,*,#994,.T.);
#343=ORIENTED_EDGE('',*,*,#995,.T.);
#344=ORIENTED_EDGE('',*,*,#996,.T.);
#345=ORIENTED_EDGE('',*,*,#997,.F.);
#346=ORIENTED_EDGE('',*,*,#998,.T.);
#347=ORIENTED_EDGE('',*,*,#904,.F.);
#348=ORIENTED_EDGE('',*,*,#999,.T.);
#349=ORIENTED_EDGE('',*,*,#1000,.F.);
#350=ORIENTED_EDGE('',*,*,#890,.F.);
#351=ORIENTED_EDGE('',*,*,#1001,.T.);
#352=ORIENTED_EDGE('',*,*,#1002,.T.);
#353=ORIENTED_EDGE('',*,*,#881,.F.);
#354=ORIENTED_EDGE('',*,*,#1003,.T.);
#355=ORIENTED_EDGE('',*,*,#980,.F.);
#356=ORIENTED_EDGE('',*,*,#1004,.F.);
#357=ORIENTED_EDGE('',*,*,#976,.T.);
#358=ORIENTED_EDGE('',*,*,#1005,.T.);
#359=ORIENTED_EDGE('',*,*,#932,.F.);
#360=ORIENTED_EDGE('',*,*,#1006,.F.);
#361=ORIENTED_EDGE('',*,*,#1007,.F.);
#362=ORIENTED_EDGE('',*,*,#1008,.T.);
#363=ORIENTED_EDGE('',*,*,#1009,.T.);
#364=ORIENTED_EDGE('',*,*,#1010,.T.);
#365=ORIENTED_EDGE('',*,*,#1011,.T.);
#366=ORIENTED_EDGE('',*,*,#1012,.T.);
#367=ORIENTED_EDGE('',*,*,#1013,.T.);
#368=ORIENTED_EDGE('',*,*,#1014,.T.);
#369=ORIENTED_EDGE('',*,*,#1015,.T.);
#370=ORIENTED_EDGE('',*,*,#1016,.T.);
#371=ORIENTED_EDGE('',*,*,#1017,.F.);
#372=ORIENTED_EDGE('',*,*,#1018,.F.);
#373=ORIENTED_EDGE('',*,*,#1019,.F.);
#374=ORIENTED_EDGE('',*,*,#1020,.T.);
#375=ORIENTED_EDGE('',*,*,#1021,.T.);
#376=ORIENTED_EDGE('',*,*,#1022,.T.);
#377=ORIENTED_EDGE('',*,*,#1023,.T.);
#378=ORIENTED_EDGE('',*,*,#1024,.T.);
#379=ORIENTED_EDGE('',*,*,#1025,.F.);
#380=ORIENTED_EDGE('',*,*,#995,.F.);
#381=ORIENTED_EDGE('',*,*,#1026,.T.);
#382=ORIENTED_EDGE('',*,*,#852,.T.);
#383=ORIENTED_EDGE('',*,*,#1027,.T.);
#384=ORIENTED_EDGE('',*,*,#1028,.T.);
#385=ORIENTED_EDGE('',*,*,#1029,.T.);
#386=ORIENTED_EDGE('',*,*,#977,.T.);
#387=ORIENTED_EDGE('',*,*,#1004,.T.);
#388=ORIENTED_EDGE('',*,*,#982,.F.);
#389=ORIENTED_EDGE('',*,*,#869,.F.);
#390=ORIENTED_EDGE('',*,*,#861,.F.);
#391=ORIENTED_EDGE('',*,*,#1030,.T.);
#392=ORIENTED_EDGE('',*,*,#997,.T.);
#393=ORIENTED_EDGE('',*,*,#1031,.F.);
#394=ORIENTED_EDGE('',*,*,#1032,.T.);
#395=ORIENTED_EDGE('',*,*,#1033,.T.);
#396=ORIENTED_EDGE('',*,*,#858,.T.);
#397=ORIENTED_EDGE('',*,*,#1034,.T.);
#398=ORIENTED_EDGE('',*,*,#1035,.T.);
#399=ORIENTED_EDGE('',*,*,#1031,.T.);
#400=ORIENTED_EDGE('',*,*,#996,.F.);
#401=ORIENTED_EDGE('',*,*,#1027,.F.);
#402=ORIENTED_EDGE('',*,*,#969,.F.);
#403=ORIENTED_EDGE('',*,*,#1036,.T.);
#404=ORIENTED_EDGE('',*,*,#876,.F.);
#405=ORIENTED_EDGE('',*,*,#1037,.T.);
#406=ORIENTED_EDGE('',*,*,#990,.T.);
#407=ORIENTED_EDGE('',*,*,#872,.T.);
#408=ORIENTED_EDGE('',*,*,#1038,.T.);
#409=ORIENTED_EDGE('',*,*,#965,.T.);
#410=ORIENTED_EDGE('',*,*,#1039,.T.);
#411=ORIENTED_EDGE('',*,*,#991,.F.);
#412=ORIENTED_EDGE('',*,*,#865,.T.);
#413=ORIENTED_EDGE('',*,*,#1040,.T.);
#414=ORIENTED_EDGE('',*,*,#1041,.T.);
#415=ORIENTED_EDGE('',*,*,#1042,.T.);
#416=ORIENTED_EDGE('',*,*,#859,.T.);
#417=ORIENTED_EDGE('',*,*,#1043,.T.);
#418=ORIENTED_EDGE('',*,*,#1019,.T.);
#419=ORIENTED_EDGE('',*,*,#1044,.F.);
#420=ORIENTED_EDGE('',*,*,#1044,.T.);
#421=ORIENTED_EDGE('',*,*,#1018,.T.);
#422=ORIENTED_EDGE('',*,*,#1045,.F.);
#423=ORIENTED_EDGE('',*,*,#866,.T.);
#424=ORIENTED_EDGE('',*,*,#1017,.T.);
#425=ORIENTED_EDGE('',*,*,#1046,.T.);
#426=ORIENTED_EDGE('',*,*,#867,.T.);
#427=ORIENTED_EDGE('',*,*,#1045,.T.);
#428=ORIENTED_EDGE('',*,*,#984,.T.);
#429=ORIENTED_EDGE('',*,*,#956,.T.);
#430=ORIENTED_EDGE('',*,*,#1041,.F.);
#431=ORIENTED_EDGE('',*,*,#962,.T.);
#432=ORIENTED_EDGE('',*,*,#848,.F.);
#433=ORIENTED_EDGE('',*,*,#1047,.T.);
#434=ORIENTED_EDGE('',*,*,#1012,.F.);
#435=ORIENTED_EDGE('',*,*,#1048,.F.);
#436=ORIENTED_EDGE('',*,*,#854,.F.);
#437=ORIENTED_EDGE('',*,*,#1049,.F.);
#438=ORIENTED_EDGE('',*,*,#1050,.F.);
#439=ORIENTED_EDGE('',*,*,#1051,.F.);
#440=ORIENTED_EDGE('',*,*,#1048,.T.);
#441=ORIENTED_EDGE('',*,*,#1025,.T.);
#442=ORIENTED_EDGE('',*,*,#1052,.F.);
#443=ORIENTED_EDGE('',*,*,#855,.T.);
#444=ORIENTED_EDGE('',*,*,#1024,.F.);
#445=ORIENTED_EDGE('',*,*,#1053,.T.);
#446=ORIENTED_EDGE('',*,*,#856,.F.);
#447=ORIENTED_EDGE('',*,*,#1052,.T.);
#448=ORIENTED_EDGE('',*,*,#974,.F.);
#449=ORIENTED_EDGE('',*,*,#940,.T.);
#450=ORIENTED_EDGE('',*,*,#1050,.T.);
#451=ORIENTED_EDGE('',*,*,#946,.T.);
#452=ORIENTED_EDGE('',*,*,#919,.T.);
#453=ORIENTED_EDGE('',*,*,#1054,.F.);
#454=ORIENTED_EDGE('',*,*,#1055,.F.);
#455=ORIENTED_EDGE('',*,*,#930,.F.);
#456=ORIENTED_EDGE('',*,*,#918,.F.);
#457=ORIENTED_EDGE('',*,*,#1007,.T.);
#458=ORIENTED_EDGE('',*,*,#1056,.T.);
#459=ORIENTED_EDGE('',*,*,#1054,.T.);
#460=ORIENTED_EDGE('',*,*,#1056,.F.);
#461=ORIENTED_EDGE('',*,*,#1006,.T.);
#462=ORIENTED_EDGE('',*,*,#931,.T.);
#463=ORIENTED_EDGE('',*,*,#1055,.T.);
#464=ORIENTED_EDGE('',*,*,#892,.F.);
#465=ORIENTED_EDGE('',*,*,#1057,.F.);
#466=ORIENTED_EDGE('',*,*,#1058,.T.);
#467=ORIENTED_EDGE('',*,*,#902,.F.);
#468=ORIENTED_EDGE('',*,*,#891,.F.);
#469=ORIENTED_EDGE('',*,*,#1000,.T.);
#470=ORIENTED_EDGE('',*,*,#1059,.T.);
#471=ORIENTED_EDGE('',*,*,#1057,.T.);
#472=ORIENTED_EDGE('',*,*,#999,.F.);
#473=ORIENTED_EDGE('',*,*,#903,.T.);
#474=ORIENTED_EDGE('',*,*,#1058,.F.);
#475=ORIENTED_EDGE('',*,*,#1059,.F.);
#476=ORIENTED_EDGE('',*,*,#883,.T.);
#477=ORIENTED_EDGE('',*,*,#1060,.T.);
#478=ORIENTED_EDGE('',*,*,#1061,.T.);
#479=ORIENTED_EDGE('',*,*,#888,.F.);
#480=ORIENTED_EDGE('',*,*,#1002,.F.);
#481=ORIENTED_EDGE('',*,*,#1062,.T.);
#482=ORIENTED_EDGE('',*,*,#1060,.F.);
#483=ORIENTED_EDGE('',*,*,#882,.F.);
#484=ORIENTED_EDGE('',*,*,#1001,.F.);
#485=ORIENTED_EDGE('',*,*,#889,.T.);
#486=ORIENTED_EDGE('',*,*,#1061,.F.);
#487=ORIENTED_EDGE('',*,*,#1062,.F.);
#488=ORIENTED_EDGE('',*,*,#1063,.T.);
#489=ORIENTED_EDGE('',*,*,#915,.T.);
#490=ORIENTED_EDGE('',*,*,#910,.T.);
#491=ORIENTED_EDGE('',*,*,#1064,.F.);
#492=ORIENTED_EDGE('',*,*,#909,.F.);
#493=ORIENTED_EDGE('',*,*,#993,.T.);
#494=ORIENTED_EDGE('',*,*,#1065,.T.);
#495=ORIENTED_EDGE('',*,*,#1064,.T.);
#496=ORIENTED_EDGE('',*,*,#992,.F.);
#497=ORIENTED_EDGE('',*,*,#916,.T.);
#498=ORIENTED_EDGE('',*,*,#1063,.F.);
#499=ORIENTED_EDGE('',*,*,#1065,.F.);
#500=ORIENTED_EDGE('',*,*,#1066,.T.);
#501=ORIENTED_EDGE('',*,*,#1067,.T.);
#502=ORIENTED_EDGE('',*,*,#1068,.T.);
#503=ORIENTED_EDGE('',*,*,#1069,.T.);
#504=ORIENTED_EDGE('',*,*,#1070,.T.);
#505=ORIENTED_EDGE('',*,*,#1071,.T.);
#506=ORIENTED_EDGE('',*,*,#1072,.T.);
#507=ORIENTED_EDGE('',*,*,#1073,.T.);
#508=ORIENTED_EDGE('',*,*,#1074,.T.);
#509=ORIENTED_EDGE('',*,*,#1075,.T.);
#510=ORIENTED_EDGE('',*,*,#1076,.T.);
#511=ORIENTED_EDGE('',*,*,#1077,.T.);
#512=ORIENTED_EDGE('',*,*,#1078,.T.);
#513=ORIENTED_EDGE('',*,*,#1079,.T.);
#514=ORIENTED_EDGE('',*,*,#1080,.T.);
#515=ORIENTED_EDGE('',*,*,#1081,.T.);
#516=ORIENTED_EDGE('',*,*,#1082,.F.);
#517=ORIENTED_EDGE('',*,*,#1083,.T.);
#518=ORIENTED_EDGE('',*,*,#1084,.F.);
#519=ORIENTED_EDGE('',*,*,#1085,.F.);
#520=ORIENTED_EDGE('',*,*,#1086,.T.);
#521=ORIENTED_EDGE('',*,*,#1087,.F.);
#522=ORIENTED_EDGE('',*,*,#1088,.T.);
#523=ORIENTED_EDGE('',*,*,#1089,.T.);
#524=ORIENTED_EDGE('',*,*,#1090,.T.);
#525=ORIENTED_EDGE('',*,*,#1091,.F.);
#526=ORIENTED_EDGE('',*,*,#1092,.F.);
#527=ORIENTED_EDGE('',*,*,#1093,.F.);
#528=ORIENTED_EDGE('',*,*,#1094,.T.);
#529=ORIENTED_EDGE('',*,*,#1095,.F.);
#530=ORIENTED_EDGE('',*,*,#1096,.T.);
#531=ORIENTED_EDGE('',*,*,#1097,.T.);
#532=ORIENTED_EDGE('',*,*,#1098,.T.);
#533=ORIENTED_EDGE('',*,*,#1099,.F.);
#534=ORIENTED_EDGE('',*,*,#1100,.F.);
#535=ORIENTED_EDGE('',*,*,#1101,.F.);
#536=ORIENTED_EDGE('',*,*,#1102,.F.);
#537=ORIENTED_EDGE('',*,*,#1103,.F.);
#538=ORIENTED_EDGE('',*,*,#1104,.T.);
#539=ORIENTED_EDGE('',*,*,#1105,.F.);
#540=ORIENTED_EDGE('',*,*,#1106,.T.);
#541=ORIENTED_EDGE('',*,*,#1107,.F.);
#542=ORIENTED_EDGE('',*,*,#1098,.F.);
#543=ORIENTED_EDGE('',*,*,#1108,.T.);
#544=ORIENTED_EDGE('',*,*,#1109,.F.);
#545=ORIENTED_EDGE('',*,*,#1108,.F.);
#546=ORIENTED_EDGE('',*,*,#1105,.T.);
#547=ORIENTED_EDGE('',*,*,#1110,.T.);
#548=ORIENTED_EDGE('',*,*,#1111,.T.);
#549=ORIENTED_EDGE('',*,*,#1110,.F.);
#550=ORIENTED_EDGE('',*,*,#1104,.F.);
#551=ORIENTED_EDGE('',*,*,#1112,.T.);
#552=ORIENTED_EDGE('',*,*,#1113,.F.);
#553=ORIENTED_EDGE('',*,*,#1112,.F.);
#554=ORIENTED_EDGE('',*,*,#1103,.T.);
#555=ORIENTED_EDGE('',*,*,#1114,.T.);
#556=ORIENTED_EDGE('',*,*,#1115,.F.);
#557=ORIENTED_EDGE('',*,*,#1114,.F.);
#558=ORIENTED_EDGE('',*,*,#1102,.T.);
#559=ORIENTED_EDGE('',*,*,#1116,.T.);
#560=ORIENTED_EDGE('',*,*,#1117,.F.);
#561=ORIENTED_EDGE('',*,*,#1116,.F.);
#562=ORIENTED_EDGE('',*,*,#1101,.T.);
#563=ORIENTED_EDGE('',*,*,#1118,.T.);
#564=ORIENTED_EDGE('',*,*,#1119,.F.);
#565=ORIENTED_EDGE('',*,*,#1118,.F.);
#566=ORIENTED_EDGE('',*,*,#1100,.T.);
#567=ORIENTED_EDGE('',*,*,#1120,.T.);
#568=ORIENTED_EDGE('',*,*,#1121,.T.);
#569=ORIENTED_EDGE('',*,*,#1122,.F.);
#570=ORIENTED_EDGE('',*,*,#1094,.F.);
#571=ORIENTED_EDGE('',*,*,#1123,.T.);
#572=ORIENTED_EDGE('',*,*,#1124,.T.);
#573=ORIENTED_EDGE('',*,*,#1123,.F.);
#574=ORIENTED_EDGE('',*,*,#1097,.F.);
#575=ORIENTED_EDGE('',*,*,#1125,.T.);
#576=ORIENTED_EDGE('',*,*,#1126,.T.);
#577=ORIENTED_EDGE('',*,*,#1125,.F.);
#578=ORIENTED_EDGE('',*,*,#1096,.F.);
#579=ORIENTED_EDGE('',*,*,#1127,.T.);
#580=ORIENTED_EDGE('',*,*,#1128,.T.);
#581=ORIENTED_EDGE('',*,*,#1129,.F.);
#582=ORIENTED_EDGE('',*,*,#1090,.F.);
#583=ORIENTED_EDGE('',*,*,#1130,.T.);
#584=ORIENTED_EDGE('',*,*,#1131,.F.);
#585=ORIENTED_EDGE('',*,*,#1130,.F.);
#586=ORIENTED_EDGE('',*,*,#1093,.T.);
#587=ORIENTED_EDGE('',*,*,#1132,.T.);
#588=ORIENTED_EDGE('',*,*,#1133,.F.);
#589=ORIENTED_EDGE('',*,*,#1132,.F.);
#590=ORIENTED_EDGE('',*,*,#1092,.T.);
#591=ORIENTED_EDGE('',*,*,#1134,.T.);
#592=ORIENTED_EDGE('',*,*,#1135,.T.);
#593=ORIENTED_EDGE('',*,*,#1136,.F.);
#594=ORIENTED_EDGE('',*,*,#1086,.F.);
#595=ORIENTED_EDGE('',*,*,#1137,.T.);
#596=ORIENTED_EDGE('',*,*,#1138,.T.);
#597=ORIENTED_EDGE('',*,*,#1137,.F.);
#598=ORIENTED_EDGE('',*,*,#1089,.F.);
#599=ORIENTED_EDGE('',*,*,#1139,.T.);
#600=ORIENTED_EDGE('',*,*,#1140,.T.);
#601=ORIENTED_EDGE('',*,*,#1139,.F.);
#602=ORIENTED_EDGE('',*,*,#1088,.F.);
#603=ORIENTED_EDGE('',*,*,#1141,.T.);
#604=ORIENTED_EDGE('',*,*,#1142,.F.);
#605=ORIENTED_EDGE('',*,*,#1143,.F.);
#606=ORIENTED_EDGE('',*,*,#1082,.T.);
#607=ORIENTED_EDGE('',*,*,#1144,.T.);
#608=ORIENTED_EDGE('',*,*,#1145,.F.);
#609=ORIENTED_EDGE('',*,*,#1144,.F.);
#610=ORIENTED_EDGE('',*,*,#1085,.T.);
#611=ORIENTED_EDGE('',*,*,#1146,.T.);
#612=ORIENTED_EDGE('',*,*,#1147,.F.);
#613=ORIENTED_EDGE('',*,*,#1146,.F.);
#614=ORIENTED_EDGE('',*,*,#1084,.T.);
#615=ORIENTED_EDGE('',*,*,#1148,.T.);
#616=ORIENTED_EDGE('',*,*,#1149,.F.);
#617=ORIENTED_EDGE('',*,*,#1127,.F.);
#618=ORIENTED_EDGE('',*,*,#1095,.T.);
#619=ORIENTED_EDGE('',*,*,#1122,.T.);
#620=ORIENTED_EDGE('',*,*,#1150,.F.);
#621=ORIENTED_EDGE('',*,*,#1134,.F.);
#622=ORIENTED_EDGE('',*,*,#1091,.T.);
#623=ORIENTED_EDGE('',*,*,#1129,.T.);
#624=ORIENTED_EDGE('',*,*,#1151,.F.);
#625=ORIENTED_EDGE('',*,*,#1141,.F.);
#626=ORIENTED_EDGE('',*,*,#1087,.T.);
#627=ORIENTED_EDGE('',*,*,#1136,.T.);
#628=ORIENTED_EDGE('',*,*,#1152,.T.);
#629=ORIENTED_EDGE('',*,*,#1148,.F.);
#630=ORIENTED_EDGE('',*,*,#1083,.F.);
#631=ORIENTED_EDGE('',*,*,#1143,.T.);
#632=ORIENTED_EDGE('',*,*,#1153,.F.);
#633=ORIENTED_EDGE('',*,*,#1120,.F.);
#634=ORIENTED_EDGE('',*,*,#1099,.T.);
#635=ORIENTED_EDGE('',*,*,#1107,.T.);
#636=ORIENTED_EDGE('',*,*,#1106,.F.);
#637=ORIENTED_EDGE('',*,*,#1109,.T.);
#638=ORIENTED_EDGE('',*,*,#1111,.F.);
#639=ORIENTED_EDGE('',*,*,#1113,.T.);
#640=ORIENTED_EDGE('',*,*,#1115,.T.);
#641=ORIENTED_EDGE('',*,*,#1117,.T.);
#642=ORIENTED_EDGE('',*,*,#1119,.T.);
#643=ORIENTED_EDGE('',*,*,#1153,.T.);
#644=ORIENTED_EDGE('',*,*,#1121,.F.);
#645=ORIENTED_EDGE('',*,*,#1124,.F.);
#646=ORIENTED_EDGE('',*,*,#1126,.F.);
#647=ORIENTED_EDGE('',*,*,#1149,.T.);
#648=ORIENTED_EDGE('',*,*,#1128,.F.);
#649=ORIENTED_EDGE('',*,*,#1131,.T.);
#650=ORIENTED_EDGE('',*,*,#1133,.T.);
#651=ORIENTED_EDGE('',*,*,#1150,.T.);
#652=ORIENTED_EDGE('',*,*,#1135,.F.);
#653=ORIENTED_EDGE('',*,*,#1138,.F.);
#654=ORIENTED_EDGE('',*,*,#1140,.F.);
#655=ORIENTED_EDGE('',*,*,#1151,.T.);
#656=ORIENTED_EDGE('',*,*,#1142,.T.);
#657=ORIENTED_EDGE('',*,*,#1145,.T.);
#658=ORIENTED_EDGE('',*,*,#1147,.T.);
#659=ORIENTED_EDGE('',*,*,#1152,.F.);
#660=ORIENTED_EDGE('',*,*,#1047,.F.);
#661=ORIENTED_EDGE('',*,*,#851,.F.);
#662=ORIENTED_EDGE('',*,*,#979,.F.);
#663=ORIENTED_EDGE('',*,*,#1154,.F.);
#664=ORIENTED_EDGE('',*,*,#1013,.F.);
#665=ORIENTED_EDGE('',*,*,#1154,.T.);
#666=ORIENTED_EDGE('',*,*,#978,.F.);
#667=ORIENTED_EDGE('',*,*,#1155,.F.);
#668=ORIENTED_EDGE('',*,*,#1014,.F.);
#669=ORIENTED_EDGE('',*,*,#1155,.T.);
#670=ORIENTED_EDGE('',*,*,#1029,.F.);
#671=ORIENTED_EDGE('',*,*,#1156,.F.);
#672=ORIENTED_EDGE('',*,*,#1015,.F.);
#673=ORIENTED_EDGE('',*,*,#1028,.F.);
#674=ORIENTED_EDGE('',*,*,#868,.F.);
#675=ORIENTED_EDGE('',*,*,#1046,.F.);
#676=ORIENTED_EDGE('',*,*,#1016,.F.);
#677=ORIENTED_EDGE('',*,*,#1156,.T.);
#678=ORIENTED_EDGE('',*,*,#1043,.F.);
#679=ORIENTED_EDGE('',*,*,#862,.F.);
#680=ORIENTED_EDGE('',*,*,#1033,.F.);
#681=ORIENTED_EDGE('',*,*,#1157,.F.);
#682=ORIENTED_EDGE('',*,*,#1020,.F.);
#683=ORIENTED_EDGE('',*,*,#1157,.T.);
#684=ORIENTED_EDGE('',*,*,#1032,.F.);
#685=ORIENTED_EDGE('',*,*,#1158,.F.);
#686=ORIENTED_EDGE('',*,*,#1021,.F.);
#687=ORIENTED_EDGE('',*,*,#1053,.F.);
#688=ORIENTED_EDGE('',*,*,#1023,.F.);
#689=ORIENTED_EDGE('',*,*,#1159,.T.);
#690=ORIENTED_EDGE('',*,*,#1034,.F.);
#691=ORIENTED_EDGE('',*,*,#857,.F.);
#692=ORIENTED_EDGE('',*,*,#1158,.T.);
#693=ORIENTED_EDGE('',*,*,#1035,.F.);
#694=ORIENTED_EDGE('',*,*,#1159,.F.);
#695=ORIENTED_EDGE('',*,*,#1022,.F.);
#696=ORIENTED_EDGE('',*,*,#1030,.F.);
#697=ORIENTED_EDGE('',*,*,#1160,.T.);
#698=ORIENTED_EDGE('',*,*,#898,.F.);
#699=ORIENTED_EDGE('',*,*,#998,.F.);
#700=ORIENTED_EDGE('',*,*,#880,.F.);
#701=ORIENTED_EDGE('',*,*,#1161,.T.);
#702=ORIENTED_EDGE('',*,*,#981,.F.);
#703=ORIENTED_EDGE('',*,*,#1003,.F.);
#704=ORIENTED_EDGE('',*,*,#975,.F.);
#705=ORIENTED_EDGE('',*,*,#1162,.T.);
#706=ORIENTED_EDGE('',*,*,#926,.F.);
#707=ORIENTED_EDGE('',*,*,#1005,.F.);
#708=ORIENTED_EDGE('',*,*,#907,.F.);
#709=ORIENTED_EDGE('',*,*,#1163,.T.);
#710=ORIENTED_EDGE('',*,*,#1026,.F.);
#711=ORIENTED_EDGE('',*,*,#994,.F.);
#712=ORIENTED_EDGE('',*,*,#1164,.F.);
#713=ORIENTED_EDGE('',*,*,#929,.F.);
#714=ORIENTED_EDGE('',*,*,#1165,.F.);
#715=ORIENTED_EDGE('',*,*,#1073,.F.);
#716=ORIENTED_EDGE('',*,*,#1165,.T.);
#717=ORIENTED_EDGE('',*,*,#935,.F.);
#718=ORIENTED_EDGE('',*,*,#1166,.F.);
#719=ORIENTED_EDGE('',*,*,#1070,.F.);
#720=ORIENTED_EDGE('',*,*,#1164,.T.);
#721=ORIENTED_EDGE('',*,*,#1072,.F.);
#722=ORIENTED_EDGE('',*,*,#1167,.F.);
#723=ORIENTED_EDGE('',*,*,#921,.F.);
#724=ORIENTED_EDGE('',*,*,#1166,.T.);
#725=ORIENTED_EDGE('',*,*,#938,.F.);
#726=ORIENTED_EDGE('',*,*,#1167,.T.);
#727=ORIENTED_EDGE('',*,*,#1071,.F.);
#728=ORIENTED_EDGE('',*,*,#1168,.F.);
#729=ORIENTED_EDGE('',*,*,#914,.F.);
#730=ORIENTED_EDGE('',*,*,#1169,.F.);
#731=ORIENTED_EDGE('',*,*,#1069,.F.);
#732=ORIENTED_EDGE('',*,*,#1169,.T.);
#733=ORIENTED_EDGE('',*,*,#948,.F.);
#734=ORIENTED_EDGE('',*,*,#1170,.F.);
#735=ORIENTED_EDGE('',*,*,#1066,.F.);
#736=ORIENTED_EDGE('',*,*,#1168,.T.);
#737=ORIENTED_EDGE('',*,*,#1068,.F.);
#738=ORIENTED_EDGE('',*,*,#1171,.F.);
#739=ORIENTED_EDGE('',*,*,#912,.F.);
#740=ORIENTED_EDGE('',*,*,#1170,.T.);
#741=ORIENTED_EDGE('',*,*,#943,.F.);
#742=ORIENTED_EDGE('',*,*,#1171,.T.);
#743=ORIENTED_EDGE('',*,*,#1067,.F.);
#744=ORIENTED_EDGE('',*,*,#1172,.F.);
#745=ORIENTED_EDGE('',*,*,#1077,.F.);
#746=ORIENTED_EDGE('',*,*,#1173,.F.);
#747=ORIENTED_EDGE('',*,*,#887,.F.);
#748=ORIENTED_EDGE('',*,*,#1173,.T.);
#749=ORIENTED_EDGE('',*,*,#1076,.F.);
#750=ORIENTED_EDGE('',*,*,#1174,.F.);
#751=ORIENTED_EDGE('',*,*,#885,.F.);
#752=ORIENTED_EDGE('',*,*,#1172,.T.);
#753=ORIENTED_EDGE('',*,*,#964,.F.);
#754=ORIENTED_EDGE('',*,*,#1175,.F.);
#755=ORIENTED_EDGE('',*,*,#1074,.F.);
#756=ORIENTED_EDGE('',*,*,#1174,.T.);
#757=ORIENTED_EDGE('',*,*,#1075,.F.);
#758=ORIENTED_EDGE('',*,*,#1175,.T.);
#759=ORIENTED_EDGE('',*,*,#959,.F.);
#760=ORIENTED_EDGE('',*,*,#1176,.F.);
#761=ORIENTED_EDGE('',*,*,#1081,.F.);
#762=ORIENTED_EDGE('',*,*,#1177,.F.);
#763=ORIENTED_EDGE('',*,*,#894,.F.);
#764=ORIENTED_EDGE('',*,*,#1177,.T.);
#765=ORIENTED_EDGE('',*,*,#1080,.F.);
#766=ORIENTED_EDGE('',*,*,#1178,.F.);
#767=ORIENTED_EDGE('',*,*,#954,.F.);
#768=ORIENTED_EDGE('',*,*,#1176,.T.);
#769=ORIENTED_EDGE('',*,*,#901,.F.);
#770=ORIENTED_EDGE('',*,*,#1179,.F.);
#771=ORIENTED_EDGE('',*,*,#1078,.F.);
#772=ORIENTED_EDGE('',*,*,#1178,.T.);
#773=ORIENTED_EDGE('',*,*,#1079,.F.);
#774=ORIENTED_EDGE('',*,*,#1179,.T.);
#775=ORIENTED_EDGE('',*,*,#951,.F.);
#776=ORIENTED_EDGE('',*,*,#1037,.F.);
#777=ORIENTED_EDGE('',*,*,#875,.F.);
#778=ORIENTED_EDGE('',*,*,#972,.F.);
#779=ORIENTED_EDGE('',*,*,#944,.F.);
#780=ORIENTED_EDGE('',*,*,#925,.F.);
#781=ORIENTED_EDGE('',*,*,#970,.F.);
#782=ORIENTED_EDGE('',*,*,#923,.F.);
#783=ORIENTED_EDGE('',*,*,#937,.F.);
#784=ORIENTED_EDGE('',*,*,#973,.F.);
#785=ORIENTED_EDGE('',*,*,#877,.F.);
#786=ORIENTED_EDGE('',*,*,#1036,.F.);
#787=ORIENTED_EDGE('',*,*,#971,.F.);
#788=ORIENTED_EDGE('',*,*,#896,.F.);
#789=ORIENTED_EDGE('',*,*,#953,.F.);
#790=ORIENTED_EDGE('',*,*,#983,.F.);
#791=ORIENTED_EDGE('',*,*,#966,.F.);
#792=ORIENTED_EDGE('',*,*,#1038,.F.);
#793=ORIENTED_EDGE('',*,*,#871,.F.);
#794=ORIENTED_EDGE('',*,*,#1039,.F.);
#795=ORIENTED_EDGE('',*,*,#968,.F.);
#796=ORIENTED_EDGE('',*,*,#985,.F.);
#797=ORIENTED_EDGE('',*,*,#960,.F.);
#798=ORIENTED_EDGE('',*,*,#897,.F.);
#799=ORIENTED_EDGE('',*,*,#873,.F.);
#800=ORIENTED_EDGE('',*,*,#955,.F.);
#801=ORIENTED_EDGE('',*,*,#949,.F.);
#802=ORIENTED_EDGE('',*,*,#1180,.F.);
#803=ORIENTED_EDGE('',*,*,#1042,.F.);
#804=ORIENTED_EDGE('',*,*,#1160,.F.);
#805=ORIENTED_EDGE('',*,*,#860,.F.);
#806=ORIENTED_EDGE('',*,*,#1180,.T.);
#807=ORIENTED_EDGE('',*,*,#899,.F.);
#808=ORIENTED_EDGE('',*,*,#963,.F.);
#809=ORIENTED_EDGE('',*,*,#1040,.F.);
#810=ORIENTED_EDGE('',*,*,#1181,.F.);
#811=ORIENTED_EDGE('',*,*,#958,.F.);
#812=ORIENTED_EDGE('',*,*,#1181,.T.);
#813=ORIENTED_EDGE('',*,*,#864,.F.);
#814=ORIENTED_EDGE('',*,*,#1161,.F.);
#815=ORIENTED_EDGE('',*,*,#879,.F.);
#816=ORIENTED_EDGE('',*,*,#939,.F.);
#817=ORIENTED_EDGE('',*,*,#933,.F.);
#818=ORIENTED_EDGE('',*,*,#1182,.F.);
#819=ORIENTED_EDGE('',*,*,#1051,.T.);
#820=ORIENTED_EDGE('',*,*,#1162,.F.);
#821=ORIENTED_EDGE('',*,*,#849,.F.);
#822=ORIENTED_EDGE('',*,*,#1182,.T.);
#823=ORIENTED_EDGE('',*,*,#927,.F.);
#824=ORIENTED_EDGE('',*,*,#947,.F.);
#825=ORIENTED_EDGE('',*,*,#1049,.T.);
#826=ORIENTED_EDGE('',*,*,#1183,.F.);
#827=ORIENTED_EDGE('',*,*,#942,.F.);
#828=ORIENTED_EDGE('',*,*,#1183,.T.);
#829=ORIENTED_EDGE('',*,*,#853,.F.);
#830=ORIENTED_EDGE('',*,*,#1163,.F.);
#831=ORIENTED_EDGE('',*,*,#906,.F.);
#832=ORIENTED_EDGE('',*,*,#1184,.F.);
#833=ORIENTED_EDGE('',*,*,#1010,.F.);
#834=ORIENTED_EDGE('',*,*,#1185,.F.);
#835=ORIENTED_EDGE('',*,*,#989,.F.);
#836=ORIENTED_EDGE('',*,*,#1011,.F.);
#837=ORIENTED_EDGE('',*,*,#1184,.T.);
#838=ORIENTED_EDGE('',*,*,#988,.F.);
#839=ORIENTED_EDGE('',*,*,#1186,.F.);
#840=ORIENTED_EDGE('',*,*,#1185,.T.);
#841=ORIENTED_EDGE('',*,*,#1009,.F.);
#842=ORIENTED_EDGE('',*,*,#1187,.F.);
#843=ORIENTED_EDGE('',*,*,#986,.F.);
#844=ORIENTED_EDGE('',*,*,#1008,.F.);
#845=ORIENTED_EDGE('',*,*,#1186,.T.);
#846=ORIENTED_EDGE('',*,*,#987,.F.);
#847=ORIENTED_EDGE('',*,*,#1187,.T.);
#848=EDGE_CURVE('',#1188,#1189,#1404,.T.);
#849=EDGE_CURVE('',#1189,#1190,#1405,.F.);
#850=EDGE_CURVE('',#1191,#1190,#1406,.T.);
#851=EDGE_CURVE('',#1191,#1188,#110,.T.);
#852=EDGE_CURVE('',#1192,#1193,#1407,.T.);
#853=EDGE_CURVE('',#1192,#1194,#1408,.F.);
#854=EDGE_CURVE('',#1194,#1195,#1409,.T.);
#855=EDGE_CURVE('',#1196,#1195,#111,.T.);
#856=EDGE_CURVE('',#1196,#1197,#1410,.T.);
#857=EDGE_CURVE('',#1197,#1198,#112,.T.);
#858=EDGE_CURVE('',#1193,#1198,#1411,.T.);
#859=EDGE_CURVE('',#1199,#1200,#1412,.T.);
#860=EDGE_CURVE('',#1199,#1201,#1413,.F.);
#861=EDGE_CURVE('',#1201,#1202,#1414,.T.);
#862=EDGE_CURVE('',#1202,#1200,#113,.T.);
#863=EDGE_CURVE('',#1203,#1204,#1415,.T.);
#864=EDGE_CURVE('',#1204,#1205,#1416,.F.);
#865=EDGE_CURVE('',#1206,#1205,#1417,.T.);
#866=EDGE_CURVE('',#1207,#1206,#114,.T.);
#867=EDGE_CURVE('',#1208,#1207,#1418,.T.);
#868=EDGE_CURVE('',#1208,#1209,#115,.T.);
#869=EDGE_CURVE('',#1209,#1203,#1419,.T.);
#870=EDGE_CURVE('',#1210,#1211,#1420,.T.);
#871=EDGE_CURVE('',#1211,#1212,#1421,.T.);
#872=EDGE_CURVE('',#1213,#1212,#116,.T.);
#873=EDGE_CURVE('',#1213,#1210,#1422,.F.);
#874=EDGE_CURVE('',#1214,#1215,#1423,.T.);
#875=EDGE_CURVE('',#1214,#1216,#1424,.F.);
#876=EDGE_CURVE('',#1216,#1217,#117,.T.);
#877=EDGE_CURVE('',#1217,#1215,#1425,.T.);
#878=EDGE_CURVE('',#1218,#1219,#1426,.T.);
#879=EDGE_CURVE('',#1219,#1220,#1427,.T.);
#880=EDGE_CURVE('',#1220,#1221,#1428,.T.);
#881=EDGE_CURVE('',#1221,#1222,#1429,.T.);
#882=EDGE_CURVE('',#1222,#1223,#1430,.T.);
#883=EDGE_CURVE('',#1224,#1223,#1431,.T.);
#884=EDGE_CURVE('',#1225,#1224,#1432,.T.);
#885=EDGE_CURVE('',#1225,#1218,#1433,.T.);
#886=EDGE_CURVE('',#1226,#1227,#1434,.T.);
#887=EDGE_CURVE('',#1226,#1225,#1435,.F.);
#888=EDGE_CURVE('',#1224,#1228,#1436,.T.);
#889=EDGE_CURVE('',#1229,#1228,#1437,.T.);
#890=EDGE_CURVE('',#1229,#1230,#1438,.T.);
#891=EDGE_CURVE('',#1230,#1231,#1439,.T.);
#892=EDGE_CURVE('',#1231,#1232,#1440,.T.);
#893=EDGE_CURVE('',#1233,#1232,#1441,.T.);
#894=EDGE_CURVE('',#1233,#1234,#1442,.F.);
#895=EDGE_CURVE('',#1234,#1235,#1443,.T.);
#896=EDGE_CURVE('',#1235,#1211,#118,.T.);
#897=EDGE_CURVE('',#1210,#1227,#119,.T.);
#898=EDGE_CURVE('',#1236,#1237,#1444,.F.);
#899=EDGE_CURVE('',#1237,#1238,#1445,.T.);
#900=EDGE_CURVE('',#1239,#1238,#1446,.T.);
#901=EDGE_CURVE('',#1239,#1233,#1447,.F.);
#902=EDGE_CURVE('',#1232,#1240,#1448,.T.);
#903=EDGE_CURVE('',#1241,#1240,#1449,.T.);
#904=EDGE_CURVE('',#1241,#1236,#1450,.T.);
#905=EDGE_CURVE('',#1242,#1243,#1451,.T.);
#906=EDGE_CURVE('',#1243,#1244,#1452,.T.);
#907=EDGE_CURVE('',#1244,#1245,#1453,.T.);
#908=EDGE_CURVE('',#1245,#1246,#1454,.T.);
#909=EDGE_CURVE('',#1246,#1247,#1455,.T.);
#910=EDGE_CURVE('',#1248,#1247,#1456,.T.);
#911=EDGE_CURVE('',#1249,#1248,#1457,.T.);
#912=EDGE_CURVE('',#1249,#1242,#1458,.T.);
#913=EDGE_CURVE('',#1250,#1251,#1459,.T.);
#914=EDGE_CURVE('',#1250,#1249,#1460,.T.);
#915=EDGE_CURVE('',#1252,#1248,#1461,.T.);
#916=EDGE_CURVE('',#1253,#1252,#1462,.T.);
#917=EDGE_CURVE('',#1254,#1253,#1463,.T.);
#918=EDGE_CURVE('',#1254,#1255,#1464,.T.);
#919=EDGE_CURVE('',#1256,#1255,#1465,.T.);
#920=EDGE_CURVE('',#1257,#1256,#1466,.T.);
#921=EDGE_CURVE('',#1257,#1258,#1467,.T.);
#922=EDGE_CURVE('',#1258,#1259,#1468,.T.);
#923=EDGE_CURVE('',#1259,#1260,#120,.F.);
#924=EDGE_CURVE('',#1260,#1261,#1469,.T.);
#925=EDGE_CURVE('',#1261,#1251,#121,.F.);
#926=EDGE_CURVE('',#1262,#1263,#1470,.F.);
#927=EDGE_CURVE('',#1263,#1264,#1471,.T.);
#928=EDGE_CURVE('',#1265,#1264,#1472,.T.);
#929=EDGE_CURVE('',#1265,#1257,#1473,.F.);
#930=EDGE_CURVE('',#1256,#1266,#1474,.T.);
#931=EDGE_CURVE('',#1267,#1266,#1475,.T.);
#932=EDGE_CURVE('',#1267,#1262,#1476,.T.);
#933=EDGE_CURVE('',#1264,#1268,#1477,.T.);
#934=EDGE_CURVE('',#1269,#1268,#1478,.T.);
#935=EDGE_CURVE('',#1269,#1265,#1479,.F.);
#936=EDGE_CURVE('',#1270,#1271,#1480,.T.);
#937=EDGE_CURVE('',#1271,#1259,#1481,.F.);
#938=EDGE_CURVE('',#1258,#1269,#1482,.F.);
#939=EDGE_CURVE('',#1268,#1272,#122,.T.);
#940=EDGE_CURVE('',#1270,#1272,#1483,.T.);
#941=EDGE_CURVE('',#1273,#1274,#1484,.T.);
#942=EDGE_CURVE('',#1274,#1243,#1485,.T.);
#943=EDGE_CURVE('',#1242,#1273,#1486,.F.);
#944=EDGE_CURVE('',#1251,#1275,#1487,.T.);
#945=EDGE_CURVE('',#1276,#1275,#1488,.T.);
#946=EDGE_CURVE('',#1277,#1276,#1489,.T.);
#947=EDGE_CURVE('',#1277,#1274,#123,.F.);
#948=EDGE_CURVE('',#1273,#1250,#1490,.T.);
#949=EDGE_CURVE('',#1238,#1278,#1491,.F.);
#950=EDGE_CURVE('',#1279,#1278,#1492,.T.);
#951=EDGE_CURVE('',#1279,#1239,#1493,.T.);
#952=EDGE_CURVE('',#1280,#1281,#1494,.T.);
#953=EDGE_CURVE('',#1281,#1235,#1495,.F.);
#954=EDGE_CURVE('',#1234,#1279,#1496,.F.);
#955=EDGE_CURVE('',#1278,#1282,#124,.T.);
#956=EDGE_CURVE('',#1280,#1282,#1497,.T.);
#957=EDGE_CURVE('',#1283,#1284,#1498,.T.);
#958=EDGE_CURVE('',#1284,#1219,#1499,.F.);
#959=EDGE_CURVE('',#1218,#1283,#1500,.T.);
#960=EDGE_CURVE('',#1227,#1285,#1501,.T.);
#961=EDGE_CURVE('',#1286,#1285,#1502,.T.);
#962=EDGE_CURVE('',#1287,#1286,#1503,.T.);
#963=EDGE_CURVE('',#1287,#1284,#125,.F.);
#964=EDGE_CURVE('',#1283,#1226,#1504,.T.);
#965=EDGE_CURVE('',#1288,#1289,#126,.T.);
#966=EDGE_CURVE('',#1288,#1290,#1505,.T.);
#967=EDGE_CURVE('',#1290,#1291,#1506,.T.);
#968=EDGE_CURVE('',#1291,#1289,#1507,.F.);
#969=EDGE_CURVE('',#1292,#1293,#127,.T.);
#970=EDGE_CURVE('',#1293,#1261,#1508,.F.);
#971=EDGE_CURVE('',#1260,#1292,#1509,.T.);
#972=EDGE_CURVE('',#1275,#1214,#128,.T.);
#973=EDGE_CURVE('',#1215,#1271,#129,.T.);
#974=EDGE_CURVE('',#1270,#1276,#1510,.T.);
#975=EDGE_CURVE('',#1190,#1294,#1511,.T.);
#976=EDGE_CURVE('',#1295,#1294,#1512,.T.);
#977=EDGE_CURVE('',#1296,#1295,#1513,.T.);
#978=EDGE_CURVE('',#1296,#1297,#1514,.T.);
#979=EDGE_CURVE('',#1297,#1191,#1515,.F.);
#980=EDGE_CURVE('',#1298,#1299,#1516,.T.);
#981=EDGE_CURVE('',#1299,#1204,#1517,.F.);
#982=EDGE_CURVE('',#1203,#1298,#1518,.T.);
#983=EDGE_CURVE('',#1290,#1281,#130,.F.);
#984=EDGE_CURVE('',#1286,#1280,#1519,.T.);
#985=EDGE_CURVE('',#1285,#1291,#131,.F.);
#986=EDGE_CURVE('',#1300,#1301,#1520,.F.);
#987=EDGE_CURVE('',#1301,#1302,#1521,.F.);
#988=EDGE_CURVE('',#1302,#1303,#1522,.T.);
#989=EDGE_CURVE('',#1303,#1300,#1523,.T.);
#990=EDGE_CURVE('',#1304,#1304,#132,.T.);
#991=EDGE_CURVE('',#1305,#1305,#133,.T.);
#992=EDGE_CURVE('',#1253,#1306,#1524,.T.);
#993=EDGE_CURVE('',#1246,#1306,#1525,.T.);
#994=EDGE_CURVE('',#1245,#1307,#134,.T.);
#995=EDGE_CURVE('',#1307,#1308,#1526,.T.);
#996=EDGE_CURVE('',#1308,#1309,#1527,.T.);
#997=EDGE_CURVE('',#1310,#1309,#1528,.T.);
#998=EDGE_CURVE('',#1310,#1236,#135,.T.);
#999=EDGE_CURVE('',#1241,#1311,#1529,.T.);
#1000=EDGE_CURVE('',#1230,#1311,#1530,.T.);
#1001=EDGE_CURVE('',#1229,#1312,#1531,.T.);
#1002=EDGE_CURVE('',#1312,#1222,#1532,.T.);
#1003=EDGE_CURVE('',#1221,#1299,#136,.T.);
#1004=EDGE_CURVE('',#1295,#1298,#1533,.T.);
#1005=EDGE_CURVE('',#1294,#1262,#137,.T.);
#1006=EDGE_CURVE('',#1313,#1267,#1534,.T.);
#1007=EDGE_CURVE('',#1254,#1313,#1535,.T.);
#1008=EDGE_CURVE('',#1314,#1315,#1536,.T.);
#1009=EDGE_CURVE('',#1315,#1316,#1537,.T.);
#1010=EDGE_CURVE('',#1316,#1317,#1538,.F.);
#1011=EDGE_CURVE('',#1317,#1314,#1539,.F.);
#1012=EDGE_CURVE('',#1318,#1319,#1540,.T.);
#1013=EDGE_CURVE('',#1319,#1320,#138,.F.);
#1014=EDGE_CURVE('',#1320,#1321,#1541,.F.);
#1015=EDGE_CURVE('',#1321,#1322,#1542,.T.);
#1016=EDGE_CURVE('',#1322,#1323,#139,.F.);
#1017=EDGE_CURVE('',#1324,#1323,#1543,.T.);
#1018=EDGE_CURVE('',#1325,#1324,#140,.F.);
#1019=EDGE_CURVE('',#1326,#1325,#1544,.T.);
#1020=EDGE_CURVE('',#1326,#1327,#141,.F.);
#1021=EDGE_CURVE('',#1327,#1328,#1545,.T.);
#1022=EDGE_CURVE('',#1328,#1329,#1546,.F.);
#1023=EDGE_CURVE('',#1329,#1330,#142,.F.);
#1024=EDGE_CURVE('',#1330,#1331,#1547,.T.);
#1025=EDGE_CURVE('',#1318,#1331,#143,.F.);
#1026=EDGE_CURVE('',#1307,#1192,#1548,.F.);
#1027=EDGE_CURVE('',#1193,#1308,#1549,.T.);
#1028=EDGE_CURVE('',#1209,#1332,#1550,.T.);
#1029=EDGE_CURVE('',#1332,#1296,#1551,.F.);
#1030=EDGE_CURVE('',#1201,#1310,#1552,.T.);
#1031=EDGE_CURVE('',#1333,#1309,#1553,.T.);
#1032=EDGE_CURVE('',#1333,#1334,#1554,.F.);
#1033=EDGE_CURVE('',#1334,#1202,#1555,.F.);
#1034=EDGE_CURVE('',#1198,#1335,#1556,.T.);
#1035=EDGE_CURVE('',#1335,#1333,#1557,.T.);
#1036=EDGE_CURVE('',#1292,#1217,#46,.T.);
#1037=EDGE_CURVE('',#1216,#1293,#47,.T.);
#1038=EDGE_CURVE('',#1212,#1288,#48,.T.);
#1039=EDGE_CURVE('',#1289,#1213,#49,.T.);
#1040=EDGE_CURVE('',#1205,#1287,#1558,.T.);
#1041=EDGE_CURVE('',#1287,#1282,#1559,.T.);
#1042=EDGE_CURVE('',#1282,#1199,#1560,.T.);
#1043=EDGE_CURVE('',#1200,#1326,#1561,.T.);
#1044=EDGE_CURVE('',#1206,#1325,#1562,.T.);
#1045=EDGE_CURVE('',#1207,#1324,#1563,.T.);
#1046=EDGE_CURVE('',#1323,#1208,#1564,.F.);
#1047=EDGE_CURVE('',#1188,#1319,#1565,.T.);
#1048=EDGE_CURVE('',#1195,#1318,#1566,.T.);
#1049=EDGE_CURVE('',#1277,#1194,#1567,.T.);
#1050=EDGE_CURVE('',#1272,#1277,#1568,.T.);
#1051=EDGE_CURVE('',#1189,#1272,#1569,.T.);
#1052=EDGE_CURVE('',#1196,#1331,#1570,.T.);
#1053=EDGE_CURVE('',#1330,#1197,#1571,.F.);
#1054=EDGE_CURVE('',#1336,#1255,#1572,.T.);
#1055=EDGE_CURVE('',#1266,#1336,#1573,.T.);
#1056=EDGE_CURVE('',#1313,#1336,#1574,.T.);
#1057=EDGE_CURVE('',#1337,#1231,#1575,.T.);
#1058=EDGE_CURVE('',#1337,#1240,#1576,.T.);
#1059=EDGE_CURVE('',#1311,#1337,#1577,.T.);
#1060=EDGE_CURVE('',#1223,#1338,#1578,.T.);
#1061=EDGE_CURVE('',#1338,#1228,#1579,.T.);
#1062=EDGE_CURVE('',#1312,#1338,#1580,.T.);
#1063=EDGE_CURVE('',#1339,#1252,#1581,.T.);
#1064=EDGE_CURVE('',#1339,#1247,#1582,.T.);
#1065=EDGE_CURVE('',#1306,#1339,#1583,.T.);
#1066=EDGE_CURVE('',#1340,#1341,#1584,.F.);
#1067=EDGE_CURVE('',#1341,#1342,#1585,.T.);
#1068=EDGE_CURVE('',#1342,#1343,#1586,.F.);
#1069=EDGE_CURVE('',#1343,#1340,#1587,.F.);
#1070=EDGE_CURVE('',#1344,#1345,#1588,.T.);
#1071=EDGE_CURVE('',#1345,#1346,#1589,.T.);
#1072=EDGE_CURVE('',#1346,#1347,#1590,.F.);
#1073=EDGE_CURVE('',#1347,#1344,#1591,.T.);
#1074=EDGE_CURVE('',#1348,#1349,#1592,.F.);
#1075=EDGE_CURVE('',#1349,#1350,#1593,.F.);
#1076=EDGE_CURVE('',#1350,#1351,#1594,.F.);
#1077=EDGE_CURVE('',#1351,#1348,#1595,.T.);
#1078=EDGE_CURVE('',#1352,#1353,#1596,.T.);
#1079=EDGE_CURVE('',#1353,#1354,#1597,.F.);
#1080=EDGE_CURVE('',#1354,#1355,#1598,.T.);
#1081=EDGE_CURVE('',#1355,#1352,#1599,.T.);
#1082=EDGE_CURVE('',#1356,#1357,#144,.T.);
#1083=EDGE_CURVE('',#1356,#1358,#1600,.T.);
#1084=EDGE_CURVE('',#1359,#1358,#145,.T.);
#1085=EDGE_CURVE('',#1357,#1359,#1601,.T.);
#1086=EDGE_CURVE('',#1360,#1361,#146,.T.);
#1087=EDGE_CURVE('',#1362,#1361,#1602,.T.);
#1088=EDGE_CURVE('',#1362,#1363,#147,.T.);
#1089=EDGE_CURVE('',#1363,#1360,#1603,.T.);
#1090=EDGE_CURVE('',#1364,#1365,#1604,.T.);
#1091=EDGE_CURVE('',#1366,#1365,#148,.T.);
#1092=EDGE_CURVE('',#1367,#1366,#1605,.T.);
#1093=EDGE_CURVE('',#1364,#1367,#149,.T.);
#1094=EDGE_CURVE('',#1368,#1369,#150,.T.);
#1095=EDGE_CURVE('',#1370,#1369,#1606,.T.);
#1096=EDGE_CURVE('',#1370,#1371,#151,.T.);
#1097=EDGE_CURVE('',#1371,#1368,#1607,.T.);
#1098=EDGE_CURVE('',#1372,#1373,#1608,.T.);
#1099=EDGE_CURVE('',#1374,#1373,#152,.T.);
#1100=EDGE_CURVE('',#1375,#1374,#1609,.T.);
#1101=EDGE_CURVE('',#1376,#1375,#153,.T.);
#1102=EDGE_CURVE('',#1377,#1376,#1610,.T.);
#1103=EDGE_CURVE('',#1378,#1377,#154,.T.);
#1104=EDGE_CURVE('',#1378,#1379,#1611,.T.);
#1105=EDGE_CURVE('',#1372,#1379,#155,.T.);
#1106=EDGE_CURVE('',#1380,#1381,#1612,.T.);
#1107=EDGE_CURVE('',#1373,#1381,#1613,.T.);
#1108=EDGE_CURVE('',#1372,#1380,#1614,.T.);
#1109=EDGE_CURVE('',#1380,#1382,#156,.T.);
#1110=EDGE_CURVE('',#1379,#1382,#1615,.T.);
#1111=EDGE_CURVE('',#1383,#1382,#1616,.T.);
#1112=EDGE_CURVE('',#1378,#1383,#1617,.T.);
#1113=EDGE_CURVE('',#1383,#1384,#157,.T.);
#1114=EDGE_CURVE('',#1377,#1384,#1618,.T.);
#1115=EDGE_CURVE('',#1384,#1385,#1619,.T.);
#1116=EDGE_CURVE('',#1376,#1385,#1620,.T.);
#1117=EDGE_CURVE('',#1385,#1386,#158,.T.);
#1118=EDGE_CURVE('',#1375,#1386,#1621,.T.);
#1119=EDGE_CURVE('',#1386,#1387,#1622,.T.);
#1120=EDGE_CURVE('',#1374,#1387,#1623,.T.);
#1121=EDGE_CURVE('',#1388,#1389,#159,.T.);
#1122=EDGE_CURVE('',#1369,#1389,#1624,.T.);
#1123=EDGE_CURVE('',#1368,#1388,#1625,.T.);
#1124=EDGE_CURVE('',#1390,#1388,#1626,.T.);
#1125=EDGE_CURVE('',#1371,#1390,#1627,.T.);
#1126=EDGE_CURVE('',#1391,#1390,#160,.T.);
#1127=EDGE_CURVE('',#1370,#1391,#1628,.T.);
#1128=EDGE_CURVE('',#1392,#1393,#1629,.T.);
#1129=EDGE_CURVE('',#1365,#1393,#1630,.T.);
#1130=EDGE_CURVE('',#1364,#1392,#1631,.T.);
#1131=EDGE_CURVE('',#1392,#1394,#161,.T.);
#1132=EDGE_CURVE('',#1367,#1394,#1632,.T.);
#1133=EDGE_CURVE('',#1394,#1395,#1633,.T.);
#1134=EDGE_CURVE('',#1366,#1395,#1634,.T.);
#1135=EDGE_CURVE('',#1396,#1397,#162,.T.);
#1136=EDGE_CURVE('',#1361,#1397,#1635,.T.);
#1137=EDGE_CURVE('',#1360,#1396,#1636,.T.);
#1138=EDGE_CURVE('',#1398,#1396,#1637,.T.);
#1139=EDGE_CURVE('',#1363,#1398,#1638,.T.);
#1140=EDGE_CURVE('',#1399,#1398,#163,.T.);
#1141=EDGE_CURVE('',#1362,#1399,#1639,.T.);
#1142=EDGE_CURVE('',#1400,#1401,#164,.T.);
#1143=EDGE_CURVE('',#1356,#1400,#1640,.T.);
#1144=EDGE_CURVE('',#1357,#1401,#1641,.T.);
#1145=EDGE_CURVE('',#1401,#1402,#1642,.T.);
#1146=EDGE_CURVE('',#1359,#1402,#1643,.T.);
#1147=EDGE_CURVE('',#1402,#1403,#165,.T.);
#1148=EDGE_CURVE('',#1358,#1403,#1644,.T.);
#1149=EDGE_CURVE('',#1391,#1389,#1645,.T.);
#1150=EDGE_CURVE('',#1395,#1393,#166,.T.);
#1151=EDGE_CURVE('',#1399,#1397,#1646,.T.);
#1152=EDGE_CURVE('',#1400,#1403,#1647,.T.);
#1153=EDGE_CURVE('',#1387,#1381,#167,.T.);
#1154=EDGE_CURVE('',#1320,#1297,#12,.T.);
#1155=EDGE_CURVE('',#1321,#1296,#13,.F.);
#1156=EDGE_CURVE('',#1322,#1332,#14,.F.);
#1157=EDGE_CURVE('',#1327,#1334,#15,.F.);
#1158=EDGE_CURVE('',#1328,#1333,#16,.F.);
#1159=EDGE_CURVE('',#1329,#1335,#17,.F.);
#1160=EDGE_CURVE('',#1201,#1237,#18,.T.);
#1161=EDGE_CURVE('',#1220,#1204,#19,.F.);
#1162=EDGE_CURVE('',#1190,#1263,#20,.F.);
#1163=EDGE_CURVE('',#1244,#1192,#21,.T.);
#1164=EDGE_CURVE('',#1257,#1347,#22,.F.);
#1165=EDGE_CURVE('',#1344,#1265,#23,.T.);
#1166=EDGE_CURVE('',#1345,#1269,#24,.T.);
#1167=EDGE_CURVE('',#1258,#1346,#25,.F.);
#1168=EDGE_CURVE('',#1249,#1343,#26,.F.);
#1169=EDGE_CURVE('',#1340,#1250,#27,.T.);
#1170=EDGE_CURVE('',#1341,#1273,#28,.T.);
#1171=EDGE_CURVE('',#1242,#1342,#29,.F.);
#1172=EDGE_CURVE('',#1348,#1226,#30,.T.);
#1173=EDGE_CURVE('',#1225,#1351,#31,.F.);
#1174=EDGE_CURVE('',#1218,#1350,#32,.F.);
#1175=EDGE_CURVE('',#1349,#1283,#33,.T.);
#1176=EDGE_CURVE('',#1352,#1233,#34,.T.);
#1177=EDGE_CURVE('',#1234,#1355,#35,.F.);
#1178=EDGE_CURVE('',#1279,#1354,#36,.F.);
#1179=EDGE_CURVE('',#1353,#1239,#37,.T.);
#1180=EDGE_CURVE('',#1199,#1238,#38,.T.);
#1181=EDGE_CURVE('',#1219,#1205,#39,.F.);
#1182=EDGE_CURVE('',#1189,#1264,#40,.T.);
#1183=EDGE_CURVE('',#1243,#1194,#41,.F.);
#1184=EDGE_CURVE('',#1317,#1303,#42,.F.);
#1185=EDGE_CURVE('',#1300,#1316,#43,.T.);
#1186=EDGE_CURVE('',#1314,#1302,#44,.F.);
#1187=EDGE_CURVE('',#1301,#1315,#45,.T.);
#1188=VERTEX_POINT('',#3274);
#1189=VERTEX_POINT('',#3275);
#1190=VERTEX_POINT('',#3277);
#1191=VERTEX_POINT('',#3279);
#1192=VERTEX_POINT('',#3283);
#1193=VERTEX_POINT('',#3284);
#1194=VERTEX_POINT('',#3286);
#1195=VERTEX_POINT('',#3288);
#1196=VERTEX_POINT('',#3290);
#1197=VERTEX_POINT('',#3292);
#1198=VERTEX_POINT('',#3294);
#1199=VERTEX_POINT('',#3298);
#1200=VERTEX_POINT('',#3299);
#1201=VERTEX_POINT('',#3301);
#1202=VERTEX_POINT('',#3303);
#1203=VERTEX_POINT('',#3307);
#1204=VERTEX_POINT('',#3308);
#1205=VERTEX_POINT('',#3310);
#1206=VERTEX_POINT('',#3312);
#1207=VERTEX_POINT('',#3314);
#1208=VERTEX_POINT('',#3316);
#1209=VERTEX_POINT('',#3318);
#1210=VERTEX_POINT('',#3322);
#1211=VERTEX_POINT('',#3323);
#1212=VERTEX_POINT('',#3325);
#1213=VERTEX_POINT('',#3327);
#1214=VERTEX_POINT('',#3331);
#1215=VERTEX_POINT('',#3332);
#1216=VERTEX_POINT('',#3334);
#1217=VERTEX_POINT('',#3336);
#1218=VERTEX_POINT('',#3340);
#1219=VERTEX_POINT('',#3341);
#1220=VERTEX_POINT('',#3343);
#1221=VERTEX_POINT('',#3345);
#1222=VERTEX_POINT('',#3347);
#1223=VERTEX_POINT('',#3349);
#1224=VERTEX_POINT('',#3351);
#1225=VERTEX_POINT('',#3353);
#1226=VERTEX_POINT('',#3357);
#1227=VERTEX_POINT('',#3358);
#1228=VERTEX_POINT('',#3361);
#1229=VERTEX_POINT('',#3363);
#1230=VERTEX_POINT('',#3365);
#1231=VERTEX_POINT('',#3367);
#1232=VERTEX_POINT('',#3369);
#1233=VERTEX_POINT('',#3371);
#1234=VERTEX_POINT('',#3373);
#1235=VERTEX_POINT('',#3375);
#1236=VERTEX_POINT('',#3380);
#1237=VERTEX_POINT('',#3381);
#1238=VERTEX_POINT('',#3383);
#1239=VERTEX_POINT('',#3385);
#1240=VERTEX_POINT('',#3388);
#1241=VERTEX_POINT('',#3390);
#1242=VERTEX_POINT('',#3394);
#1243=VERTEX_POINT('',#3395);
#1244=VERTEX_POINT('',#3397);
#1245=VERTEX_POINT('',#3399);
#1246=VERTEX_POINT('',#3401);
#1247=VERTEX_POINT('',#3403);
#1248=VERTEX_POINT('',#3405);
#1249=VERTEX_POINT('',#3407);
#1250=VERTEX_POINT('',#3411);
#1251=VERTEX_POINT('',#3412);
#1252=VERTEX_POINT('',#3415);
#1253=VERTEX_POINT('',#3417);
#1254=VERTEX_POINT('',#3419);
#1255=VERTEX_POINT('',#3421);
#1256=VERTEX_POINT('',#3423);
#1257=VERTEX_POINT('',#3425);
#1258=VERTEX_POINT('',#3427);
#1259=VERTEX_POINT('',#3429);
#1260=VERTEX_POINT('',#3431);
#1261=VERTEX_POINT('',#3433);
#1262=VERTEX_POINT('',#3437);
#1263=VERTEX_POINT('',#3438);
#1264=VERTEX_POINT('',#3440);
#1265=VERTEX_POINT('',#3442);
#1266=VERTEX_POINT('',#3445);
#1267=VERTEX_POINT('',#3447);
#1268=VERTEX_POINT('',#3451);
#1269=VERTEX_POINT('',#3453);
#1270=VERTEX_POINT('',#3457);
#1271=VERTEX_POINT('',#3458);
#1272=VERTEX_POINT('',#3462);
#1273=VERTEX_POINT('',#3466);
#1274=VERTEX_POINT('',#3467);
#1275=VERTEX_POINT('',#3472);
#1276=VERTEX_POINT('',#3474);
#1277=VERTEX_POINT('',#3476);
#1278=VERTEX_POINT('',#3481);
#1279=VERTEX_POINT('',#3483);
#1280=VERTEX_POINT('',#3487);
#1281=VERTEX_POINT('',#3488);
#1282=VERTEX_POINT('',#3492);
#1283=VERTEX_POINT('',#3496);
#1284=VERTEX_POINT('',#3497);
#1285=VERTEX_POINT('',#3502);
#1286=VERTEX_POINT('',#3504);
#1287=VERTEX_POINT('',#3506);
#1288=VERTEX_POINT('',#3511);
#1289=VERTEX_POINT('',#3512);
#1290=VERTEX_POINT('',#3514);
#1291=VERTEX_POINT('',#3516);
#1292=VERTEX_POINT('',#3520);
#1293=VERTEX_POINT('',#3521);
#1294=VERTEX_POINT('',#3530);
#1295=VERTEX_POINT('',#3532);
#1296=VERTEX_POINT('',#3534);
#1297=VERTEX_POINT('',#3536);
#1298=VERTEX_POINT('',#3540);
#1299=VERTEX_POINT('',#3541);
#1300=VERTEX_POINT('',#3550);
#1301=VERTEX_POINT('',#3551);
#1302=VERTEX_POINT('',#3553);
#1303=VERTEX_POINT('',#3555);
#1304=VERTEX_POINT('',#3558);
#1305=VERTEX_POINT('',#3560);
#1306=VERTEX_POINT('',#3562);
#1307=VERTEX_POINT('',#3565);
#1308=VERTEX_POINT('',#3567);
#1309=VERTEX_POINT('',#3569);
#1310=VERTEX_POINT('',#3571);
#1311=VERTEX_POINT('',#3574);
#1312=VERTEX_POINT('',#3577);
#1313=VERTEX_POINT('',#3583);
#1314=VERTEX_POINT('',#3587);
#1315=VERTEX_POINT('',#3588);
#1316=VERTEX_POINT('',#3590);
#1317=VERTEX_POINT('',#3592);
#1318=VERTEX_POINT('',#3595);
#1319=VERTEX_POINT('',#3596);
#1320=VERTEX_POINT('',#3598);
#1321=VERTEX_POINT('',#3600);
#1322=VERTEX_POINT('',#3602);
#1323=VERTEX_POINT('',#3604);
#1324=VERTEX_POINT('',#3606);
#1325=VERTEX_POINT('',#3608);
#1326=VERTEX_POINT('',#3610);
#1327=VERTEX_POINT('',#3612);
#1328=VERTEX_POINT('',#3614);
#1329=VERTEX_POINT('',#3616);
#1330=VERTEX_POINT('',#3618);
#1331=VERTEX_POINT('',#3620);
#1332=VERTEX_POINT('',#3627);
#1333=VERTEX_POINT('',#3632);
#1334=VERTEX_POINT('',#3634);
#1335=VERTEX_POINT('',#3638);
#1336=VERTEX_POINT('',#3686);
#1337=VERTEX_POINT('',#3693);
#1338=VERTEX_POINT('',#3700);
#1339=VERTEX_POINT('',#3707);
#1340=VERTEX_POINT('',#3714);
#1341=VERTEX_POINT('',#3715);
#1342=VERTEX_POINT('',#3717);
#1343=VERTEX_POINT('',#3719);
#1344=VERTEX_POINT('',#3722);
#1345=VERTEX_POINT('',#3723);
#1346=VERTEX_POINT('',#3725);
#1347=VERTEX_POINT('',#3727);
#1348=VERTEX_POINT('',#3730);
#1349=VERTEX_POINT('',#3731);
#1350=VERTEX_POINT('',#3733);
#1351=VERTEX_POINT('',#3735);
#1352=VERTEX_POINT('',#3738);
#1353=VERTEX_POINT('',#3739);
#1354=VERTEX_POINT('',#3741);
#1355=VERTEX_POINT('',#3743);
#1356=VERTEX_POINT('',#3746);
#1357=VERTEX_POINT('',#3747);
#1358=VERTEX_POINT('',#3749);
#1359=VERTEX_POINT('',#3751);
#1360=VERTEX_POINT('',#3754);
#1361=VERTEX_POINT('',#3755);
#1362=VERTEX_POINT('',#3757);
#1363=VERTEX_POINT('',#3759);
#1364=VERTEX_POINT('',#3762);
#1365=VERTEX_POINT('',#3763);
#1366=VERTEX_POINT('',#3765);
#1367=VERTEX_POINT('',#3767);
#1368=VERTEX_POINT('',#3770);
#1369=VERTEX_POINT('',#3771);
#1370=VERTEX_POINT('',#3773);
#1371=VERTEX_POINT('',#3775);
#1372=VERTEX_POINT('',#3778);
#1373=VERTEX_POINT('',#3779);
#1374=VERTEX_POINT('',#3781);
#1375=VERTEX_POINT('',#3783);
#1376=VERTEX_POINT('',#3785);
#1377=VERTEX_POINT('',#3787);
#1378=VERTEX_POINT('',#3789);
#1379=VERTEX_POINT('',#3791);
#1380=VERTEX_POINT('',#3795);
#1381=VERTEX_POINT('',#3796);
#1382=VERTEX_POINT('',#3801);
#1383=VERTEX_POINT('',#3805);
#1384=VERTEX_POINT('',#3809);
#1385=VERTEX_POINT('',#3813);
#1386=VERTEX_POINT('',#3817);
#1387=VERTEX_POINT('',#3821);
#1388=VERTEX_POINT('',#3825);
#1389=VERTEX_POINT('',#3826);
#1390=VERTEX_POINT('',#3831);
#1391=VERTEX_POINT('',#3835);
#1392=VERTEX_POINT('',#3839);
#1393=VERTEX_POINT('',#3840);
#1394=VERTEX_POINT('',#3845);
#1395=VERTEX_POINT('',#3849);
#1396=VERTEX_POINT('',#3853);
#1397=VERTEX_POINT('',#3854);
#1398=VERTEX_POINT('',#3859);
#1399=VERTEX_POINT('',#3863);
#1400=VERTEX_POINT('',#3867);
#1401=VERTEX_POINT('',#3868);
#1402=VERTEX_POINT('',#3873);
#1403=VERTEX_POINT('',#3877);
#1404=LINE('',#3273,#1648);
#1405=LINE('',#3276,#1649);
#1406=LINE('',#3278,#1650);
#1407=LINE('',#3282,#1651);
#1408=LINE('',#3285,#1652);
#1409=LINE('',#3287,#1653);
#1410=LINE('',#3291,#1654);
#1411=LINE('',#3295,#1655);
#1412=LINE('',#3297,#1656);
#1413=LINE('',#3300,#1657);
#1414=LINE('',#3302,#1658);
#1415=LINE('',#3306,#1659);
#1416=LINE('',#3309,#1660);
#1417=LINE('',#3311,#1661);
#1418=LINE('',#3315,#1662);
#1419=LINE('',#3319,#1663);
#1420=LINE('',#3321,#1664);
#1421=LINE('',#3324,#1665);
#1422=LINE('',#3328,#1666);
#1423=LINE('',#3330,#1667);
#1424=LINE('',#3333,#1668);
#1425=LINE('',#3337,#1669);
#1426=LINE('',#3339,#1670);
#1427=LINE('',#3342,#1671);
#1428=LINE('',#3344,#1672);
#1429=LINE('',#3346,#1673);
#1430=LINE('',#3348,#1674);
#1431=LINE('',#3350,#1675);
#1432=LINE('',#3352,#1676);
#1433=LINE('',#3354,#1677);
#1434=LINE('',#3356,#1678);
#1435=LINE('',#3359,#1679);
#1436=LINE('',#3360,#1680);
#1437=LINE('',#3362,#1681);
#1438=LINE('',#3364,#1682);
#1439=LINE('',#3366,#1683);
#1440=LINE('',#3368,#1684);
#1441=LINE('',#3370,#1685);
#1442=LINE('',#3372,#1686);
#1443=LINE('',#3374,#1687);
#1444=LINE('',#3379,#1688);
#1445=LINE('',#3382,#1689);
#1446=LINE('',#3384,#1690);
#1447=LINE('',#3386,#1691);
#1448=LINE('',#3387,#1692);
#1449=LINE('',#3389,#1693);
#1450=LINE('',#3391,#1694);
#1451=LINE('',#3393,#1695);
#1452=LINE('',#3396,#1696);
#1453=LINE('',#3398,#1697);
#1454=LINE('',#3400,#1698);
#1455=LINE('',#3402,#1699);
#1456=LINE('',#3404,#1700);
#1457=LINE('',#3406,#1701);
#1458=LINE('',#3408,#1702);
#1459=LINE('',#3410,#1703);
#1460=LINE('',#3413,#1704);
#1461=LINE('',#3414,#1705);
#1462=LINE('',#3416,#1706);
#1463=LINE('',#3418,#1707);
#1464=LINE('',#3420,#1708);
#1465=LINE('',#3422,#1709);
#1466=LINE('',#3424,#1710);
#1467=LINE('',#3426,#1711);
#1468=LINE('',#3428,#1712);
#1469=LINE('',#3432,#1713);
#1470=LINE('',#3436,#1714);
#1471=LINE('',#3439,#1715);
#1472=LINE('',#3441,#1716);
#1473=LINE('',#3443,#1717);
#1474=LINE('',#3444,#1718);
#1475=LINE('',#3446,#1719);
#1476=LINE('',#3448,#1720);
#1477=LINE('',#3450,#1721);
#1478=LINE('',#3452,#1722);
#1479=LINE('',#3454,#1723);
#1480=LINE('',#3456,#1724);
#1481=LINE('',#3459,#1725);
#1482=LINE('',#3460,#1726);
#1483=LINE('',#3463,#1727);
#1484=LINE('',#3465,#1728);
#1485=LINE('',#3468,#1729);
#1486=LINE('',#3469,#1730);
#1487=LINE('',#3471,#1731);
#1488=LINE('',#3473,#1732);
#1489=LINE('',#3475,#1733);
#1490=LINE('',#3478,#1734);
#1491=LINE('',#3480,#1735);
#1492=LINE('',#3482,#1736);
#1493=LINE('',#3484,#1737);
#1494=LINE('',#3486,#1738);
#1495=LINE('',#3489,#1739);
#1496=LINE('',#3490,#1740);
#1497=LINE('',#3493,#1741);
#1498=LINE('',#3495,#1742);
#1499=LINE('',#3498,#1743);
#1500=LINE('',#3499,#1744);
#1501=LINE('',#3501,#1745);
#1502=LINE('',#3503,#1746);
#1503=LINE('',#3505,#1747);
#1504=LINE('',#3508,#1748);
#1505=LINE('',#3513,#1749);
#1506=LINE('',#3515,#1750);
#1507=LINE('',#3517,#1751);
#1508=LINE('',#3522,#1752);
#1509=LINE('',#3523,#1753);
#1510=LINE('',#3527,#1754);
#1511=LINE('',#3529,#1755);
#1512=LINE('',#3531,#1756);
#1513=LINE('',#3533,#1757);
#1514=LINE('',#3535,#1758);
#1515=LINE('',#3537,#1759);
#1516=LINE('',#3539,#1760);
#1517=LINE('',#3542,#1761);
#1518=LINE('',#3543,#1762);
#1519=LINE('',#3546,#1763);
#1520=LINE('',#3549,#1764);
#1521=LINE('',#3552,#1765);
#1522=LINE('',#3554,#1766);
#1523=LINE('',#3556,#1767);
#1524=LINE('',#3561,#1768);
#1525=LINE('',#3563,#1769);
#1526=LINE('',#3566,#1770);
#1527=LINE('',#3568,#1771);
#1528=LINE('',#3570,#1772);
#1529=LINE('',#3573,#1773);
#1530=LINE('',#3575,#1774);
#1531=LINE('',#3576,#1775);
#1532=LINE('',#3578,#1776);
#1533=LINE('',#3580,#1777);
#1534=LINE('',#3582,#1778);
#1535=LINE('',#3584,#1779);
#1536=LINE('',#3586,#1780);
#1537=LINE('',#3589,#1781);
#1538=LINE('',#3591,#1782);
#1539=LINE('',#3593,#1783);
#1540=LINE('',#3594,#1784);
#1541=LINE('',#3599,#1785);
#1542=LINE('',#3601,#1786);
#1543=LINE('',#3605,#1787);
#1544=LINE('',#3609,#1788);
#1545=LINE('',#3613,#1789);
#1546=LINE('',#3615,#1790);
#1547=LINE('',#3619,#1791);
#1548=LINE('',#3623,#1792);
#1549=LINE('',#3624,#1793);
#1550=LINE('',#3626,#1794);
#1551=LINE('',#3628,#1795);
#1552=LINE('',#3630,#1796);
#1553=LINE('',#3631,#1797);
#1554=LINE('',#3633,#1798);
#1555=LINE('',#3635,#1799);
#1556=LINE('',#3637,#1800);
#1557=LINE('',#3639,#1801);
#1558=LINE('',#3663,#1802);
#1559=LINE('',#3664,#1803);
#1560=LINE('',#3665,#1804);
#1561=LINE('',#3666,#1805);
#1562=LINE('',#3667,#1806);
#1563=LINE('',#3669,#1807);
#1564=LINE('',#3671,#1808);
#1565=LINE('',#3674,#1809);
#1566=LINE('',#3675,#1810);
#1567=LINE('',#3676,#1811);
#1568=LINE('',#3677,#1812);
#1569=LINE('',#3678,#1813);
#1570=LINE('',#3680,#1814);
#1571=LINE('',#3682,#1815);
#1572=LINE('',#3685,#1816);
#1573=LINE('',#3687,#1817);
#1574=LINE('',#3689,#1818);
#1575=LINE('',#3692,#1819);
#1576=LINE('',#3694,#1820);
#1577=LINE('',#3696,#1821);
#1578=LINE('',#3699,#1822);
#1579=LINE('',#3701,#1823);
#1580=LINE('',#3703,#1824);
#1581=LINE('',#3706,#1825);
#1582=LINE('',#3708,#1826);
#1583=LINE('',#3710,#1827);
#1584=LINE('',#3713,#1828);
#1585=LINE('',#3716,#1829);
#1586=LINE('',#3718,#1830);
#1587=LINE('',#3720,#1831);
#1588=LINE('',#3721,#1832);
#1589=LINE('',#3724,#1833);
#1590=LINE('',#3726,#1834);
#1591=LINE('',#3728,#1835);
#1592=LINE('',#3729,#1836);
#1593=LINE('',#3732,#1837);
#1594=LINE('',#3734,#1838);
#1595=LINE('',#3736,#1839);
#1596=LINE('',#3737,#1840);
#1597=LINE('',#3740,#1841);
#1598=LINE('',#3742,#1842);
#1599=LINE('',#3744,#1843);
#1600=LINE('',#3748,#1844);
#1601=LINE('',#3752,#1845);
#1602=LINE('',#3756,#1846);
#1603=LINE('',#3760,#1847);
#1604=LINE('',#3761,#1848);
#1605=LINE('',#3766,#1849);
#1606=LINE('',#3772,#1850);
#1607=LINE('',#3776,#1851);
#1608=LINE('',#3777,#1852);
#1609=LINE('',#3782,#1853);
#1610=LINE('',#3786,#1854);
#1611=LINE('',#3790,#1855);
#1612=LINE('',#3794,#1856);
#1613=LINE('',#3797,#1857);
#1614=LINE('',#3798,#1858);
#1615=LINE('',#3802,#1859);
#1616=LINE('',#3804,#1860);
#1617=LINE('',#3806,#1861);
#1618=LINE('',#3810,#1862);
#1619=LINE('',#3812,#1863);
#1620=LINE('',#3814,#1864);
#1621=LINE('',#3818,#1865);
#1622=LINE('',#3820,#1866);
#1623=LINE('',#3822,#1867);
#1624=LINE('',#3827,#1868);
#1625=LINE('',#3828,#1869);
#1626=LINE('',#3830,#1870);
#1627=LINE('',#3832,#1871);
#1628=LINE('',#3836,#1872);
#1629=LINE('',#3838,#1873);
#1630=LINE('',#3841,#1874);
#1631=LINE('',#3842,#1875);
#1632=LINE('',#3846,#1876);
#1633=LINE('',#3848,#1877);
#1634=LINE('',#3850,#1878);
#1635=LINE('',#3855,#1879);
#1636=LINE('',#3856,#1880);
#1637=LINE('',#3858,#1881);
#1638=LINE('',#3860,#1882);
#1639=LINE('',#3864,#1883);
#1640=LINE('',#3869,#1884);
#1641=LINE('',#3870,#1885);
#1642=LINE('',#3872,#1886);
#1643=LINE('',#3874,#1887);
#1644=LINE('',#3878,#1888);
#1645=LINE('',#3880,#1889);
#1646=LINE('',#3884,#1890);
#1647=LINE('',#3886,#1891);
#1648=VECTOR('',#2597,1.);
#1649=VECTOR('',#2598,1.);
#1650=VECTOR('',#2599,1.);
#1651=VECTOR('',#2604,1.);
#1652=VECTOR('',#2605,1.);
#1653=VECTOR('',#2606,1.);
#1654=VECTOR('',#2609,1.);
#1655=VECTOR('',#2612,1.);
#1656=VECTOR('',#2615,1.);
#1657=VECTOR('',#2616,1.);
#1658=VECTOR('',#2617,1.);
#1659=VECTOR('',#2622,1.);
#1660=VECTOR('',#2623,1.);
#1661=VECTOR('',#2624,1.);
#1662=VECTOR('',#2627,1.);
#1663=VECTOR('',#2630,1.);
#1664=VECTOR('',#2633,1.);
#1665=VECTOR('',#2634,1.);
#1666=VECTOR('',#2637,1.);
#1667=VECTOR('',#2640,1.);
#1668=VECTOR('',#2641,1.);
#1669=VECTOR('',#2644,1.);
#1670=VECTOR('',#2647,1.);
#1671=VECTOR('',#2648,1.);
#1672=VECTOR('',#2649,1.);
#1673=VECTOR('',#2650,1.);
#1674=VECTOR('',#2651,1.);
#1675=VECTOR('',#2652,1.);
#1676=VECTOR('',#2653,1.);
#1677=VECTOR('',#2654,1.);
#1678=VECTOR('',#2657,1.);
#1679=VECTOR('',#2658,1.);
#1680=VECTOR('',#2659,1.);
#1681=VECTOR('',#2660,1.);
#1682=VECTOR('',#2661,1.);
#1683=VECTOR('',#2662,1.);
#1684=VECTOR('',#2663,1.);
#1685=VECTOR('',#2664,1.);
#1686=VECTOR('',#2665,1.);
#1687=VECTOR('',#2666,1.);
#1688=VECTOR('',#2673,1.);
#1689=VECTOR('',#2674,1.);
#1690=VECTOR('',#2675,1.);
#1691=VECTOR('',#2676,1.);
#1692=VECTOR('',#2677,1.);
#1693=VECTOR('',#2678,1.);
#1694=VECTOR('',#2679,1.);
#1695=VECTOR('',#2682,1.);
#1696=VECTOR('',#2683,1.);
#1697=VECTOR('',#2684,1.);
#1698=VECTOR('',#2685,1.);
#1699=VECTOR('',#2686,1.);
#1700=VECTOR('',#2687,1.);
#1701=VECTOR('',#2688,1.);
#1702=VECTOR('',#2689,1.);
#1703=VECTOR('',#2692,1.);
#1704=VECTOR('',#2693,1.);
#1705=VECTOR('',#2694,1.);
#1706=VECTOR('',#2695,1.);
#1707=VECTOR('',#2696,1.);
#1708=VECTOR('',#2697,1.);
#1709=VECTOR('',#2698,1.);
#1710=VECTOR('',#2699,1.);
#1711=VECTOR('',#2700,1.);
#1712=VECTOR('',#2701,1.);
#1713=VECTOR('',#2704,1.);
#1714=VECTOR('',#2709,1.);
#1715=VECTOR('',#2710,1.);
#1716=VECTOR('',#2711,1.);
#1717=VECTOR('',#2712,1.);
#1718=VECTOR('',#2713,1.);
#1719=VECTOR('',#2714,1.);
#1720=VECTOR('',#2715,1.);
#1721=VECTOR('',#2718,1.);
#1722=VECTOR('',#2719,1.);
#1723=VECTOR('',#2720,1.);
#1724=VECTOR('',#2723,1.);
#1725=VECTOR('',#2724,1.);
#1726=VECTOR('',#2725,1.);
#1727=VECTOR('',#2728,1.);
#1728=VECTOR('',#2731,1.);
#1729=VECTOR('',#2732,1.);
#1730=VECTOR('',#2733,1.);
#1731=VECTOR('',#2736,1.);
#1732=VECTOR('',#2737,1.);
#1733=VECTOR('',#2738,1.);
#1734=VECTOR('',#2741,1.);
#1735=VECTOR('',#2744,1.);
#1736=VECTOR('',#2745,1.);
#1737=VECTOR('',#2746,1.);
#1738=VECTOR('',#2749,1.);
#1739=VECTOR('',#2750,1.);
#1740=VECTOR('',#2751,1.);
#1741=VECTOR('',#2754,1.);
#1742=VECTOR('',#2757,1.);
#1743=VECTOR('',#2758,1.);
#1744=VECTOR('',#2759,1.);
#1745=VECTOR('',#2762,1.);
#1746=VECTOR('',#2763,1.);
#1747=VECTOR('',#2764,1.);
#1748=VECTOR('',#2767,1.);
#1749=VECTOR('',#2772,1.);
#1750=VECTOR('',#2773,1.);
#1751=VECTOR('',#2774,1.);
#1752=VECTOR('',#2779,1.);
#1753=VECTOR('',#2780,1.);
#1754=VECTOR('',#2787,1.);
#1755=VECTOR('',#2790,1.);
#1756=VECTOR('',#2791,1.);
#1757=VECTOR('',#2792,1.);
#1758=VECTOR('',#2793,1.);
#1759=VECTOR('',#2794,1.);
#1760=VECTOR('',#2797,1.);
#1761=VECTOR('',#2798,1.);
#1762=VECTOR('',#2799,1.);
#1763=VECTOR('',#2804,1.);
#1764=VECTOR('',#2809,1.);
#1765=VECTOR('',#2810,1.);
#1766=VECTOR('',#2811,1.);
#1767=VECTOR('',#2812,1.);
#1768=VECTOR('',#2817,1.);
#1769=VECTOR('',#2818,1.);
#1770=VECTOR('',#2821,1.);
#1771=VECTOR('',#2822,1.);
#1772=VECTOR('',#2823,1.);
#1773=VECTOR('',#2826,1.);
#1774=VECTOR('',#2827,1.);
#1775=VECTOR('',#2828,1.);
#1776=VECTOR('',#2829,1.);
#1777=VECTOR('',#2832,1.);
#1778=VECTOR('',#2835,1.);
#1779=VECTOR('',#2836,1.);
#1780=VECTOR('',#2839,1.);
#1781=VECTOR('',#2840,1.);
#1782=VECTOR('',#2841,1.);
#1783=VECTOR('',#2842,1.);
#1784=VECTOR('',#2843,1.);
#1785=VECTOR('',#2846,1.);
#1786=VECTOR('',#2847,1.);
#1787=VECTOR('',#2850,1.);
#1788=VECTOR('',#2853,1.);
#1789=VECTOR('',#2856,1.);
#1790=VECTOR('',#2857,1.);
#1791=VECTOR('',#2860,1.);
#1792=VECTOR('',#2865,1.);
#1793=VECTOR('',#2866,1.);
#1794=VECTOR('',#2869,1.);
#1795=VECTOR('',#2870,1.);
#1796=VECTOR('',#2873,1.);
#1797=VECTOR('',#2874,1.);
#1798=VECTOR('',#2875,1.);
#1799=VECTOR('',#2876,1.);
#1800=VECTOR('',#2879,1.);
#1801=VECTOR('',#2880,1.);
#1802=VECTOR('',#2887,1.);
#1803=VECTOR('',#2888,1.);
#1804=VECTOR('',#2889,1.);
#1805=VECTOR('',#2890,1.);
#1806=VECTOR('',#2891,1.);
#1807=VECTOR('',#2894,1.);
#1808=VECTOR('',#2897,1.);
#1809=VECTOR('',#2902,1.);
#1810=VECTOR('',#2903,1.);
#1811=VECTOR('',#2904,1.);
#1812=VECTOR('',#2905,1.);
#1813=VECTOR('',#2906,1.);
#1814=VECTOR('',#2909,1.);
#1815=VECTOR('',#2912,1.);
#1816=VECTOR('',#2917,1.);
#1817=VECTOR('',#2918,1.);
#1818=VECTOR('',#2921,1.);
#1819=VECTOR('',#2926,1.);
#1820=VECTOR('',#2927,1.);
#1821=VECTOR('',#2930,1.);
#1822=VECTOR('',#2935,1.);
#1823=VECTOR('',#2936,1.);
#1824=VECTOR('',#2939,1.);
#1825=VECTOR('',#2944,1.);
#1826=VECTOR('',#2945,1.);
#1827=VECTOR('',#2948,1.);
#1828=VECTOR('',#2953,1.);
#1829=VECTOR('',#2954,1.);
#1830=VECTOR('',#2955,1.);
#1831=VECTOR('',#2956,1.);
#1832=VECTOR('',#2957,1.);
#1833=VECTOR('',#2958,1.);
#1834=VECTOR('',#2959,1.);
#1835=VECTOR('',#2960,1.);
#1836=VECTOR('',#2961,1.);
#1837=VECTOR('',#2962,1.);
#1838=VECTOR('',#2963,1.);
#1839=VECTOR('',#2964,1.);
#1840=VECTOR('',#2965,1.);
#1841=VECTOR('',#2966,1.);
#1842=VECTOR('',#2967,1.);
#1843=VECTOR('',#2968,1.);
#1844=VECTOR('',#2971,1.);
#1845=VECTOR('',#2974,1.);
#1846=VECTOR('',#2977,1.);
#1847=VECTOR('',#2980,1.);
#1848=VECTOR('',#2981,1.);
#1849=VECTOR('',#2984,1.);
#1850=VECTOR('',#2989,1.);
#1851=VECTOR('',#2992,1.);
#1852=VECTOR('',#2993,1.);
#1853=VECTOR('',#2996,1.);
#1854=VECTOR('',#2999,1.);
#1855=VECTOR('',#3002,1.);
#1856=VECTOR('',#3007,1.);
#1857=VECTOR('',#3008,1.);
#1858=VECTOR('',#3009,1.);
#1859=VECTOR('',#3014,1.);
#1860=VECTOR('',#3017,1.);
#1861=VECTOR('',#3018,1.);
#1862=VECTOR('',#3023,1.);
#1863=VECTOR('',#3026,1.);
#1864=VECTOR('',#3027,1.);
#1865=VECTOR('',#3032,1.);
#1866=VECTOR('',#3035,1.);
#1867=VECTOR('',#3036,1.);
#1868=VECTOR('',#3041,1.);
#1869=VECTOR('',#3042,1.);
#1870=VECTOR('',#3045,1.);
#1871=VECTOR('',#3046,1.);
#1872=VECTOR('',#3051,1.);
#1873=VECTOR('',#3054,1.);
#1874=VECTOR('',#3055,1.);
#1875=VECTOR('',#3056,1.);
#1876=VECTOR('',#3061,1.);
#1877=VECTOR('',#3064,1.);
#1878=VECTOR('',#3065,1.);
#1879=VECTOR('',#3070,1.);
#1880=VECTOR('',#3071,1.);
#1881=VECTOR('',#3074,1.);
#1882=VECTOR('',#3075,1.);
#1883=VECTOR('',#3080,1.);
#1884=VECTOR('',#3085,1.);
#1885=VECTOR('',#3086,1.);
#1886=VECTOR('',#3089,1.);
#1887=VECTOR('',#3090,1.);
#1888=VECTOR('',#3095,1.);
#1889=VECTOR('',#3098,1.);
#1890=VECTOR('',#3105,1.);
#1891=VECTOR('',#3108,1.);
#1892=EDGE_LOOP('',(#168,#169,#170,#171));
#1893=EDGE_LOOP('',(#172,#173,#174,#175,#176,#177,#178));
#1894=EDGE_LOOP('',(#179,#180,#181,#182));
#1895=EDGE_LOOP('',(#183,#184,#185,#186,#187,#188,#189));
#1896=EDGE_LOOP('',(#190,#191,#192,#193));
#1897=EDGE_LOOP('',(#194,#195,#196,#197));
#1898=EDGE_LOOP('',(#198,#199,#200,#201,#202,#203,#204,#205));
#1899=EDGE_LOOP('',(#206,#207,#208,#209,#210,#211,#212,#213,#214,#215,#216,
#217,#218,#219));
#1900=EDGE_LOOP('',(#220,#221,#222,#223,#224,#225,#226,#227));
#1901=EDGE_LOOP('',(#228,#229,#230,#231,#232,#233,#234,#235));
#1902=EDGE_LOOP('',(#236,#237,#238,#239,#240,#241,#242,#243,#244,#245,#246,
#247,#248,#249));
#1903=EDGE_LOOP('',(#250,#251,#252,#253,#254,#255,#256,#257));
#1904=EDGE_LOOP('',(#258,#259,#260,#261));
#1905=EDGE_LOOP('',(#262,#263,#264,#265,#266,#267,#268));
#1906=EDGE_LOOP('',(#269,#270,#271,#272));
#1907=EDGE_LOOP('',(#273,#274,#275,#276,#277,#278,#279));
#1908=EDGE_LOOP('',(#280,#281,#282,#283));
#1909=EDGE_LOOP('',(#284,#285,#286,#287,#288,#289,#290));
#1910=EDGE_LOOP('',(#291,#292,#293,#294));
#1911=EDGE_LOOP('',(#295,#296,#297,#298,#299,#300,#301));
#1912=EDGE_LOOP('',(#302,#303,#304,#305));
#1913=EDGE_LOOP('',(#306,#307,#308,#309));
#1914=EDGE_LOOP('',(#310,#311,#312,#313,#314,#315));
#1915=EDGE_LOOP('',(#316,#317,#318,#319,#320,#321));
#1916=EDGE_LOOP('',(#322,#323,#324,#325));
#1917=EDGE_LOOP('',(#326,#327,#328,#329,#330,#331));
#1918=EDGE_LOOP('',(#332,#333,#334,#335));
#1919=EDGE_LOOP('',(#336));
#1920=EDGE_LOOP('',(#337));
#1921=EDGE_LOOP('',(#338,#339,#340,#341,#342,#343,#344,#345,#346,#347,#348,
#349,#350,#351,#352,#353,#354,#355,#356,#357,#358,#359,#360,#361));
#1922=EDGE_LOOP('',(#362,#363,#364,#365));
#1923=EDGE_LOOP('',(#366,#367,#368,#369,#370,#371,#372,#373,#374,#375,#376,
#377,#378,#379));
#1924=EDGE_LOOP('',(#380,#381,#382,#383));
#1925=EDGE_LOOP('',(#384,#385,#386,#387,#388,#389));
#1926=EDGE_LOOP('',(#390,#391,#392,#393,#394,#395));
#1927=EDGE_LOOP('',(#396,#397,#398,#399,#400,#401));
#1928=EDGE_LOOP('',(#402,#403,#404,#405));
#1929=EDGE_LOOP('',(#406));
#1930=EDGE_LOOP('',(#407,#408,#409,#410));
#1931=EDGE_LOOP('',(#411));
#1932=EDGE_LOOP('',(#412,#413,#414,#415,#416,#417,#418,#419));
#1933=EDGE_LOOP('',(#420,#421,#422,#423));
#1934=EDGE_LOOP('',(#424,#425,#426,#427));
#1935=EDGE_LOOP('',(#428,#429,#430,#431));
#1936=EDGE_LOOP('',(#432,#433,#434,#435,#436,#437,#438,#439));
#1937=EDGE_LOOP('',(#440,#441,#442,#443));
#1938=EDGE_LOOP('',(#444,#445,#446,#447));
#1939=EDGE_LOOP('',(#448,#449,#450,#451));
#1940=EDGE_LOOP('',(#452,#453,#454,#455));
#1941=EDGE_LOOP('',(#456,#457,#458,#459));
#1942=EDGE_LOOP('',(#460,#461,#462,#463));
#1943=EDGE_LOOP('',(#464,#465,#466,#467));
#1944=EDGE_LOOP('',(#468,#469,#470,#471));
#1945=EDGE_LOOP('',(#472,#473,#474,#475));
#1946=EDGE_LOOP('',(#476,#477,#478,#479));
#1947=EDGE_LOOP('',(#480,#481,#482,#483));
#1948=EDGE_LOOP('',(#484,#485,#486,#487));
#1949=EDGE_LOOP('',(#488,#489,#490,#491));
#1950=EDGE_LOOP('',(#492,#493,#494,#495));
#1951=EDGE_LOOP('',(#496,#497,#498,#499));
#1952=EDGE_LOOP('',(#500,#501,#502,#503));
#1953=EDGE_LOOP('',(#504,#505,#506,#507));
#1954=EDGE_LOOP('',(#508,#509,#510,#511));
#1955=EDGE_LOOP('',(#512,#513,#514,#515));
#1956=EDGE_LOOP('',(#516,#517,#518,#519));
#1957=EDGE_LOOP('',(#520,#521,#522,#523));
#1958=EDGE_LOOP('',(#524,#525,#526,#527));
#1959=EDGE_LOOP('',(#528,#529,#530,#531));
#1960=EDGE_LOOP('',(#532,#533,#534,#535,#536,#537,#538,#539));
#1961=EDGE_LOOP('',(#540,#541,#542,#543));
#1962=EDGE_LOOP('',(#544,#545,#546,#547));
#1963=EDGE_LOOP('',(#548,#549,#550,#551));
#1964=EDGE_LOOP('',(#552,#553,#554,#555));
#1965=EDGE_LOOP('',(#556,#557,#558,#559));
#1966=EDGE_LOOP('',(#560,#561,#562,#563));
#1967=EDGE_LOOP('',(#564,#565,#566,#567));
#1968=EDGE_LOOP('',(#568,#569,#570,#571));
#1969=EDGE_LOOP('',(#572,#573,#574,#575));
#1970=EDGE_LOOP('',(#576,#577,#578,#579));
#1971=EDGE_LOOP('',(#580,#581,#582,#583));
#1972=EDGE_LOOP('',(#584,#585,#586,#587));
#1973=EDGE_LOOP('',(#588,#589,#590,#591));
#1974=EDGE_LOOP('',(#592,#593,#594,#595));
#1975=EDGE_LOOP('',(#596,#597,#598,#599));
#1976=EDGE_LOOP('',(#600,#601,#602,#603));
#1977=EDGE_LOOP('',(#604,#605,#606,#607));
#1978=EDGE_LOOP('',(#608,#609,#610,#611));
#1979=EDGE_LOOP('',(#612,#613,#614,#615));
#1980=EDGE_LOOP('',(#616,#617,#618,#619));
#1981=EDGE_LOOP('',(#620,#621,#622,#623));
#1982=EDGE_LOOP('',(#624,#625,#626,#627));
#1983=EDGE_LOOP('',(#628,#629,#630,#631));
#1984=EDGE_LOOP('',(#632,#633,#634,#635));
#1985=EDGE_LOOP('',(#636,#637,#638,#639,#640,#641,#642,#643));
#1986=EDGE_LOOP('',(#644,#645,#646,#647));
#1987=EDGE_LOOP('',(#648,#649,#650,#651));
#1988=EDGE_LOOP('',(#652,#653,#654,#655));
#1989=EDGE_LOOP('',(#656,#657,#658,#659));
#1990=EDGE_LOOP('',(#660,#661,#662,#663,#664));
#1991=EDGE_LOOP('',(#665,#666,#667,#668));
#1992=EDGE_LOOP('',(#669,#670,#671,#672));
#1993=EDGE_LOOP('',(#673,#674,#675,#676,#677));
#1994=EDGE_LOOP('',(#678,#679,#680,#681,#682));
#1995=EDGE_LOOP('',(#683,#684,#685,#686));
#1996=EDGE_LOOP('',(#687,#688,#689,#690,#691));
#1997=EDGE_LOOP('',(#692,#693,#694,#695));
#1998=EDGE_LOOP('',(#696,#697,#698,#699));
#1999=EDGE_LOOP('',(#700,#701,#702,#703));
#2000=EDGE_LOOP('',(#704,#705,#706,#707));
#2001=EDGE_LOOP('',(#708,#709,#710,#711));
#2002=EDGE_LOOP('',(#712,#713,#714,#715));
#2003=EDGE_LOOP('',(#716,#717,#718,#719));
#2004=EDGE_LOOP('',(#720,#721,#722,#723));
#2005=EDGE_LOOP('',(#724,#725,#726,#727));
#2006=EDGE_LOOP('',(#728,#729,#730,#731));
#2007=EDGE_LOOP('',(#732,#733,#734,#735));
#2008=EDGE_LOOP('',(#736,#737,#738,#739));
#2009=EDGE_LOOP('',(#740,#741,#742,#743));
#2010=EDGE_LOOP('',(#744,#745,#746,#747));
#2011=EDGE_LOOP('',(#748,#749,#750,#751));
#2012=EDGE_LOOP('',(#752,#753,#754,#755));
#2013=EDGE_LOOP('',(#756,#757,#758,#759));
#2014=EDGE_LOOP('',(#760,#761,#762,#763));
#2015=EDGE_LOOP('',(#764,#765,#766,#767));
#2016=EDGE_LOOP('',(#768,#769,#770,#771));
#2017=EDGE_LOOP('',(#772,#773,#774,#775));
#2018=EDGE_LOOP('',(#776,#777,#778,#779,#780,#781));
#2019=EDGE_LOOP('',(#782,#783,#784,#785,#786,#787));
#2020=EDGE_LOOP('',(#788,#789,#790,#791,#792,#793));
#2021=EDGE_LOOP('',(#794,#795,#796,#797,#798,#799));
#2022=EDGE_LOOP('',(#800,#801,#802,#803));
#2023=EDGE_LOOP('',(#804,#805,#806,#807));
#2024=EDGE_LOOP('',(#808,#809,#810,#811));
#2025=EDGE_LOOP('',(#812,#813,#814,#815));
#2026=EDGE_LOOP('',(#816,#817,#818,#819));
#2027=EDGE_LOOP('',(#820,#821,#822,#823));
#2028=EDGE_LOOP('',(#824,#825,#826,#827));
#2029=EDGE_LOOP('',(#828,#829,#830,#831));
#2030=EDGE_LOOP('',(#832,#833,#834,#835));
#2031=EDGE_LOOP('',(#836,#837,#838,#839));
#2032=EDGE_LOOP('',(#840,#841,#842,#843));
#2033=EDGE_LOOP('',(#844,#845,#846,#847));
#2034=FACE_BOUND('',#1892,.T.);
#2035=FACE_BOUND('',#1893,.T.);
#2036=FACE_BOUND('',#1894,.T.);
#2037=FACE_BOUND('',#1895,.T.);
#2038=FACE_BOUND('',#1896,.T.);
#2039=FACE_BOUND('',#1897,.T.);
#2040=FACE_BOUND('',#1898,.T.);
#2041=FACE_BOUND('',#1899,.T.);
#2042=FACE_BOUND('',#1900,.T.);
#2043=FACE_BOUND('',#1901,.T.);
#2044=FACE_BOUND('',#1902,.T.);
#2045=FACE_BOUND('',#1903,.T.);
#2046=FACE_BOUND('',#1904,.T.);
#2047=FACE_BOUND('',#1905,.T.);
#2048=FACE_BOUND('',#1906,.T.);
#2049=FACE_BOUND('',#1907,.T.);
#2050=FACE_BOUND('',#1908,.T.);
#2051=FACE_BOUND('',#1909,.T.);
#2052=FACE_BOUND('',#1910,.T.);
#2053=FACE_BOUND('',#1911,.T.);
#2054=FACE_BOUND('',#1912,.T.);
#2055=FACE_BOUND('',#1913,.T.);
#2056=FACE_BOUND('',#1914,.T.);
#2057=FACE_BOUND('',#1915,.T.);
#2058=FACE_BOUND('',#1916,.T.);
#2059=FACE_BOUND('',#1917,.T.);
#2060=FACE_BOUND('',#1918,.T.);
#2061=FACE_BOUND('',#1919,.T.);
#2062=FACE_BOUND('',#1920,.T.);
#2063=FACE_BOUND('',#1921,.T.);
#2064=FACE_BOUND('',#1922,.T.);
#2065=FACE_BOUND('',#1923,.T.);
#2066=FACE_BOUND('',#1924,.T.);
#2067=FACE_BOUND('',#1925,.T.);
#2068=FACE_BOUND('',#1926,.T.);
#2069=FACE_BOUND('',#1927,.T.);
#2070=FACE_BOUND('',#1928,.T.);
#2071=FACE_BOUND('',#1929,.T.);
#2072=FACE_BOUND('',#1930,.T.);
#2073=FACE_BOUND('',#1931,.T.);
#2074=FACE_BOUND('',#1932,.T.);
#2075=FACE_BOUND('',#1933,.T.);
#2076=FACE_BOUND('',#1934,.T.);
#2077=FACE_BOUND('',#1935,.T.);
#2078=FACE_BOUND('',#1936,.T.);
#2079=FACE_BOUND('',#1937,.T.);
#2080=FACE_BOUND('',#1938,.T.);
#2081=FACE_BOUND('',#1939,.T.);
#2082=FACE_BOUND('',#1940,.T.);
#2083=FACE_BOUND('',#1941,.T.);
#2084=FACE_BOUND('',#1942,.T.);
#2085=FACE_BOUND('',#1943,.T.);
#2086=FACE_BOUND('',#1944,.T.);
#2087=FACE_BOUND('',#1945,.T.);
#2088=FACE_BOUND('',#1946,.T.);
#2089=FACE_BOUND('',#1947,.T.);
#2090=FACE_BOUND('',#1948,.T.);
#2091=FACE_BOUND('',#1949,.T.);
#2092=FACE_BOUND('',#1950,.T.);
#2093=FACE_BOUND('',#1951,.T.);
#2094=FACE_BOUND('',#1952,.T.);
#2095=FACE_BOUND('',#1953,.T.);
#2096=FACE_BOUND('',#1954,.T.);
#2097=FACE_BOUND('',#1955,.T.);
#2098=FACE_BOUND('',#1956,.T.);
#2099=FACE_BOUND('',#1957,.T.);
#2100=FACE_BOUND('',#1958,.T.);
#2101=FACE_BOUND('',#1959,.T.);
#2102=FACE_BOUND('',#1960,.T.);
#2103=FACE_BOUND('',#1961,.T.);
#2104=FACE_BOUND('',#1962,.T.);
#2105=FACE_BOUND('',#1963,.T.);
#2106=FACE_BOUND('',#1964,.T.);
#2107=FACE_BOUND('',#1965,.T.);
#2108=FACE_BOUND('',#1966,.T.);
#2109=FACE_BOUND('',#1967,.T.);
#2110=FACE_BOUND('',#1968,.T.);
#2111=FACE_BOUND('',#1969,.T.);
#2112=FACE_BOUND('',#1970,.T.);
#2113=FACE_BOUND('',#1971,.T.);
#2114=FACE_BOUND('',#1972,.T.);
#2115=FACE_BOUND('',#1973,.T.);
#2116=FACE_BOUND('',#1974,.T.);
#2117=FACE_BOUND('',#1975,.T.);
#2118=FACE_BOUND('',#1976,.T.);
#2119=FACE_BOUND('',#1977,.T.);
#2120=FACE_BOUND('',#1978,.T.);
#2121=FACE_BOUND('',#1979,.T.);
#2122=FACE_BOUND('',#1980,.T.);
#2123=FACE_BOUND('',#1981,.T.);
#2124=FACE_BOUND('',#1982,.T.);
#2125=FACE_BOUND('',#1983,.T.);
#2126=FACE_BOUND('',#1984,.T.);
#2127=FACE_BOUND('',#1985,.T.);
#2128=FACE_BOUND('',#1986,.T.);
#2129=FACE_BOUND('',#1987,.T.);
#2130=FACE_BOUND('',#1988,.T.);
#2131=FACE_BOUND('',#1989,.T.);
#2132=FACE_BOUND('',#1990,.T.);
#2133=FACE_BOUND('',#1991,.T.);
#2134=FACE_BOUND('',#1992,.T.);
#2135=FACE_BOUND('',#1993,.T.);
#2136=FACE_BOUND('',#1994,.T.);
#2137=FACE_BOUND('',#1995,.T.);
#2138=FACE_BOUND('',#1996,.T.);
#2139=FACE_BOUND('',#1997,.T.);
#2140=FACE_BOUND('',#1998,.T.);
#2141=FACE_BOUND('',#1999,.T.);
#2142=FACE_BOUND('',#2000,.T.);
#2143=FACE_BOUND('',#2001,.T.);
#2144=FACE_BOUND('',#2002,.T.);
#2145=FACE_BOUND('',#2003,.T.);
#2146=FACE_BOUND('',#2004,.T.);
#2147=FACE_BOUND('',#2005,.T.);
#2148=FACE_BOUND('',#2006,.T.);
#2149=FACE_BOUND('',#2007,.T.);
#2150=FACE_BOUND('',#2008,.T.);
#2151=FACE_BOUND('',#2009,.T.);
#2152=FACE_BOUND('',#2010,.T.);
#2153=FACE_BOUND('',#2011,.T.);
#2154=FACE_BOUND('',#2012,.T.);
#2155=FACE_BOUND('',#2013,.T.);
#2156=FACE_BOUND('',#2014,.T.);
#2157=FACE_BOUND('',#2015,.T.);
#2158=FACE_BOUND('',#2016,.T.);
#2159=FACE_BOUND('',#2017,.T.);
#2160=FACE_BOUND('',#2018,.T.);
#2161=FACE_BOUND('',#2019,.T.);
#2162=FACE_BOUND('',#2020,.T.);
#2163=FACE_BOUND('',#2021,.T.);
#2164=FACE_BOUND('',#2022,.T.);
#2165=FACE_BOUND('',#2023,.T.);
#2166=FACE_BOUND('',#2024,.T.);
#2167=FACE_BOUND('',#2025,.T.);
#2168=FACE_BOUND('',#2026,.T.);
#2169=FACE_BOUND('',#2027,.T.);
#2170=FACE_BOUND('',#2028,.T.);
#2171=FACE_BOUND('',#2029,.T.);
#2172=FACE_BOUND('',#2030,.T.);
#2173=FACE_BOUND('',#2031,.T.);
#2174=FACE_BOUND('',#2032,.T.);
#2175=FACE_BOUND('',#2033,.T.);
#2176=PLANE('',#2377);
#2177=PLANE('',#2379);
#2178=PLANE('',#2382);
#2179=PLANE('',#2384);
#2180=PLANE('',#2387);
#2181=PLANE('',#2389);
#2182=PLANE('',#2391);
#2183=PLANE('',#2392);
#2184=PLANE('',#2395);
#2185=PLANE('',#2396);
#2186=PLANE('',#2397);
#2187=PLANE('',#2400);
#2188=PLANE('',#2401);
#2189=PLANE('',#2402);
#2190=PLANE('',#2404);
#2191=PLANE('',#2405);
#2192=PLANE('',#2407);
#2193=PLANE('',#2408);
#2194=PLANE('',#2410);
#2195=PLANE('',#2411);
#2196=PLANE('',#2413);
#2197=PLANE('',#2415);
#2198=PLANE('',#2417);
#2199=PLANE('',#2420);
#2200=PLANE('',#2421);
#2201=PLANE('',#2422);
#2202=PLANE('',#2425);
#2203=PLANE('',#2432);
#2204=PLANE('',#2439);
#2205=PLANE('',#2440);
#2206=PLANE('',#2441);
#2207=PLANE('',#2442);
#2208=PLANE('',#2445);
#2209=PLANE('',#2447);
#2210=PLANE('',#2448);
#2211=PLANE('',#2449);
#2212=PLANE('',#2451);
#2213=PLANE('',#2452);
#2214=PLANE('',#2453);
#2215=PLANE('',#2454);
#2216=PLANE('',#2455);
#2217=PLANE('',#2456);
#2218=PLANE('',#2457);
#2219=PLANE('',#2458);
#2220=PLANE('',#2459);
#2221=PLANE('',#2460);
#2222=PLANE('',#2461);
#2223=PLANE('',#2462);
#2224=PLANE('',#2463);
#2225=PLANE('',#2464);
#2226=PLANE('',#2465);
#2227=PLANE('',#2478);
#2228=PLANE('',#2481);
#2229=PLANE('',#2484);
#2230=PLANE('',#2487);
#2231=PLANE('',#2490);
#2232=PLANE('',#2493);
#2233=PLANE('',#2496);
#2234=PLANE('',#2499);
#2235=PLANE('',#2504);
#2236=PLANE('',#2507);
#2237=PLANE('',#2510);
#2238=PLANE('',#2511);
#2239=PLANE('',#2514);
#2240=ADVANCED_FACE('',(#2034),#2176,.T.);
#2241=ADVANCED_FACE('',(#2035),#2177,.T.);
#2242=ADVANCED_FACE('',(#2036),#2178,.T.);
#2243=ADVANCED_FACE('',(#2037),#2179,.T.);
#2244=ADVANCED_FACE('',(#2038),#2180,.T.);
#2245=ADVANCED_FACE('',(#2039),#2181,.T.);
#2246=ADVANCED_FACE('',(#2040),#2182,.T.);
#2247=ADVANCED_FACE('',(#2041),#2183,.F.);
#2248=ADVANCED_FACE('',(#2042),#2184,.F.);
#2249=ADVANCED_FACE('',(#2043),#2185,.T.);
#2250=ADVANCED_FACE('',(#2044),#2186,.T.);
#2251=ADVANCED_FACE('',(#2045),#2187,.F.);
#2252=ADVANCED_FACE('',(#2046),#2188,.F.);
#2253=ADVANCED_FACE('',(#2047),#2189,.F.);
#2254=ADVANCED_FACE('',(#2048),#2190,.F.);
#2255=ADVANCED_FACE('',(#2049),#2191,.T.);
#2256=ADVANCED_FACE('',(#2050),#2192,.T.);
#2257=ADVANCED_FACE('',(#2051),#2193,.F.);
#2258=ADVANCED_FACE('',(#2052),#2194,.T.);
#2259=ADVANCED_FACE('',(#2053),#2195,.T.);
#2260=ADVANCED_FACE('',(#2054),#2196,.T.);
#2261=ADVANCED_FACE('',(#2055),#2197,.T.);
#2262=ADVANCED_FACE('',(#2056),#2198,.T.);
#2263=ADVANCED_FACE('',(#2057),#2199,.T.);
#2264=ADVANCED_FACE('',(#2058),#2200,.F.);
#2265=ADVANCED_FACE('',(#2059),#2201,.F.);
#2266=ADVANCED_FACE('',(#2060,#2061,#2062,#2063),#2202,.F.);
#2267=ADVANCED_FACE('',(#2064,#2065),#2203,.T.);
#2268=ADVANCED_FACE('',(#2066),#2204,.T.);
#2269=ADVANCED_FACE('',(#2067),#2205,.F.);
#2270=ADVANCED_FACE('',(#2068),#2206,.F.);
#2271=ADVANCED_FACE('',(#2069),#2207,.T.);
#2272=ADVANCED_FACE('',(#2070,#2071),#50,.F.);
#2273=ADVANCED_FACE('',(#2072,#2073),#51,.F.);
#2274=ADVANCED_FACE('',(#2074),#2208,.T.);
#2275=ADVANCED_FACE('',(#2075),#52,.F.);
#2276=ADVANCED_FACE('',(#2076),#2209,.T.);
#2277=ADVANCED_FACE('',(#2077),#2210,.T.);
#2278=ADVANCED_FACE('',(#2078),#2211,.F.);
#2279=ADVANCED_FACE('',(#2079),#53,.F.);
#2280=ADVANCED_FACE('',(#2080),#2212,.F.);
#2281=ADVANCED_FACE('',(#2081),#2213,.T.);
#2282=ADVANCED_FACE('',(#2082),#2214,.F.);
#2283=ADVANCED_FACE('',(#2083),#2215,.F.);
#2284=ADVANCED_FACE('',(#2084),#2216,.F.);
#2285=ADVANCED_FACE('',(#2085),#2217,.F.);
#2286=ADVANCED_FACE('',(#2086),#2218,.F.);
#2287=ADVANCED_FACE('',(#2087),#2219,.T.);
#2288=ADVANCED_FACE('',(#2088),#2220,.F.);
#2289=ADVANCED_FACE('',(#2089),#2221,.T.);
#2290=ADVANCED_FACE('',(#2090),#2222,.T.);
#2291=ADVANCED_FACE('',(#2091),#2223,.F.);
#2292=ADVANCED_FACE('',(#2092),#2224,.F.);
#2293=ADVANCED_FACE('',(#2093),#2225,.T.);
#2294=ADVANCED_FACE('',(#2094,#2095,#2096,#2097,#2098,#2099,#2100,#2101,
#2102),#2226,.F.);
#2295=ADVANCED_FACE('',(#2103),#2227,.F.);
#2296=ADVANCED_FACE('',(#2104),#54,.T.);
#2297=ADVANCED_FACE('',(#2105),#2228,.F.);
#2298=ADVANCED_FACE('',(#2106),#55,.T.);
#2299=ADVANCED_FACE('',(#2107),#2229,.T.);
#2300=ADVANCED_FACE('',(#2108),#56,.T.);
#2301=ADVANCED_FACE('',(#2109),#2230,.T.);
#2302=ADVANCED_FACE('',(#2110),#57,.F.);
#2303=ADVANCED_FACE('',(#2111),#2231,.F.);
#2304=ADVANCED_FACE('',(#2112),#58,.F.);
#2305=ADVANCED_FACE('',(#2113),#2232,.F.);
#2306=ADVANCED_FACE('',(#2114),#59,.F.);
#2307=ADVANCED_FACE('',(#2115),#2233,.T.);
#2308=ADVANCED_FACE('',(#2116),#60,.F.);
#2309=ADVANCED_FACE('',(#2117),#2234,.F.);
#2310=ADVANCED_FACE('',(#2118),#61,.F.);
#2311=ADVANCED_FACE('',(#2119),#62,.F.);
#2312=ADVANCED_FACE('',(#2120),#2235,.T.);
#2313=ADVANCED_FACE('',(#2121),#63,.F.);
#2314=ADVANCED_FACE('',(#2122),#2236,.T.);
#2315=ADVANCED_FACE('',(#2123),#64,.F.);
#2316=ADVANCED_FACE('',(#2124),#2237,.T.);
#2317=ADVANCED_FACE('',(#2125),#2238,.F.);
#2318=ADVANCED_FACE('',(#2126),#65,.T.);
#2319=ADVANCED_FACE('',(#2127,#2128,#2129,#2130,#2131),#2239,.T.);
#2320=ADVANCED_FACE('',(#2132),#66,.T.);
#2321=ADVANCED_FACE('',(#2133),#67,.T.);
#2322=ADVANCED_FACE('',(#2134),#68,.T.);
#2323=ADVANCED_FACE('',(#2135),#69,.T.);
#2324=ADVANCED_FACE('',(#2136),#70,.T.);
#2325=ADVANCED_FACE('',(#2137),#71,.T.);
#2326=ADVANCED_FACE('',(#2138),#72,.T.);
#2327=ADVANCED_FACE('',(#2139),#73,.T.);
#2328=ADVANCED_FACE('',(#2140),#74,.F.);
#2329=ADVANCED_FACE('',(#2141),#75,.F.);
#2330=ADVANCED_FACE('',(#2142),#76,.F.);
#2331=ADVANCED_FACE('',(#2143),#77,.F.);
#2332=ADVANCED_FACE('',(#2144),#78,.F.);
#2333=ADVANCED_FACE('',(#2145),#79,.F.);
#2334=ADVANCED_FACE('',(#2146),#80,.F.);
#2335=ADVANCED_FACE('',(#2147),#81,.F.);
#2336=ADVANCED_FACE('',(#2148),#82,.F.);
#2337=ADVANCED_FACE('',(#2149),#83,.F.);
#2338=ADVANCED_FACE('',(#2150),#84,.F.);
#2339=ADVANCED_FACE('',(#2151),#85,.F.);
#2340=ADVANCED_FACE('',(#2152),#86,.F.);
#2341=ADVANCED_FACE('',(#2153),#87,.F.);
#2342=ADVANCED_FACE('',(#2154),#88,.F.);
#2343=ADVANCED_FACE('',(#2155),#89,.F.);
#2344=ADVANCED_FACE('',(#2156),#90,.F.);
#2345=ADVANCED_FACE('',(#2157),#91,.F.);
#2346=ADVANCED_FACE('',(#2158),#92,.F.);
#2347=ADVANCED_FACE('',(#2159),#93,.F.);
#2348=ADVANCED_FACE('',(#2160),#94,.F.);
#2349=ADVANCED_FACE('',(#2161),#95,.F.);
#2350=ADVANCED_FACE('',(#2162),#96,.F.);
#2351=ADVANCED_FACE('',(#2163),#97,.F.);
#2352=ADVANCED_FACE('',(#2164),#98,.F.);
#2353=ADVANCED_FACE('',(#2165),#99,.F.);
#2354=ADVANCED_FACE('',(#2166),#100,.F.);
#2355=ADVANCED_FACE('',(#2167),#101,.F.);
#2356=ADVANCED_FACE('',(#2168),#102,.F.);
#2357=ADVANCED_FACE('',(#2169),#103,.F.);
#2358=ADVANCED_FACE('',(#2170),#104,.F.);
#2359=ADVANCED_FACE('',(#2171),#105,.F.);
#2360=ADVANCED_FACE('',(#2172),#106,.T.);
#2361=ADVANCED_FACE('',(#2173),#107,.T.);
#2362=ADVANCED_FACE('',(#2174),#108,.T.);
#2363=ADVANCED_FACE('',(#2175),#109,.T.);
#2364=CLOSED_SHELL('',(#2240,#2241,#2242,#2243,#2244,#2245,#2246,#2247,
#2248,#2249,#2250,#2251,#2252,#2253,#2254,#2255,#2256,#2257,#2258,#2259,
#2260,#2261,#2262,#2263,#2264,#2265,#2266,#2267,#2268,#2269,#2270,#2271,
#2272,#2273,#2274,#2275,#2276,#2277,#2278,#2279,#2280,#2281,#2282,#2283,
#2284,#2285,#2286,#2287,#2288,#2289,#2290,#2291,#2292,#2293,#2294,#2295,
#2296,#2297,#2298,#2299,#2300,#2301,#2302,#2303,#2304,#2305,#2306,#2307,
#2308,#2309,#2310,#2311,#2312,#2313,#2314,#2315,#2316,#2317,#2318,#2319,
#2320,#2321,#2322,#2323,#2324,#2325,#2326,#2327,#2328,#2329,#2330,#2331,
#2332,#2333,#2334,#2335,#2336,#2337,#2338,#2339,#2340,#2341,#2342,#2343,
#2344,#2345,#2346,#2347,#2348,#2349,#2350,#2351,#2352,#2353,#2354,#2355,
#2356,#2357,#2358,#2359,#2360,#2361,#2362,#2363));
#2365=STYLED_ITEM('',(#2366),#2373);
#2366=PRESENTATION_STYLE_ASSIGNMENT((#2367));
#2367=SURFACE_STYLE_USAGE(.BOTH.,#2368);
#2368=SURFACE_SIDE_STYLE('',(#2369));
#2369=SURFACE_STYLE_FILL_AREA(#2370);
#2370=FILL_AREA_STYLE('',(#2371));
#2371=FILL_AREA_STYLE_COLOUR('',#2372);
#2372=COLOUR_RGB('',0.615686274509804,0.811764705882353,0.929411764705882);
#2373=MANIFOLD_SOLID_BREP('Battery Holder',#2364);
#2374=SHAPE_DEFINITION_REPRESENTATION(#3974,#2375);
#2375=SHAPE_REPRESENTATION('Battery Holder',(#2376),#3969);
#2376=AXIS2_PLACEMENT_3D('',#3271,#2593,#2594);
#2377=AXIS2_PLACEMENT_3D('',#3272,#2595,#2596);
#2378=AXIS2_PLACEMENT_3D('',#3280,#2600,#2601);
#2379=AXIS2_PLACEMENT_3D('',#3281,#2602,#2603);
#2380=AXIS2_PLACEMENT_3D('',#3289,#2607,#2608);
#2381=AXIS2_PLACEMENT_3D('',#3293,#2610,#2611);
#2382=AXIS2_PLACEMENT_3D('',#3296,#2613,#2614);
#2383=AXIS2_PLACEMENT_3D('',#3304,#2618,#2619);
#2384=AXIS2_PLACEMENT_3D('',#3305,#2620,#2621);
#2385=AXIS2_PLACEMENT_3D('',#3313,#2625,#2626);
#2386=AXIS2_PLACEMENT_3D('',#3317,#2628,#2629);
#2387=AXIS2_PLACEMENT_3D('',#3320,#2631,#2632);
#2388=AXIS2_PLACEMENT_3D('',#3326,#2635,#2636);
#2389=AXIS2_PLACEMENT_3D('',#3329,#2638,#2639);
#2390=AXIS2_PLACEMENT_3D('',#3335,#2642,#2643);
#2391=AXIS2_PLACEMENT_3D('',#3338,#2645,#2646);
#2392=AXIS2_PLACEMENT_3D('',#3355,#2655,#2656);
#2393=AXIS2_PLACEMENT_3D('',#3376,#2667,#2668);
#2394=AXIS2_PLACEMENT_3D('',#3377,#2669,#2670);
#2395=AXIS2_PLACEMENT_3D('',#3378,#2671,#2672);
#2396=AXIS2_PLACEMENT_3D('',#3392,#2680,#2681);
#2397=AXIS2_PLACEMENT_3D('',#3409,#2690,#2691);
#2398=AXIS2_PLACEMENT_3D('',#3430,#2702,#2703);
#2399=AXIS2_PLACEMENT_3D('',#3434,#2705,#2706);
#2400=AXIS2_PLACEMENT_3D('',#3435,#2707,#2708);
#2401=AXIS2_PLACEMENT_3D('',#3449,#2716,#2717);
#2402=AXIS2_PLACEMENT_3D('',#3455,#2721,#2722);
#2403=AXIS2_PLACEMENT_3D('',#3461,#2726,#2727);
#2404=AXIS2_PLACEMENT_3D('',#3464,#2729,#2730);
#2405=AXIS2_PLACEMENT_3D('',#3470,#2734,#2735);
#2406=AXIS2_PLACEMENT_3D('',#3477,#2739,#2740);
#2407=AXIS2_PLACEMENT_3D('',#3479,#2742,#2743);
#2408=AXIS2_PLACEMENT_3D('',#3485,#2747,#2748);
#2409=AXIS2_PLACEMENT_3D('',#3491,#2752,#2753);
#2410=AXIS2_PLACEMENT_3D('',#3494,#2755,#2756);
#2411=AXIS2_PLACEMENT_3D('',#3500,#2760,#2761);
#2412=AXIS2_PLACEMENT_3D('',#3507,#2765,#2766);
#2413=AXIS2_PLACEMENT_3D('',#3509,#2768,#2769);
#2414=AXIS2_PLACEMENT_3D('',#3510,#2770,#2771);
#2415=AXIS2_PLACEMENT_3D('',#3518,#2775,#2776);
#2416=AXIS2_PLACEMENT_3D('',#3519,#2777,#2778);
#2417=AXIS2_PLACEMENT_3D('',#3524,#2781,#2782);
#2418=AXIS2_PLACEMENT_3D('',#3525,#2783,#2784);
#2419=AXIS2_PLACEMENT_3D('',#3526,#2785,#2786);
#2420=AXIS2_PLACEMENT_3D('',#3528,#2788,#2789);
#2421=AXIS2_PLACEMENT_3D('',#3538,#2795,#2796);
#2422=AXIS2_PLACEMENT_3D('',#3544,#2800,#2801);
#2423=AXIS2_PLACEMENT_3D('',#3545,#2802,#2803);
#2424=AXIS2_PLACEMENT_3D('',#3547,#2805,#2806);
#2425=AXIS2_PLACEMENT_3D('',#3548,#2807,#2808);
#2426=AXIS2_PLACEMENT_3D('',#3557,#2813,#2814);
#2427=AXIS2_PLACEMENT_3D('',#3559,#2815,#2816);
#2428=AXIS2_PLACEMENT_3D('',#3564,#2819,#2820);
#2429=AXIS2_PLACEMENT_3D('',#3572,#2824,#2825);
#2430=AXIS2_PLACEMENT_3D('',#3579,#2830,#2831);
#2431=AXIS2_PLACEMENT_3D('',#3581,#2833,#2834);
#2432=AXIS2_PLACEMENT_3D('',#3585,#2837,#2838);
#2433=AXIS2_PLACEMENT_3D('',#3597,#2844,#2845);
#2434=AXIS2_PLACEMENT_3D('',#3603,#2848,#2849);
#2435=AXIS2_PLACEMENT_3D('',#3607,#2851,#2852);
#2436=AXIS2_PLACEMENT_3D('',#3611,#2854,#2855);
#2437=AXIS2_PLACEMENT_3D('',#3617,#2858,#2859);
#2438=AXIS2_PLACEMENT_3D('',#3621,#2861,#2862);
#2439=AXIS2_PLACEMENT_3D('',#3622,#2863,#2864);
#2440=AXIS2_PLACEMENT_3D('',#3625,#2867,#2868);
#2441=AXIS2_PLACEMENT_3D('',#3629,#2871,#2872);
#2442=AXIS2_PLACEMENT_3D('',#3636,#2877,#2878);
#2443=AXIS2_PLACEMENT_3D('',#3640,#2881,#2882);
#2444=AXIS2_PLACEMENT_3D('',#3651,#2883,#2884);
#2445=AXIS2_PLACEMENT_3D('',#3662,#2885,#2886);
#2446=AXIS2_PLACEMENT_3D('',#3668,#2892,#2893);
#2447=AXIS2_PLACEMENT_3D('',#3670,#2895,#2896);
#2448=AXIS2_PLACEMENT_3D('',#3672,#2898,#2899);
#2449=AXIS2_PLACEMENT_3D('',#3673,#2900,#2901);
#2450=AXIS2_PLACEMENT_3D('',#3679,#2907,#2908);
#2451=AXIS2_PLACEMENT_3D('',#3681,#2910,#2911);
#2452=AXIS2_PLACEMENT_3D('',#3683,#2913,#2914);
#2453=AXIS2_PLACEMENT_3D('',#3684,#2915,#2916);
#2454=AXIS2_PLACEMENT_3D('',#3688,#2919,#2920);
#2455=AXIS2_PLACEMENT_3D('',#3690,#2922,#2923);
#2456=AXIS2_PLACEMENT_3D('',#3691,#2924,#2925);
#2457=AXIS2_PLACEMENT_3D('',#3695,#2928,#2929);
#2458=AXIS2_PLACEMENT_3D('',#3697,#2931,#2932);
#2459=AXIS2_PLACEMENT_3D('',#3698,#2933,#2934);
#2460=AXIS2_PLACEMENT_3D('',#3702,#2937,#2938);
#2461=AXIS2_PLACEMENT_3D('',#3704,#2940,#2941);
#2462=AXIS2_PLACEMENT_3D('',#3705,#2942,#2943);
#2463=AXIS2_PLACEMENT_3D('',#3709,#2946,#2947);
#2464=AXIS2_PLACEMENT_3D('',#3711,#2949,#2950);
#2465=AXIS2_PLACEMENT_3D('',#3712,#2951,#2952);
#2466=AXIS2_PLACEMENT_3D('',#3745,#2969,#2970);
#2467=AXIS2_PLACEMENT_3D('',#3750,#2972,#2973);
#2468=AXIS2_PLACEMENT_3D('',#3753,#2975,#2976);
#2469=AXIS2_PLACEMENT_3D('',#3758,#2978,#2979);
#2470=AXIS2_PLACEMENT_3D('',#3764,#2982,#2983);
#2471=AXIS2_PLACEMENT_3D('',#3768,#2985,#2986);
#2472=AXIS2_PLACEMENT_3D('',#3769,#2987,#2988);
#2473=AXIS2_PLACEMENT_3D('',#3774,#2990,#2991);
#2474=AXIS2_PLACEMENT_3D('',#3780,#2994,#2995);
#2475=AXIS2_PLACEMENT_3D('',#3784,#2997,#2998);
#2476=AXIS2_PLACEMENT_3D('',#3788,#3000,#3001);
#2477=AXIS2_PLACEMENT_3D('',#3792,#3003,#3004);
#2478=AXIS2_PLACEMENT_3D('',#3793,#3005,#3006);
#2479=AXIS2_PLACEMENT_3D('',#3799,#3010,#3011);
#2480=AXIS2_PLACEMENT_3D('',#3800,#3012,#3013);
#2481=AXIS2_PLACEMENT_3D('',#3803,#3015,#3016);
#2482=AXIS2_PLACEMENT_3D('',#3807,#3019,#3020);
#2483=AXIS2_PLACEMENT_3D('',#3808,#3021,#3022);
#2484=AXIS2_PLACEMENT_3D('',#3811,#3024,#3025);
#2485=AXIS2_PLACEMENT_3D('',#3815,#3028,#3029);
#2486=AXIS2_PLACEMENT_3D('',#3816,#3030,#3031);
#2487=AXIS2_PLACEMENT_3D('',#3819,#3033,#3034);
#2488=AXIS2_PLACEMENT_3D('',#3823,#3037,#3038);
#2489=AXIS2_PLACEMENT_3D('',#3824,#3039,#3040);
#2490=AXIS2_PLACEMENT_3D('',#3829,#3043,#3044);
#2491=AXIS2_PLACEMENT_3D('',#3833,#3047,#3048);
#2492=AXIS2_PLACEMENT_3D('',#3834,#3049,#3050);
#2493=AXIS2_PLACEMENT_3D('',#3837,#3052,#3053);
#2494=AXIS2_PLACEMENT_3D('',#3843,#3057,#3058);
#2495=AXIS2_PLACEMENT_3D('',#3844,#3059,#3060);
#2496=AXIS2_PLACEMENT_3D('',#3847,#3062,#3063);
#2497=AXIS2_PLACEMENT_3D('',#3851,#3066,#3067);
#2498=AXIS2_PLACEMENT_3D('',#3852,#3068,#3069);
#2499=AXIS2_PLACEMENT_3D('',#3857,#3072,#3073);
#2500=AXIS2_PLACEMENT_3D('',#3861,#3076,#3077);
#2501=AXIS2_PLACEMENT_3D('',#3862,#3078,#3079);
#2502=AXIS2_PLACEMENT_3D('',#3865,#3081,#3082);
#2503=AXIS2_PLACEMENT_3D('',#3866,#3083,#3084);
#2504=AXIS2_PLACEMENT_3D('',#3871,#3087,#3088);
#2505=AXIS2_PLACEMENT_3D('',#3875,#3091,#3092);
#2506=AXIS2_PLACEMENT_3D('',#3876,#3093,#3094);
#2507=AXIS2_PLACEMENT_3D('',#3879,#3096,#3097);
#2508=AXIS2_PLACEMENT_3D('',#3881,#3099,#3100);
#2509=AXIS2_PLACEMENT_3D('',#3882,#3101,#3102);
#2510=AXIS2_PLACEMENT_3D('',#3883,#3103,#3104);
#2511=AXIS2_PLACEMENT_3D('',#3885,#3106,#3107);
#2512=AXIS2_PLACEMENT_3D('',#3887,#3109,#3110);
#2513=AXIS2_PLACEMENT_3D('',#3888,#3111,#3112);
#2514=AXIS2_PLACEMENT_3D('',#3889,#3113,#3114);
#2515=AXIS2_PLACEMENT_3D('',#3890,#3115,#3116);
#2516=AXIS2_PLACEMENT_3D('',#3891,#3117,#3118);
#2517=AXIS2_PLACEMENT_3D('',#3892,#3119,#3120);
#2518=AXIS2_PLACEMENT_3D('',#3893,#3121,#3122);
#2519=AXIS2_PLACEMENT_3D('',#3894,#3123,#3124);
#2520=AXIS2_PLACEMENT_3D('',#3895,#3125,#3126);
#2521=AXIS2_PLACEMENT_3D('',#3896,#3127,#3128);
#2522=AXIS2_PLACEMENT_3D('',#3897,#3129,#3130);
#2523=AXIS2_PLACEMENT_3D('',#3898,#3131,#3132);
#2524=AXIS2_PLACEMENT_3D('',#3899,#3133,#3134);
#2525=AXIS2_PLACEMENT_3D('',#3900,#3135,#3136);
#2526=AXIS2_PLACEMENT_3D('',#3901,#3137,#3138);
#2527=AXIS2_PLACEMENT_3D('',#3902,#3139,#3140);
#2528=AXIS2_PLACEMENT_3D('',#3903,#3141,#3142);
#2529=AXIS2_PLACEMENT_3D('',#3904,#3143,#3144);
#2530=AXIS2_PLACEMENT_3D('',#3905,#3145,#3146);
#2531=AXIS2_PLACEMENT_3D('',#3906,#3147,#3148);
#2532=AXIS2_PLACEMENT_3D('',#3907,#3149,#3150);
#2533=AXIS2_PLACEMENT_3D('',#3908,#3151,#3152);
#2534=AXIS2_PLACEMENT_3D('',#3909,#3153,#3154);
#2535=AXIS2_PLACEMENT_3D('',#3910,#3155,#3156);
#2536=AXIS2_PLACEMENT_3D('',#3911,#3157,#3158);
#2537=AXIS2_PLACEMENT_3D('',#3912,#3159,#3160);
#2538=AXIS2_PLACEMENT_3D('',#3913,#3161,#3162);
#2539=AXIS2_PLACEMENT_3D('',#3914,#3163,#3164);
#2540=AXIS2_PLACEMENT_3D('',#3915,#3165,#3166);
#2541=AXIS2_PLACEMENT_3D('',#3916,#3167,#3168);
#2542=AXIS2_PLACEMENT_3D('',#3917,#3169,#3170);
#2543=AXIS2_PLACEMENT_3D('',#3918,#3171,#3172);
#2544=AXIS2_PLACEMENT_3D('',#3919,#3173,#3174);
#2545=AXIS2_PLACEMENT_3D('',#3920,#3175,#3176);
#2546=AXIS2_PLACEMENT_3D('',#3921,#3177,#3178);
#2547=AXIS2_PLACEMENT_3D('',#3922,#3179,#3180);
#2548=AXIS2_PLACEMENT_3D('',#3923,#3181,#3182);
#2549=AXIS2_PLACEMENT_3D('',#3924,#3183,#3184);
#2550=AXIS2_PLACEMENT_3D('',#3925,#3185,#3186);
#2551=AXIS2_PLACEMENT_3D('',#3926,#3187,#3188);
#2552=AXIS2_PLACEMENT_3D('',#3927,#3189,#3190);
#2553=AXIS2_PLACEMENT_3D('',#3928,#3191,#3192);
#2554=AXIS2_PLACEMENT_3D('',#3929,#3193,#3194);
#2555=AXIS2_PLACEMENT_3D('',#3930,#3195,#3196);
#2556=AXIS2_PLACEMENT_3D('',#3931,#3197,#3198);
#2557=AXIS2_PLACEMENT_3D('',#3932,#3199,#3200);
#2558=AXIS2_PLACEMENT_3D('',#3933,#3201,#3202);
#2559=AXIS2_PLACEMENT_3D('',#3934,#3203,#3204);
#2560=AXIS2_PLACEMENT_3D('',#3935,#3205,#3206);
#2561=AXIS2_PLACEMENT_3D('',#3936,#3207,#3208);
#2562=AXIS2_PLACEMENT_3D('',#3937,#3209,#3210);
#2563=AXIS2_PLACEMENT_3D('',#3938,#3211,#3212);
#2564=AXIS2_PLACEMENT_3D('',#3939,#3213,#3214);
#2565=AXIS2_PLACEMENT_3D('',#3940,#3215,#3216);
#2566=AXIS2_PLACEMENT_3D('',#3941,#3217,#3218);
#2567=AXIS2_PLACEMENT_3D('',#3942,#3219,#3220);
#2568=AXIS2_PLACEMENT_3D('',#3943,#3221,#3222);
#2569=AXIS2_PLACEMENT_3D('',#3944,#3223,#3224);
#2570=AXIS2_PLACEMENT_3D('',#3945,#3225,#3226);
#2571=AXIS2_PLACEMENT_3D('',#3946,#3227,#3228);
#2572=AXIS2_PLACEMENT_3D('',#3947,#3229,#3230);
#2573=AXIS2_PLACEMENT_3D('',#3948,#3231,#3232);
#2574=AXIS2_PLACEMENT_3D('',#3949,#3233,#3234);
#2575=AXIS2_PLACEMENT_3D('',#3950,#3235,#3236);
#2576=AXIS2_PLACEMENT_3D('',#3951,#3237,#3238);
#2577=AXIS2_PLACEMENT_3D('',#3952,#3239,#3240);
#2578=AXIS2_PLACEMENT_3D('',#3953,#3241,#3242);
#2579=AXIS2_PLACEMENT_3D('',#3954,#3243,#3244);
#2580=AXIS2_PLACEMENT_3D('',#3955,#3245,#3246);
#2581=AXIS2_PLACEMENT_3D('',#3956,#3247,#3248);
#2582=AXIS2_PLACEMENT_3D('',#3957,#3249,#3250);
#2583=AXIS2_PLACEMENT_3D('',#3958,#3251,#3252);
#2584=AXIS2_PLACEMENT_3D('',#3959,#3253,#3254);
#2585=AXIS2_PLACEMENT_3D('',#3960,#3255,#3256);
#2586=AXIS2_PLACEMENT_3D('',#3961,#3257,#3258);
#2587=AXIS2_PLACEMENT_3D('',#3962,#3259,#3260);
#2588=AXIS2_PLACEMENT_3D('',#3963,#3261,#3262);
#2589=AXIS2_PLACEMENT_3D('',#3964,#3263,#3264);
#2590=AXIS2_PLACEMENT_3D('',#3965,#3265,#3266);
#2591=AXIS2_PLACEMENT_3D('',#3966,#3267,#3268);
#2592=AXIS2_PLACEMENT_3D('',#3967,#3269,#3270);
#2593=DIRECTION('',(0.,0.,1.));
#2594=DIRECTION('',(1.,0.,0.));
#2595=DIRECTION('',(0.,0.,1.));
#2596=DIRECTION('',(1.,0.,0.));
#2597=DIRECTION('',(2.42054438508392E-16,1.,0.));
#2598=DIRECTION('',(1.,0.,0.));
#2599=DIRECTION('',(0.,1.,0.));
#2600=DIRECTION('',(0.,0.,1.));
#2601=DIRECTION('',(1.,0.,0.));
#2602=DIRECTION('',(0.,0.,1.));
#2603=DIRECTION('',(1.,0.,0.));
#2604=DIRECTION('',(0.,1.,0.));
#2605=DIRECTION('',(-1.,0.,0.));
#2606=DIRECTION('',(2.42054438508392E-16,1.,0.));
#2607=DIRECTION('',(0.,0.,1.));
#2608=DIRECTION('',(1.,0.,0.));
#2609=DIRECTION('',(1.,-1.92747052886312E-16,0.));
#2610=DIRECTION('',(0.,0.,1.));
#2611=DIRECTION('',(1.,0.,0.));
#2612=DIRECTION('',(1.,0.,0.));
#2613=DIRECTION('',(0.,0.,1.));
#2614=DIRECTION('',(1.,0.,0.));
#2615=DIRECTION('',(1.61369625672261E-16,1.,0.));
#2616=DIRECTION('',(-1.,0.,0.));
#2617=DIRECTION('',(0.,1.,0.));
#2618=DIRECTION('',(0.,0.,1.));
#2619=DIRECTION('',(1.,0.,0.));
#2620=DIRECTION('',(0.,0.,1.));
#2621=DIRECTION('',(1.,0.,0.));
#2622=DIRECTION('',(0.,1.,0.));
#2623=DIRECTION('',(1.,0.,0.));
#2624=DIRECTION('',(1.61369625672261E-16,1.,0.));
#2625=DIRECTION('',(0.,0.,1.));
#2626=DIRECTION('',(1.,0.,0.));
#2627=DIRECTION('',(1.,-1.92747052886312E-16,0.));
#2628=DIRECTION('',(0.,0.,1.));
#2629=DIRECTION('',(1.,0.,0.));
#2630=DIRECTION('',(1.,0.,0.));
#2631=DIRECTION('',(0.,0.,1.));
#2632=DIRECTION('',(1.,0.,0.));
#2633=DIRECTION('',(0.,1.,0.));
#2634=DIRECTION('',(-1.,0.,0.));
#2635=DIRECTION('',(0.,0.,1.));
#2636=DIRECTION('',(1.,0.,0.));
#2637=DIRECTION('',(-1.,0.,0.));
#2638=DIRECTION('',(0.,0.,1.));
#2639=DIRECTION('',(1.,0.,0.));
#2640=DIRECTION('',(0.,-1.,0.));
#2641=DIRECTION('',(1.,0.,0.));
#2642=DIRECTION('',(0.,0.,-1.));
#2643=DIRECTION('',(1.,0.,0.));
#2644=DIRECTION('',(1.,0.,0.));
#2645=DIRECTION('',(0.,-1.,0.));
#2646=DIRECTION('',(0.,0.,-1.));
#2647=DIRECTION('',(0.,0.,-1.));
#2648=DIRECTION('',(1.,0.,0.));
#2649=DIRECTION('',(0.,0.,-1.));
#2650=DIRECTION('',(-1.,0.,0.));
#2651=DIRECTION('',(0.,0.,-1.));
#2652=DIRECTION('',(-1.,0.,0.));
#2653=DIRECTION('',(0.,0.,-1.));
#2654=DIRECTION('',(-1.,0.,0.));
#2655=DIRECTION('',(-1.,0.,0.));
#2656=DIRECTION('',(0.,0.,1.));
#2657=DIRECTION('',(0.,0.,-1.));
#2658=DIRECTION('',(0.,1.,0.));
#2659=DIRECTION('',(0.,1.,0.));
#2660=DIRECTION('',(0.,0.,-1.));
#2661=DIRECTION('',(0.,1.,0.));
#2662=DIRECTION('',(0.,0.,-1.));
#2663=DIRECTION('',(0.,1.,0.));
#2664=DIRECTION('',(0.,0.,-1.));
#2665=DIRECTION('',(0.,1.,0.));
#2666=DIRECTION('',(0.,0.,-1.));
#2667=DIRECTION('',(-1.,0.,0.));
#2668=DIRECTION('',(0.,0.,1.));
#2669=DIRECTION('',(-1.,0.,0.));
#2670=DIRECTION('',(0.,0.,1.));
#2671=DIRECTION('',(0.,-1.,0.));
#2672=DIRECTION('',(0.,0.,-1.));
#2673=DIRECTION('',(0.,0.,-1.));
#2674=DIRECTION('',(-1.,0.,0.));
#2675=DIRECTION('',(0.,0.,-1.));
#2676=DIRECTION('',(-1.,0.,0.));
#2677=DIRECTION('',(-1.,0.,0.));
#2678=DIRECTION('',(0.,0.,-1.));
#2679=DIRECTION('',(1.,0.,0.));
#2680=DIRECTION('',(0.,1.,0.));
#2681=DIRECTION('',(0.,0.,1.));
#2682=DIRECTION('',(0.,0.,-1.));
#2683=DIRECTION('',(-1.,0.,0.));
#2684=DIRECTION('',(0.,0.,-1.));
#2685=DIRECTION('',(1.,0.,0.));
#2686=DIRECTION('',(0.,0.,-1.));
#2687=DIRECTION('',(1.,0.,0.));
#2688=DIRECTION('',(0.,0.,-1.));
#2689=DIRECTION('',(1.,0.,0.));
#2690=DIRECTION('',(-1.,0.,0.));
#2691=DIRECTION('',(0.,0.,1.));
#2692=DIRECTION('',(0.,0.,-1.));
#2693=DIRECTION('',(0.,1.,0.));
#2694=DIRECTION('',(0.,1.,0.));
#2695=DIRECTION('',(0.,0.,-1.));
#2696=DIRECTION('',(0.,1.,0.));
#2697=DIRECTION('',(0.,0.,-1.));
#2698=DIRECTION('',(0.,1.,0.));
#2699=DIRECTION('',(0.,0.,-1.));
#2700=DIRECTION('',(0.,1.,0.));
#2701=DIRECTION('',(0.,0.,-1.));
#2702=DIRECTION('',(-1.,0.,0.));
#2703=DIRECTION('',(0.,0.,1.));
#2704=DIRECTION('',(0.,1.,0.));
#2705=DIRECTION('',(-1.,0.,0.));
#2706=DIRECTION('',(0.,0.,1.));
#2707=DIRECTION('',(0.,1.,0.));
#2708=DIRECTION('',(0.,0.,1.));
#2709=DIRECTION('',(0.,0.,-1.));
#2710=DIRECTION('',(1.,0.,0.));
#2711=DIRECTION('',(0.,0.,-1.));
#2712=DIRECTION('',(1.,0.,0.));
#2713=DIRECTION('',(1.,0.,0.));
#2714=DIRECTION('',(0.,0.,-1.));
#2715=DIRECTION('',(-1.,0.,0.));
#2716=DIRECTION('',(-1.,0.,0.));
#2717=DIRECTION('',(0.,0.,1.));
#2718=DIRECTION('',(0.,1.,0.));
#2719=DIRECTION('',(0.,0.,-1.));
#2720=DIRECTION('',(0.,1.,0.));
#2721=DIRECTION('',(0.,-1.,0.));
#2722=DIRECTION('',(0.,0.,-1.));
#2723=DIRECTION('',(0.,0.,-1.));
#2724=DIRECTION('',(1.,0.,0.));
#2725=DIRECTION('',(-1.,0.,0.));
#2726=DIRECTION('',(0.,-1.,0.));
#2727=DIRECTION('',(0.,0.,-1.));
#2728=DIRECTION('',(1.,0.,0.));
#2729=DIRECTION('',(-1.,0.,0.));
#2730=DIRECTION('',(0.,0.,1.));
#2731=DIRECTION('',(0.,0.,-1.));
#2732=DIRECTION('',(0.,1.,0.));
#2733=DIRECTION('',(0.,1.,0.));
#2734=DIRECTION('',(0.,-1.,0.));
#2735=DIRECTION('',(0.,0.,-1.));
#2736=DIRECTION('',(1.,0.,0.));
#2737=DIRECTION('',(0.,0.,-1.));
#2738=DIRECTION('',(-1.,0.,0.));
#2739=DIRECTION('',(0.,-1.,0.));
#2740=DIRECTION('',(0.,0.,-1.));
#2741=DIRECTION('',(-1.,0.,0.));
#2742=DIRECTION('',(-1.,0.,0.));
#2743=DIRECTION('',(0.,0.,1.));
#2744=DIRECTION('',(0.,1.,0.));
#2745=DIRECTION('',(0.,0.,-1.));
#2746=DIRECTION('',(0.,1.,0.));
#2747=DIRECTION('',(0.,1.,0.));
#2748=DIRECTION('',(0.,0.,1.));
#2749=DIRECTION('',(0.,0.,-1.));
#2750=DIRECTION('',(-1.,0.,0.));
#2751=DIRECTION('',(1.,0.,0.));
#2752=DIRECTION('',(0.,1.,0.));
#2753=DIRECTION('',(0.,0.,1.));
#2754=DIRECTION('',(-1.,0.,0.));
#2755=DIRECTION('',(-1.,0.,0.));
#2756=DIRECTION('',(0.,0.,1.));
#2757=DIRECTION('',(0.,0.,-1.));
#2758=DIRECTION('',(0.,1.,0.));
#2759=DIRECTION('',(0.,1.,0.));
#2760=DIRECTION('',(0.,1.,0.));
#2761=DIRECTION('',(0.,0.,1.));
#2762=DIRECTION('',(-1.,0.,0.));
#2763=DIRECTION('',(0.,0.,-1.));
#2764=DIRECTION('',(1.,0.,0.));
#2765=DIRECTION('',(0.,1.,0.));
#2766=DIRECTION('',(0.,0.,1.));
#2767=DIRECTION('',(1.,0.,0.));
#2768=DIRECTION('',(0.,0.,1.));
#2769=DIRECTION('',(1.,0.,0.));
#2770=DIRECTION('',(0.,0.,1.));
#2771=DIRECTION('',(1.,0.,0.));
#2772=DIRECTION('',(-1.,0.,0.));
#2773=DIRECTION('',(0.,-1.,0.));
#2774=DIRECTION('',(-1.,0.,0.));
#2775=DIRECTION('',(0.,0.,1.));
#2776=DIRECTION('',(1.,0.,0.));
#2777=DIRECTION('',(0.,0.,-1.));
#2778=DIRECTION('',(1.,0.,0.));
#2779=DIRECTION('',(1.,0.,0.));
#2780=DIRECTION('',(1.,0.,0.));
#2781=DIRECTION('',(-1.,0.,0.));
#2782=DIRECTION('',(0.,0.,1.));
#2783=DIRECTION('',(-1.,0.,0.));
#2784=DIRECTION('',(0.,0.,1.));
#2785=DIRECTION('',(-1.,0.,0.));
#2786=DIRECTION('',(0.,0.,1.));
#2787=DIRECTION('',(0.,1.,0.));
#2788=DIRECTION('',(-1.,0.,0.));
#2789=DIRECTION('',(0.,0.,1.));
#2790=DIRECTION('',(0.,0.,-1.));
#2791=DIRECTION('',(0.,1.,0.));
#2792=DIRECTION('',(0.,0.,-1.));
#2793=DIRECTION('',(0.,1.,0.));
#2794=DIRECTION('',(0.,0.,-1.));
#2795=DIRECTION('',(-1.,0.,0.));
#2796=DIRECTION('',(0.,0.,1.));
#2797=DIRECTION('',(0.,1.,0.));
#2798=DIRECTION('',(0.,0.,-1.));
#2799=DIRECTION('',(0.,0.,-1.));
#2800=DIRECTION('',(-1.,0.,0.));
#2801=DIRECTION('',(0.,0.,1.));
#2802=DIRECTION('',(-1.,0.,0.));
#2803=DIRECTION('',(0.,0.,1.));
#2804=DIRECTION('',(0.,1.,0.));
#2805=DIRECTION('',(-1.,0.,0.));
#2806=DIRECTION('',(0.,0.,1.));
#2807=DIRECTION('',(0.,0.,1.));
#2808=DIRECTION('',(1.,0.,0.));
#2809=DIRECTION('',(1.,0.,0.));
#2810=DIRECTION('',(2.06514699521048E-16,1.,0.));
#2811=DIRECTION('',(1.,-1.23908819712629E-16,0.));
#2812=DIRECTION('',(2.06514699521048E-16,1.,0.));
#2813=DIRECTION('',(0.,0.,-1.));
#2814=DIRECTION('',(1.,0.,0.));
#2815=DIRECTION('',(0.,0.,1.));
#2816=DIRECTION('',(1.,0.,0.));
#2817=DIRECTION('',(1.,0.,0.));
#2818=DIRECTION('',(0.,-1.,0.));
#2819=DIRECTION('',(0.,0.,1.));
#2820=DIRECTION('',(1.,0.,0.));
#2821=DIRECTION('',(0.,1.,0.));
#2822=DIRECTION('',(1.,0.,0.));
#2823=DIRECTION('',(0.,1.,0.));
#2824=DIRECTION('',(0.,0.,1.));
#2825=DIRECTION('',(1.,0.,0.));
#2826=DIRECTION('',(0.,-1.,0.));
#2827=DIRECTION('',(-1.,0.,0.));
#2828=DIRECTION('',(-1.,0.,0.));
#2829=DIRECTION('',(0.,-1.,0.));
#2830=DIRECTION('',(0.,0.,1.));
#2831=DIRECTION('',(1.,0.,0.));
#2832=DIRECTION('',(1.,0.,0.));
#2833=DIRECTION('',(0.,0.,1.));
#2834=DIRECTION('',(1.,0.,0.));
#2835=DIRECTION('',(0.,-1.,0.));
#2836=DIRECTION('',(1.,0.,0.));
#2837=DIRECTION('',(0.,0.,1.));
#2838=DIRECTION('',(1.,0.,0.));
#2839=DIRECTION('',(2.06514699521048E-16,1.,0.));
#2840=DIRECTION('',(1.,0.,0.));
#2841=DIRECTION('',(2.06514699521048E-16,1.,0.));
#2842=DIRECTION('',(1.,-1.23908819712629E-16,0.));
#2843=DIRECTION('',(-2.42054438508392E-16,-1.,0.));
#2844=DIRECTION('',(0.,0.,1.));
#2845=DIRECTION('',(1.,0.,0.));
#2846=DIRECTION('',(0.,1.,0.));
#2847=DIRECTION('',(1.,0.,0.));
#2848=DIRECTION('',(0.,0.,1.));
#2849=DIRECTION('',(1.,0.,0.));
#2850=DIRECTION('',(-1.,1.92747052886312E-16,0.));
#2851=DIRECTION('',(0.,0.,1.));
#2852=DIRECTION('',(1.,0.,0.));
#2853=DIRECTION('',(-1.61369625672261E-16,-1.,0.));
#2854=DIRECTION('',(0.,0.,1.));
#2855=DIRECTION('',(1.,0.,0.));
#2856=DIRECTION('',(0.,1.,0.));
#2857=DIRECTION('',(1.,0.,0.));
#2858=DIRECTION('',(0.,0.,1.));
#2859=DIRECTION('',(1.,0.,0.));
#2860=DIRECTION('',(-1.,1.92747052886312E-16,0.));
#2861=DIRECTION('',(0.,0.,1.));
#2862=DIRECTION('',(1.,0.,0.));
#2863=DIRECTION('',(-1.,0.,0.));
#2864=DIRECTION('',(0.,0.,1.));
#2865=DIRECTION('',(0.,0.,-1.));
#2866=DIRECTION('',(0.,0.,-1.));
#2867=DIRECTION('',(0.,1.,0.));
#2868=DIRECTION('',(0.,0.,1.));
#2869=DIRECTION('',(0.,0.,-1.));
#2870=DIRECTION('',(1.,0.,0.));
#2871=DIRECTION('',(-1.,0.,0.));
#2872=DIRECTION('',(0.,0.,1.));
#2873=DIRECTION('',(0.,0.,-1.));
#2874=DIRECTION('',(0.,0.,-1.));
#2875=DIRECTION('',(0.,1.,0.));
#2876=DIRECTION('',(0.,0.,-1.));
#2877=DIRECTION('',(0.,1.,0.));
#2878=DIRECTION('',(0.,0.,1.));
#2879=DIRECTION('',(0.,0.,-1.));
#2880=DIRECTION('',(1.,0.,0.));
#2881=DIRECTION('',(0.,0.,-1.));
#2882=DIRECTION('',(-1.,0.,0.));
#2883=DIRECTION('',(0.,0.,-1.));
#2884=DIRECTION('',(-1.,0.,0.));
#2885=DIRECTION('',(-1.,1.61369625672261E-16,0.));
#2886=DIRECTION('',(-1.61369625672261E-16,-1.,0.));
#2887=DIRECTION('',(1.61369625672261E-16,1.,0.));
#2888=DIRECTION('',(1.61369625672261E-16,1.,0.));
#2889=DIRECTION('',(1.61369625672261E-16,1.,0.));
#2890=DIRECTION('',(0.,0.,-1.));
#2891=DIRECTION('',(0.,0.,-1.));
#2892=DIRECTION('',(0.,0.,-1.));
#2893=DIRECTION('',(-1.,0.,0.));
#2894=DIRECTION('',(0.,0.,-1.));
#2895=DIRECTION('',(1.92747052886312E-16,1.,0.));
#2896=DIRECTION('',(-1.,1.92747052886312E-16,0.));
#2897=DIRECTION('',(0.,0.,-1.));
#2898=DIRECTION('',(0.,0.,1.));
#2899=DIRECTION('',(1.,0.,0.));
#2900=DIRECTION('',(-1.,2.42054438508392E-16,0.));
#2901=DIRECTION('',(-2.42054438508392E-16,-1.,0.));
#2902=DIRECTION('',(0.,0.,-1.));
#2903=DIRECTION('',(0.,0.,-1.));
#2904=DIRECTION('',(2.42054438508392E-16,1.,0.));
#2905=DIRECTION('',(2.42054438508392E-16,1.,0.));
#2906=DIRECTION('',(2.42054438508392E-16,1.,0.));
#2907=DIRECTION('',(0.,0.,-1.));
#2908=DIRECTION('',(-1.,0.,0.));
#2909=DIRECTION('',(0.,0.,-1.));
#2910=DIRECTION('',(1.92747052886312E-16,1.,0.));
#2911=DIRECTION('',(-1.,1.92747052886312E-16,0.));
#2912=DIRECTION('',(0.,0.,-1.));
#2913=DIRECTION('',(0.,0.,1.));
#2914=DIRECTION('',(1.,0.,0.));
#2915=DIRECTION('',(0.,0.,1.));
#2916=DIRECTION('',(1.,0.,0.));
#2917=DIRECTION('',(-1.,0.,0.));
#2918=DIRECTION('',(0.,1.,0.));
#2919=DIRECTION('',(0.,-1.,0.));
#2920=DIRECTION('',(0.,0.,-1.));
#2921=DIRECTION('',(0.,0.,-1.));
#2922=DIRECTION('',(-1.,0.,0.));
#2923=DIRECTION('',(0.,0.,1.));
#2924=DIRECTION('',(0.,0.,1.));
#2925=DIRECTION('',(1.,0.,0.));
#2926=DIRECTION('',(1.,0.,0.));
#2927=DIRECTION('',(0.,1.,0.));
#2928=DIRECTION('',(0.,1.,0.));
#2929=DIRECTION('',(0.,0.,1.));
#2930=DIRECTION('',(0.,0.,-1.));
#2931=DIRECTION('',(-1.,0.,0.));
#2932=DIRECTION('',(0.,0.,1.));
#2933=DIRECTION('',(0.,0.,1.));
#2934=DIRECTION('',(1.,0.,0.));
#2935=DIRECTION('',(0.,1.,0.));
#2936=DIRECTION('',(1.,0.,0.));
#2937=DIRECTION('',(-1.,0.,0.));
#2938=DIRECTION('',(0.,0.,1.));
#2939=DIRECTION('',(0.,0.,-1.));
#2940=DIRECTION('',(0.,1.,0.));
#2941=DIRECTION('',(0.,0.,1.));
#2942=DIRECTION('',(0.,0.,1.));
#2943=DIRECTION('',(1.,0.,0.));
#2944=DIRECTION('',(-1.,0.,0.));
#2945=DIRECTION('',(0.,1.,0.));
#2946=DIRECTION('',(-1.,0.,0.));
#2947=DIRECTION('',(0.,0.,1.));
#2948=DIRECTION('',(0.,0.,-1.));
#2949=DIRECTION('',(0.,-1.,0.));
#2950=DIRECTION('',(0.,0.,-1.));
#2951=DIRECTION('',(0.,0.,1.));
#2952=DIRECTION('',(1.,0.,0.));
#2953=DIRECTION('',(-1.,0.,0.));
#2954=DIRECTION('',(0.,1.,0.));
#2955=DIRECTION('',(1.,0.,0.));
#2956=DIRECTION('',(0.,1.,0.));
#2957=DIRECTION('',(0.,1.,0.));
#2958=DIRECTION('',(-1.,0.,0.));
#2959=DIRECTION('',(0.,1.,0.));
#2960=DIRECTION('',(1.,0.,0.));
#2961=DIRECTION('',(1.,0.,0.));
#2962=DIRECTION('',(0.,1.,0.));
#2963=DIRECTION('',(-1.,0.,0.));
#2964=DIRECTION('',(0.,1.,0.));
#2965=DIRECTION('',(-1.,0.,0.));
#2966=DIRECTION('',(0.,1.,0.));
#2967=DIRECTION('',(1.,0.,0.));
#2968=DIRECTION('',(0.,1.,0.));
#2969=DIRECTION('',(0.,0.,-1.));
#2970=DIRECTION('',(1.,0.,0.));
#2971=DIRECTION('',(1.,1.15648231731787E-16,0.));
#2972=DIRECTION('',(0.,0.,-1.));
#2973=DIRECTION('',(1.,0.,0.));
#2974=DIRECTION('',(1.,1.15648231731787E-16,0.));
#2975=DIRECTION('',(0.,0.,1.));
#2976=DIRECTION('',(1.,0.,0.));
#2977=DIRECTION('',(1.,-1.15648231731787E-16,0.));
#2978=DIRECTION('',(0.,0.,1.));
#2979=DIRECTION('',(1.,0.,0.));
#2980=DIRECTION('',(1.,-1.15648231731787E-16,0.));
#2981=DIRECTION('',(-1.,-1.15648231731787E-16,0.));
#2982=DIRECTION('',(0.,0.,-1.));
#2983=DIRECTION('',(1.,0.,0.));
#2984=DIRECTION('',(-1.,-1.15648231731787E-16,0.));
#2985=DIRECTION('',(0.,0.,-1.));
#2986=DIRECTION('',(1.,0.,0.));
#2987=DIRECTION('',(0.,0.,1.));
#2988=DIRECTION('',(1.,0.,0.));
#2989=DIRECTION('',(-1.,1.15648231731787E-16,0.));
#2990=DIRECTION('',(0.,0.,1.));
#2991=DIRECTION('',(1.,0.,0.));
#2992=DIRECTION('',(-1.,1.15648231731787E-16,0.));
#2993=DIRECTION('',(1.,0.,0.));
#2994=DIRECTION('',(0.,0.,1.));
#2995=DIRECTION('',(1.,0.,0.));
#2996=DIRECTION('',(0.,1.,0.));
#2997=DIRECTION('',(0.,0.,1.));
#2998=DIRECTION('',(1.,0.,0.));
#2999=DIRECTION('',(1.,0.,0.));
#3000=DIRECTION('',(0.,0.,1.));
#3001=DIRECTION('',(1.,0.,0.));
#3002=DIRECTION('',(0.,1.,0.));
#3003=DIRECTION('',(0.,0.,1.));
#3004=DIRECTION('',(1.,0.,0.));
#3005=DIRECTION('',(0.,-1.,0.));
#3006=DIRECTION('',(0.,0.,-1.));
#3007=DIRECTION('',(1.,0.,0.));
#3008=DIRECTION('',(0.,0.,1.));
#3009=DIRECTION('',(0.,0.,1.));
#3010=DIRECTION('',(0.,0.,1.));
#3011=DIRECTION('',(1.,0.,0.));
#3012=DIRECTION('',(0.,0.,1.));
#3013=DIRECTION('',(1.,0.,0.));
#3014=DIRECTION('',(0.,0.,1.));
#3015=DIRECTION('',(1.,0.,0.));
#3016=DIRECTION('',(0.,0.,-1.));
#3017=DIRECTION('',(0.,1.,0.));
#3018=DIRECTION('',(0.,0.,1.));
#3019=DIRECTION('',(0.,0.,1.));
#3020=DIRECTION('',(1.,0.,0.));
#3021=DIRECTION('',(0.,0.,1.));
#3022=DIRECTION('',(1.,0.,0.));
#3023=DIRECTION('',(0.,0.,1.));
#3024=DIRECTION('',(0.,-1.,0.));
#3025=DIRECTION('',(0.,0.,-1.));
#3026=DIRECTION('',(1.,0.,0.));
#3027=DIRECTION('',(0.,0.,1.));
#3028=DIRECTION('',(0.,0.,1.));
#3029=DIRECTION('',(1.,0.,0.));
#3030=DIRECTION('',(0.,0.,1.));
#3031=DIRECTION('',(1.,0.,0.));
#3032=DIRECTION('',(0.,0.,1.));
#3033=DIRECTION('',(1.,0.,0.));
#3034=DIRECTION('',(0.,0.,-1.));
#3035=DIRECTION('',(0.,1.,0.));
#3036=DIRECTION('',(0.,0.,1.));
#3037=DIRECTION('',(0.,0.,1.));
#3038=DIRECTION('',(1.,0.,0.));
#3039=DIRECTION('',(0.,0.,1.));
#3040=DIRECTION('',(1.,0.,0.));
#3041=DIRECTION('',(0.,0.,1.));
#3042=DIRECTION('',(0.,0.,1.));
#3043=DIRECTION('',(1.15648231731787E-16,1.,0.));
#3044=DIRECTION('',(-1.,1.15648231731787E-16,0.));
#3045=DIRECTION('',(-1.,1.15648231731787E-16,0.));
#3046=DIRECTION('',(0.,0.,1.));
#3047=DIRECTION('',(0.,0.,1.));
#3048=DIRECTION('',(1.,0.,0.));
#3049=DIRECTION('',(0.,0.,1.));
#3050=DIRECTION('',(1.,0.,0.));
#3051=DIRECTION('',(0.,0.,1.));
#3052=DIRECTION('',(-1.15648231731787E-16,1.,0.));
#3053=DIRECTION('',(-1.,-1.15648231731787E-16,0.));
#3054=DIRECTION('',(-1.,-1.15648231731787E-16,0.));
#3055=DIRECTION('',(0.,0.,1.));
#3056=DIRECTION('',(0.,0.,1.));
#3057=DIRECTION('',(0.,0.,1.));
#3058=DIRECTION('',(1.,0.,0.));
#3059=DIRECTION('',(0.,0.,-1.));
#3060=DIRECTION('',(1.,0.,0.));
#3061=DIRECTION('',(0.,0.,1.));
#3062=DIRECTION('',(-1.15648231731787E-16,1.,0.));
#3063=DIRECTION('',(-1.,-1.15648231731787E-16,0.));
#3064=DIRECTION('',(-1.,-1.15648231731787E-16,0.));
#3065=DIRECTION('',(0.,0.,1.));
#3066=DIRECTION('',(0.,0.,1.));
#3067=DIRECTION('',(1.,0.,0.));
#3068=DIRECTION('',(0.,0.,1.));
#3069=DIRECTION('',(1.,0.,0.));
#3070=DIRECTION('',(0.,0.,1.));
#3071=DIRECTION('',(0.,0.,1.));
#3072=DIRECTION('',(-1.15648231731787E-16,-1.,0.));
#3073=DIRECTION('',(1.,-1.15648231731787E-16,0.));
#3074=DIRECTION('',(1.,-1.15648231731787E-16,0.));
#3075=DIRECTION('',(0.,0.,1.));
#3076=DIRECTION('',(0.,0.,1.));
#3077=DIRECTION('',(1.,0.,0.));
#3078=DIRECTION('',(0.,0.,1.));
#3079=DIRECTION('',(1.,0.,0.));
#3080=DIRECTION('',(0.,0.,1.));
#3081=DIRECTION('',(0.,0.,1.));
#3082=DIRECTION('',(1.,0.,0.));
#3083=DIRECTION('',(0.,0.,-1.));
#3084=DIRECTION('',(1.,0.,0.));
#3085=DIRECTION('',(0.,0.,1.));
#3086=DIRECTION('',(0.,0.,1.));
#3087=DIRECTION('',(1.15648231731787E-16,-1.,0.));
#3088=DIRECTION('',(1.,1.15648231731787E-16,0.));
#3089=DIRECTION('',(1.,1.15648231731787E-16,0.));
#3090=DIRECTION('',(0.,0.,1.));
#3091=DIRECTION('',(0.,0.,1.));
#3092=DIRECTION('',(1.,0.,0.));
#3093=DIRECTION('',(0.,0.,-1.));
#3094=DIRECTION('',(1.,0.,0.));
#3095=DIRECTION('',(0.,0.,1.));
#3096=DIRECTION('',(1.15648231731787E-16,1.,0.));
#3097=DIRECTION('',(-1.,1.15648231731787E-16,0.));
#3098=DIRECTION('',(-1.,1.15648231731787E-16,0.));
#3099=DIRECTION('',(0.,0.,1.));
#3100=DIRECTION('',(1.,0.,0.));
#3101=DIRECTION('',(0.,0.,-1.));
#3102=DIRECTION('',(1.,0.,0.));
#3103=DIRECTION('',(-1.15648231731787E-16,-1.,0.));
#3104=DIRECTION('',(1.,-1.15648231731787E-16,0.));
#3105=DIRECTION('',(1.,-1.15648231731787E-16,0.));
#3106=DIRECTION('',(1.15648231731787E-16,-1.,0.));
#3107=DIRECTION('',(1.,1.15648231731787E-16,0.));
#3108=DIRECTION('',(1.,1.15648231731787E-16,0.));
#3109=DIRECTION('',(0.,0.,1.));
#3110=DIRECTION('',(1.,0.,0.));
#3111=DIRECTION('',(0.,0.,1.));
#3112=DIRECTION('',(1.,0.,0.));
#3113=DIRECTION('',(0.,0.,1.));
#3114=DIRECTION('',(1.,0.,0.));
#3115=DIRECTION('',(0.,0.,1.));
#3116=DIRECTION('',(1.,0.,0.));
#3117=DIRECTION('',(0.,-0.707106781186548,-0.707106781186548));
#3118=DIRECTION('',(0.,0.707106781186548,-0.707106781186548));
#3119=DIRECTION('',(0.,1.,0.));
#3120=DIRECTION('',(0.,0.,1.));
#3121=DIRECTION('',(-0.707106781186548,0.707106781186548,0.));
#3122=DIRECTION('',(-0.707106781186548,-0.707106781186548,0.));
#3123=DIRECTION('',(-1.,0.,0.));
#3124=DIRECTION('',(0.,0.,1.));
#3125=DIRECTION('',(-0.707106781186548,0.,-0.707106781186548));
#3126=DIRECTION('',(-0.707106781186548,0.,0.707106781186548));
#3127=DIRECTION('',(0.,0.,-1.));
#3128=DIRECTION('',(-1.,0.,0.));
#3129=DIRECTION('',(0.,0.,-1.));
#3130=DIRECTION('',(-1.,0.,0.));
#3131=DIRECTION('',(0.,-0.707106781186548,0.707106781186548));
#3132=DIRECTION('',(0.,0.707106781186548,0.707106781186548));
#3133=DIRECTION('',(0.,-1.,0.));
#3134=DIRECTION('',(0.,0.,-1.));
#3135=DIRECTION('',(0.707106781186548,-0.707106781186548,0.));
#3136=DIRECTION('',(-0.707106781186548,-0.707106781186548,0.));
#3137=DIRECTION('',(0.,0.,1.));
#3138=DIRECTION('',(1.,0.,0.));
#3139=DIRECTION('',(0.707106781186548,0.,-0.707106781186548));
#3140=DIRECTION('',(-0.707106781186548,0.,-0.707106781186548));
#3141=DIRECTION('',(1.,0.,0.));
#3142=DIRECTION('',(0.,0.,-1.));
#3143=DIRECTION('',(0.,0.,1.));
#3144=DIRECTION('',(1.,0.,0.));
#3145=DIRECTION('',(-0.707106781186548,0.,0.707106781186548));
#3146=DIRECTION('',(0.707106781186548,0.,0.707106781186548));
#3147=DIRECTION('',(0.,0.,-1.));
#3148=DIRECTION('',(-1.,0.,0.));
#3149=DIRECTION('',(0.707106781186548,0.,-0.707106781186548));
#3150=DIRECTION('',(-0.707106781186548,0.,-0.707106781186548));
#3151=DIRECTION('',(0.,0.,-1.));
#3152=DIRECTION('',(-1.,0.,0.));
#3153=DIRECTION('',(-0.707106781186548,0.,-0.707106781186548));
#3154=DIRECTION('',(0.707106781186548,0.,-0.707106781186548));
#3155=DIRECTION('',(0.,0.,1.));
#3156=DIRECTION('',(1.,0.,0.));
#3157=DIRECTION('',(0.707106781186548,0.,0.707106781186548));
#3158=DIRECTION('',(-0.707106781186548,0.,0.707106781186548));
#3159=DIRECTION('',(-1.,0.,0.));
#3160=DIRECTION('',(0.,0.,1.));
#3161=DIRECTION('',(-0.707106781186548,0.707106781186548,0.));
#3162=DIRECTION('',(-0.707106781186548,-0.707106781186548,0.));
#3163=DIRECTION('',(-0.707106781186548,-0.707106781186548,0.));
#3164=DIRECTION('',(-0.707106781186548,0.707106781186548,0.));
#3165=DIRECTION('',(0.,-1.,0.));
#3166=DIRECTION('',(0.,0.,-1.));
#3167=DIRECTION('',(0.707106781186548,-0.707106781186548,0.));
#3168=DIRECTION('',(-0.707106781186548,-0.707106781186548,0.));
#3169=DIRECTION('',(0.,1.,0.));
#3170=DIRECTION('',(0.,0.,1.));
#3171=DIRECTION('',(0.707106781186548,0.707106781186548,0.));
#3172=DIRECTION('',(-0.707106781186548,0.707106781186548,0.));
#3173=DIRECTION('',(1.,0.,0.));
#3174=DIRECTION('',(0.,0.,-1.));
#3175=DIRECTION('',(0.,1.,0.));
#3176=DIRECTION('',(0.,0.,1.));
#3177=DIRECTION('',(0.707106781186548,0.707106781186548,0.));
#3178=DIRECTION('',(-0.707106781186548,0.707106781186548,0.));
#3179=DIRECTION('',(-0.707106781186548,0.707106781186548,0.));
#3180=DIRECTION('',(-0.707106781186548,-0.707106781186548,0.));
#3181=DIRECTION('',(-1.,0.,0.));
#3182=DIRECTION('',(0.,0.,1.));
#3183=DIRECTION('',(-0.707106781186548,-0.707106781186548,0.));
#3184=DIRECTION('',(-0.707106781186548,0.707106781186548,0.));
#3185=DIRECTION('',(1.,0.,0.));
#3186=DIRECTION('',(0.,0.,-1.));
#3187=DIRECTION('',(0.707106781186548,-0.707106781186548,0.));
#3188=DIRECTION('',(0.707106781186548,0.707106781186548,0.));
#3189=DIRECTION('',(0.,-1.,0.));
#3190=DIRECTION('',(0.,0.,-1.));
#3191=DIRECTION('',(0.,-1.,0.));
#3192=DIRECTION('',(0.,0.,-1.));
#3193=DIRECTION('',(0.707106781186548,-0.707106781186548,0.));
#3194=DIRECTION('',(0.707106781186548,0.707106781186548,0.));
#3195=DIRECTION('',(-0.707106781186548,-0.707106781186548,0.));
#3196=DIRECTION('',(0.707106781186548,-0.707106781186548,0.));
#3197=DIRECTION('',(-1.,0.,0.));
#3198=DIRECTION('',(0.,0.,1.));
#3199=DIRECTION('',(-0.707106781186548,0.707106781186548,0.));
#3200=DIRECTION('',(-0.707106781186548,-0.707106781186548,0.));
#3201=DIRECTION('',(1.,0.,0.));
#3202=DIRECTION('',(0.,0.,-1.));
#3203=DIRECTION('',(0.707106781186548,0.707106781186548,0.));
#3204=DIRECTION('',(0.707106781186548,-0.707106781186548,0.));
#3205=DIRECTION('',(0.,1.,0.));
#3206=DIRECTION('',(0.,0.,1.));
#3207=DIRECTION('',(0.,-1.,0.));
#3208=DIRECTION('',(0.,0.,-1.));
#3209=DIRECTION('',(0.707106781186548,-0.707106781186548,0.));
#3210=DIRECTION('',(-0.707106781186548,-0.707106781186548,0.));
#3211=DIRECTION('',(-0.707106781186548,-0.707106781186548,0.));
#3212=DIRECTION('',(0.707106781186548,-0.707106781186548,0.));
#3213=DIRECTION('',(-1.,0.,0.));
#3214=DIRECTION('',(0.,0.,1.));
#3215=DIRECTION('',(-0.707106781186548,0.707106781186548,0.));
#3216=DIRECTION('',(-0.707106781186548,-0.707106781186548,0.));
#3217=DIRECTION('',(1.,0.,0.));
#3218=DIRECTION('',(0.,0.,-1.));
#3219=DIRECTION('',(0.707106781186548,0.707106781186548,0.));
#3220=DIRECTION('',(0.707106781186548,-0.707106781186548,0.));
#3221=DIRECTION('',(0.,1.,0.));
#3222=DIRECTION('',(0.,0.,1.));
#3223=DIRECTION('',(-1.,0.,0.));
#3224=DIRECTION('',(0.,0.,1.));
#3225=DIRECTION('',(1.,0.,0.));
#3226=DIRECTION('',(0.,0.,-1.));
#3227=DIRECTION('',(-1.,0.,0.));
#3228=DIRECTION('',(0.,0.,1.));
#3229=DIRECTION('',(1.,0.,0.));
#3230=DIRECTION('',(0.,0.,-1.));
#3231=DIRECTION('',(0.,-1.,0.));
#3232=DIRECTION('',(0.,0.,-1.));
#3233=DIRECTION('',(-0.707106781186548,-0.707106781186548,0.));
#3234=DIRECTION('',(0.707106781186548,-0.707106781186548,0.));
#3235=DIRECTION('',(-1.,0.,0.));
#3236=DIRECTION('',(0.,0.,1.));
#3237=DIRECTION('',(0.,-1.,0.));
#3238=DIRECTION('',(0.,0.,-1.));
#3239=DIRECTION('',(0.707106781186548,-0.707106781186548,0.));
#3240=DIRECTION('',(-0.707106781186548,-0.707106781186548,0.));
#3241=DIRECTION('',(-1.,0.,0.));
#3242=DIRECTION('',(0.,0.,1.));
#3243=DIRECTION('',(0.,1.,0.));
#3244=DIRECTION('',(0.,0.,1.));
#3245=DIRECTION('',(0.707106781186548,0.707106781186548,0.));
#3246=DIRECTION('',(-0.707106781186548,0.707106781186548,0.));
#3247=DIRECTION('',(1.,0.,0.));
#3248=DIRECTION('',(0.,0.,-1.));
#3249=DIRECTION('',(0.,1.,0.));
#3250=DIRECTION('',(0.,0.,1.));
#3251=DIRECTION('',(-0.707106781186548,0.707106781186548,0.));
#3252=DIRECTION('',(0.707106781186548,0.707106781186548,0.));
#3253=DIRECTION('',(1.,0.,0.));
#3254=DIRECTION('',(0.,0.,-1.));
#3255=DIRECTION('',(2.06514699521048E-16,1.,0.));
#3256=DIRECTION('',(-1.,2.06514699521048E-16,0.));
#3257=DIRECTION('',(0.707106781186548,0.707106781186547,0.));
#3258=DIRECTION('',(-0.707106781186547,0.707106781186548,0.));
#3259=DIRECTION('',(-0.707106781186548,0.707106781186548,0.));
#3260=DIRECTION('',(-0.707106781186548,-0.707106781186548,0.));
#3261=DIRECTION('',(1.,-1.23908819712629E-16,0.));
#3262=DIRECTION('',(1.23908819712629E-16,1.,0.));
#3263=DIRECTION('',(0.707106781186547,-0.707106781186548,0.));
#3264=DIRECTION('',(0.707106781186548,0.707106781186547,0.));
#3265=DIRECTION('',(-1.,0.,0.));
#3266=DIRECTION('',(0.,0.,1.));
#3267=DIRECTION('',(-0.707106781186548,-0.707106781186548,0.));
#3268=DIRECTION('',(-0.707106781186548,0.707106781186548,0.));
#3269=DIRECTION('',(-2.06514699521048E-16,-1.,0.));
#3270=DIRECTION('',(1.,-2.06514699521048E-16,0.));
#3271=CARTESIAN_POINT('',(0.,0.,0.));
#3272=CARTESIAN_POINT('',(0.,0.,0.0085));
#3273=CARTESIAN_POINT('',(-0.01,0.00175,0.0085));
#3274=CARTESIAN_POINT('',(-0.01,-0.00825,0.0085));
#3275=CARTESIAN_POINT('',(-0.01,-0.0055,0.0085));
#3276=CARTESIAN_POINT('',(0.,-0.0055,0.0085));
#3277=CARTESIAN_POINT('',(-0.0115,-0.0055,0.0085));
#3278=CARTESIAN_POINT('',(-0.0115,0.0095,0.0085));
#3279=CARTESIAN_POINT('',(-0.0115,-0.00825,0.0085));
#3280=CARTESIAN_POINT('',(-0.01075,-0.00825,0.0085));
#3281=CARTESIAN_POINT('',(0.,0.,0.0085));
#3282=CARTESIAN_POINT('',(-0.0115,0.0095,0.0085));
#3283=CARTESIAN_POINT('',(-0.0115,0.0055,0.0085));
#3284=CARTESIAN_POINT('',(-0.0115,0.015,0.0085));
#3285=CARTESIAN_POINT('',(-0.0115,0.0055,0.0085));
#3286=CARTESIAN_POINT('',(-0.01,0.0055,0.0085));
#3287=CARTESIAN_POINT('',(-0.01,0.00175,0.0085));
#3288=CARTESIAN_POINT('',(-0.01,0.0125,0.0085));
#3289=CARTESIAN_POINT('',(-0.009,0.0125,0.0085));
#3290=CARTESIAN_POINT('',(-0.009,0.0135,0.0085));
#3291=CARTESIAN_POINT('',(-0.0045,0.0135,0.0085));
#3292=CARTESIAN_POINT('',(-0.00075,0.0135,0.0085));
#3293=CARTESIAN_POINT('',(-0.00075,0.01425,0.0085));
#3294=CARTESIAN_POINT('',(-0.00075,0.015,0.0085));
#3295=CARTESIAN_POINT('',(-0.01075,0.015,0.0085));
#3296=CARTESIAN_POINT('',(0.,0.,0.0085));
#3297=CARTESIAN_POINT('',(0.01,-0.00175,0.0085));
#3298=CARTESIAN_POINT('',(0.01,0.0055,0.0085));
#3299=CARTESIAN_POINT('',(0.01,0.00825,0.0085));
#3300=CARTESIAN_POINT('',(0.,0.0055,0.0085));
#3301=CARTESIAN_POINT('',(0.0115,0.0055,0.0085));
#3302=CARTESIAN_POINT('',(0.0115,-0.0095,0.0085));
#3303=CARTESIAN_POINT('',(0.0115,0.00825,0.0085));
#3304=CARTESIAN_POINT('',(0.01075,0.00825,0.0085));
#3305=CARTESIAN_POINT('',(0.,0.,0.0085));
#3306=CARTESIAN_POINT('',(0.0115,-0.0095,0.0085));
#3307=CARTESIAN_POINT('',(0.0115,-0.015,0.0085));
#3308=CARTESIAN_POINT('',(0.0115,-0.0055,0.0085));
#3309=CARTESIAN_POINT('',(0.0115,-0.0055,0.0085));
#3310=CARTESIAN_POINT('',(0.01,-0.0055,0.0085));
#3311=CARTESIAN_POINT('',(0.01,-0.00175,0.0085));
#3312=CARTESIAN_POINT('',(0.01,-0.0125,0.0085));
#3313=CARTESIAN_POINT('',(0.009,-0.0125,0.0085));
#3314=CARTESIAN_POINT('',(0.009,-0.0135,0.0085));
#3315=CARTESIAN_POINT('',(0.0045,-0.0135,0.0085));
#3316=CARTESIAN_POINT('',(0.00075,-0.0135,0.0085));
#3317=CARTESIAN_POINT('',(0.00075,-0.01425,0.0085));
#3318=CARTESIAN_POINT('',(0.00075,-0.015,0.0085));
#3319=CARTESIAN_POINT('',(0.005,-0.015,0.0085));
#3320=CARTESIAN_POINT('',(0.,0.,0.0015));
#3321=CARTESIAN_POINT('',(0.0155,-0.003025,0.0015));
#3322=CARTESIAN_POINT('',(0.0155,-0.00055,0.0015));
#3323=CARTESIAN_POINT('',(0.0155,0.00055,0.0015));
#3324=CARTESIAN_POINT('',(0.,0.00055,0.0015));
#3325=CARTESIAN_POINT('',(0.0143351646544245,0.00055,0.0015));
#3326=CARTESIAN_POINT('',(0.0135,6.12323399573677E-20,0.0015));
#3327=CARTESIAN_POINT('',(0.0143351646544245,-0.00055,0.0015));
#3328=CARTESIAN_POINT('',(0.0155,-0.00055,0.0015));
#3329=CARTESIAN_POINT('',(0.,0.,0.0015));
#3330=CARTESIAN_POINT('',(-0.0115,0.,0.0015));
#3331=CARTESIAN_POINT('',(-0.0115,0.00055,0.0015));
#3332=CARTESIAN_POINT('',(-0.0115,-0.00055,0.0015));
#3333=CARTESIAN_POINT('',(-0.0155,0.00055,0.0015));
#3334=CARTESIAN_POINT('',(-0.0126648353455755,0.00055,0.0015));
#3335=CARTESIAN_POINT('',(-0.0135,6.12323399573677E-20,0.0015));
#3336=CARTESIAN_POINT('',(-0.0126648353455755,-0.00055,0.0015));
#3337=CARTESIAN_POINT('',(0.,-0.00055,0.0015));
#3338=CARTESIAN_POINT('',(0.0135,-0.004,0.0015));
#3339=CARTESIAN_POINT('',(0.0115,-0.004,0.0394));
#3340=CARTESIAN_POINT('',(0.0115,-0.004,0.0364));
#3341=CARTESIAN_POINT('',(0.0115,-0.004,0.01));
#3342=CARTESIAN_POINT('',(0.013,-0.004,0.01));
#3343=CARTESIAN_POINT('',(0.013,-0.004,0.01));
#3344=CARTESIAN_POINT('',(0.013,-0.004,0.0015));
#3345=CARTESIAN_POINT('',(0.013,-0.004,0.));
#3346=CARTESIAN_POINT('',(0.0135,-0.004,0.));
#3347=CARTESIAN_POINT('',(0.0115,-0.004,0.));
#3348=CARTESIAN_POINT('',(0.0115,-0.004,0.0394));
#3349=CARTESIAN_POINT('',(0.0115,-0.004,-0.002));
#3350=CARTESIAN_POINT('',(0.0135,-0.004,-0.002));
#3351=CARTESIAN_POINT('',(0.0155,-0.004,-0.002));
#3352=CARTESIAN_POINT('',(0.0155,-0.004,0.0015));
#3353=CARTESIAN_POINT('',(0.0155,-0.004,0.0364));
#3354=CARTESIAN_POINT('',(0.0135,-0.004,0.0364));
#3355=CARTESIAN_POINT('',(0.0155,-0.003025,0.0015));
#3356=CARTESIAN_POINT('',(0.0155,-0.00205,0.0394));
#3357=CARTESIAN_POINT('',(0.0155,-0.00205,0.0364));
#3358=CARTESIAN_POINT('',(0.0155,-0.00205,0.003));
#3359=CARTESIAN_POINT('',(0.0155,-0.004,0.0364));
#3360=CARTESIAN_POINT('',(0.0155,-0.003025,-0.002));
#3361=CARTESIAN_POINT('',(0.0155,-0.00205,-0.002));
#3362=CARTESIAN_POINT('',(0.0155,-0.00205,0.0394));
#3363=CARTESIAN_POINT('',(0.0155,-0.00205,0.));
#3364=CARTESIAN_POINT('',(0.0155,-0.003025,0.));
#3365=CARTESIAN_POINT('',(0.0155,0.00205,0.));
#3366=CARTESIAN_POINT('',(0.0155,0.00205,0.0394));
#3367=CARTESIAN_POINT('',(0.0155,0.00205,-0.002));
#3368=CARTESIAN_POINT('',(0.0155,0.003025,-0.002));
#3369=CARTESIAN_POINT('',(0.0155,0.004,-0.002));
#3370=CARTESIAN_POINT('',(0.0155,0.004,0.0015));
#3371=CARTESIAN_POINT('',(0.0155,0.004,0.0364));
#3372=CARTESIAN_POINT('',(0.0155,0.00205,0.0364));
#3373=CARTESIAN_POINT('',(0.0155,0.00205,0.0364));
#3374=CARTESIAN_POINT('',(0.0155,0.00205,0.0394));
#3375=CARTESIAN_POINT('',(0.0155,0.00205,0.003));
#3376=CARTESIAN_POINT('',(0.0155,0.00055,0.003));
#3377=CARTESIAN_POINT('',(0.0155,-0.00055,0.003));
#3378=CARTESIAN_POINT('',(0.0135,0.004,0.0015));
#3379=CARTESIAN_POINT('',(0.013,0.004,0.0085));
#3380=CARTESIAN_POINT('',(0.013,0.004,0.));
#3381=CARTESIAN_POINT('',(0.013,0.004,0.01));
#3382=CARTESIAN_POINT('',(0.0135,0.004,0.01));
#3383=CARTESIAN_POINT('',(0.0115,0.004,0.01));
#3384=CARTESIAN_POINT('',(0.0115,0.004,0.0394));
#3385=CARTESIAN_POINT('',(0.0115,0.004,0.0364));
#3386=CARTESIAN_POINT('',(0.0155,0.004,0.0364));
#3387=CARTESIAN_POINT('',(0.0135,0.004,-0.002));
#3388=CARTESIAN_POINT('',(0.0115,0.004,-0.002));
#3389=CARTESIAN_POINT('',(0.0115,0.004,0.0394));
#3390=CARTESIAN_POINT('',(0.0115,0.004,0.));
#3391=CARTESIAN_POINT('',(0.,0.004,0.));
#3392=CARTESIAN_POINT('',(-0.0135,0.004,0.0015));
#3393=CARTESIAN_POINT('',(-0.0115,0.004,0.0394));
#3394=CARTESIAN_POINT('',(-0.0115,0.004,0.0364));
#3395=CARTESIAN_POINT('',(-0.0115,0.004,0.01));
#3396=CARTESIAN_POINT('',(-0.013,0.004,0.01));
#3397=CARTESIAN_POINT('',(-0.013,0.004,0.01));
#3398=CARTESIAN_POINT('',(-0.013,0.004,0.));
#3399=CARTESIAN_POINT('',(-0.013,0.004,0.));
#3400=CARTESIAN_POINT('',(-0.0135,0.004,0.));
#3401=CARTESIAN_POINT('',(-0.0115,0.004,0.));
#3402=CARTESIAN_POINT('',(-0.0115,0.004,0.0394));
#3403=CARTESIAN_POINT('',(-0.0115,0.004,-0.002));
#3404=CARTESIAN_POINT('',(-0.0135,0.004,-0.002));
#3405=CARTESIAN_POINT('',(-0.0155,0.004,-0.002));
#3406=CARTESIAN_POINT('',(-0.0155,0.004,0.0015));
#3407=CARTESIAN_POINT('',(-0.0155,0.004,0.0364));
#3408=CARTESIAN_POINT('',(-0.0135,0.004,0.0364));
#3409=CARTESIAN_POINT('',(-0.0155,-0.003025,0.0015));
#3410=CARTESIAN_POINT('',(-0.0155,0.00205,0.0394));
#3411=CARTESIAN_POINT('',(-0.0155,0.00205,0.0364));
#3412=CARTESIAN_POINT('',(-0.0155,0.00205,0.003));
#3413=CARTESIAN_POINT('',(-0.0155,-0.003025,0.0364));
#3414=CARTESIAN_POINT('',(-0.0155,0.003025,-0.002));
#3415=CARTESIAN_POINT('',(-0.0155,0.00205,-0.002));
#3416=CARTESIAN_POINT('',(-0.0155,0.00205,0.0394));
#3417=CARTESIAN_POINT('',(-0.0155,0.00205,0.));
#3418=CARTESIAN_POINT('',(-0.0155,-0.003025,0.));
#3419=CARTESIAN_POINT('',(-0.0155,-0.00205,0.));
#3420=CARTESIAN_POINT('',(-0.0155,-0.00205,0.0394));
#3421=CARTESIAN_POINT('',(-0.0155,-0.00205,-0.002));
#3422=CARTESIAN_POINT('',(-0.0155,-0.003025,-0.002));
#3423=CARTESIAN_POINT('',(-0.0155,-0.004,-0.002));
#3424=CARTESIAN_POINT('',(-0.0155,-0.004,0.0015));
#3425=CARTESIAN_POINT('',(-0.0155,-0.004,0.0364));
#3426=CARTESIAN_POINT('',(-0.0155,-0.003025,0.0364));
#3427=CARTESIAN_POINT('',(-0.0155,-0.00205,0.0364));
#3428=CARTESIAN_POINT('',(-0.0155,-0.00205,0.0394));
#3429=CARTESIAN_POINT('',(-0.0155,-0.00205,0.003));
#3430=CARTESIAN_POINT('',(-0.0155,-0.00055,0.003));
#3431=CARTESIAN_POINT('',(-0.0155,-0.00055,0.0015));
#3432=CARTESIAN_POINT('',(-0.0155,-0.003025,0.0015));
#3433=CARTESIAN_POINT('',(-0.0155,0.00055,0.0015));
#3434=CARTESIAN_POINT('',(-0.0155,0.00055,0.003));
#3435=CARTESIAN_POINT('',(-0.0135,-0.004,0.0015));
#3436=CARTESIAN_POINT('',(-0.013,-0.004,0.0015));
#3437=CARTESIAN_POINT('',(-0.013,-0.004,0.));
#3438=CARTESIAN_POINT('',(-0.013,-0.004,0.01));
#3439=CARTESIAN_POINT('',(-0.0135,-0.004,0.01));
#3440=CARTESIAN_POINT('',(-0.0115,-0.004,0.01));
#3441=CARTESIAN_POINT('',(-0.0115,-0.004,0.0394));
#3442=CARTESIAN_POINT('',(-0.0115,-0.004,0.0364));
#3443=CARTESIAN_POINT('',(-0.0155,-0.004,0.0364));
#3444=CARTESIAN_POINT('',(-0.0135,-0.004,-0.002));
#3445=CARTESIAN_POINT('',(-0.0115,-0.004,-0.002));
#3446=CARTESIAN_POINT('',(-0.0115,-0.004,0.0394));
#3447=CARTESIAN_POINT('',(-0.0115,-0.004,0.));
#3448=CARTESIAN_POINT('',(0.,-0.004,0.));
#3449=CARTESIAN_POINT('',(-0.0115,-0.003025,0.0394));
#3450=CARTESIAN_POINT('',(-0.0115,-0.003025,0.01));
#3451=CARTESIAN_POINT('',(-0.0115,-0.00205,0.01));
#3452=CARTESIAN_POINT('',(-0.0115,-0.00205,0.0394));
#3453=CARTESIAN_POINT('',(-0.0115,-0.00205,0.0364));
#3454=CARTESIAN_POINT('',(-0.0115,-0.004,0.0364));
#3455=CARTESIAN_POINT('',(-0.0135,-0.00205,0.0394));
#3456=CARTESIAN_POINT('',(-0.0115,-0.00205,0.0394));
#3457=CARTESIAN_POINT('',(-0.0115,-0.00205,0.0085));
#3458=CARTESIAN_POINT('',(-0.0115,-0.00205,0.003));
#3459=CARTESIAN_POINT('',(-0.0135,-0.00205,0.003));
#3460=CARTESIAN_POINT('',(-0.0115,-0.00205,0.0364));
#3461=CARTESIAN_POINT('',(-0.01,-0.00205,0.01));
#3462=CARTESIAN_POINT('',(-0.01,-0.00205,0.0085));
#3463=CARTESIAN_POINT('',(0.,-0.00205,0.0085));
#3464=CARTESIAN_POINT('',(-0.0115,0.003025,0.0394));
#3465=CARTESIAN_POINT('',(-0.0115,0.00205,0.0394));
#3466=CARTESIAN_POINT('',(-0.0115,0.00205,0.0364));
#3467=CARTESIAN_POINT('',(-0.0115,0.00205,0.01));
#3468=CARTESIAN_POINT('',(-0.0115,0.003025,0.01));
#3469=CARTESIAN_POINT('',(-0.0115,0.00205,0.0364));
#3470=CARTESIAN_POINT('',(-0.0135,0.00205,0.0394));
#3471=CARTESIAN_POINT('',(-0.0115,0.00205,0.003));
#3472=CARTESIAN_POINT('',(-0.0115,0.00205,0.003));
#3473=CARTESIAN_POINT('',(-0.0115,0.00205,0.0394));
#3474=CARTESIAN_POINT('',(-0.0115,0.00205,0.0085));
#3475=CARTESIAN_POINT('',(-0.0135,0.00205,0.0085));
#3476=CARTESIAN_POINT('',(-0.01,0.00205,0.0085));
#3477=CARTESIAN_POINT('',(-0.01,0.00205,0.01));
#3478=CARTESIAN_POINT('',(-0.0135,0.00205,0.0364));
#3479=CARTESIAN_POINT('',(0.0115,0.003025,0.0394));
#3480=CARTESIAN_POINT('',(0.0115,0.00205,0.01));
#3481=CARTESIAN_POINT('',(0.0115,0.00205,0.01));
#3482=CARTESIAN_POINT('',(0.0115,0.00205,0.0394));
#3483=CARTESIAN_POINT('',(0.0115,0.00205,0.0364));
#3484=CARTESIAN_POINT('',(0.0115,0.003025,0.0364));
#3485=CARTESIAN_POINT('',(0.0135,0.00205,0.0394));
#3486=CARTESIAN_POINT('',(0.0115,0.00205,0.0394));
#3487=CARTESIAN_POINT('',(0.0115,0.00205,0.0085));
#3488=CARTESIAN_POINT('',(0.0115,0.00205,0.003));
#3489=CARTESIAN_POINT('',(0.0135,0.00205,0.003));
#3490=CARTESIAN_POINT('',(0.0115,0.00205,0.0364));
#3491=CARTESIAN_POINT('',(0.01,0.00205,0.01));
#3492=CARTESIAN_POINT('',(0.01,0.00205,0.0085));
#3493=CARTESIAN_POINT('',(0.,0.00205,0.0085));
#3494=CARTESIAN_POINT('',(0.0115,-0.003025,0.0394));
#3495=CARTESIAN_POINT('',(0.0115,-0.00205,0.0394));
#3496=CARTESIAN_POINT('',(0.0115,-0.00205,0.0364));
#3497=CARTESIAN_POINT('',(0.0115,-0.00205,0.01));
#3498=CARTESIAN_POINT('',(0.0115,-0.004,0.01));
#3499=CARTESIAN_POINT('',(0.0115,-0.003025,0.0364));
#3500=CARTESIAN_POINT('',(0.0135,-0.00205,0.0394));
#3501=CARTESIAN_POINT('',(0.0115,-0.00205,0.003));
#3502=CARTESIAN_POINT('',(0.0115,-0.00205,0.003));
#3503=CARTESIAN_POINT('',(0.0115,-0.00205,0.0394));
#3504=CARTESIAN_POINT('',(0.0115,-0.00205,0.0085));
#3505=CARTESIAN_POINT('',(0.0135,-0.00205,0.0085));
#3506=CARTESIAN_POINT('',(0.01,-0.00205,0.0085));
#3507=CARTESIAN_POINT('',(0.01,-0.00205,0.01));
#3508=CARTESIAN_POINT('',(0.0135,-0.00205,0.0364));
#3509=CARTESIAN_POINT('',(0.,0.,0.0015));
#3510=CARTESIAN_POINT('',(0.0135,6.12323399573677E-20,0.0015));
#3511=CARTESIAN_POINT('',(0.0126648353455755,0.00055,0.0015));
#3512=CARTESIAN_POINT('',(0.0126648353455755,-0.00055,0.0015));
#3513=CARTESIAN_POINT('',(0.,0.00055,0.0015));
#3514=CARTESIAN_POINT('',(0.0115,0.00055,0.0015));
#3515=CARTESIAN_POINT('',(0.0115,0.,0.0015));
#3516=CARTESIAN_POINT('',(0.0115,-0.00055,0.0015));
#3517=CARTESIAN_POINT('',(0.0155,-0.00055,0.0015));
#3518=CARTESIAN_POINT('',(0.,0.,0.0015));
#3519=CARTESIAN_POINT('',(-0.0135,6.12323399573677E-20,0.0015));
#3520=CARTESIAN_POINT('',(-0.0143351646544245,-0.00055,0.0015));
#3521=CARTESIAN_POINT('',(-0.0143351646544245,0.00055,0.0015));
#3522=CARTESIAN_POINT('',(-0.0155,0.00055,0.0015));
#3523=CARTESIAN_POINT('',(0.,-0.00055,0.0015));
#3524=CARTESIAN_POINT('',(-0.0115,-0.0065,0.0015));
#3525=CARTESIAN_POINT('',(-0.0115,0.00055,0.003));
#3526=CARTESIAN_POINT('',(-0.0115,-0.00055,0.003));
#3527=CARTESIAN_POINT('',(-0.0115,0.0095,0.0085));
#3528=CARTESIAN_POINT('',(-0.0115,-0.0065,0.0015));
#3529=CARTESIAN_POINT('',(-0.0115,-0.0055,0.0015));
#3530=CARTESIAN_POINT('',(-0.0115,-0.0055,0.));
#3531=CARTESIAN_POINT('',(-0.0115,-0.0065,0.));
#3532=CARTESIAN_POINT('',(-0.0115,-0.015,0.));
#3533=CARTESIAN_POINT('',(-0.0115,-0.015,0.0015));
#3534=CARTESIAN_POINT('',(-0.0115,-0.015,0.00075));
#3535=CARTESIAN_POINT('',(-0.0115,-0.0065,0.00075));
#3536=CARTESIAN_POINT('',(-0.0115,-0.00825,0.00075));
#3537=CARTESIAN_POINT('',(-0.0115,-0.00825,0.0015));
#3538=CARTESIAN_POINT('',(0.0115,-0.0095,0.0015));
#3539=CARTESIAN_POINT('',(0.0115,-0.0095,0.));
#3540=CARTESIAN_POINT('',(0.0115,-0.015,0.));
#3541=CARTESIAN_POINT('',(0.0115,-0.0055,0.));
#3542=CARTESIAN_POINT('',(0.0115,-0.0055,0.0015));
#3543=CARTESIAN_POINT('',(0.0115,-0.015,0.0015));
#3544=CARTESIAN_POINT('',(0.0115,-0.0095,0.0015));
#3545=CARTESIAN_POINT('',(0.0115,0.00055,0.003));
#3546=CARTESIAN_POINT('',(0.0115,-0.0095,0.0085));
#3547=CARTESIAN_POINT('',(0.0115,-0.00055,0.003));
#3548=CARTESIAN_POINT('',(0.,0.,0.));
#3549=CARTESIAN_POINT('',(0.,0.01125,0.));
#3550=CARTESIAN_POINT('',(0.00775,0.01125,0.));
#3551=CARTESIAN_POINT('',(-0.00775,0.01125,0.));
#3552=CARTESIAN_POINT('',(-0.00775,1.60048892128813E-18,0.));
#3553=CARTESIAN_POINT('',(-0.00775,-0.01125,0.));
#3554=CARTESIAN_POINT('',(0.007,-0.01125,0.));
#3555=CARTESIAN_POINT('',(0.00775,-0.01125,0.));
#3556=CARTESIAN_POINT('',(0.00775,0.0105,0.));
#3557=CARTESIAN_POINT('',(-0.0135,6.12323399573677E-20,0.));
#3558=CARTESIAN_POINT('',(-0.0125,6.12323399573677E-20,0.));
#3559=CARTESIAN_POINT('',(0.0135,6.12323399573677E-20,0.));
#3560=CARTESIAN_POINT('',(0.0145,6.12323399573677E-20,0.));
#3561=CARTESIAN_POINT('',(0.,0.00205,0.));
#3562=CARTESIAN_POINT('',(-0.0115,0.00205,0.));
#3563=CARTESIAN_POINT('',(-0.0115,0.,0.));
#3564=CARTESIAN_POINT('',(-0.013,0.0055,0.));
#3565=CARTESIAN_POINT('',(-0.0115,0.0055,0.));
#3566=CARTESIAN_POINT('',(-0.0115,0.0095,0.));
#3567=CARTESIAN_POINT('',(-0.0115,0.015,0.));
#3568=CARTESIAN_POINT('',(-0.01075,0.015,0.));
#3569=CARTESIAN_POINT('',(0.0115,0.015,0.));
#3570=CARTESIAN_POINT('',(0.0115,0.012,0.));
#3571=CARTESIAN_POINT('',(0.0115,0.0055,0.));
#3572=CARTESIAN_POINT('',(0.013,0.0055,0.));
#3573=CARTESIAN_POINT('',(0.0115,0.,0.));
#3574=CARTESIAN_POINT('',(0.0115,0.00205,0.));
#3575=CARTESIAN_POINT('',(0.,0.00205,0.));
#3576=CARTESIAN_POINT('',(0.,-0.00205,0.));
#3577=CARTESIAN_POINT('',(0.0115,-0.00205,0.));
#3578=CARTESIAN_POINT('',(0.0115,0.,0.));
#3579=CARTESIAN_POINT('',(0.013,-0.0055,0.));
#3580=CARTESIAN_POINT('',(-0.005,-0.015,0.));
#3581=CARTESIAN_POINT('',(-0.013,-0.0055,0.));
#3582=CARTESIAN_POINT('',(-0.0115,0.,0.));
#3583=CARTESIAN_POINT('',(-0.0115,-0.00205,0.));
#3584=CARTESIAN_POINT('',(0.,-0.00205,0.));
#3585=CARTESIAN_POINT('',(0.,0.,0.0015));
#3586=CARTESIAN_POINT('',(-0.00775,0.0105,0.0015));
#3587=CARTESIAN_POINT('',(-0.00775,-0.01125,0.0015));
#3588=CARTESIAN_POINT('',(-0.00775,0.01125,0.0015));
#3589=CARTESIAN_POINT('',(0.007,0.01125,0.0015));
#3590=CARTESIAN_POINT('',(0.00775,0.01125,0.0015));
#3591=CARTESIAN_POINT('',(0.00775,-1.60048892128813E-18,0.0015));
#3592=CARTESIAN_POINT('',(0.00775,-0.01125,0.0015));
#3593=CARTESIAN_POINT('',(-1.39397422176708E-18,-0.01125,0.0015));
#3594=CARTESIAN_POINT('',(-0.01,2.42054438508392E-18,0.0015));
#3595=CARTESIAN_POINT('',(-0.01,0.0125,0.0015));
#3596=CARTESIAN_POINT('',(-0.01,-0.00825,0.0015));
#3597=CARTESIAN_POINT('',(-0.01075,-0.00825,0.0015));
#3598=CARTESIAN_POINT('',(-0.01075,-0.009,0.0015));
#3599=CARTESIAN_POINT('',(-0.01075,0.,0.0015));
#3600=CARTESIAN_POINT('',(-0.01075,-0.01425,0.0015));
#3601=CARTESIAN_POINT('',(-3.46944695195361E-18,-0.01425,0.0015));
#3602=CARTESIAN_POINT('',(-3.46944695195361E-18,-0.01425,0.0015));
#3603=CARTESIAN_POINT('',(0.00075,-0.01425,0.0015));
#3604=CARTESIAN_POINT('',(0.00075,-0.0135,0.0015));
#3605=CARTESIAN_POINT('',(-2.60208521396521E-18,-0.0135,0.0015));
#3606=CARTESIAN_POINT('',(0.009,-0.0135,0.0015));
#3607=CARTESIAN_POINT('',(0.009,-0.0125,0.0015));
#3608=CARTESIAN_POINT('',(0.01,-0.0125,0.0015));
#3609=CARTESIAN_POINT('',(0.01,-1.61369625672261E-18,0.0015));
#3610=CARTESIAN_POINT('',(0.01,0.00825,0.0015));
#3611=CARTESIAN_POINT('',(0.01075,0.00825,0.0015));
#3612=CARTESIAN_POINT('',(0.01075,0.009,0.0015));
#3613=CARTESIAN_POINT('',(0.01075,0.015,0.0015));
#3614=CARTESIAN_POINT('',(0.01075,0.01425,0.0015));
#3615=CARTESIAN_POINT('',(0.,0.01425,0.0015));
#3616=CARTESIAN_POINT('',(-3.06161699786838E-19,0.01425,0.0015));
#3617=CARTESIAN_POINT('',(-0.00075,0.01425,0.0015));
#3618=CARTESIAN_POINT('',(-0.00075,0.0135,0.0015));
#3619=CARTESIAN_POINT('',(2.60208521396521E-18,0.0135,0.0015));
#3620=CARTESIAN_POINT('',(-0.009,0.0135,0.0015));
#3621=CARTESIAN_POINT('',(-0.009,0.0125,0.0015));
#3622=CARTESIAN_POINT('',(-0.0115,-0.0065,0.0015));
#3623=CARTESIAN_POINT('',(-0.0115,0.0055,0.0085));
#3624=CARTESIAN_POINT('',(-0.0115,0.015,0.0015));
#3625=CARTESIAN_POINT('',(-0.005,-0.015,0.0015));
#3626=CARTESIAN_POINT('',(0.00075,-0.015,0.0015));
#3627=CARTESIAN_POINT('',(0.00075,-0.015,0.00075));
#3628=CARTESIAN_POINT('',(-0.0115,-0.015,0.00075));
#3629=CARTESIAN_POINT('',(0.0115,-0.0095,0.0015));
#3630=CARTESIAN_POINT('',(0.0115,0.0055,0.));
#3631=CARTESIAN_POINT('',(0.0115,0.015,0.0015));
#3632=CARTESIAN_POINT('',(0.0115,0.015,0.00075));
#3633=CARTESIAN_POINT('',(0.0115,0.009,0.00075));
#3634=CARTESIAN_POINT('',(0.0115,0.00825,0.00075));
#3635=CARTESIAN_POINT('',(0.0115,0.00825,0.0085));
#3636=CARTESIAN_POINT('',(-0.01075,0.015,0.0015));
#3637=CARTESIAN_POINT('',(-0.00075,0.015,0.0015));
#3638=CARTESIAN_POINT('',(-0.00075,0.015,0.00075));
#3639=CARTESIAN_POINT('',(-0.01075,0.015,0.00075));
#3640=CARTESIAN_POINT('',(-0.0135,6.12323399573677E-20,0.0015));
#3641=CARTESIAN_POINT('',(-0.0143351646544245,-0.00055,0.0015));
#3642=CARTESIAN_POINT('',(-0.0141515297948704,-0.000828846080036001,0.0015));
#3643=CARTESIAN_POINT('',(-0.0135006784927179,-0.00117115181035634,0.00163818235941532));
#3644=CARTESIAN_POINT('',(-0.0128484728315351,-0.000828850068183275,0.0015));
#3645=CARTESIAN_POINT('',(-0.0126648353455755,-0.00055,0.0015));
#3646=CARTESIAN_POINT('',(-0.0126648353455755,0.00055,0.0015));
#3647=CARTESIAN_POINT('',(-0.0128484702051296,0.000828846080036002,0.0015));
#3648=CARTESIAN_POINT('',(-0.0134993215072821,0.00117115181035634,0.00163818235941532));
#3649=CARTESIAN_POINT('',(-0.0141515271684649,0.000828850068183275,0.0015));
#3650=CARTESIAN_POINT('',(-0.0143351646544245,0.00055,0.0015));
#3651=CARTESIAN_POINT('',(0.0135,6.12323399573677E-20,0.0015));
#3652=CARTESIAN_POINT('',(0.0143351646544245,0.00055,0.0015));
#3653=CARTESIAN_POINT('',(0.0141515297948704,0.000828846080036001,0.0015));
#3654=CARTESIAN_POINT('',(0.0135006784927179,0.00117115181035634,0.00163818235941532));
#3655=CARTESIAN_POINT('',(0.0128484728315351,0.000828850068183275,0.0015));
#3656=CARTESIAN_POINT('',(0.0126648353455755,0.00055,0.0015));
#3657=CARTESIAN_POINT('',(0.0126648353455755,-0.00055,0.0015));
#3658=CARTESIAN_POINT('',(0.0128484702051296,-0.000828846080036002,0.0015));
#3659=CARTESIAN_POINT('',(0.0134993215072821,-0.00117115181035634,0.00163818235941532));
#3660=CARTESIAN_POINT('',(0.0141515271684649,-0.000828850068183275,0.0015));
#3661=CARTESIAN_POINT('',(0.0143351646544245,-0.00055,0.0015));
#3662=CARTESIAN_POINT('',(0.01,-0.00175,0.0085));
#3663=CARTESIAN_POINT('',(0.01,-0.00175,0.0085));
#3664=CARTESIAN_POINT('',(0.01,-0.00175,0.0085));
#3665=CARTESIAN_POINT('',(0.01,-0.00175,0.0085));
#3666=CARTESIAN_POINT('',(0.01,0.00825,0.0085));
#3667=CARTESIAN_POINT('',(0.01,-0.0125,0.0085));
#3668=CARTESIAN_POINT('',(0.009,-0.0125,0.0085));
#3669=CARTESIAN_POINT('',(0.009,-0.0135,0.0085));
#3670=CARTESIAN_POINT('',(0.0045,-0.0135,0.0085));
#3671=CARTESIAN_POINT('',(0.00075,-0.0135,0.0085));
#3672=CARTESIAN_POINT('',(0.,0.,0.0085));
#3673=CARTESIAN_POINT('',(-0.01,0.00175,0.0085));
#3674=CARTESIAN_POINT('',(-0.01,-0.00825,0.0015));
#3675=CARTESIAN_POINT('',(-0.01,0.0125,0.0085));
#3676=CARTESIAN_POINT('',(-0.01,0.00175,0.0085));
#3677=CARTESIAN_POINT('',(-0.01,0.00175,0.0085));
#3678=CARTESIAN_POINT('',(-0.01,0.00175,0.0085));
#3679=CARTESIAN_POINT('',(-0.009,0.0125,0.0085));
#3680=CARTESIAN_POINT('',(-0.009,0.0135,0.0085));
#3681=CARTESIAN_POINT('',(-0.0045,0.0135,0.0085));
#3682=CARTESIAN_POINT('',(-0.00075,0.0135,0.0085));
#3683=CARTESIAN_POINT('',(0.,0.,0.0085));
#3684=CARTESIAN_POINT('',(0.,0.,-0.002));
#3685=CARTESIAN_POINT('',(-0.0135,-0.00205,-0.002));
#3686=CARTESIAN_POINT('',(-0.0115,-0.00205,-0.002));
#3687=CARTESIAN_POINT('',(-0.0115,-0.003025,-0.002));
#3688=CARTESIAN_POINT('',(-0.0135,-0.00205,0.0394));
#3689=CARTESIAN_POINT('',(-0.0115,-0.00205,0.0394));
#3690=CARTESIAN_POINT('',(-0.0115,-0.003025,0.0394));
#3691=CARTESIAN_POINT('',(0.,0.,-0.002));
#3692=CARTESIAN_POINT('',(0.0135,0.00205,-0.002));
#3693=CARTESIAN_POINT('',(0.0115,0.00205,-0.002));
#3694=CARTESIAN_POINT('',(0.0115,0.003025,-0.002));
#3695=CARTESIAN_POINT('',(0.0135,0.00205,0.0394));
#3696=CARTESIAN_POINT('',(0.0115,0.00205,0.0394));
#3697=CARTESIAN_POINT('',(0.0115,0.003025,0.0394));
#3698=CARTESIAN_POINT('',(0.,0.,-0.002));
#3699=CARTESIAN_POINT('',(0.0115,-0.003025,-0.002));
#3700=CARTESIAN_POINT('',(0.0115,-0.00205,-0.002));
#3701=CARTESIAN_POINT('',(0.0135,-0.00205,-0.002));
#3702=CARTESIAN_POINT('',(0.0115,-0.003025,0.0394));
#3703=CARTESIAN_POINT('',(0.0115,-0.00205,0.0394));
#3704=CARTESIAN_POINT('',(0.0135,-0.00205,0.0394));
#3705=CARTESIAN_POINT('',(0.,0.,-0.002));
#3706=CARTESIAN_POINT('',(-0.0135,0.00205,-0.002));
#3707=CARTESIAN_POINT('',(-0.0115,0.00205,-0.002));
#3708=CARTESIAN_POINT('',(-0.0115,0.003025,-0.002));
#3709=CARTESIAN_POINT('',(-0.0115,0.003025,0.0394));
#3710=CARTESIAN_POINT('',(-0.0115,0.00205,0.0394));
#3711=CARTESIAN_POINT('',(-0.0135,0.00205,0.0394));
#3712=CARTESIAN_POINT('',(-3.46944695195361E-18,3.46944695195361E-18,0.0379));
#3713=CARTESIAN_POINT('',(-3.46944695195361E-18,0.00055,0.0379));
#3714=CARTESIAN_POINT('',(-0.017,0.00055,0.0379));
#3715=CARTESIAN_POINT('',(-0.01,0.00055,0.0379));
#3716=CARTESIAN_POINT('',(-0.01,0.004,0.0379));
#3717=CARTESIAN_POINT('',(-0.01,0.0055,0.0379));
#3718=CARTESIAN_POINT('',(-3.46944695195361E-18,0.0055,0.0379));
#3719=CARTESIAN_POINT('',(-0.017,0.0055,0.0379));
#3720=CARTESIAN_POINT('',(-0.017,3.46944695195361E-18,0.0379));
#3721=CARTESIAN_POINT('',(-0.01,-0.00205,0.0379));
#3722=CARTESIAN_POINT('',(-0.01,-0.0055,0.0379));
#3723=CARTESIAN_POINT('',(-0.01,-0.00055,0.0379));
#3724=CARTESIAN_POINT('',(-0.0155,-0.00055,0.0379));
#3725=CARTESIAN_POINT('',(-0.017,-0.00055,0.0379));
#3726=CARTESIAN_POINT('',(-0.017,3.46944695195361E-18,0.0379));
#3727=CARTESIAN_POINT('',(-0.017,-0.0055,0.0379));
#3728=CARTESIAN_POINT('',(-0.0115,-0.0055,0.0379));
#3729=CARTESIAN_POINT('',(-3.46944695195361E-18,-0.00055,0.0379));
#3730=CARTESIAN_POINT('',(0.017,-0.00055,0.0379));
#3731=CARTESIAN_POINT('',(0.01,-0.00055,0.0379));
#3732=CARTESIAN_POINT('',(0.01,3.46944695195361E-18,0.0379));
#3733=CARTESIAN_POINT('',(0.01,-0.0055,0.0379));
#3734=CARTESIAN_POINT('',(-3.46944695195361E-18,-0.0055,0.0379));
#3735=CARTESIAN_POINT('',(0.017,-0.0055,0.0379));
#3736=CARTESIAN_POINT('',(0.017,-0.00205,0.0379));
#3737=CARTESIAN_POINT('',(0.0115,0.0055,0.0379));
#3738=CARTESIAN_POINT('',(0.017,0.0055,0.0379));
#3739=CARTESIAN_POINT('',(0.01,0.0055,0.0379));
#3740=CARTESIAN_POINT('',(0.01,3.46944695195361E-18,0.0379));
#3741=CARTESIAN_POINT('',(0.01,0.00055,0.0379));
#3742=CARTESIAN_POINT('',(0.0155,0.00055,0.0379));
#3743=CARTESIAN_POINT('',(0.017,0.00055,0.0379));
#3744=CARTESIAN_POINT('',(0.017,0.004,0.0379));
#3745=CARTESIAN_POINT('',(-0.0215,0.01,0.0379));
#3746=CARTESIAN_POINT('',(-0.0215,0.006,0.0379));
#3747=CARTESIAN_POINT('',(-0.0215,0.014,0.0379));
#3748=CARTESIAN_POINT('',(-0.014,0.006,0.0379));
#3749=CARTESIAN_POINT('',(-0.0065,0.006,0.0379));
#3750=CARTESIAN_POINT('',(-0.0065,0.01,0.0379));
#3751=CARTESIAN_POINT('',(-0.0065,0.014,0.0379));
#3752=CARTESIAN_POINT('',(-0.014,0.014,0.0379));
#3753=CARTESIAN_POINT('',(-0.0065,-0.01,0.0379));
#3754=CARTESIAN_POINT('',(-0.0065,-0.014,0.0379));
#3755=CARTESIAN_POINT('',(-0.0065,-0.006,0.0379));
#3756=CARTESIAN_POINT('',(-0.014,-0.006,0.0379));
#3757=CARTESIAN_POINT('',(-0.0215,-0.006,0.0379));
#3758=CARTESIAN_POINT('',(-0.0215,-0.01,0.0379));
#3759=CARTESIAN_POINT('',(-0.0215,-0.014,0.0379));
#3760=CARTESIAN_POINT('',(-0.014,-0.014,0.0379));
#3761=CARTESIAN_POINT('',(0.014,-0.006,0.0379));
#3762=CARTESIAN_POINT('',(0.0215,-0.006,0.0379));
#3763=CARTESIAN_POINT('',(0.0065,-0.006,0.0379));
#3764=CARTESIAN_POINT('',(0.0065,-0.01,0.0379));
#3765=CARTESIAN_POINT('',(0.0065,-0.014,0.0379));
#3766=CARTESIAN_POINT('',(0.014,-0.014,0.0379));
#3767=CARTESIAN_POINT('',(0.0215,-0.014,0.0379));
#3768=CARTESIAN_POINT('',(0.0215,-0.01,0.0379));
#3769=CARTESIAN_POINT('',(0.0065,0.01,0.0379));
#3770=CARTESIAN_POINT('',(0.0065,0.014,0.0379));
#3771=CARTESIAN_POINT('',(0.0065,0.006,0.0379));
#3772=CARTESIAN_POINT('',(0.014,0.006,0.0379));
#3773=CARTESIAN_POINT('',(0.0215,0.006,0.0379));
#3774=CARTESIAN_POINT('',(0.0215,0.01,0.0379));
#3775=CARTESIAN_POINT('',(0.0215,0.014,0.0379));
#3776=CARTESIAN_POINT('',(0.014,0.014,0.0379));
#3777=CARTESIAN_POINT('',(0.,0.0175,0.0379));
#3778=CARTESIAN_POINT('',(-0.0245,0.0175,0.0379));
#3779=CARTESIAN_POINT('',(0.0245,0.0175,0.0379));
#3780=CARTESIAN_POINT('',(0.0245,0.0125,0.0379));
#3781=CARTESIAN_POINT('',(0.0295,0.0125,0.0379));
#3782=CARTESIAN_POINT('',(0.0295,1.7347234759768E-18,0.0379));
#3783=CARTESIAN_POINT('',(0.0295,-0.0125,0.0379));
#3784=CARTESIAN_POINT('',(0.0245,-0.0125,0.0379));
#3785=CARTESIAN_POINT('',(0.0245,-0.0175,0.0379));
#3786=CARTESIAN_POINT('',(0.,-0.0175,0.0379));
#3787=CARTESIAN_POINT('',(-0.0245,-0.0175,0.0379));
#3788=CARTESIAN_POINT('',(-0.0245,-0.0125,0.0379));
#3789=CARTESIAN_POINT('',(-0.0295,-0.0125,0.0379));
#3790=CARTESIAN_POINT('',(-0.0295,0.,0.0379));
#3791=CARTESIAN_POINT('',(-0.0295,0.0125,0.0379));
#3792=CARTESIAN_POINT('',(-0.0245,0.0125,0.0379));
#3793=CARTESIAN_POINT('',(0.,0.0175,0.0379));
#3794=CARTESIAN_POINT('',(0.,0.0175,0.0394));
#3795=CARTESIAN_POINT('',(-0.0245,0.0175,0.0394));
#3796=CARTESIAN_POINT('',(0.0245,0.0175,0.0394));
#3797=CARTESIAN_POINT('',(0.0245,0.0175,0.0379));
#3798=CARTESIAN_POINT('',(-0.0245,0.0175,0.0379));
#3799=CARTESIAN_POINT('',(-0.0245,0.0125,0.0379));
#3800=CARTESIAN_POINT('',(-0.0245,0.0125,0.0394));
#3801=CARTESIAN_POINT('',(-0.0295,0.0125,0.0394));
#3802=CARTESIAN_POINT('',(-0.0295,0.0125,0.0379));
#3803=CARTESIAN_POINT('',(-0.0295,0.,0.0379));
#3804=CARTESIAN_POINT('',(-0.0295,0.,0.0394));
#3805=CARTESIAN_POINT('',(-0.0295,-0.0125,0.0394));
#3806=CARTESIAN_POINT('',(-0.0295,-0.0125,0.0379));
#3807=CARTESIAN_POINT('',(-0.0245,-0.0125,0.0379));
#3808=CARTESIAN_POINT('',(-0.0245,-0.0125,0.0394));
#3809=CARTESIAN_POINT('',(-0.0245,-0.0175,0.0394));
#3810=CARTESIAN_POINT('',(-0.0245,-0.0175,0.0379));
#3811=CARTESIAN_POINT('',(0.,-0.0175,0.0379));
#3812=CARTESIAN_POINT('',(0.,-0.0175,0.0394));
#3813=CARTESIAN_POINT('',(0.0245,-0.0175,0.0394));
#3814=CARTESIAN_POINT('',(0.0245,-0.0175,0.0379));
#3815=CARTESIAN_POINT('',(0.0245,-0.0125,0.0379));
#3816=CARTESIAN_POINT('',(0.0245,-0.0125,0.0394));
#3817=CARTESIAN_POINT('',(0.0295,-0.0125,0.0394));
#3818=CARTESIAN_POINT('',(0.0295,-0.0125,0.0379));
#3819=CARTESIAN_POINT('',(0.0295,1.7347234759768E-18,0.0379));
#3820=CARTESIAN_POINT('',(0.0295,1.7347234759768E-18,0.0394));
#3821=CARTESIAN_POINT('',(0.0295,0.0125,0.0394));
#3822=CARTESIAN_POINT('',(0.0295,0.0125,0.0379));
#3823=CARTESIAN_POINT('',(0.0065,0.01,0.0379));
#3824=CARTESIAN_POINT('',(0.0065,0.01,0.0394));
#3825=CARTESIAN_POINT('',(0.0065,0.014,0.0394));
#3826=CARTESIAN_POINT('',(0.0065,0.006,0.0394));
#3827=CARTESIAN_POINT('',(0.0065,0.006,0.0379));
#3828=CARTESIAN_POINT('',(0.0065,0.014,0.0379));
#3829=CARTESIAN_POINT('',(0.014,0.014,0.0379));
#3830=CARTESIAN_POINT('',(0.014,0.014,0.0394));
#3831=CARTESIAN_POINT('',(0.0215,0.014,0.0394));
#3832=CARTESIAN_POINT('',(0.0215,0.014,0.0379));
#3833=CARTESIAN_POINT('',(0.0215,0.01,0.0379));
#3834=CARTESIAN_POINT('',(0.0215,0.01,0.0394));
#3835=CARTESIAN_POINT('',(0.0215,0.006,0.0394));
#3836=CARTESIAN_POINT('',(0.0215,0.006,0.0379));
#3837=CARTESIAN_POINT('',(0.014,-0.006,0.0379));
#3838=CARTESIAN_POINT('',(0.014,-0.006,0.0394));
#3839=CARTESIAN_POINT('',(0.0215,-0.006,0.0394));
#3840=CARTESIAN_POINT('',(0.0065,-0.006,0.0394));
#3841=CARTESIAN_POINT('',(0.0065,-0.006,0.0379));
#3842=CARTESIAN_POINT('',(0.0215,-0.006,0.0379));
#3843=CARTESIAN_POINT('',(0.0215,-0.01,0.0379));
#3844=CARTESIAN_POINT('',(0.0215,-0.01,0.0394));
#3845=CARTESIAN_POINT('',(0.0215,-0.014,0.0394));
#3846=CARTESIAN_POINT('',(0.0215,-0.014,0.0379));
#3847=CARTESIAN_POINT('',(0.014,-0.014,0.0379));
#3848=CARTESIAN_POINT('',(0.014,-0.014,0.0394));
#3849=CARTESIAN_POINT('',(0.0065,-0.014,0.0394));
#3850=CARTESIAN_POINT('',(0.0065,-0.014,0.0379));
#3851=CARTESIAN_POINT('',(-0.0065,-0.01,0.0379));
#3852=CARTESIAN_POINT('',(-0.0065,-0.01,0.0394));
#3853=CARTESIAN_POINT('',(-0.0065,-0.014,0.0394));
#3854=CARTESIAN_POINT('',(-0.0065,-0.006,0.0394));
#3855=CARTESIAN_POINT('',(-0.0065,-0.006,0.0379));
#3856=CARTESIAN_POINT('',(-0.0065,-0.014,0.0379));
#3857=CARTESIAN_POINT('',(-0.014,-0.014,0.0379));
#3858=CARTESIAN_POINT('',(-0.014,-0.014,0.0394));
#3859=CARTESIAN_POINT('',(-0.0215,-0.014,0.0394));
#3860=CARTESIAN_POINT('',(-0.0215,-0.014,0.0379));
#3861=CARTESIAN_POINT('',(-0.0215,-0.01,0.0379));
#3862=CARTESIAN_POINT('',(-0.0215,-0.01,0.0394));
#3863=CARTESIAN_POINT('',(-0.0215,-0.006,0.0394));
#3864=CARTESIAN_POINT('',(-0.0215,-0.006,0.0379));
#3865=CARTESIAN_POINT('',(-0.0215,0.01,0.0379));
#3866=CARTESIAN_POINT('',(-0.0215,0.01,0.0394));
#3867=CARTESIAN_POINT('',(-0.0215,0.006,0.0394));
#3868=CARTESIAN_POINT('',(-0.0215,0.014,0.0394));
#3869=CARTESIAN_POINT('',(-0.0215,0.006,0.0379));
#3870=CARTESIAN_POINT('',(-0.0215,0.014,0.0379));
#3871=CARTESIAN_POINT('',(-0.014,0.014,0.0379));
#3872=CARTESIAN_POINT('',(-0.014,0.014,0.0394));
#3873=CARTESIAN_POINT('',(-0.0065,0.014,0.0394));
#3874=CARTESIAN_POINT('',(-0.0065,0.014,0.0379));
#3875=CARTESIAN_POINT('',(-0.0065,0.01,0.0379));
#3876=CARTESIAN_POINT('',(-0.0065,0.01,0.0394));
#3877=CARTESIAN_POINT('',(-0.0065,0.006,0.0394));
#3878=CARTESIAN_POINT('',(-0.0065,0.006,0.0379));
#3879=CARTESIAN_POINT('',(0.014,0.006,0.0379));
#3880=CARTESIAN_POINT('',(0.014,0.006,0.0394));
#3881=CARTESIAN_POINT('',(0.0065,-0.01,0.0379));
#3882=CARTESIAN_POINT('',(0.0065,-0.01,0.0394));
#3883=CARTESIAN_POINT('',(-0.014,-0.006,0.0379));
#3884=CARTESIAN_POINT('',(-0.014,-0.006,0.0394));
#3885=CARTESIAN_POINT('',(-0.014,0.006,0.0379));
#3886=CARTESIAN_POINT('',(-0.014,0.006,0.0394));
#3887=CARTESIAN_POINT('',(0.0245,0.0125,0.0379));
#3888=CARTESIAN_POINT('',(0.0245,0.0125,0.0394));
#3889=CARTESIAN_POINT('',(0.,0.,0.0394));
#3890=CARTESIAN_POINT('',(-0.01075,-0.00825,0.0085));
#3891=CARTESIAN_POINT('',(-0.01075,-0.00825,0.00075));
#3892=CARTESIAN_POINT('',(-0.01075,-0.0065,0.00075));
#3893=CARTESIAN_POINT('',(-0.01075,-0.01425,0.00075));
#3894=CARTESIAN_POINT('',(0.,-0.01425,0.00075));
#3895=CARTESIAN_POINT('',(0.00075,-0.01425,0.00075));
#3896=CARTESIAN_POINT('',(0.00075,-0.01425,0.0015));
#3897=CARTESIAN_POINT('',(0.01075,0.00825,0.0085));
#3898=CARTESIAN_POINT('',(0.01075,0.00825,0.00075));
#3899=CARTESIAN_POINT('',(0.01075,0.,0.00075));
#3900=CARTESIAN_POINT('',(0.01075,0.01425,0.00075));
#3901=CARTESIAN_POINT('',(-0.00075,0.01425,0.0085));
#3902=CARTESIAN_POINT('',(-0.00075,0.01425,0.00075));
#3903=CARTESIAN_POINT('',(-0.01075,0.01425,0.00075));
#3904=CARTESIAN_POINT('',(0.013,0.0055,0.0015));
#3905=CARTESIAN_POINT('',(0.013,0.0055,0.01));
#3906=CARTESIAN_POINT('',(0.013,-0.0055,0.0015));
#3907=CARTESIAN_POINT('',(0.013,-0.0055,0.01));
#3908=CARTESIAN_POINT('',(-0.013,-0.0055,0.0015));
#3909=CARTESIAN_POINT('',(-0.013,-0.0055,0.01));
#3910=CARTESIAN_POINT('',(-0.013,0.0055,0.0015));
#3911=CARTESIAN_POINT('',(-0.013,0.0055,0.01));
#3912=CARTESIAN_POINT('',(-3.46944695195361E-18,-0.0055,0.0364));
#3913=CARTESIAN_POINT('',(-0.017,-0.0055,0.0364));
#3914=CARTESIAN_POINT('',(-0.01,-0.0055,0.0364));
#3915=CARTESIAN_POINT('',(-0.01,3.46944695195361E-18,0.0364));
#3916=CARTESIAN_POINT('',(-0.01,-0.00055,0.0364));
#3917=CARTESIAN_POINT('',(-0.017,-0.003025,0.0364));
#3918=CARTESIAN_POINT('',(-0.017,-0.00055,0.0364));
#3919=CARTESIAN_POINT('',(-3.46944695195361E-18,-0.00055,0.0364));
#3920=CARTESIAN_POINT('',(-0.017,-0.003025,0.0364));
#3921=CARTESIAN_POINT('',(-0.017,0.0055,0.0364));
#3922=CARTESIAN_POINT('',(-0.017,0.00055,0.0364));
#3923=CARTESIAN_POINT('',(-0.0135,0.00055,0.0364));
#3924=CARTESIAN_POINT('',(-0.01,0.00055,0.0364));
#3925=CARTESIAN_POINT('',(-0.0135,0.0055,0.0364));
#3926=CARTESIAN_POINT('',(-0.01,0.0055,0.0364));
#3927=CARTESIAN_POINT('',(-0.01,3.46944695195361E-18,0.0364));
#3928=CARTESIAN_POINT('',(0.017,3.46944695195361E-18,0.0364));
#3929=CARTESIAN_POINT('',(0.017,-0.00055,0.0364));
#3930=CARTESIAN_POINT('',(0.017,-0.0055,0.0364));
#3931=CARTESIAN_POINT('',(0.0135,-0.0055,0.0364));
#3932=CARTESIAN_POINT('',(0.01,-0.0055,0.0364));
#3933=CARTESIAN_POINT('',(0.0135,-0.00055,0.0364));
#3934=CARTESIAN_POINT('',(0.01,-0.00055,0.0364));
#3935=CARTESIAN_POINT('',(0.01,-0.003025,0.0364));
#3936=CARTESIAN_POINT('',(0.017,3.46944695195361E-18,0.0364));
#3937=CARTESIAN_POINT('',(0.017,0.0055,0.0364));
#3938=CARTESIAN_POINT('',(0.017,0.00055,0.0364));
#3939=CARTESIAN_POINT('',(-3.46944695195361E-18,0.00055,0.0364));
#3940=CARTESIAN_POINT('',(0.01,0.00055,0.0364));
#3941=CARTESIAN_POINT('',(-3.46944695195361E-18,0.0055,0.0364));
#3942=CARTESIAN_POINT('',(0.01,0.0055,0.0364));
#3943=CARTESIAN_POINT('',(0.01,0.003025,0.0364));
#3944=CARTESIAN_POINT('',(-0.0135,0.00055,0.003));
#3945=CARTESIAN_POINT('',(0.,-0.00055,0.003));
#3946=CARTESIAN_POINT('',(0.,0.00055,0.003));
#3947=CARTESIAN_POINT('',(0.0135,-0.00055,0.003));
#3948=CARTESIAN_POINT('',(0.01,0.,0.01));
#3949=CARTESIAN_POINT('',(0.01,0.0055,0.01));
#3950=CARTESIAN_POINT('',(0.0135,0.0055,0.01));
#3951=CARTESIAN_POINT('',(0.01,0.,0.01));
#3952=CARTESIAN_POINT('',(0.01,-0.0055,0.01));
#3953=CARTESIAN_POINT('',(0.0135,-0.0055,0.01));
#3954=CARTESIAN_POINT('',(-0.01,-0.003025,0.01));
#3955=CARTESIAN_POINT('',(-0.01,-0.0055,0.01));
#3956=CARTESIAN_POINT('',(-0.0135,-0.0055,0.01));
#3957=CARTESIAN_POINT('',(-0.01,0.003025,0.01));
#3958=CARTESIAN_POINT('',(-0.01,0.0055,0.01));
#3959=CARTESIAN_POINT('',(-0.0135,0.0055,0.01));
#3960=CARTESIAN_POINT('',(0.00775,-1.88960950061759E-18,0.00075));
#3961=CARTESIAN_POINT('',(0.00775,-0.01125,0.00075));
#3962=CARTESIAN_POINT('',(0.00775,0.01125,0.00075));
#3963=CARTESIAN_POINT('',(-3.56237856673808E-18,-0.01125,0.00075));
#3964=CARTESIAN_POINT('',(-0.00775,-0.01125,0.00075));
#3965=CARTESIAN_POINT('',(0.,0.01125,0.00075));
#3966=CARTESIAN_POINT('',(-0.00775,0.01125,0.00075));
#3967=CARTESIAN_POINT('',(-0.00775,1.60048892128813E-18,0.00075));
#3968=MECHANICAL_DESIGN_GEOMETRIC_PRESENTATION_REPRESENTATION('',(#2365),
#3969);
#3969=(
GEOMETRIC_REPRESENTATION_CONTEXT(3)
GLOBAL_UNCERTAINTY_ASSIGNED_CONTEXT((#3970))
GLOBAL_UNIT_ASSIGNED_CONTEXT((#3973,#3972,#3971))
REPRESENTATION_CONTEXT('Battery Holder','TOP_LEVEL_ASSEMBLY_PART')
);
#3970=UNCERTAINTY_MEASURE_WITH_UNIT(LENGTH_MEASURE(2.E-5),#3973,
'DISTANCE_ACCURACY_VALUE','Maximum Tolerance applied to model');
#3971=(
NAMED_UNIT(*)
SI_UNIT($,.STERADIAN.)
SOLID_ANGLE_UNIT()
);
#3972=(
NAMED_UNIT(*)
PLANE_ANGLE_UNIT()
SI_UNIT($,.RADIAN.)
);
#3973=(
LENGTH_UNIT()
NAMED_UNIT(*)
SI_UNIT($,.METRE.)
);
#3974=PRODUCT_DEFINITION_SHAPE('','',#3975);
#3975=PRODUCT_DEFINITION('','',#3977,#3976);
#3976=PRODUCT_DEFINITION_CONTEXT('',#3983,'design');
#3977=PRODUCT_DEFINITION_FORMATION_WITH_SPECIFIED_SOURCE('','',#3979,
 .NOT_KNOWN.);
#3978=PRODUCT_RELATED_PRODUCT_CATEGORY('','',(#3979));
#3979=PRODUCT('Battery Holder','Battery Holder','Battery Holder',(#3981));
#3980=PRODUCT_CATEGORY('','');
#3981=PRODUCT_CONTEXT('',#3983,'mechanical');
#3982=APPLICATION_PROTOCOL_DEFINITION('international standard',
'ap242_managed_model_based_3d_engineering',2020,#3983);
#3983=APPLICATION_CONTEXT('managed model based 3d engineering');
ENDSEC;
END-ISO-10303-21;
