ISO-10303-21;
HEADER;
/* Generated by software containing ST-Developer
 * from STEP Tools, Inc. (www.steptools.com) 
 */
/* OPTION: using custom renumber hook */

FILE_DESCRIPTION(
/* description */ ('STEP AP242 Edition 2',
'CAx-IF Rec.Pracs.---Representation and Presentation of Product Manufa
cturing Information (PMI)---4.0---2014-10-13',
'CAx-IF Rec.Pracs.---3D Tessellated Geometry---0.4---2014-09-14','2;1',
'CAx-IF Rec.Pracs.---User Defined Attributes---1.5---2016-08-15'),
/* implementation_level */ '2;1');

FILE_NAME(
/* name */ 'Board Housing',
/* time_stamp */ '2026-09-25T03:32:43Z',
/* author */ (''),
/* organization */ (''),
/* preprocessor_version */ 'ST-DEVELOPER v20',
/* originating_system */ 'ONSHAPE BY PTC INC, 1.221',
/* authorisation */ '  ');

FILE_SCHEMA (('AP242_MANAGED_MODEL_BASED_3D_ENGINEERING_MIM_LF { 1 0 10303 442 3 1 4 }'));
ENDSEC;

DATA;
#10=SHAPE_REPRESENTATION_RELATIONSHIP('','',#5168,#11);
#11=ADVANCED_BREP_SHAPE_REPRESENTATION('',(#5166),#9026);
#12=ELLIPSE('',#5396,0.00282842712474619,0.002);
#13=ELLIPSE('',#5399,0.00282842712474619,0.002);
#14=ELLIPSE('',#5402,0.00282842712474619,0.002);
#15=ELLIPSE('',#5404,0.00282842712474619,0.002);
#16=ELLIPSE('',#5407,0.00282842712474619,0.002);
#17=ELLIPSE('',#5409,0.00282842712474619,0.002);
#18=ELLIPSE('',#5413,0.00208437786740917,0.002);
#19=ELLIPSE('',#5415,0.00208437786740917,0.002);
#20=ELLIPSE('',#5426,0.00208437786740917,0.002);
#21=ELLIPSE('',#5431,0.00208437786740917,0.002);
#22=ELLIPSE('',#5578,0.00141421356237309,0.001);
#23=ELLIPSE('',#5580,0.00141421356237309,0.001);
#24=ELLIPSE('',#5583,0.00141421356237309,0.001);
#25=ELLIPSE('',#5586,0.00141421356237309,0.001);
#26=TOROIDAL_SURFACE('',#5393,0.00362,0.0005);
#27=TOROIDAL_SURFACE('',#5394,0.00362,0.0005);
#28=TOROIDAL_SURFACE('',#5475,0.00124999999999997,0.0005);
#29=TOROIDAL_SURFACE('',#5476,0.00449999999999988,0.0005);
#30=TOROIDAL_SURFACE('',#5477,0.0045,0.0005);
#31=TOROIDAL_SURFACE('',#5479,0.00124999999999995,0.0005);
#32=TOROIDAL_SURFACE('',#5480,0.003525,0.0005);
#33=TOROIDAL_SURFACE('',#5481,0.0045,0.0005);
#34=TOROIDAL_SURFACE('',#5483,0.00124999999999997,0.0005);
#35=TOROIDAL_SURFACE('',#5484,0.00449999999999988,0.0005);
#36=TOROIDAL_SURFACE('',#5485,0.0045,0.0005);
#37=TOROIDAL_SURFACE('',#5487,0.00124999999999995,0.0005);
#38=TOROIDAL_SURFACE('',#5488,0.003525,0.0005);
#39=TOROIDAL_SURFACE('',#5489,0.0045,0.0005);
#40=TOROIDAL_SURFACE('',#5590,0.004,0.001);
#41=TOROIDAL_SURFACE('',#5594,0.004,0.001);
#42=TOROIDAL_SURFACE('',#5647,0.017749999999999,0.001);
#43=TOROIDAL_SURFACE('',#5648,0.01775,0.001);
#44=TOROIDAL_SURFACE('',#5649,0.0157500000000004,0.001);
#45=TOROIDAL_SURFACE('',#5652,0.00612,0.001);
#46=TOROIDAL_SURFACE('',#5659,0.0157500000000004,0.001);
#47=TOROIDAL_SURFACE('',#5660,0.0157500000000004,0.001);
#48=TOROIDAL_SURFACE('',#5661,0.019749999999999,0.001);
#49=TOROIDAL_SURFACE('',#5662,0.019749999999999,0.001);
#50=TOROIDAL_SURFACE('',#5669,0.01975,0.001);
#51=TOROIDAL_SURFACE('',#5670,0.01975,0.001);
#52=TOROIDAL_SURFACE('',#5672,0.00612,0.001);
#53=TOROIDAL_SURFACE('',#5674,0.0157500000000002,0.001);
#54=TOROIDAL_SURFACE('',#5675,0.0157500000000002,0.001);
#55=TOROIDAL_SURFACE('',#5676,0.0157500000000002,0.001);
#56=B_SPLINE_CURVE_WITH_KNOTS('',3,(#7362,#7363,#7364,#7365,#7366),
 .UNSPECIFIED.,.F.,.F.,(4,1,4),(0.,0.000802445558269897,0.00160489111653979),
 .UNSPECIFIED.);
#57=B_SPLINE_CURVE_WITH_KNOTS('',3,(#7374,#7375,#7376,#7377,#7378),
 .UNSPECIFIED.,.F.,.F.,(4,1,4),(0.,0.000795655124926275,0.00159131024985255),
 .UNSPECIFIED.);
#58=B_SPLINE_CURVE_WITH_KNOTS('',3,(#7545,#7546,#7547,#7548,#7549),
 .UNSPECIFIED.,.F.,.F.,(4,1,4),(7.58730846505859E-17,0.00079564148320359,
0.0015912829664071),.UNSPECIFIED.);
#59=B_SPLINE_CURVE_WITH_KNOTS('',3,(#7562,#7563,#7564,#7565,#7566),
 .UNSPECIFIED.,.F.,.F.,(4,1,4),(0.,0.000802454762949265,0.00160490952589853),
 .UNSPECIFIED.);
#60=B_SPLINE_CURVE_WITH_KNOTS('',3,(#7679,#7680,#7681,#7682),
 .UNSPECIFIED.,.F.,.F.,(4,4),(0.,0.000579166158787938),.UNSPECIFIED.);
#61=B_SPLINE_CURVE_WITH_KNOTS('',3,(#7693,#7694,#7695,#7696),
 .UNSPECIFIED.,.F.,.F.,(4,4),(0.,0.000579166158787945),.UNSPECIFIED.);
#62=B_SPLINE_CURVE_WITH_KNOTS('',3,(#7720,#7721,#7722,#7723),
 .UNSPECIFIED.,.F.,.F.,(4,4),(0.,0.000579166158787949),.UNSPECIFIED.);
#63=B_SPLINE_CURVE_WITH_KNOTS('',3,(#7743,#7744,#7745,#7746),
 .UNSPECIFIED.,.F.,.F.,(4,4),(0.,0.000783287894899132),.UNSPECIFIED.);
#64=B_SPLINE_CURVE_WITH_KNOTS('',3,(#7750,#7751,#7752,#7753),
 .UNSPECIFIED.,.F.,.F.,(4,4),(0.,0.00078326012422544),.UNSPECIFIED.);
#65=B_SPLINE_CURVE_WITH_KNOTS('',3,(#7765,#7766,#7767,#7768),
 .UNSPECIFIED.,.F.,.F.,(4,4),(0.,0.000783287894899142),.UNSPECIFIED.);
#66=B_SPLINE_CURVE_WITH_KNOTS('',3,(#7772,#7773,#7774,#7775),
 .UNSPECIFIED.,.F.,.F.,(4,4),(0.,0.000783260124225448),.UNSPECIFIED.);
#67=B_SPLINE_CURVE_WITH_KNOTS('',3,(#7841,#7842,#7843,#7844,#7845,#7846,
#7847,#7848),.UNSPECIFIED.,.F.,.F.,(4,1,1,1,1,4),(0.,0.000532820749475904,
0.00106564149895181,0.00159846224842771,0.00186487262316566,0.00213128299790362),
 .UNSPECIFIED.);
#68=B_SPLINE_CURVE_WITH_KNOTS('',3,(#7862,#7863,#7864,#7865,#7866,#7867,
#7868,#7869),.UNSPECIFIED.,.F.,.F.,(4,1,1,1,1,4),(7.152448122691E-18,0.000269667317410857,
0.000539334634821706,0.0010786692696434,0.0016180039044651,0.0021573385392868),
 .UNSPECIFIED.);
#69=B_SPLINE_CURVE_WITH_KNOTS('',3,(#7989,#7990,#7991,#7992,#7993),
 .UNSPECIFIED.,.F.,.F.,(4,1,4),(6.90629124631775E-17,0.000786281316231567,
0.00157256263246306),.UNSPECIFIED.);
#70=B_SPLINE_CURVE_WITH_KNOTS('',3,(#7999,#8000,#8001,#8002,#8003),
 .UNSPECIFIED.,.F.,.F.,(4,1,4),(0.,0.000788590006648503,0.00157718001329701),
 .UNSPECIFIED.);
#71=B_SPLINE_CURVE_WITH_KNOTS('',3,(#8012,#8013,#8014,#8015,#8016),
 .UNSPECIFIED.,.F.,.F.,(4,1,4),(0.,0.000802445558269925,0.00160489111653985),
 .UNSPECIFIED.);
#72=B_SPLINE_CURVE_WITH_KNOTS('',3,(#8022,#8023,#8024,#8025,#8026),
 .UNSPECIFIED.,.F.,.F.,(4,1,4),(0.,0.000795655124926438,0.00159131024985288),
 .UNSPECIFIED.);
#73=B_SPLINE_CURVE_WITH_KNOTS('',3,(#8045,#8046,#8047,#8048,#8049),
 .UNSPECIFIED.,.F.,.F.,(4,1,4),(1.73472347597681E-17,0.000795641483203683,
0.00159128296640735),.UNSPECIFIED.);
#74=B_SPLINE_CURVE_WITH_KNOTS('',3,(#8053,#8054,#8055,#8056,#8057),
 .UNSPECIFIED.,.F.,.F.,(4,1,4),(0.,0.00080245476294928,0.00160490952589856),
 .UNSPECIFIED.);
#75=B_SPLINE_CURVE_WITH_KNOTS('',3,(#8066,#8067,#8068,#8069,#8070),
 .UNSPECIFIED.,.F.,.F.,(4,1,4),(8.67361737988404E-18,0.000788580899818364,
0.00157716179963672),.UNSPECIFIED.);
#76=B_SPLINE_CURVE_WITH_KNOTS('',3,(#8074,#8075,#8076,#8077,#8078),
 .UNSPECIFIED.,.F.,.F.,(4,1,4),(0.,0.000786286993575849,0.0015725739871517),
 .UNSPECIFIED.);
#77=B_SPLINE_CURVE_WITH_KNOTS('',3,(#8087,#8088,#8089,#8090,#8091),
 .UNSPECIFIED.,.F.,.F.,(4,1,4),(0.,0.000788580899818393,0.00157716179963679),
 .UNSPECIFIED.);
#78=B_SPLINE_CURVE_WITH_KNOTS('',3,(#8094,#8095,#8096,#8097,#8098),
 .UNSPECIFIED.,.F.,.F.,(4,1,4),(0.,0.000786286993576035,0.00157257398715207),
 .UNSPECIFIED.);
#79=B_SPLINE_CURVE_WITH_KNOTS('',3,(#8107,#8108,#8109,#8110,#8111),
 .UNSPECIFIED.,.F.,.F.,(4,1,4),(0.,0.00078628131623162,0.00157256263246324),
 .UNSPECIFIED.);
#80=B_SPLINE_CURVE_WITH_KNOTS('',3,(#8115,#8116,#8117,#8118,#8119),
 .UNSPECIFIED.,.F.,.F.,(4,1,4),(0.,0.00078859000664854,0.00157718001329708),
 .UNSPECIFIED.);
#81=B_SPLINE_CURVE_WITH_KNOTS('',3,(#8205,#8206,#8207,#8208),
 .UNSPECIFIED.,.F.,.F.,(4,4),(0.,0.000579166158787935),.UNSPECIFIED.);
#82=B_SPLINE_CURVE_WITH_KNOTS('',3,(#8325,#8326,#8327,#8328),
 .UNSPECIFIED.,.F.,.F.,(4,4),(0.,0.000362794715708726),.UNSPECIFIED.);
#83=B_SPLINE_CURVE_WITH_KNOTS('',3,(#8330,#8331,#8332,#8333),
 .UNSPECIFIED.,.F.,.F.,(4,4),(0.,0.000361265449884694),.UNSPECIFIED.);
#84=B_SPLINE_CURVE_WITH_KNOTS('',3,(#8335,#8336,#8337,#8338),
 .UNSPECIFIED.,.F.,.F.,(4,4),(0.,0.000361265449884689),.UNSPECIFIED.);
#85=B_SPLINE_CURVE_WITH_KNOTS('',3,(#8340,#8341,#8342,#8343),
 .UNSPECIFIED.,.F.,.F.,(4,4),(0.,0.00036279471570873),.UNSPECIFIED.);
#86=B_SPLINE_CURVE_WITH_KNOTS('',3,(#8345,#8346,#8347,#8348),
 .UNSPECIFIED.,.F.,.F.,(4,4),(0.000327656953476865,0.0008960185447962),
 .UNSPECIFIED.);
#87=B_SPLINE_CURVE_WITH_KNOTS('',3,(#8350,#8351,#8352,#8353),
 .UNSPECIFIED.,.F.,.F.,(4,4),(0.,0.000443447333637558),.UNSPECIFIED.);
#88=B_SPLINE_CURVE_WITH_KNOTS('',3,(#8354,#8355,#8356,#8357,#8358),
 .UNSPECIFIED.,.F.,.F.,(4,1,4),(0.,0.000448009272398081,0.000896018544796163),
 .UNSPECIFIED.);
#89=B_SPLINE_CURVE_WITH_KNOTS('',3,(#8360,#8361,#8362,#8363,#8364),
 .UNSPECIFIED.,.F.,.F.,(4,1,4),(0.,0.000485240696747185,0.00097048139349437),
 .UNSPECIFIED.);
#90=B_SPLINE_CURVE_WITH_KNOTS('',3,(#8366,#8367,#8368,#8369),
 .UNSPECIFIED.,.F.,.F.,(4,4),(0.000327656953476854,0.000896018544796209),
 .UNSPECIFIED.);
#91=B_SPLINE_CURVE_WITH_KNOTS('',3,(#8371,#8372,#8373,#8374),
 .UNSPECIFIED.,.F.,.F.,(4,4),(0.,0.000324772386086287),.UNSPECIFIED.);
#92=B_SPLINE_CURVE_WITH_KNOTS('',3,(#8375,#8376,#8377,#8378),
 .UNSPECIFIED.,.F.,.F.,(4,4),(0.,0.000323530854735414),.UNSPECIFIED.);
#93=B_SPLINE_CURVE_WITH_KNOTS('',3,(#8380,#8381,#8382,#8383,#8384),
 .UNSPECIFIED.,.F.,.F.,(4,1,4),(0.,0.000464067256902601,0.000928134513805201),
 .UNSPECIFIED.);
#94=B_SPLINE_CURVE_WITH_KNOTS('',3,(#8386,#8387,#8388,#8389),
 .UNSPECIFIED.,.F.,.F.,(4,4),(0.,0.000443447333637526),.UNSPECIFIED.);
#95=B_SPLINE_CURVE_WITH_KNOTS('',3,(#8390,#8391,#8392,#8393,#8394),
 .UNSPECIFIED.,.F.,.F.,(4,1,4),(0.,0.000448009272398058,0.000896018544796117),
 .UNSPECIFIED.);
#96=B_SPLINE_CURVE_WITH_KNOTS('',3,(#8396,#8397,#8398,#8399,#8400),
 .UNSPECIFIED.,.F.,.F.,(4,1,4),(0.,0.00046406725690268,0.000928134513805359),
 .UNSPECIFIED.);
#97=B_SPLINE_CURVE_WITH_KNOTS('',3,(#8402,#8403,#8404,#8405,#8406),
 .UNSPECIFIED.,.F.,.F.,(4,1,4),(0.,0.000485240696747152,0.000970481393494303),
 .UNSPECIFIED.);
#98=B_SPLINE_CURVE_WITH_KNOTS('',3,(#8409,#8410,#8411,#8412),
 .UNSPECIFIED.,.F.,.F.,(4,4),(2.9094671779349E-15,0.000443447333637557),
 .UNSPECIFIED.);
#99=B_SPLINE_CURVE_WITH_KNOTS('',3,(#8414,#8415,#8416,#8417),
 .UNSPECIFIED.,.F.,.F.,(4,4),(0.000327656953476866,0.0008960185447962),
 .UNSPECIFIED.);
#100=B_SPLINE_CURVE_WITH_KNOTS('',3,(#8418,#8419,#8420,#8421,#8422),
 .UNSPECIFIED.,.F.,.F.,(4,1,4),(0.,0.000448009272398082,0.000896018544796164),
 .UNSPECIFIED.);
#101=B_SPLINE_CURVE_WITH_KNOTS('',3,(#8424,#8425,#8426,#8427,#8428),
 .UNSPECIFIED.,.F.,.F.,(4,1,4),(0.,0.000485240696747171,0.000970481393494341),
 .UNSPECIFIED.);
#102=B_SPLINE_CURVE_WITH_KNOTS('',3,(#8430,#8431,#8432,#8433),
 .UNSPECIFIED.,.F.,.F.,(4,4),(0.,0.00032353085473413),.UNSPECIFIED.);
#103=B_SPLINE_CURVE_WITH_KNOTS('',3,(#8435,#8436,#8437,#8438),
 .UNSPECIFIED.,.F.,.F.,(4,4),(0.000327656953476834,0.000896018544796208),
 .UNSPECIFIED.);
#104=B_SPLINE_CURVE_WITH_KNOTS('',3,(#8439,#8440,#8441,#8442),
 .UNSPECIFIED.,.F.,.F.,(4,4),(9.46075387258924E-16,0.000324772386086326),
 .UNSPECIFIED.);
#105=B_SPLINE_CURVE_WITH_KNOTS('',3,(#8444,#8445,#8446,#8447,#8448),
 .UNSPECIFIED.,.F.,.F.,(4,1,4),(0.,0.000464067256902624,0.000928134513805248),
 .UNSPECIFIED.);
#106=B_SPLINE_CURVE_WITH_KNOTS('',3,(#8450,#8451,#8452,#8453),
 .UNSPECIFIED.,.F.,.F.,(4,4),(2.88931370397743E-15,0.000443447333637527),
 .UNSPECIFIED.);
#107=B_SPLINE_CURVE_WITH_KNOTS('',3,(#8454,#8455,#8456,#8457,#8458),
 .UNSPECIFIED.,.F.,.F.,(4,1,4),(0.,0.000448009272398059,0.000896018544796117),
 .UNSPECIFIED.);
#108=B_SPLINE_CURVE_WITH_KNOTS('',3,(#8460,#8461,#8462,#8463,#8464),
 .UNSPECIFIED.,.F.,.F.,(4,1,4),(0.,0.000464067256902646,0.000928134513805291),
 .UNSPECIFIED.);
#109=B_SPLINE_CURVE_WITH_KNOTS('',3,(#8466,#8467,#8468,#8469,#8470),
 .UNSPECIFIED.,.F.,.F.,(4,1,4),(0.,0.000485240696747165,0.000970481393494329),
 .UNSPECIFIED.);
#110=B_SPLINE_CURVE_WITH_KNOTS('',3,(#8673,#8674,#8675,#8676,#8677),
 .UNSPECIFIED.,.F.,.F.,(4,1,4),(0.,0.000782008656602671,0.00156401731320534),
 .UNSPECIFIED.);
#111=B_SPLINE_CURVE_WITH_KNOTS('',3,(#8683,#8684,#8685,#8686,#8687),
 .UNSPECIFIED.,.F.,.F.,(4,1,4),(1.15329760592938E-16,0.000782252087930314,
0.00156450417586051),.UNSPECIFIED.);
#112=B_SPLINE_CURVE_WITH_KNOTS('',3,(#8690,#8691,#8692,#8693),
 .UNSPECIFIED.,.F.,.F.,(4,4),(0.,0.000302792323568345),.UNSPECIFIED.);
#113=B_SPLINE_CURVE_WITH_KNOTS('',3,(#8698,#8699,#8700,#8701,#8702),
 .UNSPECIFIED.,.F.,.F.,(4,1,4),(3.3595015107398E-16,0.00078200710404118,
0.00156401420808202),.UNSPECIFIED.);
#114=B_SPLINE_CURVE_WITH_KNOTS('',3,(#8706,#8707,#8708,#8709),
 .UNSPECIFIED.,.F.,.F.,(4,4),(0.,0.000302792323568345),.UNSPECIFIED.);
#115=B_SPLINE_CURVE_WITH_KNOTS('',3,(#8712,#8713,#8714,#8715,#8716),
 .UNSPECIFIED.,.F.,.F.,(4,1,4),(0.,0.000782254066744896,0.00156450813348979),
 .UNSPECIFIED.);
#116=B_SPLINE_CURVE_WITH_KNOTS('',3,(#8726,#8727,#8728,#8729,#8730),
 .UNSPECIFIED.,.F.,.F.,(4,1,4),(0.,0.000782008656602574,0.00156401731320515),
 .UNSPECIFIED.);
#117=B_SPLINE_CURVE_WITH_KNOTS('',3,(#8736,#8737,#8738,#8739,#8740),
 .UNSPECIFIED.,.F.,.F.,(4,1,4),(8.44152876808033E-17,0.000782252087930273,
0.00156450417586046),.UNSPECIFIED.);
#118=B_SPLINE_CURVE_WITH_KNOTS('',3,(#8743,#8744,#8745,#8746),
 .UNSPECIFIED.,.F.,.F.,(4,4),(0.,0.000302792323568242),.UNSPECIFIED.);
#119=B_SPLINE_CURVE_WITH_KNOTS('',3,(#8751,#8752,#8753,#8754,#8755),
 .UNSPECIFIED.,.F.,.F.,(4,1,4),(0.,0.000782007104041016,0.00156401420808203),
 .UNSPECIFIED.);
#120=B_SPLINE_CURVE_WITH_KNOTS('',3,(#8759,#8760,#8761,#8762),
 .UNSPECIFIED.,.F.,.F.,(4,4),(0.,0.000302792323568242),.UNSPECIFIED.);
#121=B_SPLINE_CURVE_WITH_KNOTS('',3,(#8765,#8766,#8767,#8768,#8769),
 .UNSPECIFIED.,.F.,.F.,(4,1,4),(0.,0.000782254066744933,0.00156450813348987),
 .UNSPECIFIED.);
#122=B_SPLINE_CURVE_WITH_KNOTS('',3,(#8774,#8775,#8776,#8777,#8778),
 .UNSPECIFIED.,.F.,.F.,(4,1,4),(0.,0.000782988268714107,0.00156597653742821),
 .UNSPECIFIED.);
#123=B_SPLINE_CURVE_WITH_KNOTS('',3,(#8782,#8783,#8784,#8785,#8786),
 .UNSPECIFIED.,.F.,.F.,(4,1,4),(0.,0.000800652656838974,0.00160130531367795),
 .UNSPECIFIED.);
#124=B_SPLINE_CURVE_WITH_KNOTS('',3,(#8788,#8789,#8790,#8791,#8792),
 .UNSPECIFIED.,.F.,.F.,(4,1,4),(0.,0.000784767955137017,0.00156953591027403),
 .UNSPECIFIED.);
#125=B_SPLINE_CURVE_WITH_KNOTS('',3,(#8796,#8797,#8798,#8799,#8800),
 .UNSPECIFIED.,.F.,.F.,(4,1,4),(0.,0.000784768623489697,0.00156953724697939),
 .UNSPECIFIED.);
#126=B_SPLINE_CURVE_WITH_KNOTS('',3,(#8802,#8803,#8804,#8805,#8806),
 .UNSPECIFIED.,.F.,.F.,(4,1,4),(0.,0.000800652002599109,0.00160130400519822),
 .UNSPECIFIED.);
#127=B_SPLINE_CURVE_WITH_KNOTS('',3,(#8810,#8811,#8812,#8813,#8814),
 .UNSPECIFIED.,.F.,.F.,(4,1,4),(0.,0.000782995690750333,0.00156599138150067),
 .UNSPECIFIED.);
#128=B_SPLINE_CURVE_WITH_KNOTS('',3,(#8822,#8823,#8824,#8825,#8826),
 .UNSPECIFIED.,.F.,.F.,(4,1,4),(0.,0.000806140209862795,0.00161228041972559),
 .UNSPECIFIED.);
#129=B_SPLINE_CURVE_WITH_KNOTS('',3,(#8830,#8831,#8832,#8833,#8834),
 .UNSPECIFIED.,.F.,.F.,(4,1,4),(0.,0.000783485437910026,0.00156697087582005),
 .UNSPECIFIED.);
#130=B_SPLINE_CURVE_WITH_KNOTS('',3,(#8836,#8837,#8838,#8839,#8840),
 .UNSPECIFIED.,.F.,.F.,(4,1,4),(0.,0.000783476465256229,0.00156695293051246),
 .UNSPECIFIED.);
#131=B_SPLINE_CURVE_WITH_KNOTS('',3,(#8844,#8845,#8846,#8847,#8848),
 .UNSPECIFIED.,.F.,.F.,(4,1,4),(0.,0.000806127759218308,0.00161225551843662),
 .UNSPECIFIED.);
#132=B_SPLINE_CURVE_WITH_KNOTS('',3,(#8850,#8851,#8852,#8853,#8854),
 .UNSPECIFIED.,.F.,.F.,(4,1,4),(0.,0.00078572123511848,0.00157144247023696),
 .UNSPECIFIED.);
#133=B_SPLINE_CURVE_WITH_KNOTS('',3,(#8858,#8859,#8860,#8861,#8862),
 .UNSPECIFIED.,.F.,.F.,(4,1,4),(0.,0.000785722436661761,0.00157144487332352),
 .UNSPECIFIED.);
#134=B_SPLINE_CURVE_WITH_KNOTS('',3,(#8867,#8868,#8869,#8870,#8871),
 .UNSPECIFIED.,.F.,.F.,(4,1,4),(0.,0.00078298826871398,0.00156597653742796),
 .UNSPECIFIED.);
#135=B_SPLINE_CURVE_WITH_KNOTS('',3,(#8875,#8876,#8877,#8878,#8879),
 .UNSPECIFIED.,.F.,.F.,(4,1,4),(0.,0.000800652656838925,0.00160130531367785),
 .UNSPECIFIED.);
#136=B_SPLINE_CURVE_WITH_KNOTS('',3,(#8881,#8882,#8883,#8884,#8885),
 .UNSPECIFIED.,.F.,.F.,(4,1,4),(0.,0.000784767955137019,0.00156953591027404),
 .UNSPECIFIED.);
#137=B_SPLINE_CURVE_WITH_KNOTS('',3,(#8889,#8890,#8891,#8892,#8893),
 .UNSPECIFIED.,.F.,.F.,(4,1,4),(0.,0.000784768623489727,0.00156953724697945),
 .UNSPECIFIED.);
#138=B_SPLINE_CURVE_WITH_KNOTS('',3,(#8895,#8896,#8897,#8898,#8899),
 .UNSPECIFIED.,.F.,.F.,(4,1,4),(0.,0.000800652002599074,0.00160130400519815),
 .UNSPECIFIED.);
#139=B_SPLINE_CURVE_WITH_KNOTS('',3,(#8903,#8904,#8905,#8906,#8907),
 .UNSPECIFIED.,.F.,.F.,(4,1,4),(0.,0.000782995690750258,0.00156599138150052),
 .UNSPECIFIED.);
#140=B_SPLINE_CURVE_WITH_KNOTS('',3,(#8914,#8915,#8916,#8917,#8918),
 .UNSPECIFIED.,.F.,.F.,(4,1,4),(0.,0.000783485437910049,0.0015669708758201),
 .UNSPECIFIED.);
#141=B_SPLINE_CURVE_WITH_KNOTS('',3,(#8920,#8921,#8922,#8923,#8924),
 .UNSPECIFIED.,.F.,.F.,(4,1,4),(0.,0.000783476465256273,0.00156695293051255),
 .UNSPECIFIED.);
#142=B_SPLINE_CURVE_WITH_KNOTS('',3,(#8928,#8929,#8930,#8931,#8932),
 .UNSPECIFIED.,.F.,.F.,(4,1,4),(0.,0.000806127759218308,0.00161225551843662),
 .UNSPECIFIED.);
#143=B_SPLINE_CURVE_WITH_KNOTS('',3,(#8934,#8935,#8936,#8937,#8938),
 .UNSPECIFIED.,.F.,.F.,(4,1,4),(0.,0.000785721235118483,0.00157144247023697),
 .UNSPECIFIED.);
#144=B_SPLINE_CURVE_WITH_KNOTS('',3,(#8942,#8943,#8944,#8945,#8946),
 .UNSPECIFIED.,.F.,.F.,(4,1,4),(0.,0.000785722436661755,0.00157144487332351),
 .UNSPECIFIED.);
#145=B_SPLINE_CURVE_WITH_KNOTS('',3,(#8948,#8949,#8950,#8951,#8952),
 .UNSPECIFIED.,.F.,.F.,(4,1,4),(0.,0.000806140209862784,0.00161228041972557),
 .UNSPECIFIED.);
#146=B_SPLINE_CURVE_WITH_KNOTS('',3,(#8980,#8981,#8982,#8983,#8984),
 .UNSPECIFIED.,.F.,.F.,(4,1,4),(0.,0.000770864504584775,0.00154172900916955),
 .UNSPECIFIED.);
#147=B_SPLINE_CURVE_WITH_KNOTS('',3,(#8986,#8987,#8988,#8989,#8990),
 .UNSPECIFIED.,.F.,.F.,(4,1,4),(0.,0.000770864504584769,0.00154172900916954),
 .UNSPECIFIED.);
#148=B_SPLINE_CURVE_WITH_KNOTS('',3,(#9010,#9011,#9012,#9013,#9014),
 .UNSPECIFIED.,.F.,.F.,(4,1,4),(0.,0.000770864504584788,0.00154172900916958),
 .UNSPECIFIED.);
#149=B_SPLINE_CURVE_WITH_KNOTS('',3,(#9016,#9017,#9018,#9019,#9020),
 .UNSPECIFIED.,.F.,.F.,(4,1,4),(0.,0.000770864504584796,0.00154172900916959),
 .UNSPECIFIED.);
#150=CYLINDRICAL_SURFACE('',#5204,0.00512);
#151=CYLINDRICAL_SURFACE('',#5280,0.000749999999999971);
#152=CYLINDRICAL_SURFACE('',#5283,0.000749999999999951);
#153=CYLINDRICAL_SURFACE('',#5288,0.000749999999999951);
#154=CYLINDRICAL_SURFACE('',#5291,0.00499999999999988);
#155=CYLINDRICAL_SURFACE('',#5294,0.005);
#156=CYLINDRICAL_SURFACE('',#5297,0.003025);
#157=CYLINDRICAL_SURFACE('',#5316,0.001);
#158=CYLINDRICAL_SURFACE('',#5320,0.001);
#159=CYLINDRICAL_SURFACE('',#5328,0.0015);
#160=CYLINDRICAL_SURFACE('',#5330,0.0015);
#161=CYLINDRICAL_SURFACE('',#5341,0.002);
#162=CYLINDRICAL_SURFACE('',#5343,0.002);
#163=CYLINDRICAL_SURFACE('',#5348,0.0013);
#164=CYLINDRICAL_SURFACE('',#5351,0.0013);
#165=CYLINDRICAL_SURFACE('',#5353,0.001);
#166=CYLINDRICAL_SURFACE('',#5365,0.0013);
#167=CYLINDRICAL_SURFACE('',#5368,0.0013);
#168=CYLINDRICAL_SURFACE('',#5370,0.001);
#169=CYLINDRICAL_SURFACE('',#5373,0.0005);
#170=CYLINDRICAL_SURFACE('',#5374,0.0005);
#171=CYLINDRICAL_SURFACE('',#5387,0.00512);
#172=CYLINDRICAL_SURFACE('',#5389,0.00312);
#173=CYLINDRICAL_SURFACE('',#5391,0.00312);
#174=CYLINDRICAL_SURFACE('',#5395,0.002);
#175=CYLINDRICAL_SURFACE('',#5397,0.002);
#176=CYLINDRICAL_SURFACE('',#5398,0.002);
#177=CYLINDRICAL_SURFACE('',#5400,0.002);
#178=CYLINDRICAL_SURFACE('',#5401,0.002);
#179=CYLINDRICAL_SURFACE('',#5403,0.002);
#180=CYLINDRICAL_SURFACE('',#5405,0.002);
#181=CYLINDRICAL_SURFACE('',#5406,0.002);
#182=CYLINDRICAL_SURFACE('',#5408,0.002);
#183=CYLINDRICAL_SURFACE('',#5410,0.002);
#184=CYLINDRICAL_SURFACE('',#5427,0.000749999999999971);
#185=CYLINDRICAL_SURFACE('',#5441,0.00499999999999988);
#186=CYLINDRICAL_SURFACE('',#5444,0.005);
#187=CYLINDRICAL_SURFACE('',#5447,0.005);
#188=CYLINDRICAL_SURFACE('',#5471,0.0005);
#189=CYLINDRICAL_SURFACE('',#5472,0.0005);
#190=CYLINDRICAL_SURFACE('',#5473,0.0005);
#191=CYLINDRICAL_SURFACE('',#5474,0.0005);
#192=CYLINDRICAL_SURFACE('',#5478,0.0005);
#193=CYLINDRICAL_SURFACE('',#5482,0.0005);
#194=CYLINDRICAL_SURFACE('',#5486,0.0005);
#195=CYLINDRICAL_SURFACE('',#5490,0.0005);
#196=CYLINDRICAL_SURFACE('',#5491,0.002);
#197=CYLINDRICAL_SURFACE('',#5492,0.002);
#198=CYLINDRICAL_SURFACE('',#5493,0.002);
#199=CYLINDRICAL_SURFACE('',#5494,0.002);
#200=CYLINDRICAL_SURFACE('',#5495,0.002);
#201=CYLINDRICAL_SURFACE('',#5496,0.002);
#202=CYLINDRICAL_SURFACE('',#5499,0.002);
#203=CYLINDRICAL_SURFACE('',#5501,0.002);
#204=CYLINDRICAL_SURFACE('',#5502,0.002);
#205=CYLINDRICAL_SURFACE('',#5503,0.002);
#206=CYLINDRICAL_SURFACE('',#5507,0.002);
#207=CYLINDRICAL_SURFACE('',#5509,0.002);
#208=CYLINDRICAL_SURFACE('',#5510,0.002575);
#209=CYLINDRICAL_SURFACE('',#5512,0.005);
#210=CYLINDRICAL_SURFACE('',#5514,0.005);
#211=CYLINDRICAL_SURFACE('',#5516,0.003);
#212=CYLINDRICAL_SURFACE('',#5518,0.003);
#213=CYLINDRICAL_SURFACE('',#5520,0.003);
#214=CYLINDRICAL_SURFACE('',#5522,0.003);
#215=CYLINDRICAL_SURFACE('',#5526,0.002575);
#216=CYLINDRICAL_SURFACE('',#5528,0.005);
#217=CYLINDRICAL_SURFACE('',#5530,0.005);
#218=CYLINDRICAL_SURFACE('',#5532,0.003);
#219=CYLINDRICAL_SURFACE('',#5534,0.003);
#220=CYLINDRICAL_SURFACE('',#5536,0.003);
#221=CYLINDRICAL_SURFACE('',#5538,0.003);
#222=CYLINDRICAL_SURFACE('',#5539,0.002);
#223=CYLINDRICAL_SURFACE('',#5541,0.002);
#224=CYLINDRICAL_SURFACE('',#5545,0.003);
#225=CYLINDRICAL_SURFACE('',#5547,0.003);
#226=CYLINDRICAL_SURFACE('',#5552,0.001);
#227=CYLINDRICAL_SURFACE('',#5556,0.001);
#228=CYLINDRICAL_SURFACE('',#5562,0.001);
#229=CYLINDRICAL_SURFACE('',#5566,0.001);
#230=CYLINDRICAL_SURFACE('',#5572,0.001);
#231=CYLINDRICAL_SURFACE('',#5573,0.001);
#232=CYLINDRICAL_SURFACE('',#5574,0.001);
#233=CYLINDRICAL_SURFACE('',#5575,0.001);
#234=CYLINDRICAL_SURFACE('',#5576,0.001);
#235=CYLINDRICAL_SURFACE('',#5577,0.001);
#236=CYLINDRICAL_SURFACE('',#5579,0.001);
#237=CYLINDRICAL_SURFACE('',#5581,0.001);
#238=CYLINDRICAL_SURFACE('',#5582,0.001);
#239=CYLINDRICAL_SURFACE('',#5584,0.001);
#240=CYLINDRICAL_SURFACE('',#5585,0.001);
#241=CYLINDRICAL_SURFACE('',#5587,0.001);
#242=CYLINDRICAL_SURFACE('',#5588,0.001);
#243=CYLINDRICAL_SURFACE('',#5592,0.001);
#244=CYLINDRICAL_SURFACE('',#5596,0.001);
#245=CYLINDRICAL_SURFACE('',#5604,0.01875);
#246=CYLINDRICAL_SURFACE('',#5615,0.0167500000000003);
#247=CYLINDRICAL_SURFACE('',#5623,0.018749999999999);
#248=CYLINDRICAL_SURFACE('',#5631,0.0167500000000004);
#249=CYLINDRICAL_SURFACE('',#5650,0.001);
#250=CYLINDRICAL_SURFACE('',#5651,0.001);
#251=CYLINDRICAL_SURFACE('',#5653,0.001);
#252=CYLINDRICAL_SURFACE('',#5654,0.001);
#253=CYLINDRICAL_SURFACE('',#5655,0.001);
#254=CYLINDRICAL_SURFACE('',#5656,0.001);
#255=CYLINDRICAL_SURFACE('',#5657,0.001);
#256=CYLINDRICAL_SURFACE('',#5658,0.001);
#257=CYLINDRICAL_SURFACE('',#5663,0.001);
#258=CYLINDRICAL_SURFACE('',#5664,0.001);
#259=CYLINDRICAL_SURFACE('',#5665,0.001);
#260=CYLINDRICAL_SURFACE('',#5666,0.001);
#261=CYLINDRICAL_SURFACE('',#5667,0.001);
#262=CYLINDRICAL_SURFACE('',#5668,0.001);
#263=CYLINDRICAL_SURFACE('',#5671,0.001);
#264=CYLINDRICAL_SURFACE('',#5673,0.001);
#265=LINE('',#7132,#700);
#266=LINE('',#7137,#701);
#267=LINE('',#7147,#702);
#268=LINE('',#7152,#703);
#269=LINE('',#7160,#704);
#270=LINE('',#7165,#705);
#271=LINE('',#7169,#706);
#272=LINE('',#7174,#707);
#273=LINE('',#7178,#708);
#274=LINE('',#7182,#709);
#275=LINE('',#7186,#710);
#276=LINE('',#7188,#711);
#277=LINE('',#7190,#712);
#278=LINE('',#7192,#713);
#279=LINE('',#7194,#714);
#280=LINE('',#7198,#715);
#281=LINE('',#7202,#716);
#282=LINE('',#7206,#717);
#283=LINE('',#7210,#718);
#284=LINE('',#7214,#719);
#285=LINE('',#7216,#720);
#286=LINE('',#7218,#721);
#287=LINE('',#7222,#722);
#288=LINE('',#7226,#723);
#289=LINE('',#7228,#724);
#290=LINE('',#7230,#725);
#291=LINE('',#7234,#726);
#292=LINE('',#7239,#727);
#293=LINE('',#7243,#728);
#294=LINE('',#7248,#729);
#295=LINE('',#7252,#730);
#296=LINE('',#7256,#731);
#297=LINE('',#7257,#732);
#298=LINE('',#7261,#733);
#299=LINE('',#7265,#734);
#300=LINE('',#7266,#735);
#301=LINE('',#7270,#736);
#302=LINE('',#7273,#737);
#303=LINE('',#7275,#738);
#304=LINE('',#7279,#739);
#305=LINE('',#7283,#740);
#306=LINE('',#7285,#741);
#307=LINE('',#7287,#742);
#308=LINE('',#7289,#743);
#309=LINE('',#7291,#744);
#310=LINE('',#7293,#745);
#311=LINE('',#7295,#746);
#312=LINE('',#7297,#747);
#313=LINE('',#7301,#748);
#314=LINE('',#7305,#749);
#315=LINE('',#7307,#750);
#316=LINE('',#7309,#751);
#317=LINE('',#7311,#752);
#318=LINE('',#7313,#753);
#319=LINE('',#7317,#754);
#320=LINE('',#7321,#755);
#321=LINE('',#7325,#756);
#322=LINE('',#7329,#757);
#323=LINE('',#7331,#758);
#324=LINE('',#7333,#759);
#325=LINE('',#7337,#760);
#326=LINE('',#7339,#761);
#327=LINE('',#7341,#762);
#328=LINE('',#7345,#763);
#329=LINE('',#7349,#764);
#330=LINE('',#7352,#765);
#331=LINE('',#7353,#766);
#332=LINE('',#7355,#767);
#333=LINE('',#7358,#768);
#334=LINE('',#7360,#769);
#335=LINE('',#7367,#770);
#336=LINE('',#7371,#771);
#337=LINE('',#7373,#772);
#338=LINE('',#7380,#773);
#339=LINE('',#7383,#774);
#340=LINE('',#7385,#775);
#341=LINE('',#7389,#776);
#342=LINE('',#7393,#777);
#343=LINE('',#7395,#778);
#344=LINE('',#7397,#779);
#345=LINE('',#7401,#780);
#346=LINE('',#7402,#781);
#347=LINE('',#7406,#782);
#348=LINE('',#7410,#783);
#349=LINE('',#7414,#784);
#350=LINE('',#7418,#785);
#351=LINE('',#7420,#786);
#352=LINE('',#7422,#787);
#353=LINE('',#7424,#788);
#354=LINE('',#7426,#789);
#355=LINE('',#7430,#790);
#356=LINE('',#7434,#791);
#357=LINE('',#7436,#792);
#358=LINE('',#7438,#793);
#359=LINE('',#7440,#794);
#360=LINE('',#7442,#795);
#361=LINE('',#7444,#796);
#362=LINE('',#7446,#797);
#363=LINE('',#7448,#798);
#364=LINE('',#7452,#799);
#365=LINE('',#7459,#800);
#366=LINE('',#7461,#801);
#367=LINE('',#7464,#802);
#368=LINE('',#7466,#803);
#369=LINE('',#7468,#804);
#370=LINE('',#7471,#805);
#371=LINE('',#7472,#806);
#372=LINE('',#7474,#807);
#373=LINE('',#7479,#808);
#374=LINE('',#7483,#809);
#375=LINE('',#7487,#810);
#376=LINE('',#7492,#811);
#377=LINE('',#7497,#812);
#378=LINE('',#7501,#813);
#379=LINE('',#7505,#814);
#380=LINE('',#7507,#815);
#381=LINE('',#7509,#816);
#382=LINE('',#7513,#817);
#383=LINE('',#7517,#818);
#384=LINE('',#7519,#819);
#385=LINE('',#7520,#820);
#386=LINE('',#7524,#821);
#387=LINE('',#7528,#822);
#388=LINE('',#7530,#823);
#389=LINE('',#7532,#824);
#390=LINE('',#7534,#825);
#391=LINE('',#7536,#826);
#392=LINE('',#7538,#827);
#393=LINE('',#7541,#828);
#394=LINE('',#7543,#829);
#395=LINE('',#7550,#830);
#396=LINE('',#7552,#831);
#397=LINE('',#7556,#832);
#398=LINE('',#7558,#833);
#399=LINE('',#7560,#834);
#400=LINE('',#7568,#835);
#401=LINE('',#7571,#836);
#402=LINE('',#7573,#837);
#403=LINE('',#7577,#838);
#404=LINE('',#7583,#839);
#405=LINE('',#7586,#840);
#406=LINE('',#7588,#841);
#407=LINE('',#7592,#842);
#408=LINE('',#7598,#843);
#409=LINE('',#7601,#844);
#410=LINE('',#7602,#845);
#411=LINE('',#7604,#846);
#412=LINE('',#7606,#847);
#413=LINE('',#7608,#848);
#414=LINE('',#7615,#849);
#415=LINE('',#7619,#850);
#416=LINE('',#7623,#851);
#417=LINE('',#7627,#852);
#418=LINE('',#7628,#853);
#419=LINE('',#7633,#854);
#420=LINE('',#7635,#855);
#421=LINE('',#7637,#856);
#422=LINE('',#7639,#857);
#423=LINE('',#7641,#858);
#424=LINE('',#7643,#859);
#425=LINE('',#7647,#860);
#426=LINE('',#7651,#861);
#427=LINE('',#7652,#862);
#428=LINE('',#7654,#863);
#429=LINE('',#7658,#864);
#430=LINE('',#7662,#865);
#431=LINE('',#7664,#866);
#432=LINE('',#7666,#867);
#433=LINE('',#7670,#868);
#434=LINE('',#7677,#869);
#435=LINE('',#7686,#870);
#436=LINE('',#7691,#871);
#437=LINE('',#7700,#872);
#438=LINE('',#7702,#873);
#439=LINE('',#7705,#874);
#440=LINE('',#7707,#875);
#441=LINE('',#7709,#876);
#442=LINE('',#7711,#877);
#443=LINE('',#7714,#878);
#444=LINE('',#7716,#879);
#445=LINE('',#7718,#880);
#446=LINE('',#7726,#881);
#447=LINE('',#7730,#882);
#448=LINE('',#7748,#883);
#449=LINE('',#7757,#884);
#450=LINE('',#7761,#885);
#451=LINE('',#7770,#886);
#452=LINE('',#7779,#887);
#453=LINE('',#7780,#888);
#454=LINE('',#7782,#889);
#455=LINE('',#7783,#890);
#456=LINE('',#7785,#891);
#457=LINE('',#7788,#892);
#458=LINE('',#7790,#893);
#459=LINE('',#7792,#894);
#460=LINE('',#7794,#895);
#461=LINE('',#7796,#896);
#462=LINE('',#7798,#897);
#463=LINE('',#7800,#898);
#464=LINE('',#7802,#899);
#465=LINE('',#7805,#900);
#466=LINE('',#7807,#901);
#467=LINE('',#7809,#902);
#468=LINE('',#7813,#903);
#469=LINE('',#7815,#904);
#470=LINE('',#7817,#905);
#471=LINE('',#7819,#906);
#472=LINE('',#7821,#907);
#473=LINE('',#7826,#908);
#474=LINE('',#7828,#909);
#475=LINE('',#7829,#910);
#476=LINE('',#7833,#911);
#477=LINE('',#7837,#912);
#478=LINE('',#7839,#913);
#479=LINE('',#7851,#914);
#480=LINE('',#7854,#915);
#481=LINE('',#7856,#916);
#482=LINE('',#7860,#917);
#483=LINE('',#7872,#918);
#484=LINE('',#7878,#919);
#485=LINE('',#7882,#920);
#486=LINE('',#7885,#921);
#487=LINE('',#7887,#922);
#488=LINE('',#7888,#923);
#489=LINE('',#7890,#924);
#490=LINE('',#7894,#925);
#491=LINE('',#7901,#926);
#492=LINE('',#7903,#927);
#493=LINE('',#7905,#928);
#494=LINE('',#7910,#929);
#495=LINE('',#7912,#930);
#496=LINE('',#7919,#931);
#497=LINE('',#7922,#932);
#498=LINE('',#7924,#933);
#499=LINE('',#7928,#934);
#500=LINE('',#7930,#935);
#501=LINE('',#7932,#936);
#502=LINE('',#7936,#937);
#503=LINE('',#7942,#938);
#504=LINE('',#7945,#939);
#505=LINE('',#7947,#940);
#506=LINE('',#7950,#941);
#507=LINE('',#7952,#942);
#508=LINE('',#7955,#943);
#509=LINE('',#7958,#944);
#510=LINE('',#7961,#945);
#511=LINE('',#7963,#946);
#512=LINE('',#7967,#947);
#513=LINE('',#7969,#948);
#514=LINE('',#7971,#949);
#515=LINE('',#7978,#950);
#516=LINE('',#7982,#951);
#517=LINE('',#7985,#952);
#518=LINE('',#7987,#953);
#519=LINE('',#7994,#954);
#520=LINE('',#7996,#955);
#521=LINE('',#7998,#956);
#522=LINE('',#8005,#957);
#523=LINE('',#8008,#958);
#524=LINE('',#8010,#959);
#525=LINE('',#8017,#960);
#526=LINE('',#8019,#961);
#527=LINE('',#8021,#962);
#528=LINE('',#8030,#963);
#529=LINE('',#8032,#964);
#530=LINE('',#8035,#965);
#531=LINE('',#8038,#966);
#532=LINE('',#8041,#967);
#533=LINE('',#8043,#968);
#534=LINE('',#8050,#969);
#535=LINE('',#8052,#970);
#536=LINE('',#8059,#971);
#537=LINE('',#8062,#972);
#538=LINE('',#8064,#973);
#539=LINE('',#8071,#974);
#540=LINE('',#8073,#975);
#541=LINE('',#8080,#976);
#542=LINE('',#8083,#977);
#543=LINE('',#8085,#978);
#544=LINE('',#8092,#979);
#545=LINE('',#8093,#980);
#546=LINE('',#8100,#981);
#547=LINE('',#8103,#982);
#548=LINE('',#8105,#983);
#549=LINE('',#8112,#984);
#550=LINE('',#8114,#985);
#551=LINE('',#8123,#986);
#552=LINE('',#8124,#987);
#553=LINE('',#8129,#988);
#554=LINE('',#8130,#989);
#555=LINE('',#8142,#990);
#556=LINE('',#8146,#991);
#557=LINE('',#8152,#992);
#558=LINE('',#8156,#993);
#559=LINE('',#8160,#994);
#560=LINE('',#8162,#995);
#561=LINE('',#8164,#996);
#562=LINE('',#8166,#997);
#563=LINE('',#8168,#998);
#564=LINE('',#8172,#999);
#565=LINE('',#8175,#1000);
#566=LINE('',#8177,#1001);
#567=LINE('',#8185,#1002);
#568=LINE('',#8193,#1003);
#569=LINE('',#8195,#1004);
#570=LINE('',#8197,#1005);
#571=LINE('',#8199,#1006);
#572=LINE('',#8201,#1007);
#573=LINE('',#8211,#1008);
#574=LINE('',#8215,#1009);
#575=LINE('',#8219,#1010);
#576=LINE('',#8222,#1011);
#577=LINE('',#8224,#1012);
#578=LINE('',#8231,#1013);
#579=LINE('',#8240,#1014);
#580=LINE('',#8243,#1015);
#581=LINE('',#8244,#1016);
#582=LINE('',#8252,#1017);
#583=LINE('',#8253,#1018);
#584=LINE('',#8254,#1019);
#585=LINE('',#8258,#1020);
#586=LINE('',#8259,#1021);
#587=LINE('',#8260,#1022);
#588=LINE('',#8262,#1023);
#589=LINE('',#8268,#1024);
#590=LINE('',#8269,#1025);
#591=LINE('',#8280,#1026);
#592=LINE('',#8284,#1027);
#593=LINE('',#8297,#1028);
#594=LINE('',#8301,#1029);
#595=LINE('',#8305,#1030);
#596=LINE('',#8307,#1031);
#597=LINE('',#8309,#1032);
#598=LINE('',#8311,#1033);
#599=LINE('',#8313,#1034);
#600=LINE('',#8315,#1035);
#601=LINE('',#8317,#1036);
#602=LINE('',#8319,#1037);
#603=LINE('',#8321,#1038);
#604=LINE('',#8323,#1039);
#605=LINE('',#8480,#1040);
#606=LINE('',#8482,#1041);
#607=LINE('',#8484,#1042);
#608=LINE('',#8487,#1043);
#609=LINE('',#8489,#1044);
#610=LINE('',#8490,#1045);
#611=LINE('',#8492,#1046);
#612=LINE('',#8495,#1047);
#613=LINE('',#8496,#1048);
#614=LINE('',#8499,#1049);
#615=LINE('',#8500,#1050);
#616=LINE('',#8504,#1051);
#617=LINE('',#8506,#1052);
#618=LINE('',#8508,#1053);
#619=LINE('',#8510,#1054);
#620=LINE('',#8513,#1055);
#621=LINE('',#8514,#1056);
#622=LINE('',#8516,#1057);
#623=LINE('',#8518,#1058);
#624=LINE('',#8520,#1059);
#625=LINE('',#8522,#1060);
#626=LINE('',#8524,#1061);
#627=LINE('',#8526,#1062);
#628=LINE('',#8530,#1063);
#629=LINE('',#8533,#1064);
#630=LINE('',#8534,#1065);
#631=LINE('',#8537,#1066);
#632=LINE('',#8539,#1067);
#633=LINE('',#8541,#1068);
#634=LINE('',#8543,#1069);
#635=LINE('',#8546,#1070);
#636=LINE('',#8548,#1071);
#637=LINE('',#8550,#1072);
#638=LINE('',#8552,#1073);
#639=LINE('',#8554,#1074);
#640=LINE('',#8556,#1075);
#641=LINE('',#8559,#1076);
#642=LINE('',#8561,#1077);
#643=LINE('',#8563,#1078);
#644=LINE('',#8567,#1079);
#645=LINE('',#8569,#1080);
#646=LINE('',#8571,#1081);
#647=LINE('',#8578,#1082);
#648=LINE('',#8583,#1083);
#649=LINE('',#8587,#1084);
#650=LINE('',#8589,#1085);
#651=LINE('',#8591,#1086);
#652=LINE('',#8595,#1087);
#653=LINE('',#8599,#1088);
#654=LINE('',#8601,#1089);
#655=LINE('',#8603,#1090);
#656=LINE('',#8605,#1091);
#657=LINE('',#8607,#1092);
#658=LINE('',#8609,#1093);
#659=LINE('',#8611,#1094);
#660=LINE('',#8613,#1095);
#661=LINE('',#8615,#1096);
#662=LINE('',#8619,#1097);
#663=LINE('',#8623,#1098);
#664=LINE('',#8625,#1099);
#665=LINE('',#8627,#1100);
#666=LINE('',#8631,#1101);
#667=LINE('',#8635,#1102);
#668=LINE('',#8637,#1103);
#669=LINE('',#8639,#1104);
#670=LINE('',#8641,#1105);
#671=LINE('',#8643,#1106);
#672=LINE('',#8670,#1107);
#673=LINE('',#8679,#1108);
#674=LINE('',#8681,#1109);
#675=LINE('',#8688,#1110);
#676=LINE('',#8695,#1111);
#677=LINE('',#8704,#1112);
#678=LINE('',#8711,#1113);
#679=LINE('',#8718,#1114);
#680=LINE('',#8723,#1115);
#681=LINE('',#8732,#1116);
#682=LINE('',#8734,#1117);
#683=LINE('',#8741,#1118);
#684=LINE('',#8748,#1119);
#685=LINE('',#8757,#1120);
#686=LINE('',#8764,#1121);
#687=LINE('',#8771,#1122);
#688=LINE('',#8956,#1123);
#689=LINE('',#8957,#1124);
#690=LINE('',#8959,#1125);
#691=LINE('',#8960,#1126);
#692=LINE('',#8963,#1127);
#693=LINE('',#8964,#1128);
#694=LINE('',#8966,#1129);
#695=LINE('',#8967,#1130);
#696=LINE('',#8969,#1131);
#697=LINE('',#8970,#1132);
#698=LINE('',#8973,#1133);
#699=LINE('',#8974,#1134);
#700=VECTOR('',#5683,1.);
#701=VECTOR('',#5686,1.);
#702=VECTOR('',#5697,1.);
#703=VECTOR('',#5700,1.);
#704=VECTOR('',#5709,1.);
#705=VECTOR('',#5712,1.);
#706=VECTOR('',#5717,1.);
#707=VECTOR('',#5720,1.);
#708=VECTOR('',#5723,1.);
#709=VECTOR('',#5726,1.);
#710=VECTOR('',#5729,1.);
#711=VECTOR('',#5730,1.);
#712=VECTOR('',#5731,1.);
#713=VECTOR('',#5732,1.);
#714=VECTOR('',#5733,1.);
#715=VECTOR('',#5736,1.);
#716=VECTOR('',#5739,1.);
#717=VECTOR('',#5742,1.);
#718=VECTOR('',#5745,1.);
#719=VECTOR('',#5748,1.);
#720=VECTOR('',#5749,1.);
#721=VECTOR('',#5750,1.);
#722=VECTOR('',#5753,1.);
#723=VECTOR('',#5756,1.);
#724=VECTOR('',#5757,1.);
#725=VECTOR('',#5758,1.);
#726=VECTOR('',#5763,1.);
#727=VECTOR('',#5766,1.);
#728=VECTOR('',#5771,1.);
#729=VECTOR('',#5774,1.);
#730=VECTOR('',#5779,1.);
#731=VECTOR('',#5782,1.);
#732=VECTOR('',#5783,1.);
#733=VECTOR('',#5786,1.);
#734=VECTOR('',#5789,1.);
#735=VECTOR('',#5790,1.);
#736=VECTOR('',#5795,1.);
#737=VECTOR('',#5796,1.);
#738=VECTOR('',#5797,1.);
#739=VECTOR('',#5800,1.);
#740=VECTOR('',#5803,1.);
#741=VECTOR('',#5804,1.);
#742=VECTOR('',#5805,1.);
#743=VECTOR('',#5806,1.);
#744=VECTOR('',#5807,1.);
#745=VECTOR('',#5808,1.);
#746=VECTOR('',#5809,1.);
#747=VECTOR('',#5810,1.);
#748=VECTOR('',#5813,1.);
#749=VECTOR('',#5816,1.);
#750=VECTOR('',#5817,1.);
#751=VECTOR('',#5818,1.);
#752=VECTOR('',#5819,1.);
#753=VECTOR('',#5820,1.);
#754=VECTOR('',#5823,1.);
#755=VECTOR('',#5826,1.);
#756=VECTOR('',#5829,1.);
#757=VECTOR('',#5832,1.);
#758=VECTOR('',#5833,1.);
#759=VECTOR('',#5834,1.);
#760=VECTOR('',#5837,1.);
#761=VECTOR('',#5838,1.);
#762=VECTOR('',#5839,1.);
#763=VECTOR('',#5842,1.);
#764=VECTOR('',#5847,1.);
#765=VECTOR('',#5848,1.);
#766=VECTOR('',#5849,1.);
#767=VECTOR('',#5852,1.);
#768=VECTOR('',#5853,1.);
#769=VECTOR('',#5854,1.);
#770=VECTOR('',#5855,1.);
#771=VECTOR('',#5858,1.);
#772=VECTOR('',#5859,1.);
#773=VECTOR('',#5862,1.);
#774=VECTOR('',#5863,1.);
#775=VECTOR('',#5864,1.);
#776=VECTOR('',#5867,1.);
#777=VECTOR('',#5870,1.);
#778=VECTOR('',#5871,1.);
#779=VECTOR('',#5872,1.);
#780=VECTOR('',#5875,1.);
#781=VECTOR('',#5876,1.);
#782=VECTOR('',#5879,1.);
#783=VECTOR('',#5882,1.);
#784=VECTOR('',#5885,1.);
#785=VECTOR('',#5888,1.);
#786=VECTOR('',#5889,1.);
#787=VECTOR('',#5890,1.);
#788=VECTOR('',#5891,1.);
#789=VECTOR('',#5892,1.);
#790=VECTOR('',#5895,1.);
#791=VECTOR('',#5898,1.);
#792=VECTOR('',#5899,1.);
#793=VECTOR('',#5900,1.);
#794=VECTOR('',#5901,1.);
#795=VECTOR('',#5902,1.);
#796=VECTOR('',#5903,1.);
#797=VECTOR('',#5904,1.);
#798=VECTOR('',#5905,1.);
#799=VECTOR('',#5908,1.);
#800=VECTOR('',#5917,1.);
#801=VECTOR('',#5918,1.);
#802=VECTOR('',#5923,1.);
#803=VECTOR('',#5924,1.);
#804=VECTOR('',#5927,1.);
#805=VECTOR('',#5928,1.);
#806=VECTOR('',#5929,1.);
#807=VECTOR('',#5932,1.);
#808=VECTOR('',#5935,1.);
#809=VECTOR('',#5938,1.);
#810=VECTOR('',#5941,1.);
#811=VECTOR('',#5946,1.);
#812=VECTOR('',#5949,1.);
#813=VECTOR('',#5952,1.);
#814=VECTOR('',#5955,1.);
#815=VECTOR('',#5956,1.);
#816=VECTOR('',#5957,1.);
#817=VECTOR('',#5960,1.);
#818=VECTOR('',#5963,1.);
#819=VECTOR('',#5964,1.);
#820=VECTOR('',#5965,1.);
#821=VECTOR('',#5968,1.);
#822=VECTOR('',#5971,1.);
#823=VECTOR('',#5972,1.);
#824=VECTOR('',#5973,1.);
#825=VECTOR('',#5974,1.);
#826=VECTOR('',#5975,1.);
#827=VECTOR('',#5978,1.);
#828=VECTOR('',#5979,1.);
#829=VECTOR('',#5980,1.);
#830=VECTOR('',#5981,1.);
#831=VECTOR('',#5982,1.);
#832=VECTOR('',#5985,1.);
#833=VECTOR('',#5986,1.);
#834=VECTOR('',#5987,1.);
#835=VECTOR('',#5990,1.);
#836=VECTOR('',#5991,1.);
#837=VECTOR('',#5992,1.);
#838=VECTOR('',#5995,1.);
#839=VECTOR('',#6002,1.);
#840=VECTOR('',#6003,1.);
#841=VECTOR('',#6004,1.);
#842=VECTOR('',#6007,1.);
#843=VECTOR('',#6014,1.);
#844=VECTOR('',#6015,1.);
#845=VECTOR('',#6016,1.);
#846=VECTOR('',#6019,1.);
#847=VECTOR('',#6020,1.);
#848=VECTOR('',#6021,1.);
#849=VECTOR('',#6028,1.);
#850=VECTOR('',#6031,1.);
#851=VECTOR('',#6034,1.);
#852=VECTOR('',#6037,1.);
#853=VECTOR('',#6038,1.);
#854=VECTOR('',#6041,1.);
#855=VECTOR('',#6042,1.);
#856=VECTOR('',#6043,1.);
#857=VECTOR('',#6044,1.);
#858=VECTOR('',#6045,1.);
#859=VECTOR('',#6046,1.);
#860=VECTOR('',#6049,1.);
#861=VECTOR('',#6052,1.);
#862=VECTOR('',#6053,1.);
#863=VECTOR('',#6054,1.);
#864=VECTOR('',#6057,1.);
#865=VECTOR('',#6060,1.);
#866=VECTOR('',#6061,1.);
#867=VECTOR('',#6062,1.);
#868=VECTOR('',#6065,1.);
#869=VECTOR('',#6072,1.);
#870=VECTOR('',#6075,1.);
#871=VECTOR('',#6080,1.);
#872=VECTOR('',#6083,1.);
#873=VECTOR('',#6086,1.);
#874=VECTOR('',#6087,1.);
#875=VECTOR('',#6088,1.);
#876=VECTOR('',#6089,1.);
#877=VECTOR('',#6092,1.);
#878=VECTOR('',#6093,1.);
#879=VECTOR('',#6094,1.);
#880=VECTOR('',#6095,1.);
#881=VECTOR('',#6098,1.);
#882=VECTOR('',#6101,1.);
#883=VECTOR('',#6122,1.);
#884=VECTOR('',#6125,1.);
#885=VECTOR('',#6128,1.);
#886=VECTOR('',#6131,1.);
#887=VECTOR('',#6136,1.);
#888=VECTOR('',#6137,1.);
#889=VECTOR('',#6140,1.);
#890=VECTOR('',#6141,1.);
#891=VECTOR('',#6144,1.);
#892=VECTOR('',#6145,1.);
#893=VECTOR('',#6146,1.);
#894=VECTOR('',#6147,1.);
#895=VECTOR('',#6148,1.);
#896=VECTOR('',#6149,1.);
#897=VECTOR('',#6150,1.);
#898=VECTOR('',#6151,1.);
#899=VECTOR('',#6154,1.);
#900=VECTOR('',#6155,1.);
#901=VECTOR('',#6156,1.);
#902=VECTOR('',#6157,1.);
#903=VECTOR('',#6162,1.);
#904=VECTOR('',#6163,1.);
#905=VECTOR('',#6164,1.);
#906=VECTOR('',#6167,1.);
#907=VECTOR('',#6168,1.);
#908=VECTOR('',#6173,1.);
#909=VECTOR('',#6174,1.);
#910=VECTOR('',#6175,1.);
#911=VECTOR('',#6178,1.);
#912=VECTOR('',#6181,1.);
#913=VECTOR('',#6184,1.);
#914=VECTOR('',#6191,1.);
#915=VECTOR('',#6192,1.);
#916=VECTOR('',#6193,1.);
#917=VECTOR('',#6196,1.);
#918=VECTOR('',#6203,1.);
#919=VECTOR('',#6210,1.);
#920=VECTOR('',#6213,1.);
#921=VECTOR('',#6218,1.);
#922=VECTOR('',#6221,1.);
#923=VECTOR('',#6222,1.);
#924=VECTOR('',#6225,1.);
#925=VECTOR('',#6230,1.);
#926=VECTOR('',#6239,1.);
#927=VECTOR('',#6240,1.);
#928=VECTOR('',#6241,1.);
#929=VECTOR('',#6248,1.);
#930=VECTOR('',#6251,1.);
#931=VECTOR('',#6264,1.);
#932=VECTOR('',#6267,1.);
#933=VECTOR('',#6268,1.);
#934=VECTOR('',#6273,1.);
#935=VECTOR('',#6276,1.);
#936=VECTOR('',#6277,1.);
#937=VECTOR('',#6282,1.);
#938=VECTOR('',#6291,1.);
#939=VECTOR('',#6294,1.);
#940=VECTOR('',#6297,1.);
#941=VECTOR('',#6302,1.);
#942=VECTOR('',#6303,1.);
#943=VECTOR('',#6306,1.);
#944=VECTOR('',#6311,1.);
#945=VECTOR('',#6314,1.);
#946=VECTOR('',#6315,1.);
#947=VECTOR('',#6320,1.);
#948=VECTOR('',#6323,1.);
#949=VECTOR('',#6324,1.);
#950=VECTOR('',#6335,1.);
#951=VECTOR('',#6342,1.);
#952=VECTOR('',#6343,1.);
#953=VECTOR('',#6344,1.);
#954=VECTOR('',#6345,1.);
#955=VECTOR('',#6346,1.);
#956=VECTOR('',#6347,1.);
#957=VECTOR('',#6350,1.);
#958=VECTOR('',#6351,1.);
#959=VECTOR('',#6352,1.);
#960=VECTOR('',#6353,1.);
#961=VECTOR('',#6354,1.);
#962=VECTOR('',#6355,1.);
#963=VECTOR('',#6360,1.);
#964=VECTOR('',#6361,1.);
#965=VECTOR('',#6364,1.);
#966=VECTOR('',#6369,1.);
#967=VECTOR('',#6370,1.);
#968=VECTOR('',#6371,1.);
#969=VECTOR('',#6372,1.);
#970=VECTOR('',#6373,1.);
#971=VECTOR('',#6376,1.);
#972=VECTOR('',#6377,1.);
#973=VECTOR('',#6378,1.);
#974=VECTOR('',#6379,1.);
#975=VECTOR('',#6380,1.);
#976=VECTOR('',#6383,1.);
#977=VECTOR('',#6384,1.);
#978=VECTOR('',#6385,1.);
#979=VECTOR('',#6386,1.);
#980=VECTOR('',#6387,1.);
#981=VECTOR('',#6390,1.);
#982=VECTOR('',#6391,1.);
#983=VECTOR('',#6392,1.);
#984=VECTOR('',#6393,1.);
#985=VECTOR('',#6394,1.);
#986=VECTOR('',#6399,1.);
#987=VECTOR('',#6400,1.);
#988=VECTOR('',#6405,1.);
#989=VECTOR('',#6406,1.);
#990=VECTOR('',#6425,1.);
#991=VECTOR('',#6432,1.);
#992=VECTOR('',#6443,1.);
#993=VECTOR('',#6450,1.);
#994=VECTOR('',#6457,1.);
#995=VECTOR('',#6458,1.);
#996=VECTOR('',#6461,1.);
#997=VECTOR('',#6462,1.);
#998=VECTOR('',#6463,1.);
#999=VECTOR('',#6468,1.);
#1000=VECTOR('',#6469,1.);
#1001=VECTOR('',#6470,1.);
#1002=VECTOR('',#6481,1.);
#1003=VECTOR('',#6492,1.);
#1004=VECTOR('',#6493,1.);
#1005=VECTOR('',#6496,1.);
#1006=VECTOR('',#6497,1.);
#1007=VECTOR('',#6498,1.);
#1008=VECTOR('',#6503,1.);
#1009=VECTOR('',#6506,1.);
#1010=VECTOR('',#6511,1.);
#1011=VECTOR('',#6512,1.);
#1012=VECTOR('',#6513,1.);
#1013=VECTOR('',#6522,1.);
#1014=VECTOR('',#6535,1.);
#1015=VECTOR('',#6536,1.);
#1016=VECTOR('',#6537,1.);
#1017=VECTOR('',#6548,1.);
#1018=VECTOR('',#6549,1.);
#1019=VECTOR('',#6550,1.);
#1020=VECTOR('',#6553,1.);
#1021=VECTOR('',#6554,1.);
#1022=VECTOR('',#6555,1.);
#1023=VECTOR('',#6558,1.);
#1024=VECTOR('',#6565,1.);
#1025=VECTOR('',#6566,1.);
#1026=VECTOR('',#6577,1.);
#1027=VECTOR('',#6580,1.);
#1028=VECTOR('',#6593,1.);
#1029=VECTOR('',#6596,1.);
#1030=VECTOR('',#6601,1.);
#1031=VECTOR('',#6602,1.);
#1032=VECTOR('',#6603,1.);
#1033=VECTOR('',#6606,1.);
#1034=VECTOR('',#6609,1.);
#1035=VECTOR('',#6612,1.);
#1036=VECTOR('',#6613,1.);
#1037=VECTOR('',#6614,1.);
#1038=VECTOR('',#6617,1.);
#1039=VECTOR('',#6620,1.);
#1040=VECTOR('',#6677,1.);
#1041=VECTOR('',#6680,1.);
#1042=VECTOR('',#6683,1.);
#1043=VECTOR('',#6688,1.);
#1044=VECTOR('',#6691,1.);
#1045=VECTOR('',#6692,1.);
#1046=VECTOR('',#6695,1.);
#1047=VECTOR('',#6700,1.);
#1048=VECTOR('',#6701,1.);
#1049=VECTOR('',#6706,1.);
#1050=VECTOR('',#6707,1.);
#1051=VECTOR('',#6714,1.);
#1052=VECTOR('',#6717,1.);
#1053=VECTOR('',#6720,1.);
#1054=VECTOR('',#6723,1.);
#1055=VECTOR('',#6728,1.);
#1056=VECTOR('',#6729,1.);
#1057=VECTOR('',#6732,1.);
#1058=VECTOR('',#6735,1.);
#1059=VECTOR('',#6738,1.);
#1060=VECTOR('',#6741,1.);
#1061=VECTOR('',#6744,1.);
#1062=VECTOR('',#6747,1.);
#1063=VECTOR('',#6752,1.);
#1064=VECTOR('',#6755,1.);
#1065=VECTOR('',#6756,1.);
#1066=VECTOR('',#6761,1.);
#1067=VECTOR('',#6764,1.);
#1068=VECTOR('',#6767,1.);
#1069=VECTOR('',#6770,1.);
#1070=VECTOR('',#6775,1.);
#1071=VECTOR('',#6778,1.);
#1072=VECTOR('',#6781,1.);
#1073=VECTOR('',#6784,1.);
#1074=VECTOR('',#6787,1.);
#1075=VECTOR('',#6790,1.);
#1076=VECTOR('',#6795,1.);
#1077=VECTOR('',#6798,1.);
#1078=VECTOR('',#6801,1.);
#1079=VECTOR('',#6808,1.);
#1080=VECTOR('',#6809,1.);
#1081=VECTOR('',#6810,1.);
#1082=VECTOR('',#6823,1.);
#1083=VECTOR('',#6830,1.);
#1084=VECTOR('',#6835,1.);
#1085=VECTOR('',#6836,1.);
#1086=VECTOR('',#6837,1.);
#1087=VECTOR('',#6842,1.);
#1088=VECTOR('',#6847,1.);
#1089=VECTOR('',#6848,1.);
#1090=VECTOR('',#6849,1.);
#1091=VECTOR('',#6852,1.);
#1092=VECTOR('',#6853,1.);
#1093=VECTOR('',#6854,1.);
#1094=VECTOR('',#6857,1.);
#1095=VECTOR('',#6858,1.);
#1096=VECTOR('',#6859,1.);
#1097=VECTOR('',#6864,1.);
#1098=VECTOR('',#6869,1.);
#1099=VECTOR('',#6870,1.);
#1100=VECTOR('',#6871,1.);
#1101=VECTOR('',#6876,1.);
#1102=VECTOR('',#6881,1.);
#1103=VECTOR('',#6882,1.);
#1104=VECTOR('',#6883,1.);
#1105=VECTOR('',#6886,1.);
#1106=VECTOR('',#6889,1.);
#1107=VECTOR('',#6942,1.);
#1108=VECTOR('',#6943,1.);
#1109=VECTOR('',#6944,1.);
#1110=VECTOR('',#6945,1.);
#1111=VECTOR('',#6948,1.);
#1112=VECTOR('',#6949,1.);
#1113=VECTOR('',#6950,1.);
#1114=VECTOR('',#6951,1.);
#1115=VECTOR('',#6960,1.);
#1116=VECTOR('',#6961,1.);
#1117=VECTOR('',#6962,1.);
#1118=VECTOR('',#6963,1.);
#1119=VECTOR('',#6966,1.);
#1120=VECTOR('',#6967,1.);
#1121=VECTOR('',#6968,1.);
#1122=VECTOR('',#6969,1.);
#1123=VECTOR('',#7042,1.);
#1124=VECTOR('',#7043,1.);
#1125=VECTOR('',#7046,1.);
#1126=VECTOR('',#7047,1.);
#1127=VECTOR('',#7052,1.);
#1128=VECTOR('',#7053,1.);
#1129=VECTOR('',#7056,1.);
#1130=VECTOR('',#7057,1.);
#1131=VECTOR('',#7060,1.);
#1132=VECTOR('',#7061,1.);
#1133=VECTOR('',#7066,1.);
#1134=VECTOR('',#7067,1.);
#1135=ORIENTED_EDGE('',*,*,#2681,.F.);
#1136=ORIENTED_EDGE('',*,*,#2682,.T.);
#1137=ORIENTED_EDGE('',*,*,#2683,.T.);
#1138=ORIENTED_EDGE('',*,*,#2684,.F.);
#1139=ORIENTED_EDGE('',*,*,#2685,.T.);
#1140=ORIENTED_EDGE('',*,*,#2686,.T.);
#1141=ORIENTED_EDGE('',*,*,#2687,.T.);
#1142=ORIENTED_EDGE('',*,*,#2688,.T.);
#1143=ORIENTED_EDGE('',*,*,#2689,.T.);
#1144=ORIENTED_EDGE('',*,*,#2690,.T.);
#1145=ORIENTED_EDGE('',*,*,#2691,.F.);
#1146=ORIENTED_EDGE('',*,*,#2692,.T.);
#1147=ORIENTED_EDGE('',*,*,#2693,.F.);
#1148=ORIENTED_EDGE('',*,*,#2694,.T.);
#1149=ORIENTED_EDGE('',*,*,#2695,.F.);
#1150=ORIENTED_EDGE('',*,*,#2696,.T.);
#1151=ORIENTED_EDGE('',*,*,#2697,.T.);
#1152=ORIENTED_EDGE('',*,*,#2698,.T.);
#1153=ORIENTED_EDGE('',*,*,#2699,.T.);
#1154=ORIENTED_EDGE('',*,*,#2700,.T.);
#1155=ORIENTED_EDGE('',*,*,#2701,.F.);
#1156=ORIENTED_EDGE('',*,*,#2702,.T.);
#1157=ORIENTED_EDGE('',*,*,#2703,.F.);
#1158=ORIENTED_EDGE('',*,*,#2704,.T.);
#1159=ORIENTED_EDGE('',*,*,#2705,.T.);
#1160=ORIENTED_EDGE('',*,*,#2706,.T.);
#1161=ORIENTED_EDGE('',*,*,#2707,.F.);
#1162=ORIENTED_EDGE('',*,*,#2708,.T.);
#1163=ORIENTED_EDGE('',*,*,#2709,.F.);
#1164=ORIENTED_EDGE('',*,*,#2710,.T.);
#1165=ORIENTED_EDGE('',*,*,#2711,.F.);
#1166=ORIENTED_EDGE('',*,*,#2712,.T.);
#1167=ORIENTED_EDGE('',*,*,#2713,.F.);
#1168=ORIENTED_EDGE('',*,*,#2714,.T.);
#1169=ORIENTED_EDGE('',*,*,#2715,.T.);
#1170=ORIENTED_EDGE('',*,*,#2716,.T.);
#1171=ORIENTED_EDGE('',*,*,#2717,.T.);
#1172=ORIENTED_EDGE('',*,*,#2718,.T.);
#1173=ORIENTED_EDGE('',*,*,#2719,.F.);
#1174=ORIENTED_EDGE('',*,*,#2720,.T.);
#1175=ORIENTED_EDGE('',*,*,#2721,.T.);
#1176=ORIENTED_EDGE('',*,*,#2722,.T.);
#1177=ORIENTED_EDGE('',*,*,#2723,.T.);
#1178=ORIENTED_EDGE('',*,*,#2724,.T.);
#1179=ORIENTED_EDGE('',*,*,#2725,.T.);
#1180=ORIENTED_EDGE('',*,*,#2726,.T.);
#1181=ORIENTED_EDGE('',*,*,#2727,.T.);
#1182=ORIENTED_EDGE('',*,*,#2728,.T.);
#1183=ORIENTED_EDGE('',*,*,#2729,.F.);
#1184=ORIENTED_EDGE('',*,*,#2730,.T.);
#1185=ORIENTED_EDGE('',*,*,#2731,.F.);
#1186=ORIENTED_EDGE('',*,*,#2732,.T.);
#1187=ORIENTED_EDGE('',*,*,#2733,.T.);
#1188=ORIENTED_EDGE('',*,*,#2734,.F.);
#1189=ORIENTED_EDGE('',*,*,#2735,.F.);
#1190=ORIENTED_EDGE('',*,*,#2736,.T.);
#1191=ORIENTED_EDGE('',*,*,#2737,.T.);
#1192=ORIENTED_EDGE('',*,*,#2738,.T.);
#1193=ORIENTED_EDGE('',*,*,#2739,.F.);
#1194=ORIENTED_EDGE('',*,*,#2740,.F.);
#1195=ORIENTED_EDGE('',*,*,#2741,.T.);
#1196=ORIENTED_EDGE('',*,*,#2738,.F.);
#1197=ORIENTED_EDGE('',*,*,#2742,.F.);
#1198=ORIENTED_EDGE('',*,*,#2743,.F.);
#1199=ORIENTED_EDGE('',*,*,#2744,.T.);
#1200=ORIENTED_EDGE('',*,*,#2698,.F.);
#1201=ORIENTED_EDGE('',*,*,#2745,.T.);
#1202=ORIENTED_EDGE('',*,*,#2746,.T.);
#1203=ORIENTED_EDGE('',*,*,#2693,.T.);
#1204=ORIENTED_EDGE('',*,*,#2747,.T.);
#1205=ORIENTED_EDGE('',*,*,#2748,.F.);
#1206=ORIENTED_EDGE('',*,*,#2749,.T.);
#1207=ORIENTED_EDGE('',*,*,#2750,.T.);
#1208=ORIENTED_EDGE('',*,*,#2751,.T.);
#1209=ORIENTED_EDGE('',*,*,#2752,.F.);
#1210=ORIENTED_EDGE('',*,*,#2753,.T.);
#1211=ORIENTED_EDGE('',*,*,#2754,.F.);
#1212=ORIENTED_EDGE('',*,*,#2755,.T.);
#1213=ORIENTED_EDGE('',*,*,#2756,.F.);
#1214=ORIENTED_EDGE('',*,*,#2757,.T.);
#1215=ORIENTED_EDGE('',*,*,#2758,.T.);
#1216=ORIENTED_EDGE('',*,*,#2759,.F.);
#1217=ORIENTED_EDGE('',*,*,#2760,.F.);
#1218=ORIENTED_EDGE('',*,*,#2761,.F.);
#1219=ORIENTED_EDGE('',*,*,#2762,.T.);
#1220=ORIENTED_EDGE('',*,*,#2763,.F.);
#1221=ORIENTED_EDGE('',*,*,#2764,.T.);
#1222=ORIENTED_EDGE('',*,*,#2765,.F.);
#1223=ORIENTED_EDGE('',*,*,#2766,.F.);
#1224=ORIENTED_EDGE('',*,*,#2767,.F.);
#1225=ORIENTED_EDGE('',*,*,#2768,.T.);
#1226=ORIENTED_EDGE('',*,*,#2769,.T.);
#1227=ORIENTED_EDGE('',*,*,#2770,.T.);
#1228=ORIENTED_EDGE('',*,*,#2771,.F.);
#1229=ORIENTED_EDGE('',*,*,#2772,.T.);
#1230=ORIENTED_EDGE('',*,*,#2773,.F.);
#1231=ORIENTED_EDGE('',*,*,#2774,.F.);
#1232=ORIENTED_EDGE('',*,*,#2775,.F.);
#1233=ORIENTED_EDGE('',*,*,#2776,.F.);
#1234=ORIENTED_EDGE('',*,*,#2777,.F.);
#1235=ORIENTED_EDGE('',*,*,#2778,.T.);
#1236=ORIENTED_EDGE('',*,*,#2779,.F.);
#1237=ORIENTED_EDGE('',*,*,#2780,.F.);
#1238=ORIENTED_EDGE('',*,*,#2781,.T.);
#1239=ORIENTED_EDGE('',*,*,#2782,.T.);
#1240=ORIENTED_EDGE('',*,*,#2783,.T.);
#1241=ORIENTED_EDGE('',*,*,#2784,.T.);
#1242=ORIENTED_EDGE('',*,*,#2785,.F.);
#1243=ORIENTED_EDGE('',*,*,#2786,.F.);
#1244=ORIENTED_EDGE('',*,*,#2787,.F.);
#1245=ORIENTED_EDGE('',*,*,#2788,.F.);
#1246=ORIENTED_EDGE('',*,*,#2789,.T.);
#1247=ORIENTED_EDGE('',*,*,#2779,.T.);
#1248=ORIENTED_EDGE('',*,*,#2790,.F.);
#1249=ORIENTED_EDGE('',*,*,#2791,.F.);
#1250=ORIENTED_EDGE('',*,*,#2792,.T.);
#1251=ORIENTED_EDGE('',*,*,#2793,.T.);
#1252=ORIENTED_EDGE('',*,*,#2794,.T.);
#1253=ORIENTED_EDGE('',*,*,#2695,.T.);
#1254=ORIENTED_EDGE('',*,*,#2744,.F.);
#1255=ORIENTED_EDGE('',*,*,#2795,.F.);
#1256=ORIENTED_EDGE('',*,*,#2796,.T.);
#1257=ORIENTED_EDGE('',*,*,#2797,.T.);
#1258=ORIENTED_EDGE('',*,*,#2798,.T.);
#1259=ORIENTED_EDGE('',*,*,#2707,.T.);
#1260=ORIENTED_EDGE('',*,*,#2799,.T.);
#1261=ORIENTED_EDGE('',*,*,#2800,.T.);
#1262=ORIENTED_EDGE('',*,*,#2801,.T.);
#1263=ORIENTED_EDGE('',*,*,#2802,.T.);
#1264=ORIENTED_EDGE('',*,*,#2803,.F.);
#1265=ORIENTED_EDGE('',*,*,#2804,.F.);
#1266=ORIENTED_EDGE('',*,*,#2805,.F.);
#1267=ORIENTED_EDGE('',*,*,#2806,.T.);
#1268=ORIENTED_EDGE('',*,*,#2807,.T.);
#1269=ORIENTED_EDGE('',*,*,#2808,.T.);
#1270=ORIENTED_EDGE('',*,*,#2809,.T.);
#1271=ORIENTED_EDGE('',*,*,#2810,.T.);
#1272=ORIENTED_EDGE('',*,*,#2788,.T.);
#1273=ORIENTED_EDGE('',*,*,#2811,.T.);
#1274=ORIENTED_EDGE('',*,*,#2812,.F.);
#1275=ORIENTED_EDGE('',*,*,#2813,.F.);
#1276=ORIENTED_EDGE('',*,*,#2814,.F.);
#1277=ORIENTED_EDGE('',*,*,#2815,.F.);
#1278=ORIENTED_EDGE('',*,*,#2816,.F.);
#1279=ORIENTED_EDGE('',*,*,#2817,.T.);
#1280=ORIENTED_EDGE('',*,*,#2818,.F.);
#1281=ORIENTED_EDGE('',*,*,#2819,.T.);
#1282=ORIENTED_EDGE('',*,*,#2820,.T.);
#1283=ORIENTED_EDGE('',*,*,#2821,.T.);
#1284=ORIENTED_EDGE('',*,*,#2822,.F.);
#1285=ORIENTED_EDGE('',*,*,#2823,.F.);
#1286=ORIENTED_EDGE('',*,*,#2824,.F.);
#1287=ORIENTED_EDGE('',*,*,#2825,.T.);
#1288=ORIENTED_EDGE('',*,*,#2826,.F.);
#1289=ORIENTED_EDGE('',*,*,#2827,.T.);
#1290=ORIENTED_EDGE('',*,*,#2828,.F.);
#1291=ORIENTED_EDGE('',*,*,#2829,.T.);
#1292=ORIENTED_EDGE('',*,*,#2830,.T.);
#1293=ORIENTED_EDGE('',*,*,#2831,.T.);
#1294=ORIENTED_EDGE('',*,*,#2832,.F.);
#1295=ORIENTED_EDGE('',*,*,#2833,.T.);
#1296=ORIENTED_EDGE('',*,*,#2834,.F.);
#1297=ORIENTED_EDGE('',*,*,#2835,.F.);
#1298=ORIENTED_EDGE('',*,*,#2836,.T.);
#1299=ORIENTED_EDGE('',*,*,#2837,.F.);
#1300=ORIENTED_EDGE('',*,*,#2838,.F.);
#1301=ORIENTED_EDGE('',*,*,#2728,.F.);
#1302=ORIENTED_EDGE('',*,*,#2839,.T.);
#1303=ORIENTED_EDGE('',*,*,#2767,.T.);
#1304=ORIENTED_EDGE('',*,*,#2840,.F.);
#1305=ORIENTED_EDGE('',*,*,#2841,.F.);
#1306=ORIENTED_EDGE('',*,*,#2822,.T.);
#1307=ORIENTED_EDGE('',*,*,#2842,.T.);
#1308=ORIENTED_EDGE('',*,*,#2722,.F.);
#1309=ORIENTED_EDGE('',*,*,#2843,.T.);
#1310=ORIENTED_EDGE('',*,*,#2844,.F.);
#1311=ORIENTED_EDGE('',*,*,#2845,.F.);
#1312=ORIENTED_EDGE('',*,*,#2846,.T.);
#1313=ORIENTED_EDGE('',*,*,#2703,.T.);
#1314=ORIENTED_EDGE('',*,*,#2847,.T.);
#1315=ORIENTED_EDGE('',*,*,#2848,.F.);
#1316=ORIENTED_EDGE('',*,*,#2849,.T.);
#1317=ORIENTED_EDGE('',*,*,#2850,.T.);
#1318=ORIENTED_EDGE('',*,*,#2851,.T.);
#1319=ORIENTED_EDGE('',*,*,#2852,.T.);
#1320=ORIENTED_EDGE('',*,*,#2853,.T.);
#1321=ORIENTED_EDGE('',*,*,#2854,.F.);
#1322=ORIENTED_EDGE('',*,*,#2855,.T.);
#1323=ORIENTED_EDGE('',*,*,#2856,.T.);
#1324=ORIENTED_EDGE('',*,*,#2857,.F.);
#1325=ORIENTED_EDGE('',*,*,#2858,.T.);
#1326=ORIENTED_EDGE('',*,*,#2859,.T.);
#1327=ORIENTED_EDGE('',*,*,#2860,.T.);
#1328=ORIENTED_EDGE('',*,*,#2861,.F.);
#1329=ORIENTED_EDGE('',*,*,#2862,.T.);
#1330=ORIENTED_EDGE('',*,*,#2863,.F.);
#1331=ORIENTED_EDGE('',*,*,#2864,.T.);
#1332=ORIENTED_EDGE('',*,*,#2865,.F.);
#1333=ORIENTED_EDGE('',*,*,#2866,.T.);
#1334=ORIENTED_EDGE('',*,*,#2867,.T.);
#1335=ORIENTED_EDGE('',*,*,#2868,.T.);
#1336=ORIENTED_EDGE('',*,*,#2869,.T.);
#1337=ORIENTED_EDGE('',*,*,#2870,.T.);
#1338=ORIENTED_EDGE('',*,*,#2729,.T.);
#1339=ORIENTED_EDGE('',*,*,#2841,.T.);
#1340=ORIENTED_EDGE('',*,*,#2871,.T.);
#1341=ORIENTED_EDGE('',*,*,#2872,.T.);
#1342=ORIENTED_EDGE('',*,*,#2873,.F.);
#1343=ORIENTED_EDGE('',*,*,#2874,.T.);
#1344=ORIENTED_EDGE('',*,*,#2875,.F.);
#1345=ORIENTED_EDGE('',*,*,#2876,.T.);
#1346=ORIENTED_EDGE('',*,*,#2877,.F.);
#1347=ORIENTED_EDGE('',*,*,#2878,.F.);
#1348=ORIENTED_EDGE('',*,*,#2879,.F.);
#1349=ORIENTED_EDGE('',*,*,#2880,.F.);
#1350=ORIENTED_EDGE('',*,*,#2881,.T.);
#1351=ORIENTED_EDGE('',*,*,#2882,.T.);
#1352=ORIENTED_EDGE('',*,*,#2883,.T.);
#1353=ORIENTED_EDGE('',*,*,#2711,.T.);
#1354=ORIENTED_EDGE('',*,*,#2884,.T.);
#1355=ORIENTED_EDGE('',*,*,#2885,.T.);
#1356=ORIENTED_EDGE('',*,*,#2886,.T.);
#1357=ORIENTED_EDGE('',*,*,#2887,.T.);
#1358=ORIENTED_EDGE('',*,*,#2888,.T.);
#1359=ORIENTED_EDGE('',*,*,#2889,.T.);
#1360=ORIENTED_EDGE('',*,*,#2890,.T.);
#1361=ORIENTED_EDGE('',*,*,#2891,.F.);
#1362=ORIENTED_EDGE('',*,*,#2892,.T.);
#1363=ORIENTED_EDGE('',*,*,#2893,.T.);
#1364=ORIENTED_EDGE('',*,*,#2894,.T.);
#1365=ORIENTED_EDGE('',*,*,#2895,.F.);
#1366=ORIENTED_EDGE('',*,*,#2896,.T.);
#1367=ORIENTED_EDGE('',*,*,#2897,.F.);
#1368=ORIENTED_EDGE('',*,*,#2898,.F.);
#1369=ORIENTED_EDGE('',*,*,#2899,.T.);
#1370=ORIENTED_EDGE('',*,*,#2900,.T.);
#1371=ORIENTED_EDGE('',*,*,#2901,.F.);
#1372=ORIENTED_EDGE('',*,*,#2902,.T.);
#1373=ORIENTED_EDGE('',*,*,#2903,.F.);
#1374=ORIENTED_EDGE('',*,*,#2904,.T.);
#1375=ORIENTED_EDGE('',*,*,#2905,.F.);
#1376=ORIENTED_EDGE('',*,*,#2906,.T.);
#1377=ORIENTED_EDGE('',*,*,#2857,.T.);
#1378=ORIENTED_EDGE('',*,*,#2907,.F.);
#1379=ORIENTED_EDGE('',*,*,#2908,.T.);
#1380=ORIENTED_EDGE('',*,*,#2909,.T.);
#1381=ORIENTED_EDGE('',*,*,#2910,.T.);
#1382=ORIENTED_EDGE('',*,*,#2715,.F.);
#1383=ORIENTED_EDGE('',*,*,#2911,.F.);
#1384=ORIENTED_EDGE('',*,*,#2912,.F.);
#1385=ORIENTED_EDGE('',*,*,#2913,.T.);
#1386=ORIENTED_EDGE('',*,*,#2914,.F.);
#1387=ORIENTED_EDGE('',*,*,#2915,.T.);
#1388=ORIENTED_EDGE('',*,*,#2916,.F.);
#1389=ORIENTED_EDGE('',*,*,#2917,.F.);
#1390=ORIENTED_EDGE('',*,*,#2918,.F.);
#1391=ORIENTED_EDGE('',*,*,#2919,.F.);
#1392=ORIENTED_EDGE('',*,*,#2920,.F.);
#1393=ORIENTED_EDGE('',*,*,#2921,.T.);
#1394=ORIENTED_EDGE('',*,*,#2922,.T.);
#1395=ORIENTED_EDGE('',*,*,#2923,.T.);
#1396=ORIENTED_EDGE('',*,*,#2924,.T.);
#1397=ORIENTED_EDGE('',*,*,#2925,.T.);
#1398=ORIENTED_EDGE('',*,*,#2926,.F.);
#1399=ORIENTED_EDGE('',*,*,#2927,.T.);
#1400=ORIENTED_EDGE('',*,*,#2928,.F.);
#1401=ORIENTED_EDGE('',*,*,#2929,.T.);
#1402=ORIENTED_EDGE('',*,*,#2930,.F.);
#1403=ORIENTED_EDGE('',*,*,#2931,.F.);
#1404=ORIENTED_EDGE('',*,*,#2843,.F.);
#1405=ORIENTED_EDGE('',*,*,#2721,.F.);
#1406=ORIENTED_EDGE('',*,*,#2932,.T.);
#1407=ORIENTED_EDGE('',*,*,#2933,.T.);
#1408=ORIENTED_EDGE('',*,*,#2934,.F.);
#1409=ORIENTED_EDGE('',*,*,#2935,.F.);
#1410=ORIENTED_EDGE('',*,*,#2936,.F.);
#1411=ORIENTED_EDGE('',*,*,#2937,.T.);
#1412=ORIENTED_EDGE('',*,*,#2938,.T.);
#1413=ORIENTED_EDGE('',*,*,#2939,.T.);
#1414=ORIENTED_EDGE('',*,*,#2940,.F.);
#1415=ORIENTED_EDGE('',*,*,#2941,.T.);
#1416=ORIENTED_EDGE('',*,*,#2942,.F.);
#1417=ORIENTED_EDGE('',*,*,#2943,.T.);
#1418=ORIENTED_EDGE('',*,*,#2944,.T.);
#1419=ORIENTED_EDGE('',*,*,#2945,.T.);
#1420=ORIENTED_EDGE('',*,*,#2946,.F.);
#1421=ORIENTED_EDGE('',*,*,#2947,.T.);
#1422=ORIENTED_EDGE('',*,*,#2948,.T.);
#1423=ORIENTED_EDGE('',*,*,#2949,.T.);
#1424=ORIENTED_EDGE('',*,*,#2950,.T.);
#1425=ORIENTED_EDGE('',*,*,#2951,.F.);
#1426=ORIENTED_EDGE('',*,*,#2952,.F.);
#1427=ORIENTED_EDGE('',*,*,#2953,.T.);
#1428=ORIENTED_EDGE('',*,*,#2954,.T.);
#1429=ORIENTED_EDGE('',*,*,#2955,.F.);
#1430=ORIENTED_EDGE('',*,*,#2956,.T.);
#1431=ORIENTED_EDGE('',*,*,#2957,.T.);
#1432=ORIENTED_EDGE('',*,*,#2958,.T.);
#1433=ORIENTED_EDGE('',*,*,#2959,.F.);
#1434=ORIENTED_EDGE('',*,*,#2960,.T.);
#1435=ORIENTED_EDGE('',*,*,#2961,.T.);
#1436=ORIENTED_EDGE('',*,*,#2962,.T.);
#1437=ORIENTED_EDGE('',*,*,#2963,.T.);
#1438=ORIENTED_EDGE('',*,*,#2964,.F.);
#1439=ORIENTED_EDGE('',*,*,#2965,.T.);
#1440=ORIENTED_EDGE('',*,*,#2955,.T.);
#1441=ORIENTED_EDGE('',*,*,#2966,.T.);
#1442=ORIENTED_EDGE('',*,*,#2947,.F.);
#1443=ORIENTED_EDGE('',*,*,#2967,.F.);
#1444=ORIENTED_EDGE('',*,*,#2964,.T.);
#1445=ORIENTED_EDGE('',*,*,#2968,.T.);
#1446=ORIENTED_EDGE('',*,*,#2957,.F.);
#1447=ORIENTED_EDGE('',*,*,#2969,.F.);
#1448=ORIENTED_EDGE('',*,*,#2959,.T.);
#1449=ORIENTED_EDGE('',*,*,#2970,.T.);
#1450=ORIENTED_EDGE('',*,*,#2953,.F.);
#1451=ORIENTED_EDGE('',*,*,#2971,.T.);
#1452=ORIENTED_EDGE('',*,*,#2972,.T.);
#1453=ORIENTED_EDGE('',*,*,#2973,.F.);
#1454=ORIENTED_EDGE('',*,*,#2974,.T.);
#1455=ORIENTED_EDGE('',*,*,#2975,.F.);
#1456=ORIENTED_EDGE('',*,*,#2976,.F.);
#1457=ORIENTED_EDGE('',*,*,#2977,.T.);
#1458=ORIENTED_EDGE('',*,*,#2978,.T.);
#1459=ORIENTED_EDGE('',*,*,#2979,.F.);
#1460=ORIENTED_EDGE('',*,*,#2980,.T.);
#1461=ORIENTED_EDGE('',*,*,#2981,.T.);
#1462=ORIENTED_EDGE('',*,*,#2982,.T.);
#1463=ORIENTED_EDGE('',*,*,#2983,.T.);
#1464=ORIENTED_EDGE('',*,*,#2925,.F.);
#1465=ORIENTED_EDGE('',*,*,#2984,.T.);
#1466=ORIENTED_EDGE('',*,*,#2829,.F.);
#1467=ORIENTED_EDGE('',*,*,#2985,.F.);
#1468=ORIENTED_EDGE('',*,*,#2760,.T.);
#1469=ORIENTED_EDGE('',*,*,#2986,.T.);
#1470=ORIENTED_EDGE('',*,*,#2877,.T.);
#1471=ORIENTED_EDGE('',*,*,#2987,.F.);
#1472=ORIENTED_EDGE('',*,*,#2988,.T.);
#1473=ORIENTED_EDGE('',*,*,#2989,.T.);
#1474=ORIENTED_EDGE('',*,*,#2990,.F.);
#1475=ORIENTED_EDGE('',*,*,#2991,.T.);
#1476=ORIENTED_EDGE('',*,*,#2992,.T.);
#1477=ORIENTED_EDGE('',*,*,#2993,.T.);
#1478=ORIENTED_EDGE('',*,*,#2994,.F.);
#1479=ORIENTED_EDGE('',*,*,#2995,.T.);
#1480=ORIENTED_EDGE('',*,*,#2996,.T.);
#1481=ORIENTED_EDGE('',*,*,#2997,.T.);
#1482=ORIENTED_EDGE('',*,*,#2998,.T.);
#1483=ORIENTED_EDGE('',*,*,#2999,.T.);
#1484=ORIENTED_EDGE('',*,*,#3000,.T.);
#1485=ORIENTED_EDGE('',*,*,#2922,.F.);
#1486=ORIENTED_EDGE('',*,*,#3001,.T.);
#1487=ORIENTED_EDGE('',*,*,#3002,.T.);
#1488=ORIENTED_EDGE('',*,*,#3003,.F.);
#1489=ORIENTED_EDGE('',*,*,#2879,.T.);
#1490=ORIENTED_EDGE('',*,*,#3004,.T.);
#1491=ORIENTED_EDGE('',*,*,#3005,.T.);
#1492=ORIENTED_EDGE('',*,*,#3006,.T.);
#1493=ORIENTED_EDGE('',*,*,#2992,.F.);
#1494=ORIENTED_EDGE('',*,*,#3007,.T.);
#1495=ORIENTED_EDGE('',*,*,#3008,.F.);
#1496=ORIENTED_EDGE('',*,*,#3009,.T.);
#1497=ORIENTED_EDGE('',*,*,#2923,.F.);
#1498=ORIENTED_EDGE('',*,*,#3003,.T.);
#1499=ORIENTED_EDGE('',*,*,#3010,.F.);
#1500=ORIENTED_EDGE('',*,*,#3011,.F.);
#1501=ORIENTED_EDGE('',*,*,#3012,.F.);
#1502=ORIENTED_EDGE('',*,*,#3013,.F.);
#1503=ORIENTED_EDGE('',*,*,#3014,.T.);
#1504=ORIENTED_EDGE('',*,*,#2907,.T.);
#1505=ORIENTED_EDGE('',*,*,#2810,.F.);
#1506=ORIENTED_EDGE('',*,*,#3015,.T.);
#1507=ORIENTED_EDGE('',*,*,#2780,.T.);
#1508=ORIENTED_EDGE('',*,*,#2789,.F.);
#1509=ORIENTED_EDGE('',*,*,#3016,.F.);
#1510=ORIENTED_EDGE('',*,*,#2834,.T.);
#1511=ORIENTED_EDGE('',*,*,#3017,.F.);
#1512=ORIENTED_EDGE('',*,*,#2998,.F.);
#1513=ORIENTED_EDGE('',*,*,#3018,.F.);
#1514=ORIENTED_EDGE('',*,*,#3019,.T.);
#1515=ORIENTED_EDGE('',*,*,#3020,.F.);
#1516=ORIENTED_EDGE('',*,*,#3021,.T.);
#1517=ORIENTED_EDGE('',*,*,#3022,.T.);
#1518=ORIENTED_EDGE('',*,*,#3023,.F.);
#1519=ORIENTED_EDGE('',*,*,#3018,.T.);
#1520=ORIENTED_EDGE('',*,*,#3024,.F.);
#1521=ORIENTED_EDGE('',*,*,#2755,.F.);
#1522=ORIENTED_EDGE('',*,*,#3025,.F.);
#1523=ORIENTED_EDGE('',*,*,#3026,.T.);
#1524=ORIENTED_EDGE('',*,*,#2889,.F.);
#1525=ORIENTED_EDGE('',*,*,#3027,.F.);
#1526=ORIENTED_EDGE('',*,*,#3028,.F.);
#1527=ORIENTED_EDGE('',*,*,#3029,.T.);
#1528=ORIENTED_EDGE('',*,*,#2905,.T.);
#1529=ORIENTED_EDGE('',*,*,#3014,.F.);
#1530=ORIENTED_EDGE('',*,*,#3030,.F.);
#1531=ORIENTED_EDGE('',*,*,#3020,.T.);
#1532=ORIENTED_EDGE('',*,*,#3031,.F.);
#1533=ORIENTED_EDGE('',*,*,#3013,.T.);
#1534=ORIENTED_EDGE('',*,*,#3032,.F.);
#1535=ORIENTED_EDGE('',*,*,#3021,.F.);
#1536=ORIENTED_EDGE('',*,*,#3030,.T.);
#1537=ORIENTED_EDGE('',*,*,#3012,.T.);
#1538=ORIENTED_EDGE('',*,*,#3033,.F.);
#1539=ORIENTED_EDGE('',*,*,#2999,.F.);
#1540=ORIENTED_EDGE('',*,*,#3017,.T.);
#1541=ORIENTED_EDGE('',*,*,#2833,.F.);
#1542=ORIENTED_EDGE('',*,*,#3034,.T.);
#1543=ORIENTED_EDGE('',*,*,#2756,.T.);
#1544=ORIENTED_EDGE('',*,*,#3024,.T.);
#1545=ORIENTED_EDGE('',*,*,#3022,.F.);
#1546=ORIENTED_EDGE('',*,*,#3032,.T.);
#1547=ORIENTED_EDGE('',*,*,#3011,.T.);
#1548=ORIENTED_EDGE('',*,*,#3035,.F.);
#1549=ORIENTED_EDGE('',*,*,#3000,.F.);
#1550=ORIENTED_EDGE('',*,*,#3033,.T.);
#1551=ORIENTED_EDGE('',*,*,#3002,.F.);
#1552=ORIENTED_EDGE('',*,*,#3036,.T.);
#1553=ORIENTED_EDGE('',*,*,#3037,.T.);
#1554=ORIENTED_EDGE('',*,*,#3038,.T.);
#1555=ORIENTED_EDGE('',*,*,#2996,.F.);
#1556=ORIENTED_EDGE('',*,*,#3035,.T.);
#1557=ORIENTED_EDGE('',*,*,#3010,.T.);
#1558=ORIENTED_EDGE('',*,*,#2832,.T.);
#1559=ORIENTED_EDGE('',*,*,#3039,.T.);
#1560=ORIENTED_EDGE('',*,*,#2990,.T.);
#1561=ORIENTED_EDGE('',*,*,#3040,.T.);
#1562=ORIENTED_EDGE('',*,*,#3041,.F.);
#1563=ORIENTED_EDGE('',*,*,#3042,.F.);
#1564=ORIENTED_EDGE('',*,*,#3043,.T.);
#1565=ORIENTED_EDGE('',*,*,#3044,.T.);
#1566=ORIENTED_EDGE('',*,*,#2994,.T.);
#1567=ORIENTED_EDGE('',*,*,#3045,.T.);
#1568=ORIENTED_EDGE('',*,*,#2757,.F.);
#1569=ORIENTED_EDGE('',*,*,#3034,.F.);
#1570=ORIENTED_EDGE('',*,*,#2876,.F.);
#1571=ORIENTED_EDGE('',*,*,#3046,.T.);
#1572=ORIENTED_EDGE('',*,*,#2761,.T.);
#1573=ORIENTED_EDGE('',*,*,#2987,.T.);
#1574=ORIENTED_EDGE('',*,*,#2828,.T.);
#1575=ORIENTED_EDGE('',*,*,#3047,.T.);
#1576=ORIENTED_EDGE('',*,*,#2926,.T.);
#1577=ORIENTED_EDGE('',*,*,#2985,.T.);
#1578=ORIENTED_EDGE('',*,*,#3045,.F.);
#1579=ORIENTED_EDGE('',*,*,#2993,.F.);
#1580=ORIENTED_EDGE('',*,*,#3006,.F.);
#1581=ORIENTED_EDGE('',*,*,#3048,.F.);
#1582=ORIENTED_EDGE('',*,*,#2758,.F.);
#1583=ORIENTED_EDGE('',*,*,#3007,.F.);
#1584=ORIENTED_EDGE('',*,*,#2991,.F.);
#1585=ORIENTED_EDGE('',*,*,#3039,.F.);
#1586=ORIENTED_EDGE('',*,*,#2831,.F.);
#1587=ORIENTED_EDGE('',*,*,#3049,.F.);
#1588=ORIENTED_EDGE('',*,*,#2900,.F.);
#1589=ORIENTED_EDGE('',*,*,#3050,.T.);
#1590=ORIENTED_EDGE('',*,*,#2800,.F.);
#1591=ORIENTED_EDGE('',*,*,#3051,.T.);
#1592=ORIENTED_EDGE('',*,*,#2939,.F.);
#1593=ORIENTED_EDGE('',*,*,#3052,.T.);
#1594=ORIENTED_EDGE('',*,*,#3053,.T.);
#1595=ORIENTED_EDGE('',*,*,#3054,.T.);
#1596=ORIENTED_EDGE('',*,*,#2901,.T.);
#1597=ORIENTED_EDGE('',*,*,#3054,.F.);
#1598=ORIENTED_EDGE('',*,*,#3055,.F.);
#1599=ORIENTED_EDGE('',*,*,#3056,.T.);
#1600=ORIENTED_EDGE('',*,*,#2902,.F.);
#1601=ORIENTED_EDGE('',*,*,#3056,.F.);
#1602=ORIENTED_EDGE('',*,*,#3057,.T.);
#1603=ORIENTED_EDGE('',*,*,#3058,.T.);
#1604=ORIENTED_EDGE('',*,*,#2903,.T.);
#1605=ORIENTED_EDGE('',*,*,#3058,.F.);
#1606=ORIENTED_EDGE('',*,*,#3059,.F.);
#1607=ORIENTED_EDGE('',*,*,#3060,.T.);
#1608=ORIENTED_EDGE('',*,*,#3061,.T.);
#1609=ORIENTED_EDGE('',*,*,#2904,.F.);
#1610=ORIENTED_EDGE('',*,*,#2802,.F.);
#1611=ORIENTED_EDGE('',*,*,#3062,.T.);
#1612=ORIENTED_EDGE('',*,*,#2898,.T.);
#1613=ORIENTED_EDGE('',*,*,#3060,.F.);
#1614=ORIENTED_EDGE('',*,*,#3063,.F.);
#1615=ORIENTED_EDGE('',*,*,#3064,.T.);
#1616=ORIENTED_EDGE('',*,*,#2937,.F.);
#1617=ORIENTED_EDGE('',*,*,#3065,.F.);
#1618=ORIENTED_EDGE('',*,*,#3061,.F.);
#1619=ORIENTED_EDGE('',*,*,#3053,.F.);
#1620=ORIENTED_EDGE('',*,*,#3066,.T.);
#1621=ORIENTED_EDGE('',*,*,#3063,.T.);
#1622=ORIENTED_EDGE('',*,*,#3059,.T.);
#1623=ORIENTED_EDGE('',*,*,#3057,.F.);
#1624=ORIENTED_EDGE('',*,*,#3055,.T.);
#1625=ORIENTED_EDGE('',*,*,#2751,.F.);
#1626=ORIENTED_EDGE('',*,*,#3067,.T.);
#1627=ORIENTED_EDGE('',*,*,#2891,.T.);
#1628=ORIENTED_EDGE('',*,*,#3068,.F.);
#1629=ORIENTED_EDGE('',*,*,#3069,.F.);
#1630=ORIENTED_EDGE('',*,*,#3070,.T.);
#1631=ORIENTED_EDGE('',*,*,#2863,.T.);
#1632=ORIENTED_EDGE('',*,*,#3071,.T.);
#1633=ORIENTED_EDGE('',*,*,#2893,.F.);
#1634=ORIENTED_EDGE('',*,*,#3072,.T.);
#1635=ORIENTED_EDGE('',*,*,#2749,.F.);
#1636=ORIENTED_EDGE('',*,*,#3073,.F.);
#1637=ORIENTED_EDGE('',*,*,#2865,.T.);
#1638=ORIENTED_EDGE('',*,*,#3074,.T.);
#1639=ORIENTED_EDGE('',*,*,#3075,.T.);
#1640=ORIENTED_EDGE('',*,*,#3076,.T.);
#1641=ORIENTED_EDGE('',*,*,#2894,.F.);
#1642=ORIENTED_EDGE('',*,*,#3076,.F.);
#1643=ORIENTED_EDGE('',*,*,#3077,.T.);
#1644=ORIENTED_EDGE('',*,*,#3078,.T.);
#1645=ORIENTED_EDGE('',*,*,#2895,.T.);
#1646=ORIENTED_EDGE('',*,*,#3078,.F.);
#1647=ORIENTED_EDGE('',*,*,#3079,.F.);
#1648=ORIENTED_EDGE('',*,*,#3080,.T.);
#1649=ORIENTED_EDGE('',*,*,#2896,.F.);
#1650=ORIENTED_EDGE('',*,*,#3080,.F.);
#1651=ORIENTED_EDGE('',*,*,#3081,.T.);
#1652=ORIENTED_EDGE('',*,*,#3068,.T.);
#1653=ORIENTED_EDGE('',*,*,#3082,.F.);
#1654=ORIENTED_EDGE('',*,*,#2897,.T.);
#1655=ORIENTED_EDGE('',*,*,#3075,.F.);
#1656=ORIENTED_EDGE('',*,*,#3083,.T.);
#1657=ORIENTED_EDGE('',*,*,#3069,.T.);
#1658=ORIENTED_EDGE('',*,*,#3081,.F.);
#1659=ORIENTED_EDGE('',*,*,#3079,.T.);
#1660=ORIENTED_EDGE('',*,*,#3077,.F.);
#1661=ORIENTED_EDGE('',*,*,#3082,.T.);
#1662=ORIENTED_EDGE('',*,*,#3074,.F.);
#1663=ORIENTED_EDGE('',*,*,#2864,.F.);
#1664=ORIENTED_EDGE('',*,*,#3070,.F.);
#1665=ORIENTED_EDGE('',*,*,#3083,.F.);
#1666=ORIENTED_EDGE('',*,*,#3064,.F.);
#1667=ORIENTED_EDGE('',*,*,#3066,.F.);
#1668=ORIENTED_EDGE('',*,*,#3052,.F.);
#1669=ORIENTED_EDGE('',*,*,#2938,.F.);
#1670=ORIENTED_EDGE('',*,*,#3084,.F.);
#1671=ORIENTED_EDGE('',*,*,#3085,.T.);
#1672=ORIENTED_EDGE('',*,*,#3086,.T.);
#1673=ORIENTED_EDGE('',*,*,#3087,.T.);
#1674=ORIENTED_EDGE('',*,*,#2717,.F.);
#1675=ORIENTED_EDGE('',*,*,#3088,.T.);
#1676=ORIENTED_EDGE('',*,*,#3089,.T.);
#1677=ORIENTED_EDGE('',*,*,#3090,.T.);
#1678=ORIENTED_EDGE('',*,*,#2733,.F.);
#1679=ORIENTED_EDGE('',*,*,#3091,.T.);
#1680=ORIENTED_EDGE('',*,*,#3092,.F.);
#1681=ORIENTED_EDGE('',*,*,#3093,.T.);
#1682=ORIENTED_EDGE('',*,*,#3094,.T.);
#1683=ORIENTED_EDGE('',*,*,#3095,.T.);
#1684=ORIENTED_EDGE('',*,*,#2731,.T.);
#1685=ORIENTED_EDGE('',*,*,#3096,.F.);
#1686=ORIENTED_EDGE('',*,*,#3097,.F.);
#1687=ORIENTED_EDGE('',*,*,#3098,.T.);
#1688=ORIENTED_EDGE('',*,*,#2719,.T.);
#1689=ORIENTED_EDGE('',*,*,#3099,.T.);
#1690=ORIENTED_EDGE('',*,*,#3100,.T.);
#1691=ORIENTED_EDGE('',*,*,#2887,.F.);
#1692=ORIENTED_EDGE('',*,*,#3101,.T.);
#1693=ORIENTED_EDGE('',*,*,#3102,.T.);
#1694=ORIENTED_EDGE('',*,*,#3103,.F.);
#1695=ORIENTED_EDGE('',*,*,#3089,.F.);
#1696=ORIENTED_EDGE('',*,*,#3104,.T.);
#1697=ORIENTED_EDGE('',*,*,#3097,.T.);
#1698=ORIENTED_EDGE('',*,*,#3105,.F.);
#1699=ORIENTED_EDGE('',*,*,#3106,.F.);
#1700=ORIENTED_EDGE('',*,*,#3107,.T.);
#1701=ORIENTED_EDGE('',*,*,#3108,.T.);
#1702=ORIENTED_EDGE('',*,*,#3109,.T.);
#1703=ORIENTED_EDGE('',*,*,#2699,.F.);
#1704=ORIENTED_EDGE('',*,*,#3110,.T.);
#1705=ORIENTED_EDGE('',*,*,#3111,.T.);
#1706=ORIENTED_EDGE('',*,*,#2742,.T.);
#1707=ORIENTED_EDGE('',*,*,#2737,.F.);
#1708=ORIENTED_EDGE('',*,*,#3112,.T.);
#1709=ORIENTED_EDGE('',*,*,#3113,.F.);
#1710=ORIENTED_EDGE('',*,*,#3114,.T.);
#1711=ORIENTED_EDGE('',*,*,#3115,.T.);
#1712=ORIENTED_EDGE('',*,*,#3116,.T.);
#1713=ORIENTED_EDGE('',*,*,#2735,.T.);
#1714=ORIENTED_EDGE('',*,*,#2741,.F.);
#1715=ORIENTED_EDGE('',*,*,#3117,.F.);
#1716=ORIENTED_EDGE('',*,*,#3118,.T.);
#1717=ORIENTED_EDGE('',*,*,#2701,.T.);
#1718=ORIENTED_EDGE('',*,*,#3119,.T.);
#1719=ORIENTED_EDGE('',*,*,#3120,.F.);
#1720=ORIENTED_EDGE('',*,*,#3121,.T.);
#1721=ORIENTED_EDGE('',*,*,#3122,.T.);
#1722=ORIENTED_EDGE('',*,*,#3123,.T.);
#1723=ORIENTED_EDGE('',*,*,#3025,.T.);
#1724=ORIENTED_EDGE('',*,*,#3124,.F.);
#1725=ORIENTED_EDGE('',*,*,#3102,.F.);
#1726=ORIENTED_EDGE('',*,*,#3125,.T.);
#1727=ORIENTED_EDGE('',*,*,#2713,.T.);
#1728=ORIENTED_EDGE('',*,*,#3126,.T.);
#1729=ORIENTED_EDGE('',*,*,#3127,.F.);
#1730=ORIENTED_EDGE('',*,*,#3128,.T.);
#1731=ORIENTED_EDGE('',*,*,#3129,.T.);
#1732=ORIENTED_EDGE('',*,*,#3130,.T.);
#1733=ORIENTED_EDGE('',*,*,#2705,.F.);
#1734=ORIENTED_EDGE('',*,*,#3131,.T.);
#1735=ORIENTED_EDGE('',*,*,#3132,.T.);
#1736=ORIENTED_EDGE('',*,*,#2739,.T.);
#1737=ORIENTED_EDGE('',*,*,#2697,.F.);
#1738=ORIENTED_EDGE('',*,*,#3133,.T.);
#1739=ORIENTED_EDGE('',*,*,#3134,.T.);
#1740=ORIENTED_EDGE('',*,*,#3132,.F.);
#1741=ORIENTED_EDGE('',*,*,#3135,.T.);
#1742=ORIENTED_EDGE('',*,*,#2795,.T.);
#1743=ORIENTED_EDGE('',*,*,#2743,.T.);
#1744=ORIENTED_EDGE('',*,*,#3111,.F.);
#1745=ORIENTED_EDGE('',*,*,#3136,.T.);
#1746=ORIENTED_EDGE('',*,*,#3117,.T.);
#1747=ORIENTED_EDGE('',*,*,#2740,.T.);
#1748=ORIENTED_EDGE('',*,*,#3137,.T.);
#1749=ORIENTED_EDGE('',*,*,#3138,.T.);
#1750=ORIENTED_EDGE('',*,*,#2686,.F.);
#1751=ORIENTED_EDGE('',*,*,#3139,.T.);
#1752=ORIENTED_EDGE('',*,*,#2888,.F.);
#1753=ORIENTED_EDGE('',*,*,#3105,.T.);
#1754=ORIENTED_EDGE('',*,*,#3096,.T.);
#1755=ORIENTED_EDGE('',*,*,#2734,.T.);
#1756=ORIENTED_EDGE('',*,*,#3090,.F.);
#1757=ORIENTED_EDGE('',*,*,#3103,.T.);
#1758=ORIENTED_EDGE('',*,*,#3124,.T.);
#1759=ORIENTED_EDGE('',*,*,#3027,.T.);
#1760=ORIENTED_EDGE('',*,*,#3140,.T.);
#1761=ORIENTED_EDGE('',*,*,#2681,.T.);
#1762=ORIENTED_EDGE('',*,*,#3141,.T.);
#1763=ORIENTED_EDGE('',*,*,#2688,.F.);
#1764=ORIENTED_EDGE('',*,*,#3140,.F.);
#1765=ORIENTED_EDGE('',*,*,#3100,.F.);
#1766=ORIENTED_EDGE('',*,*,#3134,.F.);
#1767=ORIENTED_EDGE('',*,*,#3141,.F.);
#1768=ORIENTED_EDGE('',*,*,#2704,.F.);
#1769=ORIENTED_EDGE('',*,*,#2846,.F.);
#1770=ORIENTED_EDGE('',*,*,#3142,.F.);
#1771=ORIENTED_EDGE('',*,*,#3131,.F.);
#1772=ORIENTED_EDGE('',*,*,#3142,.T.);
#1773=ORIENTED_EDGE('',*,*,#3143,.F.);
#1774=ORIENTED_EDGE('',*,*,#2796,.F.);
#1775=ORIENTED_EDGE('',*,*,#3135,.F.);
#1776=ORIENTED_EDGE('',*,*,#2714,.F.);
#1777=ORIENTED_EDGE('',*,*,#3125,.F.);
#1778=ORIENTED_EDGE('',*,*,#3144,.F.);
#1779=ORIENTED_EDGE('',*,*,#2908,.F.);
#1780=ORIENTED_EDGE('',*,*,#3144,.T.);
#1781=ORIENTED_EDGE('',*,*,#3101,.F.);
#1782=ORIENTED_EDGE('',*,*,#2886,.F.);
#1783=ORIENTED_EDGE('',*,*,#3145,.F.);
#1784=ORIENTED_EDGE('',*,*,#2720,.F.);
#1785=ORIENTED_EDGE('',*,*,#3098,.F.);
#1786=ORIENTED_EDGE('',*,*,#3146,.F.);
#1787=ORIENTED_EDGE('',*,*,#2932,.F.);
#1788=ORIENTED_EDGE('',*,*,#2716,.F.);
#1789=ORIENTED_EDGE('',*,*,#2910,.F.);
#1790=ORIENTED_EDGE('',*,*,#3147,.F.);
#1791=ORIENTED_EDGE('',*,*,#3088,.F.);
#1792=ORIENTED_EDGE('',*,*,#3146,.T.);
#1793=ORIENTED_EDGE('',*,*,#3104,.F.);
#1794=ORIENTED_EDGE('',*,*,#3147,.T.);
#1795=ORIENTED_EDGE('',*,*,#3148,.T.);
#1796=ORIENTED_EDGE('',*,*,#2933,.F.);
#1797=ORIENTED_EDGE('',*,*,#2730,.F.);
#1798=ORIENTED_EDGE('',*,*,#2870,.F.);
#1799=ORIENTED_EDGE('',*,*,#3149,.F.);
#1800=ORIENTED_EDGE('',*,*,#3110,.F.);
#1801=ORIENTED_EDGE('',*,*,#3149,.T.);
#1802=ORIENTED_EDGE('',*,*,#2869,.F.);
#1803=ORIENTED_EDGE('',*,*,#3150,.F.);
#1804=ORIENTED_EDGE('',*,*,#3151,.F.);
#1805=ORIENTED_EDGE('',*,*,#3136,.F.);
#1806=ORIENTED_EDGE('',*,*,#3151,.T.);
#1807=ORIENTED_EDGE('',*,*,#2847,.F.);
#1808=ORIENTED_EDGE('',*,*,#2702,.F.);
#1809=ORIENTED_EDGE('',*,*,#3118,.F.);
#1810=ORIENTED_EDGE('',*,*,#3152,.T.);
#1811=ORIENTED_EDGE('',*,*,#2759,.T.);
#1812=ORIENTED_EDGE('',*,*,#3048,.T.);
#1813=ORIENTED_EDGE('',*,*,#3153,.T.);
#1814=ORIENTED_EDGE('',*,*,#3154,.F.);
#1815=ORIENTED_EDGE('',*,*,#3155,.T.);
#1816=ORIENTED_EDGE('',*,*,#3156,.T.);
#1817=ORIENTED_EDGE('',*,*,#3157,.T.);
#1818=ORIENTED_EDGE('',*,*,#2878,.T.);
#1819=ORIENTED_EDGE('',*,*,#3158,.F.);
#1820=ORIENTED_EDGE('',*,*,#3159,.T.);
#1821=ORIENTED_EDGE('',*,*,#3160,.T.);
#1822=ORIENTED_EDGE('',*,*,#3153,.F.);
#1823=ORIENTED_EDGE('',*,*,#3005,.F.);
#1824=ORIENTED_EDGE('',*,*,#3161,.T.);
#1825=ORIENTED_EDGE('',*,*,#3156,.F.);
#1826=ORIENTED_EDGE('',*,*,#3162,.T.);
#1827=ORIENTED_EDGE('',*,*,#3163,.F.);
#1828=ORIENTED_EDGE('',*,*,#3164,.T.);
#1829=ORIENTED_EDGE('',*,*,#3158,.T.);
#1830=ORIENTED_EDGE('',*,*,#3165,.T.);
#1831=ORIENTED_EDGE('',*,*,#3166,.T.);
#1832=ORIENTED_EDGE('',*,*,#3167,.T.);
#1833=ORIENTED_EDGE('',*,*,#3154,.T.);
#1834=ORIENTED_EDGE('',*,*,#2986,.F.);
#1835=ORIENTED_EDGE('',*,*,#3152,.F.);
#1836=ORIENTED_EDGE('',*,*,#3160,.F.);
#1837=ORIENTED_EDGE('',*,*,#3168,.T.);
#1838=ORIENTED_EDGE('',*,*,#3169,.F.);
#1839=ORIENTED_EDGE('',*,*,#3049,.T.);
#1840=ORIENTED_EDGE('',*,*,#2830,.F.);
#1841=ORIENTED_EDGE('',*,*,#3170,.T.);
#1842=ORIENTED_EDGE('',*,*,#3171,.F.);
#1843=ORIENTED_EDGE('',*,*,#3172,.T.);
#1844=ORIENTED_EDGE('',*,*,#3173,.T.);
#1845=ORIENTED_EDGE('',*,*,#3174,.T.);
#1846=ORIENTED_EDGE('',*,*,#3008,.T.);
#1847=ORIENTED_EDGE('',*,*,#3169,.T.);
#1848=ORIENTED_EDGE('',*,*,#3175,.T.);
#1849=ORIENTED_EDGE('',*,*,#3176,.T.);
#1850=ORIENTED_EDGE('',*,*,#3177,.T.);
#1851=ORIENTED_EDGE('',*,*,#3178,.T.);
#1852=ORIENTED_EDGE('',*,*,#3179,.T.);
#1853=ORIENTED_EDGE('',*,*,#3180,.F.);
#1854=ORIENTED_EDGE('',*,*,#3181,.T.);
#1855=ORIENTED_EDGE('',*,*,#3182,.T.);
#1856=ORIENTED_EDGE('',*,*,#2924,.F.);
#1857=ORIENTED_EDGE('',*,*,#3183,.T.);
#1858=ORIENTED_EDGE('',*,*,#3184,.F.);
#1859=ORIENTED_EDGE('',*,*,#3185,.T.);
#1860=ORIENTED_EDGE('',*,*,#3180,.T.);
#1861=ORIENTED_EDGE('',*,*,#3186,.T.);
#1862=ORIENTED_EDGE('',*,*,#3173,.F.);
#1863=ORIENTED_EDGE('',*,*,#3187,.T.);
#1864=ORIENTED_EDGE('',*,*,#3182,.F.);
#1865=ORIENTED_EDGE('',*,*,#3188,.T.);
#1866=ORIENTED_EDGE('',*,*,#3189,.T.);
#1867=ORIENTED_EDGE('',*,*,#3190,.T.);
#1868=ORIENTED_EDGE('',*,*,#3171,.T.);
#1869=ORIENTED_EDGE('',*,*,#3170,.F.);
#1870=ORIENTED_EDGE('',*,*,#2984,.F.);
#1871=ORIENTED_EDGE('',*,*,#3191,.F.);
#1872=ORIENTED_EDGE('',*,*,#3192,.T.);
#1873=ORIENTED_EDGE('',*,*,#2976,.T.);
#1874=ORIENTED_EDGE('',*,*,#3193,.F.);
#1875=ORIENTED_EDGE('',*,*,#3178,.F.);
#1876=ORIENTED_EDGE('',*,*,#3194,.T.);
#1877=ORIENTED_EDGE('',*,*,#3191,.T.);
#1878=ORIENTED_EDGE('',*,*,#3195,.T.);
#1879=ORIENTED_EDGE('',*,*,#3196,.T.);
#1880=ORIENTED_EDGE('',*,*,#3197,.T.);
#1881=ORIENTED_EDGE('',*,*,#3166,.F.);
#1882=ORIENTED_EDGE('',*,*,#3198,.T.);
#1883=ORIENTED_EDGE('',*,*,#3163,.T.);
#1884=ORIENTED_EDGE('',*,*,#3199,.T.);
#1885=ORIENTED_EDGE('',*,*,#3200,.T.);
#1886=ORIENTED_EDGE('',*,*,#3201,.T.);
#1887=ORIENTED_EDGE('',*,*,#3184,.T.);
#1888=ORIENTED_EDGE('',*,*,#3202,.T.);
#1889=ORIENTED_EDGE('',*,*,#3189,.F.);
#1890=ORIENTED_EDGE('',*,*,#3203,.T.);
#1891=ORIENTED_EDGE('',*,*,#3204,.F.);
#1892=ORIENTED_EDGE('',*,*,#3205,.T.);
#1893=ORIENTED_EDGE('',*,*,#2952,.T.);
#1894=ORIENTED_EDGE('',*,*,#3206,.T.);
#1895=ORIENTED_EDGE('',*,*,#2978,.F.);
#1896=ORIENTED_EDGE('',*,*,#3207,.T.);
#1897=ORIENTED_EDGE('',*,*,#3204,.T.);
#1898=ORIENTED_EDGE('',*,*,#3208,.F.);
#1899=ORIENTED_EDGE('',*,*,#3209,.T.);
#1900=ORIENTED_EDGE('',*,*,#3210,.T.);
#1901=ORIENTED_EDGE('',*,*,#3211,.T.);
#1902=ORIENTED_EDGE('',*,*,#3212,.T.);
#1903=ORIENTED_EDGE('',*,*,#3213,.T.);
#1904=ORIENTED_EDGE('',*,*,#3214,.T.);
#1905=ORIENTED_EDGE('',*,*,#3215,.T.);
#1906=ORIENTED_EDGE('',*,*,#3216,.T.);
#1907=ORIENTED_EDGE('',*,*,#3217,.T.);
#1908=ORIENTED_EDGE('',*,*,#3218,.T.);
#1909=ORIENTED_EDGE('',*,*,#3219,.T.);
#1910=ORIENTED_EDGE('',*,*,#3220,.T.);
#1911=ORIENTED_EDGE('',*,*,#3221,.T.);
#1912=ORIENTED_EDGE('',*,*,#3222,.T.);
#1913=ORIENTED_EDGE('',*,*,#3223,.T.);
#1914=ORIENTED_EDGE('',*,*,#3224,.T.);
#1915=ORIENTED_EDGE('',*,*,#3225,.T.);
#1916=ORIENTED_EDGE('',*,*,#3226,.T.);
#1917=ORIENTED_EDGE('',*,*,#3227,.T.);
#1918=ORIENTED_EDGE('',*,*,#2981,.F.);
#1919=ORIENTED_EDGE('',*,*,#2951,.T.);
#1920=ORIENTED_EDGE('',*,*,#3228,.T.);
#1921=ORIENTED_EDGE('',*,*,#2979,.T.);
#1922=ORIENTED_EDGE('',*,*,#3208,.T.);
#1923=ORIENTED_EDGE('',*,*,#3206,.F.);
#1924=ORIENTED_EDGE('',*,*,#2983,.F.);
#1925=ORIENTED_EDGE('',*,*,#3229,.T.);
#1926=ORIENTED_EDGE('',*,*,#2965,.F.);
#1927=ORIENTED_EDGE('',*,*,#2969,.T.);
#1928=ORIENTED_EDGE('',*,*,#2960,.F.);
#1929=ORIENTED_EDGE('',*,*,#3230,.T.);
#1930=ORIENTED_EDGE('',*,*,#3231,.T.);
#1931=ORIENTED_EDGE('',*,*,#3232,.T.);
#1932=ORIENTED_EDGE('',*,*,#2973,.T.);
#1933=ORIENTED_EDGE('',*,*,#2975,.T.);
#1934=ORIENTED_EDGE('',*,*,#3233,.T.);
#1935=ORIENTED_EDGE('',*,*,#3179,.F.);
#1936=ORIENTED_EDGE('',*,*,#3195,.F.);
#1937=ORIENTED_EDGE('',*,*,#3193,.T.);
#1938=ORIENTED_EDGE('',*,*,#2946,.T.);
#1939=ORIENTED_EDGE('',*,*,#3234,.T.);
#1940=ORIENTED_EDGE('',*,*,#2971,.F.);
#1941=ORIENTED_EDGE('',*,*,#2956,.F.);
#1942=ORIENTED_EDGE('',*,*,#2967,.T.);
#1943=ORIENTED_EDGE('',*,*,#2945,.F.);
#1944=ORIENTED_EDGE('',*,*,#3235,.T.);
#1945=ORIENTED_EDGE('',*,*,#3230,.F.);
#1946=ORIENTED_EDGE('',*,*,#2972,.F.);
#1947=ORIENTED_EDGE('',*,*,#3234,.F.);
#1948=ORIENTED_EDGE('',*,*,#3232,.F.);
#1949=ORIENTED_EDGE('',*,*,#3236,.T.);
#1950=ORIENTED_EDGE('',*,*,#3175,.F.);
#1951=ORIENTED_EDGE('',*,*,#3233,.F.);
#1952=ORIENTED_EDGE('',*,*,#2974,.F.);
#1953=ORIENTED_EDGE('',*,*,#3227,.F.);
#1954=ORIENTED_EDGE('',*,*,#3237,.T.);
#1955=ORIENTED_EDGE('',*,*,#2961,.F.);
#1956=ORIENTED_EDGE('',*,*,#3229,.F.);
#1957=ORIENTED_EDGE('',*,*,#2982,.F.);
#1958=ORIENTED_EDGE('',*,*,#2950,.F.);
#1959=ORIENTED_EDGE('',*,*,#3238,.T.);
#1960=ORIENTED_EDGE('',*,*,#3225,.F.);
#1961=ORIENTED_EDGE('',*,*,#2980,.F.);
#1962=ORIENTED_EDGE('',*,*,#3228,.F.);
#1963=ORIENTED_EDGE('',*,*,#3239,.F.);
#1964=ORIENTED_EDGE('',*,*,#3240,.T.);
#1965=ORIENTED_EDGE('',*,*,#2943,.F.);
#1966=ORIENTED_EDGE('',*,*,#3241,.F.);
#1967=ORIENTED_EDGE('',*,*,#3219,.F.);
#1968=ORIENTED_EDGE('',*,*,#3241,.T.);
#1969=ORIENTED_EDGE('',*,*,#2966,.F.);
#1970=ORIENTED_EDGE('',*,*,#3242,.F.);
#1971=ORIENTED_EDGE('',*,*,#3220,.F.);
#1972=ORIENTED_EDGE('',*,*,#3243,.F.);
#1973=ORIENTED_EDGE('',*,*,#3244,.T.);
#1974=ORIENTED_EDGE('',*,*,#3196,.F.);
#1975=ORIENTED_EDGE('',*,*,#3245,.T.);
#1976=ORIENTED_EDGE('',*,*,#3239,.T.);
#1977=ORIENTED_EDGE('',*,*,#3218,.F.);
#1978=ORIENTED_EDGE('',*,*,#3242,.T.);
#1979=ORIENTED_EDGE('',*,*,#2954,.F.);
#1980=ORIENTED_EDGE('',*,*,#3246,.F.);
#1981=ORIENTED_EDGE('',*,*,#3221,.F.);
#1982=ORIENTED_EDGE('',*,*,#2963,.F.);
#1983=ORIENTED_EDGE('',*,*,#3247,.T.);
#1984=ORIENTED_EDGE('',*,*,#3243,.T.);
#1985=ORIENTED_EDGE('',*,*,#3217,.F.);
#1986=ORIENTED_EDGE('',*,*,#3248,.F.);
#1987=ORIENTED_EDGE('',*,*,#3246,.T.);
#1988=ORIENTED_EDGE('',*,*,#2970,.F.);
#1989=ORIENTED_EDGE('',*,*,#3249,.F.);
#1990=ORIENTED_EDGE('',*,*,#3222,.F.);
#1991=ORIENTED_EDGE('',*,*,#3248,.T.);
#1992=ORIENTED_EDGE('',*,*,#3224,.F.);
#1993=ORIENTED_EDGE('',*,*,#3250,.F.);
#1994=ORIENTED_EDGE('',*,*,#2968,.F.);
#1995=ORIENTED_EDGE('',*,*,#3249,.T.);
#1996=ORIENTED_EDGE('',*,*,#2958,.F.);
#1997=ORIENTED_EDGE('',*,*,#3250,.T.);
#1998=ORIENTED_EDGE('',*,*,#3223,.F.);
#1999=ORIENTED_EDGE('',*,*,#3177,.F.);
#2000=ORIENTED_EDGE('',*,*,#3251,.T.);
#2001=ORIENTED_EDGE('',*,*,#3252,.F.);
#2002=ORIENTED_EDGE('',*,*,#3209,.F.);
#2003=ORIENTED_EDGE('',*,*,#3253,.F.);
#2004=ORIENTED_EDGE('',*,*,#3253,.T.);
#2005=ORIENTED_EDGE('',*,*,#3216,.F.);
#2006=ORIENTED_EDGE('',*,*,#3254,.F.);
#2007=ORIENTED_EDGE('',*,*,#3194,.F.);
#2008=ORIENTED_EDGE('',*,*,#3200,.F.);
#2009=ORIENTED_EDGE('',*,*,#3255,.T.);
#2010=ORIENTED_EDGE('',*,*,#3256,.F.);
#2011=ORIENTED_EDGE('',*,*,#3210,.F.);
#2012=ORIENTED_EDGE('',*,*,#3252,.T.);
#2013=ORIENTED_EDGE('',*,*,#3257,.T.);
#2014=ORIENTED_EDGE('',*,*,#3254,.T.);
#2015=ORIENTED_EDGE('',*,*,#3215,.F.);
#2016=ORIENTED_EDGE('',*,*,#3258,.F.);
#2017=ORIENTED_EDGE('',*,*,#3192,.F.);
#2018=ORIENTED_EDGE('',*,*,#3256,.T.);
#2019=ORIENTED_EDGE('',*,*,#3259,.T.);
#2020=ORIENTED_EDGE('',*,*,#2948,.F.);
#2021=ORIENTED_EDGE('',*,*,#3260,.F.);
#2022=ORIENTED_EDGE('',*,*,#3211,.F.);
#2023=ORIENTED_EDGE('',*,*,#3258,.T.);
#2024=ORIENTED_EDGE('',*,*,#3214,.F.);
#2025=ORIENTED_EDGE('',*,*,#3261,.F.);
#2026=ORIENTED_EDGE('',*,*,#2977,.F.);
#2027=ORIENTED_EDGE('',*,*,#3260,.T.);
#2028=ORIENTED_EDGE('',*,*,#3205,.F.);
#2029=ORIENTED_EDGE('',*,*,#3262,.F.);
#2030=ORIENTED_EDGE('',*,*,#3212,.F.);
#2031=ORIENTED_EDGE('',*,*,#3261,.T.);
#2032=ORIENTED_EDGE('',*,*,#3213,.F.);
#2033=ORIENTED_EDGE('',*,*,#3262,.T.);
#2034=ORIENTED_EDGE('',*,*,#3207,.F.);
#2035=ORIENTED_EDGE('',*,*,#3162,.F.);
#2036=ORIENTED_EDGE('',*,*,#3155,.F.);
#2037=ORIENTED_EDGE('',*,*,#3167,.F.);
#2038=ORIENTED_EDGE('',*,*,#3197,.F.);
#2039=ORIENTED_EDGE('',*,*,#3244,.F.);
#2040=ORIENTED_EDGE('',*,*,#3247,.F.);
#2041=ORIENTED_EDGE('',*,*,#2962,.F.);
#2042=ORIENTED_EDGE('',*,*,#3237,.F.);
#2043=ORIENTED_EDGE('',*,*,#3226,.F.);
#2044=ORIENTED_EDGE('',*,*,#3238,.F.);
#2045=ORIENTED_EDGE('',*,*,#2949,.F.);
#2046=ORIENTED_EDGE('',*,*,#3259,.F.);
#2047=ORIENTED_EDGE('',*,*,#3255,.F.);
#2048=ORIENTED_EDGE('',*,*,#3199,.F.);
#2049=ORIENTED_EDGE('',*,*,#3235,.F.);
#2050=ORIENTED_EDGE('',*,*,#2944,.F.);
#2051=ORIENTED_EDGE('',*,*,#3240,.F.);
#2052=ORIENTED_EDGE('',*,*,#3245,.F.);
#2053=ORIENTED_EDGE('',*,*,#3203,.F.);
#2054=ORIENTED_EDGE('',*,*,#3188,.F.);
#2055=ORIENTED_EDGE('',*,*,#3181,.F.);
#2056=ORIENTED_EDGE('',*,*,#3185,.F.);
#2057=ORIENTED_EDGE('',*,*,#3201,.F.);
#2058=ORIENTED_EDGE('',*,*,#3257,.F.);
#2059=ORIENTED_EDGE('',*,*,#3251,.F.);
#2060=ORIENTED_EDGE('',*,*,#3176,.F.);
#2061=ORIENTED_EDGE('',*,*,#3236,.F.);
#2062=ORIENTED_EDGE('',*,*,#3231,.F.);
#2063=ORIENTED_EDGE('',*,*,#3187,.F.);
#2064=ORIENTED_EDGE('',*,*,#3172,.F.);
#2065=ORIENTED_EDGE('',*,*,#3190,.F.);
#2066=ORIENTED_EDGE('',*,*,#3202,.F.);
#2067=ORIENTED_EDGE('',*,*,#3164,.F.);
#2068=ORIENTED_EDGE('',*,*,#3198,.F.);
#2069=ORIENTED_EDGE('',*,*,#3168,.F.);
#2070=ORIENTED_EDGE('',*,*,#3159,.F.);
#2071=ORIENTED_EDGE('',*,*,#3161,.F.);
#2072=ORIENTED_EDGE('',*,*,#3004,.F.);
#2073=ORIENTED_EDGE('',*,*,#3157,.F.);
#2074=ORIENTED_EDGE('',*,*,#3165,.F.);
#2075=ORIENTED_EDGE('',*,*,#3183,.F.);
#2076=ORIENTED_EDGE('',*,*,#3009,.F.);
#2077=ORIENTED_EDGE('',*,*,#3174,.F.);
#2078=ORIENTED_EDGE('',*,*,#3186,.F.);
#2079=ORIENTED_EDGE('',*,*,#2784,.F.);
#2080=ORIENTED_EDGE('',*,*,#3263,.T.);
#2081=ORIENTED_EDGE('',*,*,#2797,.F.);
#2082=ORIENTED_EDGE('',*,*,#3143,.T.);
#2083=ORIENTED_EDGE('',*,*,#2845,.T.);
#2084=ORIENTED_EDGE('',*,*,#3150,.T.);
#2085=ORIENTED_EDGE('',*,*,#3264,.T.);
#2086=ORIENTED_EDGE('',*,*,#3265,.T.);
#2087=ORIENTED_EDGE('',*,*,#2785,.T.);
#2088=ORIENTED_EDGE('',*,*,#3264,.F.);
#2089=ORIENTED_EDGE('',*,*,#2868,.F.);
#2090=ORIENTED_EDGE('',*,*,#3266,.T.);
#2091=ORIENTED_EDGE('',*,*,#2786,.T.);
#2092=ORIENTED_EDGE('',*,*,#3265,.F.);
#2093=ORIENTED_EDGE('',*,*,#2867,.F.);
#2094=ORIENTED_EDGE('',*,*,#3073,.T.);
#2095=ORIENTED_EDGE('',*,*,#2787,.T.);
#2096=ORIENTED_EDGE('',*,*,#3266,.F.);
#2097=ORIENTED_EDGE('',*,*,#2866,.F.);
#2098=ORIENTED_EDGE('',*,*,#2837,.T.);
#2099=ORIENTED_EDGE('',*,*,#3267,.T.);
#2100=ORIENTED_EDGE('',*,*,#2940,.T.);
#2101=ORIENTED_EDGE('',*,*,#3051,.F.);
#2102=ORIENTED_EDGE('',*,*,#2835,.T.);
#2103=ORIENTED_EDGE('',*,*,#3016,.T.);
#2104=ORIENTED_EDGE('',*,*,#2997,.F.);
#2105=ORIENTED_EDGE('',*,*,#3038,.F.);
#2106=ORIENTED_EDGE('',*,*,#3268,.T.);
#2107=ORIENTED_EDGE('',*,*,#2942,.T.);
#2108=ORIENTED_EDGE('',*,*,#3269,.F.);
#2109=ORIENTED_EDGE('',*,*,#3037,.F.);
#2110=ORIENTED_EDGE('',*,*,#3270,.T.);
#2111=ORIENTED_EDGE('',*,*,#2920,.T.);
#2112=ORIENTED_EDGE('',*,*,#3268,.F.);
#2113=ORIENTED_EDGE('',*,*,#3269,.T.);
#2114=ORIENTED_EDGE('',*,*,#2941,.F.);
#2115=ORIENTED_EDGE('',*,*,#3267,.F.);
#2116=ORIENTED_EDGE('',*,*,#2836,.F.);
#2117=ORIENTED_EDGE('',*,*,#2861,.T.);
#2118=ORIENTED_EDGE('',*,*,#3271,.T.);
#2119=ORIENTED_EDGE('',*,*,#2753,.F.);
#2120=ORIENTED_EDGE('',*,*,#3272,.F.);
#2121=ORIENTED_EDGE('',*,*,#3272,.T.);
#2122=ORIENTED_EDGE('',*,*,#2752,.T.);
#2123=ORIENTED_EDGE('',*,*,#3071,.F.);
#2124=ORIENTED_EDGE('',*,*,#2862,.F.);
#2125=ORIENTED_EDGE('',*,*,#2859,.F.);
#2126=ORIENTED_EDGE('',*,*,#3273,.T.);
#2127=ORIENTED_EDGE('',*,*,#3028,.T.);
#2128=ORIENTED_EDGE('',*,*,#3274,.F.);
#2129=ORIENTED_EDGE('',*,*,#3274,.T.);
#2130=ORIENTED_EDGE('',*,*,#3031,.T.);
#2131=ORIENTED_EDGE('',*,*,#3019,.F.);
#2132=ORIENTED_EDGE('',*,*,#3023,.T.);
#2133=ORIENTED_EDGE('',*,*,#2754,.T.);
#2134=ORIENTED_EDGE('',*,*,#3271,.F.);
#2135=ORIENTED_EDGE('',*,*,#2860,.F.);
#2136=ORIENTED_EDGE('',*,*,#2748,.T.);
#2137=ORIENTED_EDGE('',*,*,#2856,.F.);
#2138=ORIENTED_EDGE('',*,*,#2875,.T.);
#2139=ORIENTED_EDGE('',*,*,#3275,.T.);
#2140=ORIENTED_EDGE('',*,*,#2762,.F.);
#2141=ORIENTED_EDGE('',*,*,#3046,.F.);
#2142=ORIENTED_EDGE('',*,*,#3276,.T.);
#2143=ORIENTED_EDGE('',*,*,#2763,.T.);
#2144=ORIENTED_EDGE('',*,*,#3275,.F.);
#2145=ORIENTED_EDGE('',*,*,#2874,.F.);
#2146=ORIENTED_EDGE('',*,*,#2873,.T.);
#2147=ORIENTED_EDGE('',*,*,#3277,.T.);
#2148=ORIENTED_EDGE('',*,*,#2764,.F.);
#2149=ORIENTED_EDGE('',*,*,#3276,.F.);
#2150=ORIENTED_EDGE('',*,*,#3278,.T.);
#2151=ORIENTED_EDGE('',*,*,#2765,.T.);
#2152=ORIENTED_EDGE('',*,*,#3277,.F.);
#2153=ORIENTED_EDGE('',*,*,#2872,.F.);
#2154=ORIENTED_EDGE('',*,*,#2840,.T.);
#2155=ORIENTED_EDGE('',*,*,#2766,.T.);
#2156=ORIENTED_EDGE('',*,*,#3278,.F.);
#2157=ORIENTED_EDGE('',*,*,#2871,.F.);
#2158=ORIENTED_EDGE('',*,*,#3279,.T.);
#2159=ORIENTED_EDGE('',*,*,#2771,.T.);
#2160=ORIENTED_EDGE('',*,*,#3280,.F.);
#2161=ORIENTED_EDGE('',*,*,#2855,.F.);
#2162=ORIENTED_EDGE('',*,*,#2854,.T.);
#2163=ORIENTED_EDGE('',*,*,#3281,.T.);
#2164=ORIENTED_EDGE('',*,*,#2772,.F.);
#2165=ORIENTED_EDGE('',*,*,#3279,.F.);
#2166=ORIENTED_EDGE('',*,*,#3282,.T.);
#2167=ORIENTED_EDGE('',*,*,#2773,.T.);
#2168=ORIENTED_EDGE('',*,*,#3281,.F.);
#2169=ORIENTED_EDGE('',*,*,#2853,.F.);
#2170=ORIENTED_EDGE('',*,*,#3283,.T.);
#2171=ORIENTED_EDGE('',*,*,#2774,.T.);
#2172=ORIENTED_EDGE('',*,*,#3282,.F.);
#2173=ORIENTED_EDGE('',*,*,#2852,.F.);
#2174=ORIENTED_EDGE('',*,*,#3284,.T.);
#2175=ORIENTED_EDGE('',*,*,#2775,.T.);
#2176=ORIENTED_EDGE('',*,*,#3283,.F.);
#2177=ORIENTED_EDGE('',*,*,#2851,.F.);
#2178=ORIENTED_EDGE('',*,*,#3285,.T.);
#2179=ORIENTED_EDGE('',*,*,#2776,.T.);
#2180=ORIENTED_EDGE('',*,*,#3284,.F.);
#2181=ORIENTED_EDGE('',*,*,#2850,.F.);
#2182=ORIENTED_EDGE('',*,*,#3286,.T.);
#2183=ORIENTED_EDGE('',*,*,#2777,.T.);
#2184=ORIENTED_EDGE('',*,*,#3285,.F.);
#2185=ORIENTED_EDGE('',*,*,#2849,.F.);
#2186=ORIENTED_EDGE('',*,*,#2848,.T.);
#2187=ORIENTED_EDGE('',*,*,#3280,.T.);
#2188=ORIENTED_EDGE('',*,*,#2770,.F.);
#2189=ORIENTED_EDGE('',*,*,#3287,.T.);
#2190=ORIENTED_EDGE('',*,*,#3288,.F.);
#2191=ORIENTED_EDGE('',*,*,#3289,.T.);
#2192=ORIENTED_EDGE('',*,*,#2819,.F.);
#2193=ORIENTED_EDGE('',*,*,#3290,.T.);
#2194=ORIENTED_EDGE('',*,*,#2913,.F.);
#2195=ORIENTED_EDGE('',*,*,#3291,.F.);
#2196=ORIENTED_EDGE('',*,*,#2811,.F.);
#2197=ORIENTED_EDGE('',*,*,#2790,.T.);
#2198=ORIENTED_EDGE('',*,*,#2778,.F.);
#2199=ORIENTED_EDGE('',*,*,#3286,.F.);
#2200=ORIENTED_EDGE('',*,*,#2838,.T.);
#2201=ORIENTED_EDGE('',*,*,#2911,.T.);
#2202=ORIENTED_EDGE('',*,*,#2823,.T.);
#2203=ORIENTED_EDGE('',*,*,#2844,.T.);
#2204=ORIENTED_EDGE('',*,*,#2931,.T.);
#2205=ORIENTED_EDGE('',*,*,#3292,.F.);
#2206=ORIENTED_EDGE('',*,*,#2824,.T.);
#2207=ORIENTED_EDGE('',*,*,#3292,.T.);
#2208=ORIENTED_EDGE('',*,*,#2930,.T.);
#2209=ORIENTED_EDGE('',*,*,#3293,.F.);
#2210=ORIENTED_EDGE('',*,*,#3293,.T.);
#2211=ORIENTED_EDGE('',*,*,#2929,.F.);
#2212=ORIENTED_EDGE('',*,*,#3294,.F.);
#2213=ORIENTED_EDGE('',*,*,#2825,.F.);
#2214=ORIENTED_EDGE('',*,*,#2826,.T.);
#2215=ORIENTED_EDGE('',*,*,#3294,.T.);
#2216=ORIENTED_EDGE('',*,*,#2928,.T.);
#2217=ORIENTED_EDGE('',*,*,#3295,.F.);
#2218=ORIENTED_EDGE('',*,*,#3295,.T.);
#2219=ORIENTED_EDGE('',*,*,#2927,.F.);
#2220=ORIENTED_EDGE('',*,*,#3047,.F.);
#2221=ORIENTED_EDGE('',*,*,#2827,.F.);
#2222=ORIENTED_EDGE('',*,*,#2812,.T.);
#2223=ORIENTED_EDGE('',*,*,#3291,.T.);
#2224=ORIENTED_EDGE('',*,*,#2912,.T.);
#2225=ORIENTED_EDGE('',*,*,#3296,.F.);
#2226=ORIENTED_EDGE('',*,*,#2813,.T.);
#2227=ORIENTED_EDGE('',*,*,#3296,.T.);
#2228=ORIENTED_EDGE('',*,*,#2919,.T.);
#2229=ORIENTED_EDGE('',*,*,#3297,.F.);
#2230=ORIENTED_EDGE('',*,*,#2814,.T.);
#2231=ORIENTED_EDGE('',*,*,#3297,.T.);
#2232=ORIENTED_EDGE('',*,*,#2918,.T.);
#2233=ORIENTED_EDGE('',*,*,#3298,.F.);
#2234=ORIENTED_EDGE('',*,*,#2815,.T.);
#2235=ORIENTED_EDGE('',*,*,#3298,.T.);
#2236=ORIENTED_EDGE('',*,*,#2917,.T.);
#2237=ORIENTED_EDGE('',*,*,#3299,.F.);
#2238=ORIENTED_EDGE('',*,*,#2816,.T.);
#2239=ORIENTED_EDGE('',*,*,#3299,.T.);
#2240=ORIENTED_EDGE('',*,*,#2916,.T.);
#2241=ORIENTED_EDGE('',*,*,#3300,.F.);
#2242=ORIENTED_EDGE('',*,*,#3300,.T.);
#2243=ORIENTED_EDGE('',*,*,#2915,.F.);
#2244=ORIENTED_EDGE('',*,*,#3301,.F.);
#2245=ORIENTED_EDGE('',*,*,#2817,.F.);
#2246=ORIENTED_EDGE('',*,*,#2818,.T.);
#2247=ORIENTED_EDGE('',*,*,#3301,.T.);
#2248=ORIENTED_EDGE('',*,*,#2914,.T.);
#2249=ORIENTED_EDGE('',*,*,#3290,.F.);
#2250=ORIENTED_EDGE('',*,*,#2803,.T.);
#2251=ORIENTED_EDGE('',*,*,#3065,.T.);
#2252=ORIENTED_EDGE('',*,*,#2936,.T.);
#2253=ORIENTED_EDGE('',*,*,#3302,.F.);
#2254=ORIENTED_EDGE('',*,*,#2804,.T.);
#2255=ORIENTED_EDGE('',*,*,#3302,.T.);
#2256=ORIENTED_EDGE('',*,*,#2935,.T.);
#2257=ORIENTED_EDGE('',*,*,#3303,.F.);
#2258=ORIENTED_EDGE('',*,*,#2805,.T.);
#2259=ORIENTED_EDGE('',*,*,#3303,.T.);
#2260=ORIENTED_EDGE('',*,*,#2934,.T.);
#2261=ORIENTED_EDGE('',*,*,#3304,.F.);
#2262=ORIENTED_EDGE('',*,*,#2885,.F.);
#2263=ORIENTED_EDGE('',*,*,#3305,.T.);
#2264=ORIENTED_EDGE('',*,*,#2806,.F.);
#2265=ORIENTED_EDGE('',*,*,#3304,.T.);
#2266=ORIENTED_EDGE('',*,*,#3148,.F.);
#2267=ORIENTED_EDGE('',*,*,#2909,.F.);
#2268=ORIENTED_EDGE('',*,*,#3145,.T.);
#2269=ORIENTED_EDGE('',*,*,#3306,.T.);
#2270=ORIENTED_EDGE('',*,*,#3307,.T.);
#2271=ORIENTED_EDGE('',*,*,#3308,.T.);
#2272=ORIENTED_EDGE('',*,*,#3288,.T.);
#2273=ORIENTED_EDGE('',*,*,#2769,.F.);
#2274=ORIENTED_EDGE('',*,*,#3309,.T.);
#2275=ORIENTED_EDGE('',*,*,#3306,.F.);
#2276=ORIENTED_EDGE('',*,*,#3287,.F.);
#2277=ORIENTED_EDGE('',*,*,#3308,.F.);
#2278=ORIENTED_EDGE('',*,*,#3310,.T.);
#2279=ORIENTED_EDGE('',*,*,#2820,.F.);
#2280=ORIENTED_EDGE('',*,*,#3289,.F.);
#2281=ORIENTED_EDGE('',*,*,#2709,.T.);
#2282=ORIENTED_EDGE('',*,*,#3311,.T.);
#2283=ORIENTED_EDGE('',*,*,#3312,.T.);
#2284=ORIENTED_EDGE('',*,*,#3313,.T.);
#2285=ORIENTED_EDGE('',*,*,#3314,.F.);
#2286=ORIENTED_EDGE('',*,*,#3315,.F.);
#2287=ORIENTED_EDGE('',*,*,#3316,.T.);
#2288=ORIENTED_EDGE('',*,*,#3042,.T.);
#2289=ORIENTED_EDGE('',*,*,#3317,.F.);
#2290=ORIENTED_EDGE('',*,*,#3318,.F.);
#2291=ORIENTED_EDGE('',*,*,#3319,.T.);
#2292=ORIENTED_EDGE('',*,*,#3315,.T.);
#2293=ORIENTED_EDGE('',*,*,#3320,.T.);
#2294=ORIENTED_EDGE('',*,*,#3321,.F.);
#2295=ORIENTED_EDGE('',*,*,#3322,.F.);
#2296=ORIENTED_EDGE('',*,*,#3318,.T.);
#2297=ORIENTED_EDGE('',*,*,#3323,.F.);
#2298=ORIENTED_EDGE('',*,*,#3324,.F.);
#2299=ORIENTED_EDGE('',*,*,#3325,.T.);
#2300=ORIENTED_EDGE('',*,*,#3321,.T.);
#2301=ORIENTED_EDGE('',*,*,#3326,.T.);
#2302=ORIENTED_EDGE('',*,*,#3327,.F.);
#2303=ORIENTED_EDGE('',*,*,#3328,.F.);
#2304=ORIENTED_EDGE('',*,*,#3324,.T.);
#2305=ORIENTED_EDGE('',*,*,#3329,.T.);
#2306=ORIENTED_EDGE('',*,*,#3330,.F.);
#2307=ORIENTED_EDGE('',*,*,#3331,.F.);
#2308=ORIENTED_EDGE('',*,*,#3327,.T.);
#2309=ORIENTED_EDGE('',*,*,#3332,.F.);
#2310=ORIENTED_EDGE('',*,*,#3333,.F.);
#2311=ORIENTED_EDGE('',*,*,#3334,.T.);
#2312=ORIENTED_EDGE('',*,*,#3330,.T.);
#2313=ORIENTED_EDGE('',*,*,#3335,.T.);
#2314=ORIENTED_EDGE('',*,*,#3336,.F.);
#2315=ORIENTED_EDGE('',*,*,#3337,.F.);
#2316=ORIENTED_EDGE('',*,*,#3333,.T.);
#2317=ORIENTED_EDGE('',*,*,#3338,.T.);
#2318=ORIENTED_EDGE('',*,*,#3339,.F.);
#2319=ORIENTED_EDGE('',*,*,#3340,.F.);
#2320=ORIENTED_EDGE('',*,*,#3336,.T.);
#2321=ORIENTED_EDGE('',*,*,#3341,.T.);
#2322=ORIENTED_EDGE('',*,*,#3342,.T.);
#2323=ORIENTED_EDGE('',*,*,#3343,.F.);
#2324=ORIENTED_EDGE('',*,*,#3339,.T.);
#2325=ORIENTED_EDGE('',*,*,#3343,.T.);
#2326=ORIENTED_EDGE('',*,*,#3344,.T.);
#2327=ORIENTED_EDGE('',*,*,#3043,.F.);
#2328=ORIENTED_EDGE('',*,*,#3316,.F.);
#2329=ORIENTED_EDGE('',*,*,#3319,.F.);
#2330=ORIENTED_EDGE('',*,*,#3322,.T.);
#2331=ORIENTED_EDGE('',*,*,#3325,.F.);
#2332=ORIENTED_EDGE('',*,*,#3328,.T.);
#2333=ORIENTED_EDGE('',*,*,#3331,.T.);
#2334=ORIENTED_EDGE('',*,*,#3334,.F.);
#2335=ORIENTED_EDGE('',*,*,#3337,.T.);
#2336=ORIENTED_EDGE('',*,*,#3340,.T.);
#2337=ORIENTED_EDGE('',*,*,#3041,.T.);
#2338=ORIENTED_EDGE('',*,*,#3345,.T.);
#2339=ORIENTED_EDGE('',*,*,#3341,.F.);
#2340=ORIENTED_EDGE('',*,*,#3338,.F.);
#2341=ORIENTED_EDGE('',*,*,#3335,.F.);
#2342=ORIENTED_EDGE('',*,*,#3332,.T.);
#2343=ORIENTED_EDGE('',*,*,#3329,.F.);
#2344=ORIENTED_EDGE('',*,*,#3326,.F.);
#2345=ORIENTED_EDGE('',*,*,#3323,.T.);
#2346=ORIENTED_EDGE('',*,*,#3320,.F.);
#2347=ORIENTED_EDGE('',*,*,#3317,.T.);
#2348=ORIENTED_EDGE('',*,*,#3314,.T.);
#2349=ORIENTED_EDGE('',*,*,#3072,.F.);
#2350=ORIENTED_EDGE('',*,*,#2892,.F.);
#2351=ORIENTED_EDGE('',*,*,#3067,.F.);
#2352=ORIENTED_EDGE('',*,*,#2750,.F.);
#2353=ORIENTED_EDGE('',*,*,#3050,.F.);
#2354=ORIENTED_EDGE('',*,*,#2899,.F.);
#2355=ORIENTED_EDGE('',*,*,#3062,.F.);
#2356=ORIENTED_EDGE('',*,*,#2801,.F.);
#2357=ORIENTED_EDGE('',*,*,#2858,.F.);
#2358=ORIENTED_EDGE('',*,*,#2906,.F.);
#2359=ORIENTED_EDGE('',*,*,#3029,.F.);
#2360=ORIENTED_EDGE('',*,*,#3273,.F.);
#2361=ORIENTED_EDGE('',*,*,#3036,.F.);
#2362=ORIENTED_EDGE('',*,*,#3001,.F.);
#2363=ORIENTED_EDGE('',*,*,#2921,.F.);
#2364=ORIENTED_EDGE('',*,*,#3270,.F.);
#2365=ORIENTED_EDGE('',*,*,#2781,.F.);
#2366=ORIENTED_EDGE('',*,*,#3015,.F.);
#2367=ORIENTED_EDGE('',*,*,#2809,.F.);
#2368=ORIENTED_EDGE('',*,*,#3312,.F.);
#2369=ORIENTED_EDGE('',*,*,#3044,.F.);
#2370=ORIENTED_EDGE('',*,*,#3344,.F.);
#2371=ORIENTED_EDGE('',*,*,#3346,.F.);
#2372=ORIENTED_EDGE('',*,*,#2995,.F.);
#2373=ORIENTED_EDGE('',*,*,#3346,.T.);
#2374=ORIENTED_EDGE('',*,*,#3342,.F.);
#2375=ORIENTED_EDGE('',*,*,#3347,.F.);
#2376=ORIENTED_EDGE('',*,*,#2988,.F.);
#2377=ORIENTED_EDGE('',*,*,#3347,.T.);
#2378=ORIENTED_EDGE('',*,*,#3345,.F.);
#2379=ORIENTED_EDGE('',*,*,#3040,.F.);
#2380=ORIENTED_EDGE('',*,*,#2989,.F.);
#2381=ORIENTED_EDGE('',*,*,#3305,.F.);
#2382=ORIENTED_EDGE('',*,*,#2884,.F.);
#2383=ORIENTED_EDGE('',*,*,#3348,.F.);
#2384=ORIENTED_EDGE('',*,*,#2807,.F.);
#2385=ORIENTED_EDGE('',*,*,#3348,.T.);
#2386=ORIENTED_EDGE('',*,*,#2710,.F.);
#2387=ORIENTED_EDGE('',*,*,#3313,.F.);
#2388=ORIENTED_EDGE('',*,*,#2808,.F.);
#2389=ORIENTED_EDGE('',*,*,#3263,.F.);
#2390=ORIENTED_EDGE('',*,*,#2783,.F.);
#2391=ORIENTED_EDGE('',*,*,#3349,.F.);
#2392=ORIENTED_EDGE('',*,*,#2798,.F.);
#2393=ORIENTED_EDGE('',*,*,#3349,.T.);
#2394=ORIENTED_EDGE('',*,*,#2782,.F.);
#2395=ORIENTED_EDGE('',*,*,#3311,.F.);
#2396=ORIENTED_EDGE('',*,*,#2708,.F.);
#2397=ORIENTED_EDGE('',*,*,#2842,.F.);
#2398=ORIENTED_EDGE('',*,*,#2821,.F.);
#2399=ORIENTED_EDGE('',*,*,#3350,.F.);
#2400=ORIENTED_EDGE('',*,*,#2723,.F.);
#2401=ORIENTED_EDGE('',*,*,#3350,.T.);
#2402=ORIENTED_EDGE('',*,*,#3310,.F.);
#2403=ORIENTED_EDGE('',*,*,#3351,.F.);
#2404=ORIENTED_EDGE('',*,*,#2724,.F.);
#2405=ORIENTED_EDGE('',*,*,#3351,.T.);
#2406=ORIENTED_EDGE('',*,*,#3307,.F.);
#2407=ORIENTED_EDGE('',*,*,#3352,.F.);
#2408=ORIENTED_EDGE('',*,*,#2725,.F.);
#2409=ORIENTED_EDGE('',*,*,#3352,.T.);
#2410=ORIENTED_EDGE('',*,*,#3309,.F.);
#2411=ORIENTED_EDGE('',*,*,#3353,.F.);
#2412=ORIENTED_EDGE('',*,*,#2726,.F.);
#2413=ORIENTED_EDGE('',*,*,#2839,.F.);
#2414=ORIENTED_EDGE('',*,*,#2727,.F.);
#2415=ORIENTED_EDGE('',*,*,#3353,.T.);
#2416=ORIENTED_EDGE('',*,*,#2768,.F.);
#2417=ORIENTED_EDGE('',*,*,#3354,.T.);
#2418=ORIENTED_EDGE('',*,*,#3355,.T.);
#2419=ORIENTED_EDGE('',*,*,#3356,.F.);
#2420=ORIENTED_EDGE('',*,*,#3357,.T.);
#2421=ORIENTED_EDGE('',*,*,#3358,.T.);
#2422=ORIENTED_EDGE('',*,*,#2689,.F.);
#2423=ORIENTED_EDGE('',*,*,#3359,.T.);
#2424=ORIENTED_EDGE('',*,*,#3360,.T.);
#2425=ORIENTED_EDGE('',*,*,#3361,.T.);
#2426=ORIENTED_EDGE('',*,*,#3362,.T.);
#2427=ORIENTED_EDGE('',*,*,#3363,.F.);
#2428=ORIENTED_EDGE('',*,*,#3364,.T.);
#2429=ORIENTED_EDGE('',*,*,#3365,.T.);
#2430=ORIENTED_EDGE('',*,*,#2691,.T.);
#2431=ORIENTED_EDGE('',*,*,#3366,.T.);
#2432=ORIENTED_EDGE('',*,*,#3367,.T.);
#2433=ORIENTED_EDGE('',*,*,#3363,.T.);
#2434=ORIENTED_EDGE('',*,*,#3368,.T.);
#2435=ORIENTED_EDGE('',*,*,#3354,.F.);
#2436=ORIENTED_EDGE('',*,*,#3369,.T.);
#2437=ORIENTED_EDGE('',*,*,#3370,.T.);
#2438=ORIENTED_EDGE('',*,*,#3371,.T.);
#2439=ORIENTED_EDGE('',*,*,#3372,.F.);
#2440=ORIENTED_EDGE('',*,*,#3373,.T.);
#2441=ORIENTED_EDGE('',*,*,#3374,.T.);
#2442=ORIENTED_EDGE('',*,*,#2682,.F.);
#2443=ORIENTED_EDGE('',*,*,#3375,.T.);
#2444=ORIENTED_EDGE('',*,*,#3376,.T.);
#2445=ORIENTED_EDGE('',*,*,#3377,.T.);
#2446=ORIENTED_EDGE('',*,*,#3378,.T.);
#2447=ORIENTED_EDGE('',*,*,#3379,.F.);
#2448=ORIENTED_EDGE('',*,*,#3380,.T.);
#2449=ORIENTED_EDGE('',*,*,#3381,.T.);
#2450=ORIENTED_EDGE('',*,*,#2684,.T.);
#2451=ORIENTED_EDGE('',*,*,#3382,.T.);
#2452=ORIENTED_EDGE('',*,*,#3383,.T.);
#2453=ORIENTED_EDGE('',*,*,#3372,.T.);
#2454=ORIENTED_EDGE('',*,*,#3384,.T.);
#2455=ORIENTED_EDGE('',*,*,#3377,.F.);
#2456=ORIENTED_EDGE('',*,*,#3385,.T.);
#2457=ORIENTED_EDGE('',*,*,#3386,.F.);
#2458=ORIENTED_EDGE('',*,*,#3387,.T.);
#2459=ORIENTED_EDGE('',*,*,#3092,.T.);
#2460=ORIENTED_EDGE('',*,*,#3388,.T.);
#2461=ORIENTED_EDGE('',*,*,#3086,.F.);
#2462=ORIENTED_EDGE('',*,*,#3389,.T.);
#2463=ORIENTED_EDGE('',*,*,#3390,.F.);
#2464=ORIENTED_EDGE('',*,*,#3391,.T.);
#2465=ORIENTED_EDGE('',*,*,#3120,.T.);
#2466=ORIENTED_EDGE('',*,*,#3392,.T.);
#2467=ORIENTED_EDGE('',*,*,#2882,.F.);
#2468=ORIENTED_EDGE('',*,*,#3393,.T.);
#2469=ORIENTED_EDGE('',*,*,#3394,.F.);
#2470=ORIENTED_EDGE('',*,*,#3395,.T.);
#2471=ORIENTED_EDGE('',*,*,#3396,.T.);
#2472=ORIENTED_EDGE('',*,*,#3379,.T.);
#2473=ORIENTED_EDGE('',*,*,#3397,.T.);
#2474=ORIENTED_EDGE('',*,*,#3370,.F.);
#2475=ORIENTED_EDGE('',*,*,#3398,.T.);
#2476=ORIENTED_EDGE('',*,*,#3084,.T.);
#2477=ORIENTED_EDGE('',*,*,#3399,.T.);
#2478=ORIENTED_EDGE('',*,*,#3094,.F.);
#2479=ORIENTED_EDGE('',*,*,#3400,.T.);
#2480=ORIENTED_EDGE('',*,*,#3401,.T.);
#2481=ORIENTED_EDGE('',*,*,#3402,.T.);
#2482=ORIENTED_EDGE('',*,*,#3403,.T.);
#2483=ORIENTED_EDGE('',*,*,#3404,.T.);
#2484=ORIENTED_EDGE('',*,*,#3405,.T.);
#2485=ORIENTED_EDGE('',*,*,#3406,.T.);
#2486=ORIENTED_EDGE('',*,*,#2880,.T.);
#2487=ORIENTED_EDGE('',*,*,#3407,.T.);
#2488=ORIENTED_EDGE('',*,*,#3122,.F.);
#2489=ORIENTED_EDGE('',*,*,#3408,.T.);
#2490=ORIENTED_EDGE('',*,*,#3409,.T.);
#2491=ORIENTED_EDGE('',*,*,#3410,.T.);
#2492=ORIENTED_EDGE('',*,*,#3411,.F.);
#2493=ORIENTED_EDGE('',*,*,#3356,.T.);
#2494=ORIENTED_EDGE('',*,*,#3412,.T.);
#2495=ORIENTED_EDGE('',*,*,#3361,.F.);
#2496=ORIENTED_EDGE('',*,*,#3413,.T.);
#2497=ORIENTED_EDGE('',*,*,#3414,.T.);
#2498=ORIENTED_EDGE('',*,*,#3415,.T.);
#2499=ORIENTED_EDGE('',*,*,#2791,.T.);
#2500=ORIENTED_EDGE('',*,*,#3416,.T.);
#2501=ORIENTED_EDGE('',*,*,#3129,.F.);
#2502=ORIENTED_EDGE('',*,*,#3417,.T.);
#2503=ORIENTED_EDGE('',*,*,#3418,.T.);
#2504=ORIENTED_EDGE('',*,*,#3419,.T.);
#2505=ORIENTED_EDGE('',*,*,#3113,.T.);
#2506=ORIENTED_EDGE('',*,*,#3420,.T.);
#2507=ORIENTED_EDGE('',*,*,#3108,.F.);
#2508=ORIENTED_EDGE('',*,*,#3421,.T.);
#2509=ORIENTED_EDGE('',*,*,#3422,.T.);
#2510=ORIENTED_EDGE('',*,*,#3423,.T.);
#2511=ORIENTED_EDGE('',*,*,#3424,.F.);
#2512=ORIENTED_EDGE('',*,*,#3425,.F.);
#2513=ORIENTED_EDGE('',*,*,#3426,.T.);
#2514=ORIENTED_EDGE('',*,*,#3427,.T.);
#2515=ORIENTED_EDGE('',*,*,#3428,.T.);
#2516=ORIENTED_EDGE('',*,*,#3429,.F.);
#2517=ORIENTED_EDGE('',*,*,#3430,.T.);
#2518=ORIENTED_EDGE('',*,*,#3106,.T.);
#2519=ORIENTED_EDGE('',*,*,#3431,.T.);
#2520=ORIENTED_EDGE('',*,*,#3115,.F.);
#2521=ORIENTED_EDGE('',*,*,#3432,.T.);
#2522=ORIENTED_EDGE('',*,*,#3433,.F.);
#2523=ORIENTED_EDGE('',*,*,#3434,.T.);
#2524=ORIENTED_EDGE('',*,*,#3127,.T.);
#2525=ORIENTED_EDGE('',*,*,#3435,.T.);
#2526=ORIENTED_EDGE('',*,*,#2793,.F.);
#2527=ORIENTED_EDGE('',*,*,#3436,.T.);
#2528=ORIENTED_EDGE('',*,*,#3437,.T.);
#2529=ORIENTED_EDGE('',*,*,#3414,.F.);
#2530=ORIENTED_EDGE('',*,*,#3438,.T.);
#2531=ORIENTED_EDGE('',*,*,#3425,.T.);
#2532=ORIENTED_EDGE('',*,*,#3439,.T.);
#2533=ORIENTED_EDGE('',*,*,#3429,.T.);
#2534=ORIENTED_EDGE('',*,*,#3440,.T.);
#2535=ORIENTED_EDGE('',*,*,#3422,.F.);
#2536=ORIENTED_EDGE('',*,*,#3441,.T.);
#2537=ORIENTED_EDGE('',*,*,#3437,.F.);
#2538=ORIENTED_EDGE('',*,*,#3424,.T.);
#2539=ORIENTED_EDGE('',*,*,#3433,.T.);
#2540=ORIENTED_EDGE('',*,*,#3442,.T.);
#2541=ORIENTED_EDGE('',*,*,#3418,.F.);
#2542=ORIENTED_EDGE('',*,*,#3443,.T.);
#2543=ORIENTED_EDGE('',*,*,#3386,.T.);
#2544=ORIENTED_EDGE('',*,*,#3444,.T.);
#2545=ORIENTED_EDGE('',*,*,#3401,.F.);
#2546=ORIENTED_EDGE('',*,*,#3445,.T.);
#2547=ORIENTED_EDGE('',*,*,#3405,.F.);
#2548=ORIENTED_EDGE('',*,*,#3446,.T.);
#2549=ORIENTED_EDGE('',*,*,#3394,.T.);
#2550=ORIENTED_EDGE('',*,*,#3447,.T.);
#2551=ORIENTED_EDGE('',*,*,#3411,.T.);
#2552=ORIENTED_EDGE('',*,*,#3396,.F.);
#2553=ORIENTED_EDGE('',*,*,#3390,.T.);
#2554=ORIENTED_EDGE('',*,*,#3448,.T.);
#2555=ORIENTED_EDGE('',*,*,#3409,.F.);
#2556=ORIENTED_EDGE('',*,*,#3449,.T.);
#2557=ORIENTED_EDGE('',*,*,#3355,.F.);
#2558=ORIENTED_EDGE('',*,*,#3368,.F.);
#2559=ORIENTED_EDGE('',*,*,#3362,.F.);
#2560=ORIENTED_EDGE('',*,*,#3412,.F.);
#2561=ORIENTED_EDGE('',*,*,#3378,.F.);
#2562=ORIENTED_EDGE('',*,*,#3384,.F.);
#2563=ORIENTED_EDGE('',*,*,#3371,.F.);
#2564=ORIENTED_EDGE('',*,*,#3397,.F.);
#2565=ORIENTED_EDGE('',*,*,#3358,.F.);
#2566=ORIENTED_EDGE('',*,*,#3427,.F.);
#2567=ORIENTED_EDGE('',*,*,#3366,.F.);
#2568=ORIENTED_EDGE('',*,*,#2690,.F.);
#2569=ORIENTED_EDGE('',*,*,#3428,.F.);
#2570=ORIENTED_EDGE('',*,*,#3357,.F.);
#2571=ORIENTED_EDGE('',*,*,#3423,.F.);
#2572=ORIENTED_EDGE('',*,*,#3440,.F.);
#2573=ORIENTED_EDGE('',*,*,#3365,.F.);
#2574=ORIENTED_EDGE('',*,*,#3450,.F.);
#2575=ORIENTED_EDGE('',*,*,#2747,.F.);
#2576=ORIENTED_EDGE('',*,*,#2692,.F.);
#2577=ORIENTED_EDGE('',*,*,#3369,.F.);
#2578=ORIENTED_EDGE('',*,*,#3360,.F.);
#2579=ORIENTED_EDGE('',*,*,#3451,.F.);
#2580=ORIENTED_EDGE('',*,*,#2745,.F.);
#2581=ORIENTED_EDGE('',*,*,#3450,.T.);
#2582=ORIENTED_EDGE('',*,*,#3364,.F.);
#2583=ORIENTED_EDGE('',*,*,#2694,.F.);
#2584=ORIENTED_EDGE('',*,*,#2746,.F.);
#2585=ORIENTED_EDGE('',*,*,#3451,.T.);
#2586=ORIENTED_EDGE('',*,*,#3359,.F.);
#2587=ORIENTED_EDGE('',*,*,#3426,.F.);
#2588=ORIENTED_EDGE('',*,*,#3438,.F.);
#2589=ORIENTED_EDGE('',*,*,#3413,.F.);
#2590=ORIENTED_EDGE('',*,*,#3367,.F.);
#2591=ORIENTED_EDGE('',*,*,#3419,.F.);
#2592=ORIENTED_EDGE('',*,*,#3442,.F.);
#2593=ORIENTED_EDGE('',*,*,#3432,.F.);
#2594=ORIENTED_EDGE('',*,*,#3114,.F.);
#2595=ORIENTED_EDGE('',*,*,#3415,.F.);
#2596=ORIENTED_EDGE('',*,*,#3439,.F.);
#2597=ORIENTED_EDGE('',*,*,#3436,.F.);
#2598=ORIENTED_EDGE('',*,*,#2792,.F.);
#2599=ORIENTED_EDGE('',*,*,#3417,.F.);
#2600=ORIENTED_EDGE('',*,*,#3128,.F.);
#2601=ORIENTED_EDGE('',*,*,#3434,.F.);
#2602=ORIENTED_EDGE('',*,*,#3443,.F.);
#2603=ORIENTED_EDGE('',*,*,#3421,.F.);
#2604=ORIENTED_EDGE('',*,*,#3107,.F.);
#2605=ORIENTED_EDGE('',*,*,#3430,.F.);
#2606=ORIENTED_EDGE('',*,*,#3441,.F.);
#2607=ORIENTED_EDGE('',*,*,#3116,.F.);
#2608=ORIENTED_EDGE('',*,*,#3431,.F.);
#2609=ORIENTED_EDGE('',*,*,#3112,.F.);
#2610=ORIENTED_EDGE('',*,*,#2736,.F.);
#2611=ORIENTED_EDGE('',*,*,#2794,.F.);
#2612=ORIENTED_EDGE('',*,*,#3435,.F.);
#2613=ORIENTED_EDGE('',*,*,#3133,.F.);
#2614=ORIENTED_EDGE('',*,*,#2696,.F.);
#2615=ORIENTED_EDGE('',*,*,#3119,.F.);
#2616=ORIENTED_EDGE('',*,*,#2700,.F.);
#2617=ORIENTED_EDGE('',*,*,#3109,.F.);
#2618=ORIENTED_EDGE('',*,*,#3420,.F.);
#2619=ORIENTED_EDGE('',*,*,#2799,.F.);
#2620=ORIENTED_EDGE('',*,*,#2706,.F.);
#2621=ORIENTED_EDGE('',*,*,#3130,.F.);
#2622=ORIENTED_EDGE('',*,*,#3416,.F.);
#2623=ORIENTED_EDGE('',*,*,#3404,.F.);
#2624=ORIENTED_EDGE('',*,*,#3373,.F.);
#2625=ORIENTED_EDGE('',*,*,#3395,.F.);
#2626=ORIENTED_EDGE('',*,*,#3446,.F.);
#2627=ORIENTED_EDGE('',*,*,#3402,.F.);
#2628=ORIENTED_EDGE('',*,*,#3444,.F.);
#2629=ORIENTED_EDGE('',*,*,#3385,.F.);
#2630=ORIENTED_EDGE('',*,*,#3383,.F.);
#2631=ORIENTED_EDGE('',*,*,#3387,.F.);
#2632=ORIENTED_EDGE('',*,*,#3445,.F.);
#2633=ORIENTED_EDGE('',*,*,#3400,.F.);
#2634=ORIENTED_EDGE('',*,*,#3093,.F.);
#2635=ORIENTED_EDGE('',*,*,#3393,.F.);
#2636=ORIENTED_EDGE('',*,*,#2881,.F.);
#2637=ORIENTED_EDGE('',*,*,#3406,.F.);
#2638=ORIENTED_EDGE('',*,*,#3447,.F.);
#2639=ORIENTED_EDGE('',*,*,#3389,.F.);
#2640=ORIENTED_EDGE('',*,*,#3085,.F.);
#2641=ORIENTED_EDGE('',*,*,#3410,.F.);
#2642=ORIENTED_EDGE('',*,*,#3448,.F.);
#2643=ORIENTED_EDGE('',*,*,#3391,.F.);
#2644=ORIENTED_EDGE('',*,*,#3449,.F.);
#2645=ORIENTED_EDGE('',*,*,#3408,.F.);
#2646=ORIENTED_EDGE('',*,*,#3121,.F.);
#2647=ORIENTED_EDGE('',*,*,#2883,.F.);
#2648=ORIENTED_EDGE('',*,*,#3392,.F.);
#2649=ORIENTED_EDGE('',*,*,#3126,.F.);
#2650=ORIENTED_EDGE('',*,*,#2712,.F.);
#2651=ORIENTED_EDGE('',*,*,#3087,.F.);
#2652=ORIENTED_EDGE('',*,*,#3388,.F.);
#2653=ORIENTED_EDGE('',*,*,#3099,.F.);
#2654=ORIENTED_EDGE('',*,*,#2718,.F.);
#2655=ORIENTED_EDGE('',*,*,#3381,.F.);
#2656=ORIENTED_EDGE('',*,*,#3452,.F.);
#2657=ORIENTED_EDGE('',*,*,#3139,.F.);
#2658=ORIENTED_EDGE('',*,*,#2685,.F.);
#2659=ORIENTED_EDGE('',*,*,#3398,.F.);
#2660=ORIENTED_EDGE('',*,*,#3376,.F.);
#2661=ORIENTED_EDGE('',*,*,#3453,.F.);
#2662=ORIENTED_EDGE('',*,*,#3137,.F.);
#2663=ORIENTED_EDGE('',*,*,#3452,.T.);
#2664=ORIENTED_EDGE('',*,*,#3380,.F.);
#2665=ORIENTED_EDGE('',*,*,#2687,.F.);
#2666=ORIENTED_EDGE('',*,*,#3138,.F.);
#2667=ORIENTED_EDGE('',*,*,#3453,.T.);
#2668=ORIENTED_EDGE('',*,*,#3375,.F.);
#2669=ORIENTED_EDGE('',*,*,#3091,.F.);
#2670=ORIENTED_EDGE('',*,*,#2732,.F.);
#2671=ORIENTED_EDGE('',*,*,#3095,.F.);
#2672=ORIENTED_EDGE('',*,*,#3399,.F.);
#2673=ORIENTED_EDGE('',*,*,#2890,.F.);
#2674=ORIENTED_EDGE('',*,*,#3026,.F.);
#2675=ORIENTED_EDGE('',*,*,#3123,.F.);
#2676=ORIENTED_EDGE('',*,*,#3407,.F.);
#2677=ORIENTED_EDGE('',*,*,#3382,.F.);
#2678=ORIENTED_EDGE('',*,*,#2683,.F.);
#2679=ORIENTED_EDGE('',*,*,#3374,.F.);
#2680=ORIENTED_EDGE('',*,*,#3403,.F.);
#2681=EDGE_CURVE('',#3454,#3454,#3960,.T.);
#2682=EDGE_CURVE('',#3455,#3456,#265,.T.);
#2683=EDGE_CURVE('',#3456,#3457,#3961,.F.);
#2684=EDGE_CURVE('',#3458,#3457,#266,.T.);
#2685=EDGE_CURVE('',#3458,#3459,#3962,.T.);
#2686=EDGE_CURVE('',#3459,#3460,#3963,.T.);
#2687=EDGE_CURVE('',#3460,#3455,#3964,.T.);
#2688=EDGE_CURVE('',#3461,#3461,#3965,.T.);
#2689=EDGE_CURVE('',#3462,#3463,#267,.T.);
#2690=EDGE_CURVE('',#3463,#3464,#3966,.F.);
#2691=EDGE_CURVE('',#3465,#3464,#268,.T.);
#2692=EDGE_CURVE('',#3465,#3466,#3967,.T.);
#2693=EDGE_CURVE('',#3467,#3466,#3968,.T.);
#2694=EDGE_CURVE('',#3467,#3462,#3969,.T.);
#2695=EDGE_CURVE('',#3468,#3469,#269,.T.);
#2696=EDGE_CURVE('',#3468,#3470,#3970,.F.);
#2697=EDGE_CURVE('',#3470,#3471,#270,.T.);
#2698=EDGE_CURVE('',#3471,#3469,#3971,.T.);
#2699=EDGE_CURVE('',#3472,#3473,#271,.T.);
#2700=EDGE_CURVE('',#3473,#3474,#3972,.T.);
#2701=EDGE_CURVE('',#3475,#3474,#272,.T.);
#2702=EDGE_CURVE('',#3475,#3476,#3973,.T.);
#2703=EDGE_CURVE('',#3477,#3476,#273,.T.);
#2704=EDGE_CURVE('',#3477,#3478,#3974,.T.);
#2705=EDGE_CURVE('',#3478,#3479,#274,.T.);
#2706=EDGE_CURVE('',#3479,#3480,#3975,.T.);
#2707=EDGE_CURVE('',#3481,#3480,#275,.T.);
#2708=EDGE_CURVE('',#3481,#3482,#276,.T.);
#2709=EDGE_CURVE('',#3483,#3482,#277,.T.);
#2710=EDGE_CURVE('',#3483,#3484,#278,.F.);
#2711=EDGE_CURVE('',#3485,#3484,#279,.T.);
#2712=EDGE_CURVE('',#3485,#3486,#3976,.T.);
#2713=EDGE_CURVE('',#3487,#3486,#280,.T.);
#2714=EDGE_CURVE('',#3487,#3488,#3977,.T.);
#2715=EDGE_CURVE('',#3488,#3489,#281,.T.);
#2716=EDGE_CURVE('',#3489,#3490,#3978,.T.);
#2717=EDGE_CURVE('',#3490,#3491,#282,.T.);
#2718=EDGE_CURVE('',#3491,#3492,#3979,.T.);
#2719=EDGE_CURVE('',#3493,#3492,#283,.T.);
#2720=EDGE_CURVE('',#3493,#3494,#3980,.T.);
#2721=EDGE_CURVE('',#3494,#3495,#284,.T.);
#2722=EDGE_CURVE('',#3495,#3496,#285,.T.);
#2723=EDGE_CURVE('',#3496,#3497,#286,.T.);
#2724=EDGE_CURVE('',#3497,#3498,#3981,.T.);
#2725=EDGE_CURVE('',#3498,#3499,#287,.T.);
#2726=EDGE_CURVE('',#3499,#3500,#3982,.T.);
#2727=EDGE_CURVE('',#3500,#3501,#288,.F.);
#2728=EDGE_CURVE('',#3501,#3502,#289,.T.);
#2729=EDGE_CURVE('',#3503,#3502,#290,.T.);
#2730=EDGE_CURVE('',#3503,#3472,#3983,.T.);
#2731=EDGE_CURVE('',#3504,#3505,#291,.T.);
#2732=EDGE_CURVE('',#3504,#3506,#3984,.F.);
#2733=EDGE_CURVE('',#3506,#3507,#292,.T.);
#2734=EDGE_CURVE('',#3505,#3507,#3985,.T.);
#2735=EDGE_CURVE('',#3508,#3509,#293,.T.);
#2736=EDGE_CURVE('',#3508,#3510,#3986,.F.);
#2737=EDGE_CURVE('',#3510,#3511,#294,.T.);
#2738=EDGE_CURVE('',#3511,#3509,#3987,.T.);
#2739=EDGE_CURVE('',#3512,#3471,#295,.T.);
#2740=EDGE_CURVE('',#3513,#3512,#3988,.T.);
#2741=EDGE_CURVE('',#3513,#3509,#296,.T.);
#2742=EDGE_CURVE('',#3514,#3511,#297,.T.);
#2743=EDGE_CURVE('',#3515,#3514,#3989,.T.);
#2744=EDGE_CURVE('',#3515,#3469,#298,.T.);
#2745=EDGE_CURVE('',#3516,#3517,#3990,.T.);
#2746=EDGE_CURVE('',#3517,#3467,#299,.T.);
#2747=EDGE_CURVE('',#3466,#3516,#300,.F.);
#2748=EDGE_CURVE('',#3518,#3518,#3991,.T.);
#2749=EDGE_CURVE('',#3519,#3520,#301,.T.);
#2750=EDGE_CURVE('',#3520,#3521,#302,.T.);
#2751=EDGE_CURVE('',#3521,#3522,#303,.T.);
#2752=EDGE_CURVE('',#3523,#3522,#3992,.T.);
#2753=EDGE_CURVE('',#3523,#3524,#304,.T.);
#2754=EDGE_CURVE('',#3525,#3524,#3993,.T.);
#2755=EDGE_CURVE('',#3525,#3526,#305,.T.);
#2756=EDGE_CURVE('',#3527,#3526,#306,.T.);
#2757=EDGE_CURVE('',#3527,#3528,#307,.T.);
#2758=EDGE_CURVE('',#3528,#3529,#308,.T.);
#2759=EDGE_CURVE('',#3530,#3529,#309,.T.);
#2760=EDGE_CURVE('',#3531,#3530,#310,.T.);
#2761=EDGE_CURVE('',#3532,#3531,#311,.T.);
#2762=EDGE_CURVE('',#3532,#3533,#312,.T.);
#2763=EDGE_CURVE('',#3534,#3533,#3994,.T.);
#2764=EDGE_CURVE('',#3534,#3535,#313,.T.);
#2765=EDGE_CURVE('',#3536,#3535,#3995,.T.);
#2766=EDGE_CURVE('',#3537,#3536,#314,.T.);
#2767=EDGE_CURVE('',#3538,#3537,#315,.T.);
#2768=EDGE_CURVE('',#3538,#3539,#316,.T.);
#2769=EDGE_CURVE('',#3539,#3540,#317,.T.);
#2770=EDGE_CURVE('',#3540,#3541,#318,.T.);
#2771=EDGE_CURVE('',#3542,#3541,#3996,.T.);
#2772=EDGE_CURVE('',#3542,#3543,#319,.T.);
#2773=EDGE_CURVE('',#3544,#3543,#3997,.T.);
#2774=EDGE_CURVE('',#3545,#3544,#320,.T.);
#2775=EDGE_CURVE('',#3546,#3545,#3998,.T.);
#2776=EDGE_CURVE('',#3547,#3546,#321,.T.);
#2777=EDGE_CURVE('',#3548,#3547,#3999,.T.);
#2778=EDGE_CURVE('',#3548,#3549,#322,.T.);
#2779=EDGE_CURVE('',#3550,#3549,#323,.T.);
#2780=EDGE_CURVE('',#3551,#3550,#324,.T.);
#2781=EDGE_CURVE('',#3551,#3552,#4000,.F.);
#2782=EDGE_CURVE('',#3552,#3553,#325,.F.);
#2783=EDGE_CURVE('',#3553,#3554,#326,.T.);
#2784=EDGE_CURVE('',#3554,#3555,#327,.T.);
#2785=EDGE_CURVE('',#3556,#3555,#4001,.T.);
#2786=EDGE_CURVE('',#3557,#3556,#328,.T.);
#2787=EDGE_CURVE('',#3519,#3557,#4002,.T.);
#2788=EDGE_CURVE('',#3558,#3559,#329,.T.);
#2789=EDGE_CURVE('',#3558,#3550,#330,.T.);
#2790=EDGE_CURVE('',#3559,#3549,#331,.T.);
#2791=EDGE_CURVE('',#3560,#3561,#332,.T.);
#2792=EDGE_CURVE('',#3560,#3562,#333,.T.);
#2793=EDGE_CURVE('',#3562,#3563,#334,.T.);
#2794=EDGE_CURVE('',#3563,#3468,#56,.T.);
#2795=EDGE_CURVE('',#3564,#3515,#335,.T.);
#2796=EDGE_CURVE('',#3564,#3565,#4003,.F.);
#2797=EDGE_CURVE('',#3565,#3566,#336,.T.);
#2798=EDGE_CURVE('',#3566,#3481,#337,.F.);
#2799=EDGE_CURVE('',#3480,#3561,#57,.T.);
#2800=EDGE_CURVE('',#3567,#3568,#338,.T.);
#2801=EDGE_CURVE('',#3568,#3569,#339,.T.);
#2802=EDGE_CURVE('',#3569,#3570,#340,.T.);
#2803=EDGE_CURVE('',#3571,#3570,#4004,.T.);
#2804=EDGE_CURVE('',#3572,#3571,#341,.T.);
#2805=EDGE_CURVE('',#3573,#3572,#4005,.T.);
#2806=EDGE_CURVE('',#3573,#3574,#342,.T.);
#2807=EDGE_CURVE('',#3574,#3575,#343,.T.);
#2808=EDGE_CURVE('',#3575,#3576,#344,.T.);
#2809=EDGE_CURVE('',#3576,#3577,#4006,.F.);
#2810=EDGE_CURVE('',#3577,#3558,#345,.T.);
#2811=EDGE_CURVE('',#3559,#3578,#346,.T.);
#2812=EDGE_CURVE('',#3579,#3578,#4007,.T.);
#2813=EDGE_CURVE('',#3580,#3579,#347,.T.);
#2814=EDGE_CURVE('',#3581,#3580,#4008,.T.);
#2815=EDGE_CURVE('',#3582,#3581,#348,.T.);
#2816=EDGE_CURVE('',#3583,#3582,#4009,.T.);
#2817=EDGE_CURVE('',#3583,#3584,#349,.T.);
#2818=EDGE_CURVE('',#3585,#3584,#4010,.T.);
#2819=EDGE_CURVE('',#3585,#3586,#350,.T.);
#2820=EDGE_CURVE('',#3586,#3587,#351,.F.);
#2821=EDGE_CURVE('',#3587,#3588,#352,.F.);
#2822=EDGE_CURVE('',#3589,#3588,#353,.T.);
#2823=EDGE_CURVE('',#3590,#3589,#354,.T.);
#2824=EDGE_CURVE('',#3591,#3590,#4011,.T.);
#2825=EDGE_CURVE('',#3591,#3592,#355,.T.);
#2826=EDGE_CURVE('',#3593,#3592,#4012,.T.);
#2827=EDGE_CURVE('',#3593,#3594,#356,.T.);
#2828=EDGE_CURVE('',#3595,#3594,#357,.T.);
#2829=EDGE_CURVE('',#3595,#3596,#358,.T.);
#2830=EDGE_CURVE('',#3596,#3597,#359,.T.);
#2831=EDGE_CURVE('',#3597,#3598,#360,.T.);
#2832=EDGE_CURVE('',#3599,#3598,#361,.T.);
#2833=EDGE_CURVE('',#3599,#3600,#362,.T.);
#2834=EDGE_CURVE('',#3601,#3600,#363,.T.);
#2835=EDGE_CURVE('',#3602,#3601,#4013,.T.);
#2836=EDGE_CURVE('',#3602,#3603,#364,.T.);
#2837=EDGE_CURVE('',#3567,#3603,#4014,.T.);
#2838=EDGE_CURVE('',#3604,#3604,#4015,.T.);
#2839=EDGE_CURVE('',#3501,#3538,#4016,.F.);
#2840=EDGE_CURVE('',#3605,#3537,#365,.T.);
#2841=EDGE_CURVE('',#3502,#3605,#366,.T.);
#2842=EDGE_CURVE('',#3588,#3496,#4017,.F.);
#2843=EDGE_CURVE('',#3495,#3606,#367,.T.);
#2844=EDGE_CURVE('',#3589,#3606,#368,.T.);
#2845=EDGE_CURVE('',#3607,#3608,#369,.T.);
#2846=EDGE_CURVE('',#3607,#3477,#370,.T.);
#2847=EDGE_CURVE('',#3476,#3608,#371,.F.);
#2848=EDGE_CURVE('',#3609,#3610,#372,.T.);
#2849=EDGE_CURVE('',#3609,#3611,#4018,.T.);
#2850=EDGE_CURVE('',#3611,#3612,#373,.T.);
#2851=EDGE_CURVE('',#3612,#3613,#4019,.T.);
#2852=EDGE_CURVE('',#3613,#3614,#374,.T.);
#2853=EDGE_CURVE('',#3614,#3615,#4020,.T.);
#2854=EDGE_CURVE('',#3616,#3615,#375,.T.);
#2855=EDGE_CURVE('',#3616,#3610,#4021,.T.);
#2856=EDGE_CURVE('',#3617,#3617,#4022,.T.);
#2857=EDGE_CURVE('',#3618,#3619,#376,.T.);
#2858=EDGE_CURVE('',#3618,#3620,#4023,.F.);
#2859=EDGE_CURVE('',#3620,#3621,#377,.T.);
#2860=EDGE_CURVE('',#3621,#3622,#4024,.T.);
#2861=EDGE_CURVE('',#3623,#3622,#378,.T.);
#2862=EDGE_CURVE('',#3623,#3624,#4025,.T.);
#2863=EDGE_CURVE('',#3625,#3624,#379,.T.);
#2864=EDGE_CURVE('',#3625,#3626,#380,.F.);
#2865=EDGE_CURVE('',#3627,#3626,#381,.T.);
#2866=EDGE_CURVE('',#3627,#3628,#4026,.T.);
#2867=EDGE_CURVE('',#3628,#3629,#382,.T.);
#2868=EDGE_CURVE('',#3629,#3630,#4027,.T.);
#2869=EDGE_CURVE('',#3630,#3631,#383,.F.);
#2870=EDGE_CURVE('',#3631,#3503,#384,.T.);
#2871=EDGE_CURVE('',#3605,#3632,#385,.T.);
#2872=EDGE_CURVE('',#3632,#3633,#4028,.T.);
#2873=EDGE_CURVE('',#3634,#3633,#386,.T.);
#2874=EDGE_CURVE('',#3634,#3635,#4029,.T.);
#2875=EDGE_CURVE('',#3636,#3635,#387,.T.);
#2876=EDGE_CURVE('',#3636,#3637,#388,.T.);
#2877=EDGE_CURVE('',#3638,#3637,#389,.T.);
#2878=EDGE_CURVE('',#3639,#3638,#390,.T.);
#2879=EDGE_CURVE('',#3619,#3639,#391,.T.);
#2880=EDGE_CURVE('',#3640,#3641,#392,.T.);
#2881=EDGE_CURVE('',#3640,#3642,#393,.F.);
#2882=EDGE_CURVE('',#3642,#3643,#394,.T.);
#2883=EDGE_CURVE('',#3643,#3485,#58,.T.);
#2884=EDGE_CURVE('',#3484,#3644,#395,.F.);
#2885=EDGE_CURVE('',#3644,#3645,#396,.T.);
#2886=EDGE_CURVE('',#3645,#3646,#4030,.F.);
#2887=EDGE_CURVE('',#3646,#3647,#397,.T.);
#2888=EDGE_CURVE('',#3647,#3648,#398,.T.);
#2889=EDGE_CURVE('',#3648,#3649,#399,.T.);
#2890=EDGE_CURVE('',#3649,#3641,#59,.T.);
#2891=EDGE_CURVE('',#3650,#3651,#400,.T.);
#2892=EDGE_CURVE('',#3650,#3652,#401,.F.);
#2893=EDGE_CURVE('',#3652,#3653,#402,.T.);
#2894=EDGE_CURVE('',#3653,#3654,#4031,.T.);
#2895=EDGE_CURVE('',#3655,#3654,#403,.T.);
#2896=EDGE_CURVE('',#3655,#3651,#4032,.T.);
#2897=EDGE_CURVE('',#3656,#3656,#4033,.T.);
#2898=EDGE_CURVE('',#3657,#3658,#404,.T.);
#2899=EDGE_CURVE('',#3657,#3659,#405,.F.);
#2900=EDGE_CURVE('',#3659,#3660,#406,.T.);
#2901=EDGE_CURVE('',#3661,#3660,#4034,.T.);
#2902=EDGE_CURVE('',#3661,#3662,#407,.T.);
#2903=EDGE_CURVE('',#3658,#3662,#4035,.T.);
#2904=EDGE_CURVE('',#3663,#3663,#4036,.T.);
#2905=EDGE_CURVE('',#3664,#3665,#408,.T.);
#2906=EDGE_CURVE('',#3664,#3618,#409,.F.);
#2907=EDGE_CURVE('',#3665,#3619,#410,.T.);
#2908=EDGE_CURVE('',#3488,#3666,#411,.F.);
#2909=EDGE_CURVE('',#3666,#3667,#412,.T.);
#2910=EDGE_CURVE('',#3667,#3489,#413,.T.);
#2911=EDGE_CURVE('',#3668,#3668,#4037,.T.);
#2912=EDGE_CURVE('',#3669,#3670,#4038,.T.);
#2913=EDGE_CURVE('',#3669,#3671,#414,.T.);
#2914=EDGE_CURVE('',#3672,#3671,#4039,.T.);
#2915=EDGE_CURVE('',#3672,#3673,#415,.T.);
#2916=EDGE_CURVE('',#3674,#3673,#4040,.T.);
#2917=EDGE_CURVE('',#3675,#3674,#416,.T.);
#2918=EDGE_CURVE('',#3676,#3675,#4041,.T.);
#2919=EDGE_CURVE('',#3670,#3676,#417,.T.);
#2920=EDGE_CURVE('',#3677,#3678,#418,.T.);
#2921=EDGE_CURVE('',#3677,#3679,#4042,.T.);
#2922=EDGE_CURVE('',#3679,#3680,#419,.T.);
#2923=EDGE_CURVE('',#3680,#3681,#420,.T.);
#2924=EDGE_CURVE('',#3681,#3682,#421,.T.);
#2925=EDGE_CURVE('',#3682,#3683,#422,.T.);
#2926=EDGE_CURVE('',#3684,#3683,#423,.T.);
#2927=EDGE_CURVE('',#3684,#3685,#424,.T.);
#2928=EDGE_CURVE('',#3686,#3685,#4043,.T.);
#2929=EDGE_CURVE('',#3686,#3687,#425,.T.);
#2930=EDGE_CURVE('',#3688,#3687,#4044,.T.);
#2931=EDGE_CURVE('',#3606,#3688,#426,.T.);
#2932=EDGE_CURVE('',#3494,#3689,#427,.F.);
#2933=EDGE_CURVE('',#3689,#3690,#428,.T.);
#2934=EDGE_CURVE('',#3691,#3690,#4045,.T.);
#2935=EDGE_CURVE('',#3692,#3691,#429,.T.);
#2936=EDGE_CURVE('',#3693,#3692,#4046,.T.);
#2937=EDGE_CURVE('',#3693,#3694,#430,.T.);
#2938=EDGE_CURVE('',#3694,#3695,#431,.T.);
#2939=EDGE_CURVE('',#3695,#3696,#432,.T.);
#2940=EDGE_CURVE('',#3697,#3696,#4047,.T.);
#2941=EDGE_CURVE('',#3697,#3698,#433,.T.);
#2942=EDGE_CURVE('',#3678,#3698,#4048,.T.);
#2943=EDGE_CURVE('',#3699,#3700,#4049,.F.);
#2944=EDGE_CURVE('',#3700,#3701,#434,.F.);
#2945=EDGE_CURVE('',#3701,#3702,#60,.F.);
#2946=EDGE_CURVE('',#3703,#3702,#4050,.T.);
#2947=EDGE_CURVE('',#3703,#3699,#435,.T.);
#2948=EDGE_CURVE('',#3704,#3705,#4051,.T.);
#2949=EDGE_CURVE('',#3705,#3706,#436,.T.);
#2950=EDGE_CURVE('',#3706,#3707,#61,.F.);
#2951=EDGE_CURVE('',#3708,#3707,#4052,.T.);
#2952=EDGE_CURVE('',#3704,#3708,#437,.T.);
#2953=EDGE_CURVE('',#3709,#3710,#438,.T.);
#2954=EDGE_CURVE('',#3710,#3711,#439,.F.);
#2955=EDGE_CURVE('',#3712,#3711,#440,.T.);
#2956=EDGE_CURVE('',#3712,#3709,#441,.T.);
#2957=EDGE_CURVE('',#3713,#3714,#442,.T.);
#2958=EDGE_CURVE('',#3714,#3715,#443,.F.);
#2959=EDGE_CURVE('',#3716,#3715,#444,.T.);
#2960=EDGE_CURVE('',#3716,#3713,#445,.T.);
#2961=EDGE_CURVE('',#3717,#3718,#62,.T.);
#2962=EDGE_CURVE('',#3718,#3719,#446,.T.);
#2963=EDGE_CURVE('',#3719,#3720,#4053,.F.);
#2964=EDGE_CURVE('',#3721,#3720,#447,.T.);
#2965=EDGE_CURVE('',#3721,#3717,#4054,.T.);
#2966=EDGE_CURVE('',#3711,#3699,#4055,.T.);
#2967=EDGE_CURVE('',#3712,#3703,#4056,.T.);
#2968=EDGE_CURVE('',#3720,#3714,#4057,.T.);
#2969=EDGE_CURVE('',#3721,#3713,#4058,.T.);
#2970=EDGE_CURVE('',#3715,#3710,#4059,.F.);
#2971=EDGE_CURVE('',#3709,#3722,#4060,.T.);
#2972=EDGE_CURVE('',#3722,#3723,#63,.T.);
#2973=EDGE_CURVE('',#3724,#3723,#448,.T.);
#2974=EDGE_CURVE('',#3724,#3725,#64,.T.);
#2975=EDGE_CURVE('',#3726,#3725,#4061,.T.);
#2976=EDGE_CURVE('',#3727,#3726,#449,.T.);
#2977=EDGE_CURVE('',#3727,#3728,#4062,.T.);
#2978=EDGE_CURVE('',#3728,#3729,#450,.T.);
#2979=EDGE_CURVE('',#3730,#3729,#4063,.T.);
#2980=EDGE_CURVE('',#3730,#3731,#65,.T.);
#2981=EDGE_CURVE('',#3731,#3732,#451,.T.);
#2982=EDGE_CURVE('',#3732,#3733,#66,.T.);
#2983=EDGE_CURVE('',#3733,#3716,#4064,.T.);
#2984=EDGE_CURVE('',#3682,#3596,#452,.T.);
#2985=EDGE_CURVE('',#3683,#3595,#453,.T.);
#2986=EDGE_CURVE('',#3530,#3638,#454,.T.);
#2987=EDGE_CURVE('',#3531,#3637,#455,.T.);
#2988=EDGE_CURVE('',#3734,#3735,#456,.T.);
#2989=EDGE_CURVE('',#3735,#3736,#457,.T.);
#2990=EDGE_CURVE('',#3737,#3736,#458,.T.);
#2991=EDGE_CURVE('',#3737,#3738,#459,.F.);
#2992=EDGE_CURVE('',#3738,#3739,#460,.T.);
#2993=EDGE_CURVE('',#3739,#3740,#461,.F.);
#2994=EDGE_CURVE('',#3741,#3740,#462,.T.);
#2995=EDGE_CURVE('',#3741,#3734,#463,.F.);
#2996=EDGE_CURVE('',#3742,#3743,#464,.T.);
#2997=EDGE_CURVE('',#3743,#3744,#465,.T.);
#2998=EDGE_CURVE('',#3744,#3745,#466,.T.);
#2999=EDGE_CURVE('',#3745,#3746,#467,.T.);
#3000=EDGE_CURVE('',#3746,#3742,#4065,.T.);
#3001=EDGE_CURVE('',#3679,#3747,#468,.F.);
#3002=EDGE_CURVE('',#3747,#3748,#469,.T.);
#3003=EDGE_CURVE('',#3680,#3748,#470,.T.);
#3004=EDGE_CURVE('',#3639,#3749,#471,.F.);
#3005=EDGE_CURVE('',#3749,#3750,#472,.T.);
#3006=EDGE_CURVE('',#3750,#3739,#4066,.F.);
#3007=EDGE_CURVE('',#3738,#3751,#4067,.F.);
#3008=EDGE_CURVE('',#3752,#3751,#473,.T.);
#3009=EDGE_CURVE('',#3752,#3681,#474,.F.);
#3010=EDGE_CURVE('',#3753,#3748,#475,.T.);
#3011=EDGE_CURVE('',#3754,#3753,#4068,.T.);
#3012=EDGE_CURVE('',#3755,#3754,#476,.T.);
#3013=EDGE_CURVE('',#3756,#3755,#4069,.T.);
#3014=EDGE_CURVE('',#3756,#3665,#477,.T.);
#3015=EDGE_CURVE('',#3577,#3551,#478,.F.);
#3016=EDGE_CURVE('',#3601,#3744,#67,.T.);
#3017=EDGE_CURVE('',#3745,#3600,#4070,.T.);
#3018=EDGE_CURVE('',#3757,#3758,#479,.T.);
#3019=EDGE_CURVE('',#3757,#3759,#480,.T.);
#3020=EDGE_CURVE('',#3760,#3759,#481,.T.);
#3021=EDGE_CURVE('',#3760,#3761,#4071,.T.);
#3022=EDGE_CURVE('',#3761,#3758,#482,.T.);
#3023=EDGE_CURVE('',#3757,#3525,#68,.T.);
#3024=EDGE_CURVE('',#3526,#3758,#4072,.T.);
#3025=EDGE_CURVE('',#3762,#3763,#483,.T.);
#3026=EDGE_CURVE('',#3762,#3649,#4073,.F.);
#3027=EDGE_CURVE('',#3763,#3648,#4074,.T.);
#3028=EDGE_CURVE('',#3764,#3765,#484,.T.);
#3029=EDGE_CURVE('',#3764,#3664,#4075,.T.);
#3030=EDGE_CURVE('',#3760,#3756,#485,.T.);
#3031=EDGE_CURVE('',#3765,#3759,#4076,.T.);
#3032=EDGE_CURVE('',#3761,#3755,#486,.T.);
#3033=EDGE_CURVE('',#3746,#3754,#487,.T.);
#3034=EDGE_CURVE('',#3599,#3527,#488,.T.);
#3035=EDGE_CURVE('',#3742,#3753,#489,.T.);
#3036=EDGE_CURVE('',#3747,#3766,#4077,.F.);
#3037=EDGE_CURVE('',#3766,#3767,#490,.T.);
#3038=EDGE_CURVE('',#3767,#3743,#4078,.T.);
#3039=EDGE_CURVE('',#3598,#3737,#4079,.T.);
#3040=EDGE_CURVE('',#3736,#3768,#4080,.T.);
#3041=EDGE_CURVE('',#3769,#3768,#491,.T.);
#3042=EDGE_CURVE('',#3770,#3769,#492,.T.);
#3043=EDGE_CURVE('',#3770,#3771,#493,.T.);
#3044=EDGE_CURVE('',#3771,#3741,#4081,.T.);
#3045=EDGE_CURVE('',#3740,#3528,#4082,.T.);
#3046=EDGE_CURVE('',#3636,#3532,#494,.T.);
#3047=EDGE_CURVE('',#3594,#3684,#495,.T.);
#3048=EDGE_CURVE('',#3529,#3750,#4083,.F.);
#3049=EDGE_CURVE('',#3751,#3597,#4084,.F.);
#3050=EDGE_CURVE('',#3659,#3568,#4085,.T.);
#3051=EDGE_CURVE('',#3567,#3696,#496,.T.);
#3052=EDGE_CURVE('',#3695,#3772,#4086,.F.);
#3053=EDGE_CURVE('',#3772,#3773,#497,.T.);
#3054=EDGE_CURVE('',#3773,#3660,#498,.T.);
#3055=EDGE_CURVE('',#3774,#3773,#4087,.T.);
#3056=EDGE_CURVE('',#3774,#3661,#499,.T.);
#3057=EDGE_CURVE('',#3774,#3775,#500,.T.);
#3058=EDGE_CURVE('',#3775,#3662,#501,.T.);
#3059=EDGE_CURVE('',#3776,#3775,#4088,.T.);
#3060=EDGE_CURVE('',#3776,#3658,#502,.T.);
#3061=EDGE_CURVE('',#3777,#3777,#4089,.T.);
#3062=EDGE_CURVE('',#3569,#3657,#4090,.F.);
#3063=EDGE_CURVE('',#3778,#3776,#503,.T.);
#3064=EDGE_CURVE('',#3778,#3694,#4091,.T.);
#3065=EDGE_CURVE('',#3570,#3693,#504,.T.);
#3066=EDGE_CURVE('',#3772,#3778,#505,.F.);
#3067=EDGE_CURVE('',#3521,#3650,#4092,.F.);
#3068=EDGE_CURVE('',#3779,#3651,#506,.T.);
#3069=EDGE_CURVE('',#3780,#3779,#507,.T.);
#3070=EDGE_CURVE('',#3780,#3625,#4093,.T.);
#3071=EDGE_CURVE('',#3624,#3522,#508,.T.);
#3072=EDGE_CURVE('',#3652,#3520,#4094,.T.);
#3073=EDGE_CURVE('',#3627,#3519,#509,.T.);
#3074=EDGE_CURVE('',#3626,#3781,#4095,.F.);
#3075=EDGE_CURVE('',#3781,#3782,#510,.T.);
#3076=EDGE_CURVE('',#3782,#3653,#511,.T.);
#3077=EDGE_CURVE('',#3782,#3783,#4096,.T.);
#3078=EDGE_CURVE('',#3783,#3654,#512,.T.);
#3079=EDGE_CURVE('',#3784,#3783,#513,.T.);
#3080=EDGE_CURVE('',#3784,#3655,#514,.T.);
#3081=EDGE_CURVE('',#3784,#3779,#4097,.T.);
#3082=EDGE_CURVE('',#3785,#3785,#4098,.T.);
#3083=EDGE_CURVE('',#3781,#3780,#515,.T.);
#3084=EDGE_CURVE('',#3786,#3787,#516,.T.);
#3085=EDGE_CURVE('',#3786,#3788,#517,.F.);
#3086=EDGE_CURVE('',#3788,#3789,#518,.T.);
#3087=EDGE_CURVE('',#3789,#3491,#69,.T.);
#3088=EDGE_CURVE('',#3490,#3790,#519,.F.);
#3089=EDGE_CURVE('',#3790,#3791,#520,.T.);
#3090=EDGE_CURVE('',#3791,#3507,#521,.T.);
#3091=EDGE_CURVE('',#3506,#3787,#70,.T.);
#3092=EDGE_CURVE('',#3792,#3793,#522,.T.);
#3093=EDGE_CURVE('',#3792,#3794,#523,.T.);
#3094=EDGE_CURVE('',#3794,#3795,#524,.T.);
#3095=EDGE_CURVE('',#3795,#3504,#71,.T.);
#3096=EDGE_CURVE('',#3796,#3505,#525,.T.);
#3097=EDGE_CURVE('',#3797,#3796,#526,.T.);
#3098=EDGE_CURVE('',#3797,#3493,#527,.T.);
#3099=EDGE_CURVE('',#3492,#3793,#72,.T.);
#3100=EDGE_CURVE('',#3798,#3798,#4099,.F.);
#3101=EDGE_CURVE('',#3646,#3799,#528,.F.);
#3102=EDGE_CURVE('',#3799,#3800,#529,.T.);
#3103=EDGE_CURVE('',#3791,#3800,#4100,.T.);
#3104=EDGE_CURVE('',#3790,#3797,#530,.F.);
#3105=EDGE_CURVE('',#3647,#3796,#4101,.T.);
#3106=EDGE_CURVE('',#3801,#3802,#531,.T.);
#3107=EDGE_CURVE('',#3801,#3803,#532,.F.);
#3108=EDGE_CURVE('',#3803,#3804,#533,.T.);
#3109=EDGE_CURVE('',#3804,#3473,#73,.T.);
#3110=EDGE_CURVE('',#3472,#3805,#534,.F.);
#3111=EDGE_CURVE('',#3805,#3514,#535,.T.);
#3112=EDGE_CURVE('',#3510,#3802,#74,.T.);
#3113=EDGE_CURVE('',#3806,#3807,#536,.T.);
#3114=EDGE_CURVE('',#3806,#3808,#537,.T.);
#3115=EDGE_CURVE('',#3808,#3809,#538,.T.);
#3116=EDGE_CURVE('',#3809,#3508,#75,.T.);
#3117=EDGE_CURVE('',#3810,#3513,#539,.T.);
#3118=EDGE_CURVE('',#3810,#3475,#540,.T.);
#3119=EDGE_CURVE('',#3474,#3807,#76,.T.);
#3120=EDGE_CURVE('',#3811,#3812,#541,.T.);
#3121=EDGE_CURVE('',#3811,#3813,#542,.T.);
#3122=EDGE_CURVE('',#3813,#3814,#543,.T.);
#3123=EDGE_CURVE('',#3814,#3762,#77,.T.);
#3124=EDGE_CURVE('',#3800,#3763,#544,.T.);
#3125=EDGE_CURVE('',#3799,#3487,#545,.T.);
#3126=EDGE_CURVE('',#3486,#3812,#78,.T.);
#3127=EDGE_CURVE('',#3815,#3816,#546,.T.);
#3128=EDGE_CURVE('',#3815,#3817,#547,.F.);
#3129=EDGE_CURVE('',#3817,#3818,#548,.T.);
#3130=EDGE_CURVE('',#3818,#3479,#79,.T.);
#3131=EDGE_CURVE('',#3478,#3819,#549,.F.);
#3132=EDGE_CURVE('',#3819,#3512,#550,.T.);
#3133=EDGE_CURVE('',#3470,#3816,#80,.T.);
#3134=EDGE_CURVE('',#3820,#3820,#4102,.F.);
#3135=EDGE_CURVE('',#3819,#3564,#551,.T.);
#3136=EDGE_CURVE('',#3805,#3810,#552,.T.);
#3137=EDGE_CURVE('',#3821,#3822,#4103,.T.);
#3138=EDGE_CURVE('',#3822,#3460,#553,.T.);
#3139=EDGE_CURVE('',#3459,#3821,#554,.F.);
#3140=EDGE_CURVE('',#3823,#3823,#4104,.T.);
#3141=EDGE_CURVE('',#3824,#3824,#4105,.T.);
#3142=EDGE_CURVE('',#3819,#3607,#12,.T.);
#3143=EDGE_CURVE('',#3565,#3607,#555,.F.);
#3144=EDGE_CURVE('',#3666,#3799,#13,.T.);
#3145=EDGE_CURVE('',#3666,#3645,#556,.T.);
#3146=EDGE_CURVE('',#3689,#3797,#14,.T.);
#3147=EDGE_CURVE('',#3790,#3667,#15,.F.);
#3148=EDGE_CURVE('',#3667,#3690,#557,.T.);
#3149=EDGE_CURVE('',#3805,#3631,#16,.T.);
#3150=EDGE_CURVE('',#3608,#3630,#558,.F.);
#3151=EDGE_CURVE('',#3810,#3608,#17,.F.);
#3152=EDGE_CURVE('',#3825,#3530,#559,.T.);
#3153=EDGE_CURVE('',#3750,#3825,#560,.T.);
#3154=EDGE_CURVE('',#3826,#3638,#561,.T.);
#3155=EDGE_CURVE('',#3826,#3827,#562,.F.);
#3156=EDGE_CURVE('',#3827,#3828,#563,.T.);
#3157=EDGE_CURVE('',#3828,#3639,#18,.F.);
#3158=EDGE_CURVE('',#3829,#3830,#564,.T.);
#3159=EDGE_CURVE('',#3829,#3831,#565,.F.);
#3160=EDGE_CURVE('',#3831,#3825,#566,.T.);
#3161=EDGE_CURVE('',#3749,#3830,#19,.T.);
#3162=EDGE_CURVE('',#3827,#3832,#4106,.T.);
#3163=EDGE_CURVE('',#3833,#3832,#4107,.T.);
#3164=EDGE_CURVE('',#3833,#3829,#4108,.F.);
#3165=EDGE_CURVE('',#3830,#3828,#567,.T.);
#3166=EDGE_CURVE('',#3834,#3835,#4109,.T.);
#3167=EDGE_CURVE('',#3835,#3826,#4110,.F.);
#3168=EDGE_CURVE('',#3831,#3834,#4111,.T.);
#3169=EDGE_CURVE('',#3751,#3836,#568,.T.);
#3170=EDGE_CURVE('',#3596,#3836,#569,.T.);
#3171=EDGE_CURVE('',#3837,#3836,#570,.T.);
#3172=EDGE_CURVE('',#3837,#3838,#571,.F.);
#3173=EDGE_CURVE('',#3838,#3839,#572,.T.);
#3174=EDGE_CURVE('',#3839,#3752,#20,.F.);
#3175=EDGE_CURVE('',#3840,#3841,#81,.T.);
#3176=EDGE_CURVE('',#3841,#3842,#573,.F.);
#3177=EDGE_CURVE('',#3842,#3843,#4112,.T.);
#3178=EDGE_CURVE('',#3843,#3844,#574,.T.);
#3179=EDGE_CURVE('',#3844,#3840,#4113,.T.);
#3180=EDGE_CURVE('',#3845,#3846,#575,.T.);
#3181=EDGE_CURVE('',#3845,#3847,#576,.T.);
#3182=EDGE_CURVE('',#3847,#3682,#577,.T.);
#3183=EDGE_CURVE('',#3681,#3846,#21,.T.);
#3184=EDGE_CURVE('',#3848,#3849,#4114,.T.);
#3185=EDGE_CURVE('',#3848,#3845,#4115,.T.);
#3186=EDGE_CURVE('',#3846,#3839,#578,.T.);
#3187=EDGE_CURVE('',#3838,#3849,#4116,.F.);
#3188=EDGE_CURVE('',#3847,#3850,#4117,.F.);
#3189=EDGE_CURVE('',#3850,#3851,#4118,.T.);
#3190=EDGE_CURVE('',#3851,#3837,#4119,.T.);
#3191=EDGE_CURVE('',#3852,#3853,#579,.T.);
#3192=EDGE_CURVE('',#3852,#3727,#580,.T.);
#3193=EDGE_CURVE('',#3853,#3726,#581,.T.);
#3194=EDGE_CURVE('',#3843,#3852,#4120,.F.);
#3195=EDGE_CURVE('',#3853,#3844,#4121,.T.);
#3196=EDGE_CURVE('',#3854,#3855,#4122,.T.);
#3197=EDGE_CURVE('',#3855,#3835,#582,.F.);
#3198=EDGE_CURVE('',#3834,#3833,#583,.F.);
#3199=EDGE_CURVE('',#3832,#3856,#584,.F.);
#3200=EDGE_CURVE('',#3856,#3857,#4123,.F.);
#3201=EDGE_CURVE('',#3857,#3848,#585,.T.);
#3202=EDGE_CURVE('',#3849,#3851,#586,.T.);
#3203=EDGE_CURVE('',#3850,#3854,#587,.T.);
#3204=EDGE_CURVE('',#3858,#3859,#588,.T.);
#3205=EDGE_CURVE('',#3858,#3704,#4124,.F.);
#3206=EDGE_CURVE('',#3708,#3859,#4125,.T.);
#3207=EDGE_CURVE('',#3728,#3858,#589,.T.);
#3208=EDGE_CURVE('',#3729,#3859,#590,.T.);
#3209=EDGE_CURVE('',#3860,#3861,#4126,.F.);
#3210=EDGE_CURVE('',#3861,#3862,#4127,.T.);
#3211=EDGE_CURVE('',#3862,#3863,#4128,.F.);
#3212=EDGE_CURVE('',#3863,#3864,#4129,.T.);
#3213=EDGE_CURVE('',#3864,#3865,#591,.F.);
#3214=EDGE_CURVE('',#3865,#3866,#4130,.F.);
#3215=EDGE_CURVE('',#3866,#3867,#592,.F.);
#3216=EDGE_CURVE('',#3867,#3860,#4131,.T.);
#3217=EDGE_CURVE('',#3868,#3869,#4132,.T.);
#3218=EDGE_CURVE('',#3869,#3870,#4133,.F.);
#3219=EDGE_CURVE('',#3870,#3871,#4134,.T.);
#3220=EDGE_CURVE('',#3871,#3872,#4135,.F.);
#3221=EDGE_CURVE('',#3872,#3873,#593,.T.);
#3222=EDGE_CURVE('',#3873,#3874,#4136,.T.);
#3223=EDGE_CURVE('',#3874,#3875,#594,.T.);
#3224=EDGE_CURVE('',#3875,#3868,#4137,.F.);
#3225=EDGE_CURVE('',#3731,#3876,#595,.F.);
#3226=EDGE_CURVE('',#3876,#3877,#596,.T.);
#3227=EDGE_CURVE('',#3877,#3732,#597,.T.);
#3228=EDGE_CURVE('',#3707,#3730,#598,.T.);
#3229=EDGE_CURVE('',#3733,#3717,#599,.F.);
#3230=EDGE_CURVE('',#3723,#3878,#600,.T.);
#3231=EDGE_CURVE('',#3878,#3879,#601,.F.);
#3232=EDGE_CURVE('',#3879,#3724,#602,.F.);
#3233=EDGE_CURVE('',#3725,#3840,#603,.T.);
#3234=EDGE_CURVE('',#3702,#3722,#604,.F.);
#3235=EDGE_CURVE('',#3701,#3878,#82,.T.);
#3236=EDGE_CURVE('',#3879,#3841,#83,.T.);
#3237=EDGE_CURVE('',#3877,#3718,#84,.T.);
#3238=EDGE_CURVE('',#3706,#3876,#85,.T.);
#3239=EDGE_CURVE('',#3880,#3870,#86,.T.);
#3240=EDGE_CURVE('',#3880,#3700,#87,.T.);
#3241=EDGE_CURVE('',#3871,#3699,#88,.F.);
#3242=EDGE_CURVE('',#3872,#3711,#89,.F.);
#3243=EDGE_CURVE('',#3881,#3869,#90,.T.);
#3244=EDGE_CURVE('',#3881,#3855,#91,.T.);
#3245=EDGE_CURVE('',#3854,#3880,#92,.T.);
#3246=EDGE_CURVE('',#3873,#3710,#93,.F.);
#3247=EDGE_CURVE('',#3719,#3881,#94,.F.);
#3248=EDGE_CURVE('',#3720,#3868,#95,.T.);
#3249=EDGE_CURVE('',#3874,#3715,#96,.F.);
#3250=EDGE_CURVE('',#3714,#3875,#97,.T.);
#3251=EDGE_CURVE('',#3842,#3882,#98,.F.);
#3252=EDGE_CURVE('',#3861,#3882,#99,.F.);
#3253=EDGE_CURVE('',#3843,#3860,#100,.T.);
#3254=EDGE_CURVE('',#3852,#3867,#101,.T.);
#3255=EDGE_CURVE('',#3856,#3883,#102,.T.);
#3256=EDGE_CURVE('',#3862,#3883,#103,.F.);
#3257=EDGE_CURVE('',#3882,#3857,#104,.T.);
#3258=EDGE_CURVE('',#3727,#3866,#105,.T.);
#3259=EDGE_CURVE('',#3883,#3705,#106,.T.);
#3260=EDGE_CURVE('',#3863,#3704,#107,.F.);
#3261=EDGE_CURVE('',#3728,#3865,#108,.T.);
#3262=EDGE_CURVE('',#3864,#3858,#109,.F.);
#3263=EDGE_CURVE('',#3554,#3566,#4138,.T.);
#3264=EDGE_CURVE('',#3630,#3555,#605,.T.);
#3265=EDGE_CURVE('',#3629,#3556,#606,.T.);
#3266=EDGE_CURVE('',#3628,#3557,#607,.T.);
#3267=EDGE_CURVE('',#3603,#3697,#608,.T.);
#3268=EDGE_CURVE('',#3767,#3678,#609,.T.);
#3269=EDGE_CURVE('',#3602,#3698,#610,.T.);
#3270=EDGE_CURVE('',#3766,#3677,#611,.T.);
#3271=EDGE_CURVE('',#3622,#3524,#612,.T.);
#3272=EDGE_CURVE('',#3623,#3523,#613,.T.);
#3273=EDGE_CURVE('',#3620,#3764,#614,.T.);
#3274=EDGE_CURVE('',#3621,#3765,#615,.T.);
#3275=EDGE_CURVE('',#3635,#3533,#616,.T.);
#3276=EDGE_CURVE('',#3634,#3534,#617,.T.);
#3277=EDGE_CURVE('',#3633,#3535,#618,.T.);
#3278=EDGE_CURVE('',#3632,#3536,#619,.T.);
#3279=EDGE_CURVE('',#3616,#3542,#620,.T.);
#3280=EDGE_CURVE('',#3610,#3541,#621,.T.);
#3281=EDGE_CURVE('',#3615,#3543,#622,.T.);
#3282=EDGE_CURVE('',#3614,#3544,#623,.T.);
#3283=EDGE_CURVE('',#3613,#3545,#624,.T.);
#3284=EDGE_CURVE('',#3612,#3546,#625,.T.);
#3285=EDGE_CURVE('',#3611,#3547,#626,.T.);
#3286=EDGE_CURVE('',#3609,#3548,#627,.T.);
#3287=EDGE_CURVE('',#3540,#3884,#4139,.F.);
#3288=EDGE_CURVE('',#3885,#3884,#628,.T.);
#3289=EDGE_CURVE('',#3885,#3586,#4140,.F.);
#3290=EDGE_CURVE('',#3585,#3671,#629,.T.);
#3291=EDGE_CURVE('',#3578,#3669,#630,.T.);
#3292=EDGE_CURVE('',#3590,#3688,#631,.T.);
#3293=EDGE_CURVE('',#3591,#3687,#632,.T.);
#3294=EDGE_CURVE('',#3592,#3686,#633,.T.);
#3295=EDGE_CURVE('',#3593,#3685,#634,.T.);
#3296=EDGE_CURVE('',#3579,#3670,#635,.T.);
#3297=EDGE_CURVE('',#3580,#3676,#636,.T.);
#3298=EDGE_CURVE('',#3581,#3675,#637,.T.);
#3299=EDGE_CURVE('',#3582,#3674,#638,.T.);
#3300=EDGE_CURVE('',#3583,#3673,#639,.T.);
#3301=EDGE_CURVE('',#3584,#3672,#640,.T.);
#3302=EDGE_CURVE('',#3571,#3692,#641,.T.);
#3303=EDGE_CURVE('',#3572,#3691,#642,.T.);
#3304=EDGE_CURVE('',#3573,#3690,#643,.T.);
#3305=EDGE_CURVE('',#3644,#3574,#4141,.T.);
#3306=EDGE_CURVE('',#3884,#3886,#644,.F.);
#3307=EDGE_CURVE('',#3886,#3887,#645,.F.);
#3308=EDGE_CURVE('',#3887,#3885,#646,.T.);
#3309=EDGE_CURVE('',#3539,#3886,#4142,.F.);
#3310=EDGE_CURVE('',#3887,#3587,#4143,.F.);
#3311=EDGE_CURVE('',#3482,#3552,#4144,.T.);
#3312=EDGE_CURVE('',#3552,#3576,#647,.T.);
#3313=EDGE_CURVE('',#3576,#3483,#4145,.T.);
#3314=EDGE_CURVE('',#3888,#3769,#4146,.T.);
#3315=EDGE_CURVE('',#3889,#3888,#648,.T.);
#3316=EDGE_CURVE('',#3889,#3770,#4147,.T.);
#3317=EDGE_CURVE('',#3890,#3888,#649,.T.);
#3318=EDGE_CURVE('',#3891,#3890,#650,.T.);
#3319=EDGE_CURVE('',#3891,#3889,#651,.T.);
#3320=EDGE_CURVE('',#3890,#3892,#4148,.T.);
#3321=EDGE_CURVE('',#3893,#3892,#652,.T.);
#3322=EDGE_CURVE('',#3891,#3893,#4149,.T.);
#3323=EDGE_CURVE('',#3894,#3892,#653,.T.);
#3324=EDGE_CURVE('',#3895,#3894,#654,.T.);
#3325=EDGE_CURVE('',#3895,#3893,#655,.T.);
#3326=EDGE_CURVE('',#3894,#3896,#656,.T.);
#3327=EDGE_CURVE('',#3897,#3896,#657,.T.);
#3328=EDGE_CURVE('',#3895,#3897,#658,.T.);
#3329=EDGE_CURVE('',#3896,#3898,#659,.T.);
#3330=EDGE_CURVE('',#3899,#3898,#660,.T.);
#3331=EDGE_CURVE('',#3897,#3899,#661,.T.);
#3332=EDGE_CURVE('',#3900,#3898,#4150,.T.);
#3333=EDGE_CURVE('',#3901,#3900,#662,.T.);
#3334=EDGE_CURVE('',#3901,#3899,#4151,.T.);
#3335=EDGE_CURVE('',#3900,#3902,#663,.T.);
#3336=EDGE_CURVE('',#3903,#3902,#664,.T.);
#3337=EDGE_CURVE('',#3901,#3903,#665,.T.);
#3338=EDGE_CURVE('',#3902,#3904,#4152,.T.);
#3339=EDGE_CURVE('',#3905,#3904,#666,.T.);
#3340=EDGE_CURVE('',#3903,#3905,#4153,.T.);
#3341=EDGE_CURVE('',#3904,#3906,#667,.T.);
#3342=EDGE_CURVE('',#3906,#3907,#668,.F.);
#3343=EDGE_CURVE('',#3905,#3907,#669,.T.);
#3344=EDGE_CURVE('',#3907,#3771,#670,.T.);
#3345=EDGE_CURVE('',#3768,#3906,#671,.F.);
#3346=EDGE_CURVE('',#3734,#3907,#22,.T.);
#3347=EDGE_CURVE('',#3735,#3906,#23,.T.);
#3348=EDGE_CURVE('',#3575,#3484,#24,.T.);
#3349=EDGE_CURVE('',#3481,#3553,#25,.F.);
#3350=EDGE_CURVE('',#3497,#3587,#4154,.T.);
#3351=EDGE_CURVE('',#3498,#3887,#4155,.T.);
#3352=EDGE_CURVE('',#3499,#3886,#4156,.T.);
#3353=EDGE_CURVE('',#3500,#3539,#4157,.T.);
#3354=EDGE_CURVE('',#3908,#3909,#672,.T.);
#3355=EDGE_CURVE('',#3909,#3910,#110,.T.);
#3356=EDGE_CURVE('',#3911,#3910,#673,.T.);
#3357=EDGE_CURVE('',#3911,#3912,#674,.F.);
#3358=EDGE_CURVE('',#3912,#3463,#111,.T.);
#3359=EDGE_CURVE('',#3462,#3913,#675,.T.);
#3360=EDGE_CURVE('',#3913,#3908,#112,.T.);
#3361=EDGE_CURVE('',#3914,#3915,#676,.T.);
#3362=EDGE_CURVE('',#3915,#3916,#113,.T.);
#3363=EDGE_CURVE('',#3917,#3916,#677,.T.);
#3364=EDGE_CURVE('',#3917,#3918,#114,.T.);
#3365=EDGE_CURVE('',#3918,#3465,#678,.T.);
#3366=EDGE_CURVE('',#3464,#3919,#115,.T.);
#3367=EDGE_CURVE('',#3919,#3914,#679,.T.);
#3368=EDGE_CURVE('',#3916,#3909,#4158,.T.);
#3369=EDGE_CURVE('',#3908,#3917,#4159,.F.);
#3370=EDGE_CURVE('',#3920,#3921,#680,.T.);
#3371=EDGE_CURVE('',#3921,#3922,#116,.T.);
#3372=EDGE_CURVE('',#3923,#3922,#681,.T.);
#3373=EDGE_CURVE('',#3923,#3924,#682,.F.);
#3374=EDGE_CURVE('',#3924,#3456,#117,.T.);
#3375=EDGE_CURVE('',#3455,#3925,#683,.F.);
#3376=EDGE_CURVE('',#3925,#3920,#118,.T.);
#3377=EDGE_CURVE('',#3926,#3927,#684,.T.);
#3378=EDGE_CURVE('',#3927,#3928,#119,.T.);
#3379=EDGE_CURVE('',#3929,#3928,#685,.T.);
#3380=EDGE_CURVE('',#3929,#3930,#120,.T.);
#3381=EDGE_CURVE('',#3930,#3458,#686,.F.);
#3382=EDGE_CURVE('',#3457,#3931,#121,.T.);
#3383=EDGE_CURVE('',#3931,#3926,#687,.T.);
#3384=EDGE_CURVE('',#3922,#3927,#4160,.F.);
#3385=EDGE_CURVE('',#3926,#3932,#122,.T.);
#3386=EDGE_CURVE('',#3933,#3932,#4161,.T.);
#3387=EDGE_CURVE('',#3933,#3792,#123,.T.);
#3388=EDGE_CURVE('',#3793,#3789,#4162,.F.);
#3389=EDGE_CURVE('',#3788,#3934,#124,.T.);
#3390=EDGE_CURVE('',#3935,#3934,#4163,.T.);
#3391=EDGE_CURVE('',#3935,#3811,#125,.T.);
#3392=EDGE_CURVE('',#3812,#3643,#4164,.F.);
#3393=EDGE_CURVE('',#3642,#3936,#126,.T.);
#3394=EDGE_CURVE('',#3937,#3936,#4165,.T.);
#3395=EDGE_CURVE('',#3937,#3923,#127,.T.);
#3396=EDGE_CURVE('',#3938,#3938,#4166,.T.);
#3397=EDGE_CURVE('',#3928,#3921,#4167,.T.);
#3398=EDGE_CURVE('',#3920,#3929,#4168,.F.);
#3399=EDGE_CURVE('',#3787,#3795,#4169,.T.);
#3400=EDGE_CURVE('',#3794,#3939,#128,.T.);
#3401=EDGE_CURVE('',#3939,#3940,#4170,.T.);
#3402=EDGE_CURVE('',#3940,#3931,#129,.T.);
#3403=EDGE_CURVE('',#3931,#3924,#4171,.T.);
#3404=EDGE_CURVE('',#3924,#3941,#130,.T.);
#3405=EDGE_CURVE('',#3941,#3942,#4172,.T.);
#3406=EDGE_CURVE('',#3942,#3640,#131,.T.);
#3407=EDGE_CURVE('',#3641,#3814,#4173,.T.);
#3408=EDGE_CURVE('',#3813,#3943,#132,.T.);
#3409=EDGE_CURVE('',#3943,#3944,#4174,.T.);
#3410=EDGE_CURVE('',#3944,#3786,#133,.T.);
#3411=EDGE_CURVE('',#3945,#3945,#4175,.T.);
#3412=EDGE_CURVE('',#3910,#3915,#4176,.F.);
#3413=EDGE_CURVE('',#3914,#3946,#134,.T.);
#3414=EDGE_CURVE('',#3946,#3947,#4177,.T.);
#3415=EDGE_CURVE('',#3947,#3560,#135,.T.);
#3416=EDGE_CURVE('',#3561,#3818,#4178,.F.);
#3417=EDGE_CURVE('',#3817,#3948,#136,.T.);
#3418=EDGE_CURVE('',#3948,#3949,#4179,.T.);
#3419=EDGE_CURVE('',#3949,#3806,#137,.T.);
#3420=EDGE_CURVE('',#3807,#3804,#4180,.F.);
#3421=EDGE_CURVE('',#3803,#3950,#138,.T.);
#3422=EDGE_CURVE('',#3950,#3951,#4181,.T.);
#3423=EDGE_CURVE('',#3951,#3911,#139,.T.);
#3424=EDGE_CURVE('',#3952,#3952,#4182,.T.);
#3425=EDGE_CURVE('',#3953,#3954,#4183,.T.);
#3426=EDGE_CURVE('',#3953,#3919,#140,.T.);
#3427=EDGE_CURVE('',#3919,#3912,#4184,.T.);
#3428=EDGE_CURVE('',#3912,#3955,#141,.T.);
#3429=EDGE_CURVE('',#3956,#3955,#4185,.T.);
#3430=EDGE_CURVE('',#3956,#3801,#142,.T.);
#3431=EDGE_CURVE('',#3802,#3809,#4186,.T.);
#3432=EDGE_CURVE('',#3808,#3957,#143,.T.);
#3433=EDGE_CURVE('',#3958,#3957,#4187,.T.);
#3434=EDGE_CURVE('',#3958,#3815,#144,.T.);
#3435=EDGE_CURVE('',#3816,#3563,#4188,.T.);
#3436=EDGE_CURVE('',#3562,#3954,#145,.T.);
#3437=EDGE_CURVE('',#3959,#3959,#4189,.T.);
#3438=EDGE_CURVE('',#3946,#3953,#688,.F.);
#3439=EDGE_CURVE('',#3954,#3947,#689,.F.);
#3440=EDGE_CURVE('',#3955,#3951,#690,.T.);
#3441=EDGE_CURVE('',#3950,#3956,#691,.T.);
#3442=EDGE_CURVE('',#3957,#3949,#692,.F.);
#3443=EDGE_CURVE('',#3948,#3958,#693,.T.);
#3444=EDGE_CURVE('',#3932,#3940,#694,.F.);
#3445=EDGE_CURVE('',#3939,#3933,#695,.F.);
#3446=EDGE_CURVE('',#3941,#3937,#696,.T.);
#3447=EDGE_CURVE('',#3936,#3942,#697,.T.);
#3448=EDGE_CURVE('',#3934,#3944,#698,.T.);
#3449=EDGE_CURVE('',#3943,#3935,#699,.F.);
#3450=EDGE_CURVE('',#3516,#3918,#146,.F.);
#3451=EDGE_CURVE('',#3517,#3913,#147,.F.);
#3452=EDGE_CURVE('',#3821,#3930,#148,.F.);
#3453=EDGE_CURVE('',#3822,#3925,#149,.F.);
#3454=VERTEX_POINT('',#7131);
#3455=VERTEX_POINT('',#7133);
#3456=VERTEX_POINT('',#7134);
#3457=VERTEX_POINT('',#7136);
#3458=VERTEX_POINT('',#7138);
#3459=VERTEX_POINT('',#7140);
#3460=VERTEX_POINT('',#7142);
#3461=VERTEX_POINT('',#7146);
#3462=VERTEX_POINT('',#7148);
#3463=VERTEX_POINT('',#7149);
#3464=VERTEX_POINT('',#7151);
#3465=VERTEX_POINT('',#7153);
#3466=VERTEX_POINT('',#7155);
#3467=VERTEX_POINT('',#7157);
#3468=VERTEX_POINT('',#7161);
#3469=VERTEX_POINT('',#7162);
#3470=VERTEX_POINT('',#7164);
#3471=VERTEX_POINT('',#7166);
#3472=VERTEX_POINT('',#7170);
#3473=VERTEX_POINT('',#7171);
#3474=VERTEX_POINT('',#7173);
#3475=VERTEX_POINT('',#7175);
#3476=VERTEX_POINT('',#7177);
#3477=VERTEX_POINT('',#7179);
#3478=VERTEX_POINT('',#7181);
#3479=VERTEX_POINT('',#7183);
#3480=VERTEX_POINT('',#7185);
#3481=VERTEX_POINT('',#7187);
#3482=VERTEX_POINT('',#7189);
#3483=VERTEX_POINT('',#7191);
#3484=VERTEX_POINT('',#7193);
#3485=VERTEX_POINT('',#7195);
#3486=VERTEX_POINT('',#7197);
#3487=VERTEX_POINT('',#7199);
#3488=VERTEX_POINT('',#7201);
#3489=VERTEX_POINT('',#7203);
#3490=VERTEX_POINT('',#7205);
#3491=VERTEX_POINT('',#7207);
#3492=VERTEX_POINT('',#7209);
#3493=VERTEX_POINT('',#7211);
#3494=VERTEX_POINT('',#7213);
#3495=VERTEX_POINT('',#7215);
#3496=VERTEX_POINT('',#7217);
#3497=VERTEX_POINT('',#7219);
#3498=VERTEX_POINT('',#7221);
#3499=VERTEX_POINT('',#7223);
#3500=VERTEX_POINT('',#7225);
#3501=VERTEX_POINT('',#7227);
#3502=VERTEX_POINT('',#7229);
#3503=VERTEX_POINT('',#7231);
#3504=VERTEX_POINT('',#7235);
#3505=VERTEX_POINT('',#7236);
#3506=VERTEX_POINT('',#7238);
#3507=VERTEX_POINT('',#7240);
#3508=VERTEX_POINT('',#7244);
#3509=VERTEX_POINT('',#7245);
#3510=VERTEX_POINT('',#7247);
#3511=VERTEX_POINT('',#7249);
#3512=VERTEX_POINT('',#7253);
#3513=VERTEX_POINT('',#7255);
#3514=VERTEX_POINT('',#7258);
#3515=VERTEX_POINT('',#7260);
#3516=VERTEX_POINT('',#7263);
#3517=VERTEX_POINT('',#7264);
#3518=VERTEX_POINT('',#7269);
#3519=VERTEX_POINT('',#7271);
#3520=VERTEX_POINT('',#7272);
#3521=VERTEX_POINT('',#7274);
#3522=VERTEX_POINT('',#7276);
#3523=VERTEX_POINT('',#7278);
#3524=VERTEX_POINT('',#7280);
#3525=VERTEX_POINT('',#7282);
#3526=VERTEX_POINT('',#7284);
#3527=VERTEX_POINT('',#7286);
#3528=VERTEX_POINT('',#7288);
#3529=VERTEX_POINT('',#7290);
#3530=VERTEX_POINT('',#7292);
#3531=VERTEX_POINT('',#7294);
#3532=VERTEX_POINT('',#7296);
#3533=VERTEX_POINT('',#7298);
#3534=VERTEX_POINT('',#7300);
#3535=VERTEX_POINT('',#7302);
#3536=VERTEX_POINT('',#7304);
#3537=VERTEX_POINT('',#7306);
#3538=VERTEX_POINT('',#7308);
#3539=VERTEX_POINT('',#7310);
#3540=VERTEX_POINT('',#7312);
#3541=VERTEX_POINT('',#7314);
#3542=VERTEX_POINT('',#7316);
#3543=VERTEX_POINT('',#7318);
#3544=VERTEX_POINT('',#7320);
#3545=VERTEX_POINT('',#7322);
#3546=VERTEX_POINT('',#7324);
#3547=VERTEX_POINT('',#7326);
#3548=VERTEX_POINT('',#7328);
#3549=VERTEX_POINT('',#7330);
#3550=VERTEX_POINT('',#7332);
#3551=VERTEX_POINT('',#7334);
#3552=VERTEX_POINT('',#7336);
#3553=VERTEX_POINT('',#7338);
#3554=VERTEX_POINT('',#7340);
#3555=VERTEX_POINT('',#7342);
#3556=VERTEX_POINT('',#7344);
#3557=VERTEX_POINT('',#7346);
#3558=VERTEX_POINT('',#7350);
#3559=VERTEX_POINT('',#7351);
#3560=VERTEX_POINT('',#7356);
#3561=VERTEX_POINT('',#7357);
#3562=VERTEX_POINT('',#7359);
#3563=VERTEX_POINT('',#7361);
#3564=VERTEX_POINT('',#7368);
#3565=VERTEX_POINT('',#7370);
#3566=VERTEX_POINT('',#7372);
#3567=VERTEX_POINT('',#7381);
#3568=VERTEX_POINT('',#7382);
#3569=VERTEX_POINT('',#7384);
#3570=VERTEX_POINT('',#7386);
#3571=VERTEX_POINT('',#7388);
#3572=VERTEX_POINT('',#7390);
#3573=VERTEX_POINT('',#7392);
#3574=VERTEX_POINT('',#7394);
#3575=VERTEX_POINT('',#7396);
#3576=VERTEX_POINT('',#7398);
#3577=VERTEX_POINT('',#7400);
#3578=VERTEX_POINT('',#7403);
#3579=VERTEX_POINT('',#7405);
#3580=VERTEX_POINT('',#7407);
#3581=VERTEX_POINT('',#7409);
#3582=VERTEX_POINT('',#7411);
#3583=VERTEX_POINT('',#7413);
#3584=VERTEX_POINT('',#7415);
#3585=VERTEX_POINT('',#7417);
#3586=VERTEX_POINT('',#7419);
#3587=VERTEX_POINT('',#7421);
#3588=VERTEX_POINT('',#7423);
#3589=VERTEX_POINT('',#7425);
#3590=VERTEX_POINT('',#7427);
#3591=VERTEX_POINT('',#7429);
#3592=VERTEX_POINT('',#7431);
#3593=VERTEX_POINT('',#7433);
#3594=VERTEX_POINT('',#7435);
#3595=VERTEX_POINT('',#7437);
#3596=VERTEX_POINT('',#7439);
#3597=VERTEX_POINT('',#7441);
#3598=VERTEX_POINT('',#7443);
#3599=VERTEX_POINT('',#7445);
#3600=VERTEX_POINT('',#7447);
#3601=VERTEX_POINT('',#7449);
#3602=VERTEX_POINT('',#7451);
#3603=VERTEX_POINT('',#7453);
#3604=VERTEX_POINT('',#7456);
#3605=VERTEX_POINT('',#7460);
#3606=VERTEX_POINT('',#7465);
#3607=VERTEX_POINT('',#7469);
#3608=VERTEX_POINT('',#7470);
#3609=VERTEX_POINT('',#7475);
#3610=VERTEX_POINT('',#7476);
#3611=VERTEX_POINT('',#7478);
#3612=VERTEX_POINT('',#7480);
#3613=VERTEX_POINT('',#7482);
#3614=VERTEX_POINT('',#7484);
#3615=VERTEX_POINT('',#7486);
#3616=VERTEX_POINT('',#7488);
#3617=VERTEX_POINT('',#7491);
#3618=VERTEX_POINT('',#7493);
#3619=VERTEX_POINT('',#7494);
#3620=VERTEX_POINT('',#7496);
#3621=VERTEX_POINT('',#7498);
#3622=VERTEX_POINT('',#7500);
#3623=VERTEX_POINT('',#7502);
#3624=VERTEX_POINT('',#7504);
#3625=VERTEX_POINT('',#7506);
#3626=VERTEX_POINT('',#7508);
#3627=VERTEX_POINT('',#7510);
#3628=VERTEX_POINT('',#7512);
#3629=VERTEX_POINT('',#7514);
#3630=VERTEX_POINT('',#7516);
#3631=VERTEX_POINT('',#7518);
#3632=VERTEX_POINT('',#7521);
#3633=VERTEX_POINT('',#7523);
#3634=VERTEX_POINT('',#7525);
#3635=VERTEX_POINT('',#7527);
#3636=VERTEX_POINT('',#7529);
#3637=VERTEX_POINT('',#7531);
#3638=VERTEX_POINT('',#7533);
#3639=VERTEX_POINT('',#7535);
#3640=VERTEX_POINT('',#7539);
#3641=VERTEX_POINT('',#7540);
#3642=VERTEX_POINT('',#7542);
#3643=VERTEX_POINT('',#7544);
#3644=VERTEX_POINT('',#7551);
#3645=VERTEX_POINT('',#7553);
#3646=VERTEX_POINT('',#7555);
#3647=VERTEX_POINT('',#7557);
#3648=VERTEX_POINT('',#7559);
#3649=VERTEX_POINT('',#7561);
#3650=VERTEX_POINT('',#7569);
#3651=VERTEX_POINT('',#7570);
#3652=VERTEX_POINT('',#7572);
#3653=VERTEX_POINT('',#7574);
#3654=VERTEX_POINT('',#7576);
#3655=VERTEX_POINT('',#7578);
#3656=VERTEX_POINT('',#7581);
#3657=VERTEX_POINT('',#7584);
#3658=VERTEX_POINT('',#7585);
#3659=VERTEX_POINT('',#7587);
#3660=VERTEX_POINT('',#7589);
#3661=VERTEX_POINT('',#7591);
#3662=VERTEX_POINT('',#7593);
#3663=VERTEX_POINT('',#7596);
#3664=VERTEX_POINT('',#7599);
#3665=VERTEX_POINT('',#7600);
#3666=VERTEX_POINT('',#7605);
#3667=VERTEX_POINT('',#7607);
#3668=VERTEX_POINT('',#7611);
#3669=VERTEX_POINT('',#7613);
#3670=VERTEX_POINT('',#7614);
#3671=VERTEX_POINT('',#7616);
#3672=VERTEX_POINT('',#7618);
#3673=VERTEX_POINT('',#7620);
#3674=VERTEX_POINT('',#7622);
#3675=VERTEX_POINT('',#7624);
#3676=VERTEX_POINT('',#7626);
#3677=VERTEX_POINT('',#7629);
#3678=VERTEX_POINT('',#7630);
#3679=VERTEX_POINT('',#7632);
#3680=VERTEX_POINT('',#7634);
#3681=VERTEX_POINT('',#7636);
#3682=VERTEX_POINT('',#7638);
#3683=VERTEX_POINT('',#7640);
#3684=VERTEX_POINT('',#7642);
#3685=VERTEX_POINT('',#7644);
#3686=VERTEX_POINT('',#7646);
#3687=VERTEX_POINT('',#7648);
#3688=VERTEX_POINT('',#7650);
#3689=VERTEX_POINT('',#7653);
#3690=VERTEX_POINT('',#7655);
#3691=VERTEX_POINT('',#7657);
#3692=VERTEX_POINT('',#7659);
#3693=VERTEX_POINT('',#7661);
#3694=VERTEX_POINT('',#7663);
#3695=VERTEX_POINT('',#7665);
#3696=VERTEX_POINT('',#7667);
#3697=VERTEX_POINT('',#7669);
#3698=VERTEX_POINT('',#7671);
#3699=VERTEX_POINT('',#7675);
#3700=VERTEX_POINT('',#7676);
#3701=VERTEX_POINT('',#7678);
#3702=VERTEX_POINT('',#7683);
#3703=VERTEX_POINT('',#7685);
#3704=VERTEX_POINT('',#7689);
#3705=VERTEX_POINT('',#7690);
#3706=VERTEX_POINT('',#7692);
#3707=VERTEX_POINT('',#7697);
#3708=VERTEX_POINT('',#7699);
#3709=VERTEX_POINT('',#7703);
#3710=VERTEX_POINT('',#7704);
#3711=VERTEX_POINT('',#7706);
#3712=VERTEX_POINT('',#7708);
#3713=VERTEX_POINT('',#7712);
#3714=VERTEX_POINT('',#7713);
#3715=VERTEX_POINT('',#7715);
#3716=VERTEX_POINT('',#7717);
#3717=VERTEX_POINT('',#7724);
#3718=VERTEX_POINT('',#7725);
#3719=VERTEX_POINT('',#7727);
#3720=VERTEX_POINT('',#7729);
#3721=VERTEX_POINT('',#7731);
#3722=VERTEX_POINT('',#7742);
#3723=VERTEX_POINT('',#7747);
#3724=VERTEX_POINT('',#7749);
#3725=VERTEX_POINT('',#7754);
#3726=VERTEX_POINT('',#7756);
#3727=VERTEX_POINT('',#7758);
#3728=VERTEX_POINT('',#7760);
#3729=VERTEX_POINT('',#7762);
#3730=VERTEX_POINT('',#7764);
#3731=VERTEX_POINT('',#7769);
#3732=VERTEX_POINT('',#7771);
#3733=VERTEX_POINT('',#7776);
#3734=VERTEX_POINT('',#7786);
#3735=VERTEX_POINT('',#7787);
#3736=VERTEX_POINT('',#7789);
#3737=VERTEX_POINT('',#7791);
#3738=VERTEX_POINT('',#7793);
#3739=VERTEX_POINT('',#7795);
#3740=VERTEX_POINT('',#7797);
#3741=VERTEX_POINT('',#7799);
#3742=VERTEX_POINT('',#7803);
#3743=VERTEX_POINT('',#7804);
#3744=VERTEX_POINT('',#7806);
#3745=VERTEX_POINT('',#7808);
#3746=VERTEX_POINT('',#7810);
#3747=VERTEX_POINT('',#7814);
#3748=VERTEX_POINT('',#7816);
#3749=VERTEX_POINT('',#7820);
#3750=VERTEX_POINT('',#7822);
#3751=VERTEX_POINT('',#7825);
#3752=VERTEX_POINT('',#7827);
#3753=VERTEX_POINT('',#7830);
#3754=VERTEX_POINT('',#7832);
#3755=VERTEX_POINT('',#7834);
#3756=VERTEX_POINT('',#7836);
#3757=VERTEX_POINT('',#7852);
#3758=VERTEX_POINT('',#7853);
#3759=VERTEX_POINT('',#7855);
#3760=VERTEX_POINT('',#7857);
#3761=VERTEX_POINT('',#7859);
#3762=VERTEX_POINT('',#7873);
#3763=VERTEX_POINT('',#7874);
#3764=VERTEX_POINT('',#7879);
#3765=VERTEX_POINT('',#7880);
#3766=VERTEX_POINT('',#7893);
#3767=VERTEX_POINT('',#7895);
#3768=VERTEX_POINT('',#7900);
#3769=VERTEX_POINT('',#7902);
#3770=VERTEX_POINT('',#7904);
#3771=VERTEX_POINT('',#7906);
#3772=VERTEX_POINT('',#7921);
#3773=VERTEX_POINT('',#7923);
#3774=VERTEX_POINT('',#7927);
#3775=VERTEX_POINT('',#7931);
#3776=VERTEX_POINT('',#7935);
#3777=VERTEX_POINT('',#7939);
#3778=VERTEX_POINT('',#7943);
#3779=VERTEX_POINT('',#7951);
#3780=VERTEX_POINT('',#7953);
#3781=VERTEX_POINT('',#7960);
#3782=VERTEX_POINT('',#7962);
#3783=VERTEX_POINT('',#7966);
#3784=VERTEX_POINT('',#7970);
#3785=VERTEX_POINT('',#7976);
#3786=VERTEX_POINT('',#7983);
#3787=VERTEX_POINT('',#7984);
#3788=VERTEX_POINT('',#7986);
#3789=VERTEX_POINT('',#7988);
#3790=VERTEX_POINT('',#7995);
#3791=VERTEX_POINT('',#7997);
#3792=VERTEX_POINT('',#8006);
#3793=VERTEX_POINT('',#8007);
#3794=VERTEX_POINT('',#8009);
#3795=VERTEX_POINT('',#8011);
#3796=VERTEX_POINT('',#8018);
#3797=VERTEX_POINT('',#8020);
#3798=VERTEX_POINT('',#8029);
#3799=VERTEX_POINT('',#8031);
#3800=VERTEX_POINT('',#8033);
#3801=VERTEX_POINT('',#8039);
#3802=VERTEX_POINT('',#8040);
#3803=VERTEX_POINT('',#8042);
#3804=VERTEX_POINT('',#8044);
#3805=VERTEX_POINT('',#8051);
#3806=VERTEX_POINT('',#8060);
#3807=VERTEX_POINT('',#8061);
#3808=VERTEX_POINT('',#8063);
#3809=VERTEX_POINT('',#8065);
#3810=VERTEX_POINT('',#8072);
#3811=VERTEX_POINT('',#8081);
#3812=VERTEX_POINT('',#8082);
#3813=VERTEX_POINT('',#8084);
#3814=VERTEX_POINT('',#8086);
#3815=VERTEX_POINT('',#8101);
#3816=VERTEX_POINT('',#8102);
#3817=VERTEX_POINT('',#8104);
#3818=VERTEX_POINT('',#8106);
#3819=VERTEX_POINT('',#8113);
#3820=VERTEX_POINT('',#8122);
#3821=VERTEX_POINT('',#8127);
#3822=VERTEX_POINT('',#8128);
#3823=VERTEX_POINT('',#8133);
#3824=VERTEX_POINT('',#8136);
#3825=VERTEX_POINT('',#8161);
#3826=VERTEX_POINT('',#8165);
#3827=VERTEX_POINT('',#8167);
#3828=VERTEX_POINT('',#8169);
#3829=VERTEX_POINT('',#8173);
#3830=VERTEX_POINT('',#8174);
#3831=VERTEX_POINT('',#8176);
#3832=VERTEX_POINT('',#8181);
#3833=VERTEX_POINT('',#8183);
#3834=VERTEX_POINT('',#8188);
#3835=VERTEX_POINT('',#8189);
#3836=VERTEX_POINT('',#8194);
#3837=VERTEX_POINT('',#8198);
#3838=VERTEX_POINT('',#8200);
#3839=VERTEX_POINT('',#8202);
#3840=VERTEX_POINT('',#8209);
#3841=VERTEX_POINT('',#8210);
#3842=VERTEX_POINT('',#8212);
#3843=VERTEX_POINT('',#8214);
#3844=VERTEX_POINT('',#8216);
#3845=VERTEX_POINT('',#8220);
#3846=VERTEX_POINT('',#8221);
#3847=VERTEX_POINT('',#8223);
#3848=VERTEX_POINT('',#8228);
#3849=VERTEX_POINT('',#8229);
#3850=VERTEX_POINT('',#8235);
#3851=VERTEX_POINT('',#8237);
#3852=VERTEX_POINT('',#8241);
#3853=VERTEX_POINT('',#8242);
#3854=VERTEX_POINT('',#8250);
#3855=VERTEX_POINT('',#8251);
#3856=VERTEX_POINT('',#8255);
#3857=VERTEX_POINT('',#8257);
#3858=VERTEX_POINT('',#8263);
#3859=VERTEX_POINT('',#8264);
#3860=VERTEX_POINT('',#8272);
#3861=VERTEX_POINT('',#8273);
#3862=VERTEX_POINT('',#8275);
#3863=VERTEX_POINT('',#8277);
#3864=VERTEX_POINT('',#8279);
#3865=VERTEX_POINT('',#8281);
#3866=VERTEX_POINT('',#8283);
#3867=VERTEX_POINT('',#8285);
#3868=VERTEX_POINT('',#8289);
#3869=VERTEX_POINT('',#8290);
#3870=VERTEX_POINT('',#8292);
#3871=VERTEX_POINT('',#8294);
#3872=VERTEX_POINT('',#8296);
#3873=VERTEX_POINT('',#8298);
#3874=VERTEX_POINT('',#8300);
#3875=VERTEX_POINT('',#8302);
#3876=VERTEX_POINT('',#8306);
#3877=VERTEX_POINT('',#8308);
#3878=VERTEX_POINT('',#8316);
#3879=VERTEX_POINT('',#8318);
#3880=VERTEX_POINT('',#8349);
#3881=VERTEX_POINT('',#8370);
#3882=VERTEX_POINT('',#8413);
#3883=VERTEX_POINT('',#8434);
#3884=VERTEX_POINT('',#8529);
#3885=VERTEX_POINT('',#8531);
#3886=VERTEX_POINT('',#8568);
#3887=VERTEX_POINT('',#8570);
#3888=VERTEX_POINT('',#8582);
#3889=VERTEX_POINT('',#8584);
#3890=VERTEX_POINT('',#8588);
#3891=VERTEX_POINT('',#8590);
#3892=VERTEX_POINT('',#8594);
#3893=VERTEX_POINT('',#8596);
#3894=VERTEX_POINT('',#8600);
#3895=VERTEX_POINT('',#8602);
#3896=VERTEX_POINT('',#8606);
#3897=VERTEX_POINT('',#8608);
#3898=VERTEX_POINT('',#8612);
#3899=VERTEX_POINT('',#8614);
#3900=VERTEX_POINT('',#8618);
#3901=VERTEX_POINT('',#8620);
#3902=VERTEX_POINT('',#8624);
#3903=VERTEX_POINT('',#8626);
#3904=VERTEX_POINT('',#8630);
#3905=VERTEX_POINT('',#8632);
#3906=VERTEX_POINT('',#8636);
#3907=VERTEX_POINT('',#8638);
#3908=VERTEX_POINT('',#8671);
#3909=VERTEX_POINT('',#8672);
#3910=VERTEX_POINT('',#8678);
#3911=VERTEX_POINT('',#8680);
#3912=VERTEX_POINT('',#8682);
#3913=VERTEX_POINT('',#8689);
#3914=VERTEX_POINT('',#8696);
#3915=VERTEX_POINT('',#8697);
#3916=VERTEX_POINT('',#8703);
#3917=VERTEX_POINT('',#8705);
#3918=VERTEX_POINT('',#8710);
#3919=VERTEX_POINT('',#8717);
#3920=VERTEX_POINT('',#8724);
#3921=VERTEX_POINT('',#8725);
#3922=VERTEX_POINT('',#8731);
#3923=VERTEX_POINT('',#8733);
#3924=VERTEX_POINT('',#8735);
#3925=VERTEX_POINT('',#8742);
#3926=VERTEX_POINT('',#8749);
#3927=VERTEX_POINT('',#8750);
#3928=VERTEX_POINT('',#8756);
#3929=VERTEX_POINT('',#8758);
#3930=VERTEX_POINT('',#8763);
#3931=VERTEX_POINT('',#8770);
#3932=VERTEX_POINT('',#8779);
#3933=VERTEX_POINT('',#8781);
#3934=VERTEX_POINT('',#8793);
#3935=VERTEX_POINT('',#8795);
#3936=VERTEX_POINT('',#8807);
#3937=VERTEX_POINT('',#8809);
#3938=VERTEX_POINT('',#8816);
#3939=VERTEX_POINT('',#8827);
#3940=VERTEX_POINT('',#8829);
#3941=VERTEX_POINT('',#8841);
#3942=VERTEX_POINT('',#8843);
#3943=VERTEX_POINT('',#8855);
#3944=VERTEX_POINT('',#8857);
#3945=VERTEX_POINT('',#8864);
#3946=VERTEX_POINT('',#8872);
#3947=VERTEX_POINT('',#8874);
#3948=VERTEX_POINT('',#8886);
#3949=VERTEX_POINT('',#8888);
#3950=VERTEX_POINT('',#8900);
#3951=VERTEX_POINT('',#8902);
#3952=VERTEX_POINT('',#8909);
#3953=VERTEX_POINT('',#8912);
#3954=VERTEX_POINT('',#8913);
#3955=VERTEX_POINT('',#8925);
#3956=VERTEX_POINT('',#8927);
#3957=VERTEX_POINT('',#8939);
#3958=VERTEX_POINT('',#8941);
#3959=VERTEX_POINT('',#8954);
#3960=CIRCLE('',#5171,0.00312);
#3961=CIRCLE('',#5172,0.0157500000000002);
#3962=CIRCLE('',#5173,0.001);
#3963=CIRCLE('',#5174,0.00512);
#3964=CIRCLE('',#5175,0.001);
#3965=CIRCLE('',#5177,0.00312);
#3966=CIRCLE('',#5178,0.0157500000000004);
#3967=CIRCLE('',#5179,0.001);
#3968=CIRCLE('',#5180,0.00512);
#3969=CIRCLE('',#5181,0.001);
#3970=CIRCLE('',#5183,0.0157500000000004);
#3971=CIRCLE('',#5184,0.00512);
#3972=CIRCLE('',#5186,0.019749999999999);
#3973=CIRCLE('',#5187,0.002);
#3974=CIRCLE('',#5188,0.002);
#3975=CIRCLE('',#5189,0.019749999999999);
#3976=CIRCLE('',#5190,0.01975);
#3977=CIRCLE('',#5191,0.002);
#3978=CIRCLE('',#5192,0.002);
#3979=CIRCLE('',#5193,0.01975);
#3980=CIRCLE('',#5194,0.002);
#3981=CIRCLE('',#5195,0.004);
#3982=CIRCLE('',#5196,0.004);
#3983=CIRCLE('',#5197,0.002);
#3984=CIRCLE('',#5199,0.0157500000000002);
#3985=CIRCLE('',#5200,0.00512);
#3986=CIRCLE('',#5202,0.0157500000000004);
#3987=CIRCLE('',#5203,0.00512);
#3988=CIRCLE('',#5205,0.00512);
#3989=CIRCLE('',#5206,0.00512);
#3990=CIRCLE('',#5207,0.00512);
#3991=CIRCLE('',#5209,0.002575);
#3992=CIRCLE('',#5210,0.002);
#3993=CIRCLE('',#5211,0.002);
#3994=CIRCLE('',#5212,0.005);
#3995=CIRCLE('',#5213,0.005);
#3996=CIRCLE('',#5214,0.003);
#3997=CIRCLE('',#5215,0.003);
#3998=CIRCLE('',#5216,0.003);
#3999=CIRCLE('',#5217,0.003);
#4000=CIRCLE('',#5218,0.001);
#4001=CIRCLE('',#5219,0.002);
#4002=CIRCLE('',#5220,0.002);
#4003=CIRCLE('',#5223,0.002);
#4004=CIRCLE('',#5225,0.002);
#4005=CIRCLE('',#5226,0.002);
#4006=CIRCLE('',#5227,0.001);
#4007=CIRCLE('',#5228,0.003);
#4008=CIRCLE('',#5229,0.003);
#4009=CIRCLE('',#5230,0.003);
#4010=CIRCLE('',#5231,0.003);
#4011=CIRCLE('',#5232,0.005);
#4012=CIRCLE('',#5233,0.005);
#4013=CIRCLE('',#5234,0.002);
#4014=CIRCLE('',#5235,0.002);
#4015=CIRCLE('',#5236,0.002575);
#4016=CIRCLE('',#5238,0.001);
#4017=CIRCLE('',#5240,0.001);
#4018=CIRCLE('',#5243,0.003);
#4019=CIRCLE('',#5244,0.003);
#4020=CIRCLE('',#5245,0.003);
#4021=CIRCLE('',#5246,0.003);
#4022=CIRCLE('',#5247,0.002575);
#4023=CIRCLE('',#5248,0.001);
#4024=CIRCLE('',#5249,0.002);
#4025=CIRCLE('',#5250,0.002);
#4026=CIRCLE('',#5251,0.002);
#4027=CIRCLE('',#5252,0.002);
#4028=CIRCLE('',#5253,0.005);
#4029=CIRCLE('',#5254,0.005);
#4030=CIRCLE('',#5256,0.002);
#4031=CIRCLE('',#5258,0.0013);
#4032=CIRCLE('',#5259,0.0013);
#4033=CIRCLE('',#5260,0.001);
#4034=CIRCLE('',#5262,0.0013);
#4035=CIRCLE('',#5263,0.0013);
#4036=CIRCLE('',#5264,0.001);
#4037=CIRCLE('',#5268,0.002575);
#4038=CIRCLE('',#5269,0.003);
#4039=CIRCLE('',#5270,0.003);
#4040=CIRCLE('',#5271,0.003);
#4041=CIRCLE('',#5272,0.003);
#4042=CIRCLE('',#5273,0.001);
#4043=CIRCLE('',#5274,0.005);
#4044=CIRCLE('',#5275,0.005);
#4045=CIRCLE('',#5276,0.002);
#4046=CIRCLE('',#5277,0.002);
#4047=CIRCLE('',#5278,0.002);
#4048=CIRCLE('',#5279,0.002);
#4049=CIRCLE('',#5281,0.000749999999999971);
#4050=CIRCLE('',#5282,0.00075);
#4051=CIRCLE('',#5284,0.000749999999999951);
#4052=CIRCLE('',#5285,0.00075);
#4053=CIRCLE('',#5289,0.000749999999999951);
#4054=CIRCLE('',#5290,0.00075);
#4055=CIRCLE('',#5292,0.00499999999999988);
#4056=CIRCLE('',#5293,0.00499999999999988);
#4057=CIRCLE('',#5295,0.005);
#4058=CIRCLE('',#5296,0.005);
#4059=CIRCLE('',#5298,0.003025);
#4060=CIRCLE('',#5299,0.003025);
#4061=CIRCLE('',#5300,0.003025);
#4062=CIRCLE('',#5301,0.003025);
#4063=CIRCLE('',#5302,0.003025);
#4064=CIRCLE('',#5303,0.003025);
#4065=CIRCLE('',#5308,0.0015);
#4066=CIRCLE('',#5311,0.002);
#4067=CIRCLE('',#5312,0.002);
#4068=CIRCLE('',#5313,0.0015);
#4069=CIRCLE('',#5314,0.0015);
#4070=CIRCLE('',#5317,0.001);
#4071=CIRCLE('',#5319,0.0015);
#4072=CIRCLE('',#5321,0.001);
#4073=CIRCLE('',#5323,0.0157500000000002);
#4074=CIRCLE('',#5324,0.00512);
#4075=CIRCLE('',#5326,0.001);
#4076=CIRCLE('',#5327,0.002);
#4077=CIRCLE('',#5332,0.001);
#4078=CIRCLE('',#5333,0.002);
#4079=CIRCLE('',#5335,0.002);
#4080=CIRCLE('',#5336,0.001);
#4081=CIRCLE('',#5337,0.001);
#4082=CIRCLE('',#5338,0.002);
#4083=CIRCLE('',#5342,0.002);
#4084=CIRCLE('',#5344,0.002);
#4085=CIRCLE('',#5346,0.001);
#4086=CIRCLE('',#5347,0.0005);
#4087=CIRCLE('',#5349,0.0013);
#4088=CIRCLE('',#5352,0.0013);
#4089=CIRCLE('',#5354,0.001);
#4090=CIRCLE('',#5356,0.001);
#4091=CIRCLE('',#5357,0.0005);
#4092=CIRCLE('',#5360,0.001);
#4093=CIRCLE('',#5361,0.0005);
#4094=CIRCLE('',#5363,0.001);
#4095=CIRCLE('',#5364,0.0005);
#4096=CIRCLE('',#5366,0.0013);
#4097=CIRCLE('',#5369,0.0013);
#4098=CIRCLE('',#5371,0.001);
#4099=CIRCLE('',#5378,0.00362);
#4100=CIRCLE('',#5379,0.00512);
#4101=CIRCLE('',#5380,0.00512);
#4102=CIRCLE('',#5386,0.00362);
#4103=CIRCLE('',#5388,0.00512);
#4104=CIRCLE('',#5390,0.00312);
#4105=CIRCLE('',#5392,0.00312);
#4106=CIRCLE('',#5417,0.002);
#4107=CIRCLE('',#5418,0.005);
#4108=CIRCLE('',#5419,0.002);
#4109=CIRCLE('',#5421,0.005);
#4110=CIRCLE('',#5422,0.002);
#4111=CIRCLE('',#5423,0.002);
#4112=CIRCLE('',#5428,0.000749999999999971);
#4113=CIRCLE('',#5429,0.00075);
#4114=CIRCLE('',#5433,0.005);
#4115=CIRCLE('',#5434,0.002);
#4116=CIRCLE('',#5435,0.002);
#4117=CIRCLE('',#5437,0.002);
#4118=CIRCLE('',#5438,0.005);
#4119=CIRCLE('',#5439,0.002);
#4120=CIRCLE('',#5442,0.00499999999999988);
#4121=CIRCLE('',#5443,0.00499999999999988);
#4122=CIRCLE('',#5445,0.005);
#4123=CIRCLE('',#5446,0.005);
#4124=CIRCLE('',#5448,0.005);
#4125=CIRCLE('',#5449,0.005);
#4126=CIRCLE('',#5452,0.00124999999999997);
#4127=CIRCLE('',#5453,0.0045);
#4128=CIRCLE('',#5454,0.00124999999999995);
#4129=CIRCLE('',#5455,0.0045);
#4130=CIRCLE('',#5456,0.003525);
#4131=CIRCLE('',#5457,0.00449999999999988);
#4132=CIRCLE('',#5459,0.00124999999999995);
#4133=CIRCLE('',#5460,0.0045);
#4134=CIRCLE('',#5461,0.00124999999999997);
#4135=CIRCLE('',#5462,0.00449999999999988);
#4136=CIRCLE('',#5463,0.003525);
#4137=CIRCLE('',#5464,0.0045);
#4138=CIRCLE('',#5498,0.001);
#4139=CIRCLE('',#5524,0.003);
#4140=CIRCLE('',#5525,0.003);
#4141=CIRCLE('',#5543,0.001);
#4142=CIRCLE('',#5546,0.003);
#4143=CIRCLE('',#5548,0.003);
#4144=CIRCLE('',#5550,0.001);
#4145=CIRCLE('',#5551,0.001);
#4146=CIRCLE('',#5553,0.001);
#4147=CIRCLE('',#5554,0.001);
#4148=CIRCLE('',#5557,0.001);
#4149=CIRCLE('',#5558,0.001);
#4150=CIRCLE('',#5563,0.001);
#4151=CIRCLE('',#5564,0.001);
#4152=CIRCLE('',#5567,0.001);
#4153=CIRCLE('',#5568,0.001);
#4154=CIRCLE('',#5589,0.001);
#4155=CIRCLE('',#5591,0.001);
#4156=CIRCLE('',#5593,0.001);
#4157=CIRCLE('',#5595,0.001);
#4158=CIRCLE('',#5600,0.017749999999999);
#4159=CIRCLE('',#5601,0.00612);
#4160=CIRCLE('',#5605,0.01875);
#4161=CIRCLE('',#5606,0.0187499999999995);
#4162=CIRCLE('',#5607,0.01875);
#4163=CIRCLE('',#5608,0.0187499999999995);
#4164=CIRCLE('',#5609,0.01875);
#4165=CIRCLE('',#5610,0.0187499999999995);
#4166=CIRCLE('',#5611,0.0187499999999995);
#4167=CIRCLE('',#5613,0.01775);
#4168=CIRCLE('',#5614,0.00612);
#4169=CIRCLE('',#5616,0.0167500000000003);
#4170=CIRCLE('',#5617,0.0167500000000003);
#4171=CIRCLE('',#5618,0.0167500000000003);
#4172=CIRCLE('',#5619,0.0167500000000003);
#4173=CIRCLE('',#5620,0.0167500000000003);
#4174=CIRCLE('',#5621,0.0167500000000003);
#4175=CIRCLE('',#5622,0.0167500000000003);
#4176=CIRCLE('',#5624,0.018749999999999);
#4177=CIRCLE('',#5625,0.01875);
#4178=CIRCLE('',#5626,0.018749999999999);
#4179=CIRCLE('',#5627,0.01875);
#4180=CIRCLE('',#5628,0.018749999999999);
#4181=CIRCLE('',#5629,0.01875);
#4182=CIRCLE('',#5630,0.01875);
#4183=CIRCLE('',#5632,0.01675);
#4184=CIRCLE('',#5633,0.0167500000000004);
#4185=CIRCLE('',#5634,0.01675);
#4186=CIRCLE('',#5635,0.0167500000000004);
#4187=CIRCLE('',#5636,0.01675);
#4188=CIRCLE('',#5637,0.0167500000000004);
#4189=CIRCLE('',#5638,0.01675);
#4190=EDGE_LOOP('',(#1135));
#4191=EDGE_LOOP('',(#1136,#1137,#1138,#1139,#1140,#1141));
#4192=EDGE_LOOP('',(#1142));
#4193=EDGE_LOOP('',(#1143,#1144,#1145,#1146,#1147,#1148));
#4194=EDGE_LOOP('',(#1149,#1150,#1151,#1152));
#4195=EDGE_LOOP('',(#1153,#1154,#1155,#1156,#1157,#1158,#1159,#1160,#1161,
#1162,#1163,#1164,#1165,#1166,#1167,#1168,#1169,#1170,#1171,#1172,#1173,
#1174,#1175,#1176,#1177,#1178,#1179,#1180,#1181,#1182,#1183,#1184));
#4196=EDGE_LOOP('',(#1185,#1186,#1187,#1188));
#4197=EDGE_LOOP('',(#1189,#1190,#1191,#1192));
#4198=EDGE_LOOP('',(#1193,#1194,#1195,#1196,#1197,#1198,#1199,#1200));
#4199=EDGE_LOOP('',(#1201,#1202,#1203,#1204));
#4200=EDGE_LOOP('',(#1205));
#4201=EDGE_LOOP('',(#1206,#1207,#1208,#1209,#1210,#1211,#1212,#1213,#1214,
#1215,#1216,#1217,#1218,#1219,#1220,#1221,#1222,#1223,#1224,#1225,#1226,
#1227,#1228,#1229,#1230,#1231,#1232,#1233,#1234,#1235,#1236,#1237,#1238,
#1239,#1240,#1241,#1242,#1243,#1244));
#4202=EDGE_LOOP('',(#1245,#1246,#1247,#1248));
#4203=EDGE_LOOP('',(#1249,#1250,#1251,#1252,#1253,#1254,#1255,#1256,#1257,
#1258,#1259,#1260));
#4204=EDGE_LOOP('',(#1261,#1262,#1263,#1264,#1265,#1266,#1267,#1268,#1269,
#1270,#1271,#1272,#1273,#1274,#1275,#1276,#1277,#1278,#1279,#1280,#1281,
#1282,#1283,#1284,#1285,#1286,#1287,#1288,#1289,#1290,#1291,#1292,#1293,
#1294,#1295,#1296,#1297,#1298,#1299));
#4205=EDGE_LOOP('',(#1300));
#4206=EDGE_LOOP('',(#1301,#1302,#1303,#1304,#1305));
#4207=EDGE_LOOP('',(#1306,#1307,#1308,#1309,#1310));
#4208=EDGE_LOOP('',(#1311,#1312,#1313,#1314));
#4209=EDGE_LOOP('',(#1315,#1316,#1317,#1318,#1319,#1320,#1321,#1322));
#4210=EDGE_LOOP('',(#1323));
#4211=EDGE_LOOP('',(#1324,#1325,#1326,#1327,#1328,#1329,#1330,#1331,#1332,
#1333,#1334,#1335,#1336,#1337,#1338,#1339,#1340,#1341,#1342,#1343,#1344,
#1345,#1346,#1347,#1348));
#4212=EDGE_LOOP('',(#1349,#1350,#1351,#1352,#1353,#1354,#1355,#1356,#1357,
#1358,#1359,#1360));
#4213=EDGE_LOOP('',(#1361,#1362,#1363,#1364,#1365,#1366));
#4214=EDGE_LOOP('',(#1367));
#4215=EDGE_LOOP('',(#1368,#1369,#1370,#1371,#1372,#1373));
#4216=EDGE_LOOP('',(#1374));
#4217=EDGE_LOOP('',(#1375,#1376,#1377,#1378));
#4218=EDGE_LOOP('',(#1379,#1380,#1381,#1382));
#4219=EDGE_LOOP('',(#1383));
#4220=EDGE_LOOP('',(#1384,#1385,#1386,#1387,#1388,#1389,#1390,#1391));
#4221=EDGE_LOOP('',(#1392,#1393,#1394,#1395,#1396,#1397,#1398,#1399,#1400,
#1401,#1402,#1403,#1404,#1405,#1406,#1407,#1408,#1409,#1410,#1411,#1412,
#1413,#1414,#1415,#1416));
#4222=EDGE_LOOP('',(#1417,#1418,#1419,#1420,#1421));
#4223=EDGE_LOOP('',(#1422,#1423,#1424,#1425,#1426));
#4224=EDGE_LOOP('',(#1427,#1428,#1429,#1430));
#4225=EDGE_LOOP('',(#1431,#1432,#1433,#1434));
#4226=EDGE_LOOP('',(#1435,#1436,#1437,#1438,#1439));
#4227=EDGE_LOOP('',(#1440,#1441,#1442,#1443));
#4228=EDGE_LOOP('',(#1444,#1445,#1446,#1447));
#4229=EDGE_LOOP('',(#1448,#1449,#1450,#1451,#1452,#1453,#1454,#1455,#1456,
#1457,#1458,#1459,#1460,#1461,#1462,#1463));
#4230=EDGE_LOOP('',(#1464,#1465,#1466,#1467));
#4231=EDGE_LOOP('',(#1468,#1469,#1470,#1471));
#4232=EDGE_LOOP('',(#1472,#1473,#1474,#1475,#1476,#1477,#1478,#1479));
#4233=EDGE_LOOP('',(#1480,#1481,#1482,#1483,#1484));
#4234=EDGE_LOOP('',(#1485,#1486,#1487,#1488));
#4235=EDGE_LOOP('',(#1489,#1490,#1491,#1492,#1493,#1494,#1495,#1496,#1497,
#1498,#1499,#1500,#1501,#1502,#1503,#1504));
#4236=EDGE_LOOP('',(#1505,#1506,#1507,#1508));
#4237=EDGE_LOOP('',(#1509,#1510,#1511,#1512));
#4238=EDGE_LOOP('',(#1513,#1514,#1515,#1516,#1517));
#4239=EDGE_LOOP('',(#1518,#1519,#1520,#1521));
#4240=EDGE_LOOP('',(#1522,#1523,#1524,#1525));
#4241=EDGE_LOOP('',(#1526,#1527,#1528,#1529,#1530,#1531,#1532));
#4242=EDGE_LOOP('',(#1533,#1534,#1535,#1536));
#4243=EDGE_LOOP('',(#1537,#1538,#1539,#1540,#1541,#1542,#1543,#1544,#1545,
#1546));
#4244=EDGE_LOOP('',(#1547,#1548,#1549,#1550));
#4245=EDGE_LOOP('',(#1551,#1552,#1553,#1554,#1555,#1556,#1557));
#4246=EDGE_LOOP('',(#1558,#1559,#1560,#1561,#1562,#1563,#1564,#1565,#1566,
#1567,#1568,#1569));
#4247=EDGE_LOOP('',(#1570,#1571,#1572,#1573));
#4248=EDGE_LOOP('',(#1574,#1575,#1576,#1577));
#4249=EDGE_LOOP('',(#1578,#1579,#1580,#1581,#1582));
#4250=EDGE_LOOP('',(#1583,#1584,#1585,#1586,#1587));
#4251=EDGE_LOOP('',(#1588,#1589,#1590,#1591,#1592,#1593,#1594,#1595));
#4252=EDGE_LOOP('',(#1596,#1597,#1598,#1599));
#4253=EDGE_LOOP('',(#1600,#1601,#1602,#1603));
#4254=EDGE_LOOP('',(#1604,#1605,#1606,#1607));
#4255=EDGE_LOOP('',(#1608));
#4256=EDGE_LOOP('',(#1609));
#4257=EDGE_LOOP('',(#1610,#1611,#1612,#1613,#1614,#1615,#1616,#1617));
#4258=EDGE_LOOP('',(#1618));
#4259=EDGE_LOOP('',(#1619,#1620,#1621,#1622,#1623,#1624));
#4260=EDGE_LOOP('',(#1625,#1626,#1627,#1628,#1629,#1630,#1631,#1632));
#4261=EDGE_LOOP('',(#1633,#1634,#1635,#1636,#1637,#1638,#1639,#1640));
#4262=EDGE_LOOP('',(#1641,#1642,#1643,#1644));
#4263=EDGE_LOOP('',(#1645,#1646,#1647,#1648));
#4264=EDGE_LOOP('',(#1649,#1650,#1651,#1652));
#4265=EDGE_LOOP('',(#1653));
#4266=EDGE_LOOP('',(#1654));
#4267=EDGE_LOOP('',(#1655,#1656,#1657,#1658,#1659,#1660));
#4268=EDGE_LOOP('',(#1661));
#4269=EDGE_LOOP('',(#1662,#1663,#1664,#1665));
#4270=EDGE_LOOP('',(#1666,#1667,#1668,#1669));
#4271=EDGE_LOOP('',(#1670,#1671,#1672,#1673,#1674,#1675,#1676,#1677,#1678,
#1679));
#4272=EDGE_LOOP('',(#1680,#1681,#1682,#1683,#1684,#1685,#1686,#1687,#1688,
#1689));
#4273=EDGE_LOOP('',(#1690));
#4274=EDGE_LOOP('',(#1691,#1692,#1693,#1694,#1695,#1696,#1697,#1698));
#4275=EDGE_LOOP('',(#1699,#1700,#1701,#1702,#1703,#1704,#1705,#1706,#1707,
#1708));
#4276=EDGE_LOOP('',(#1709,#1710,#1711,#1712,#1713,#1714,#1715,#1716,#1717,
#1718));
#4277=EDGE_LOOP('',(#1719,#1720,#1721,#1722,#1723,#1724,#1725,#1726,#1727,
#1728));
#4278=EDGE_LOOP('',(#1729,#1730,#1731,#1732,#1733,#1734,#1735,#1736,#1737,
#1738));
#4279=EDGE_LOOP('',(#1739));
#4280=EDGE_LOOP('',(#1740,#1741,#1742,#1743,#1744,#1745,#1746,#1747));
#4281=EDGE_LOOP('',(#1748,#1749,#1750,#1751));
#4282=EDGE_LOOP('',(#1752,#1753,#1754,#1755,#1756,#1757,#1758,#1759));
#4283=EDGE_LOOP('',(#1760));
#4284=EDGE_LOOP('',(#1761));
#4285=EDGE_LOOP('',(#1762));
#4286=EDGE_LOOP('',(#1763));
#4287=EDGE_LOOP('',(#1764));
#4288=EDGE_LOOP('',(#1765));
#4289=EDGE_LOOP('',(#1766));
#4290=EDGE_LOOP('',(#1767));
#4291=EDGE_LOOP('',(#1768,#1769,#1770,#1771));
#4292=EDGE_LOOP('',(#1772,#1773,#1774,#1775));
#4293=EDGE_LOOP('',(#1776,#1777,#1778,#1779));
#4294=EDGE_LOOP('',(#1780,#1781,#1782,#1783));
#4295=EDGE_LOOP('',(#1784,#1785,#1786,#1787));
#4296=EDGE_LOOP('',(#1788,#1789,#1790,#1791));
#4297=EDGE_LOOP('',(#1792,#1793,#1794,#1795,#1796));
#4298=EDGE_LOOP('',(#1797,#1798,#1799,#1800));
#4299=EDGE_LOOP('',(#1801,#1802,#1803,#1804,#1805));
#4300=EDGE_LOOP('',(#1806,#1807,#1808,#1809));
#4301=EDGE_LOOP('',(#1810,#1811,#1812,#1813));
#4302=EDGE_LOOP('',(#1814,#1815,#1816,#1817,#1818));
#4303=EDGE_LOOP('',(#1819,#1820,#1821,#1822,#1823,#1824));
#4304=EDGE_LOOP('',(#1825,#1826,#1827,#1828,#1829,#1830));
#4305=EDGE_LOOP('',(#1831,#1832,#1833,#1834,#1835,#1836,#1837));
#4306=EDGE_LOOP('',(#1838,#1839,#1840,#1841));
#4307=EDGE_LOOP('',(#1842,#1843,#1844,#1845,#1846,#1847));
#4308=EDGE_LOOP('',(#1848,#1849,#1850,#1851,#1852));
#4309=EDGE_LOOP('',(#1853,#1854,#1855,#1856,#1857));
#4310=EDGE_LOOP('',(#1858,#1859,#1860,#1861,#1862,#1863));
#4311=EDGE_LOOP('',(#1864,#1865,#1866,#1867,#1868,#1869,#1870));
#4312=EDGE_LOOP('',(#1871,#1872,#1873,#1874));
#4313=EDGE_LOOP('',(#1875,#1876,#1877,#1878));
#4314=EDGE_LOOP('',(#1879,#1880,#1881,#1882,#1883,#1884,#1885,#1886,#1887,
#1888,#1889,#1890));
#4315=EDGE_LOOP('',(#1891,#1892,#1893,#1894));
#4316=EDGE_LOOP('',(#1895,#1896,#1897,#1898));
#4317=EDGE_LOOP('',(#1899,#1900,#1901,#1902,#1903,#1904,#1905,#1906));
#4318=EDGE_LOOP('',(#1907,#1908,#1909,#1910,#1911,#1912,#1913,#1914));
#4319=EDGE_LOOP('',(#1915,#1916,#1917,#1918));
#4320=EDGE_LOOP('',(#1919,#1920,#1921,#1922,#1923));
#4321=EDGE_LOOP('',(#1924,#1925,#1926,#1927,#1928));
#4322=EDGE_LOOP('',(#1929,#1930,#1931,#1932));
#4323=EDGE_LOOP('',(#1933,#1934,#1935,#1936,#1937));
#4324=EDGE_LOOP('',(#1938,#1939,#1940,#1941,#1942));
#4325=EDGE_LOOP('',(#1943,#1944,#1945,#1946,#1947));
#4326=EDGE_LOOP('',(#1948,#1949,#1950,#1951,#1952));
#4327=EDGE_LOOP('',(#1953,#1954,#1955,#1956,#1957));
#4328=EDGE_LOOP('',(#1958,#1959,#1960,#1961,#1962));
#4329=EDGE_LOOP('',(#1963,#1964,#1965,#1966,#1967));
#4330=EDGE_LOOP('',(#1968,#1969,#1970,#1971));
#4331=EDGE_LOOP('',(#1972,#1973,#1974,#1975,#1976,#1977));
#4332=EDGE_LOOP('',(#1978,#1979,#1980,#1981));
#4333=EDGE_LOOP('',(#1982,#1983,#1984,#1985,#1986));
#4334=EDGE_LOOP('',(#1987,#1988,#1989,#1990));
#4335=EDGE_LOOP('',(#1991,#1992,#1993,#1994));
#4336=EDGE_LOOP('',(#1995,#1996,#1997,#1998));
#4337=EDGE_LOOP('',(#1999,#2000,#2001,#2002,#2003));
#4338=EDGE_LOOP('',(#2004,#2005,#2006,#2007));
#4339=EDGE_LOOP('',(#2008,#2009,#2010,#2011,#2012,#2013));
#4340=EDGE_LOOP('',(#2014,#2015,#2016,#2017));
#4341=EDGE_LOOP('',(#2018,#2019,#2020,#2021,#2022));
#4342=EDGE_LOOP('',(#2023,#2024,#2025,#2026));
#4343=EDGE_LOOP('',(#2027,#2028,#2029,#2030));
#4344=EDGE_LOOP('',(#2031,#2032,#2033,#2034));
#4345=EDGE_LOOP('',(#2035,#2036,#2037,#2038,#2039,#2040,#2041,#2042,#2043,
#2044,#2045,#2046,#2047,#2048));
#4346=EDGE_LOOP('',(#2049,#2050,#2051,#2052,#2053,#2054,#2055,#2056,#2057,
#2058,#2059,#2060,#2061,#2062));
#4347=EDGE_LOOP('',(#2063,#2064,#2065,#2066));
#4348=EDGE_LOOP('',(#2067,#2068,#2069,#2070));
#4349=EDGE_LOOP('',(#2071,#2072,#2073,#2074));
#4350=EDGE_LOOP('',(#2075,#2076,#2077,#2078));
#4351=EDGE_LOOP('',(#2079,#2080,#2081,#2082,#2083,#2084,#2085));
#4352=EDGE_LOOP('',(#2086,#2087,#2088,#2089));
#4353=EDGE_LOOP('',(#2090,#2091,#2092,#2093));
#4354=EDGE_LOOP('',(#2094,#2095,#2096,#2097));
#4355=EDGE_LOOP('',(#2098,#2099,#2100,#2101));
#4356=EDGE_LOOP('',(#2102,#2103,#2104,#2105,#2106,#2107,#2108));
#4357=EDGE_LOOP('',(#2109,#2110,#2111,#2112));
#4358=EDGE_LOOP('',(#2113,#2114,#2115,#2116));
#4359=EDGE_LOOP('',(#2117,#2118,#2119,#2120));
#4360=EDGE_LOOP('',(#2121,#2122,#2123,#2124));
#4361=EDGE_LOOP('',(#2125,#2126,#2127,#2128));
#4362=EDGE_LOOP('',(#2129,#2130,#2131,#2132,#2133,#2134,#2135));
#4363=EDGE_LOOP('',(#2136));
#4364=EDGE_LOOP('',(#2137));
#4365=EDGE_LOOP('',(#2138,#2139,#2140,#2141));
#4366=EDGE_LOOP('',(#2142,#2143,#2144,#2145));
#4367=EDGE_LOOP('',(#2146,#2147,#2148,#2149));
#4368=EDGE_LOOP('',(#2150,#2151,#2152,#2153));
#4369=EDGE_LOOP('',(#2154,#2155,#2156,#2157));
#4370=EDGE_LOOP('',(#2158,#2159,#2160,#2161));
#4371=EDGE_LOOP('',(#2162,#2163,#2164,#2165));
#4372=EDGE_LOOP('',(#2166,#2167,#2168,#2169));
#4373=EDGE_LOOP('',(#2170,#2171,#2172,#2173));
#4374=EDGE_LOOP('',(#2174,#2175,#2176,#2177));
#4375=EDGE_LOOP('',(#2178,#2179,#2180,#2181));
#4376=EDGE_LOOP('',(#2182,#2183,#2184,#2185));
#4377=EDGE_LOOP('',(#2186,#2187,#2188,#2189,#2190,#2191,#2192,#2193,#2194,
#2195,#2196,#2197,#2198,#2199));
#4378=EDGE_LOOP('',(#2200));
#4379=EDGE_LOOP('',(#2201));
#4380=EDGE_LOOP('',(#2202,#2203,#2204,#2205));
#4381=EDGE_LOOP('',(#2206,#2207,#2208,#2209));
#4382=EDGE_LOOP('',(#2210,#2211,#2212,#2213));
#4383=EDGE_LOOP('',(#2214,#2215,#2216,#2217));
#4384=EDGE_LOOP('',(#2218,#2219,#2220,#2221));
#4385=EDGE_LOOP('',(#2222,#2223,#2224,#2225));
#4386=EDGE_LOOP('',(#2226,#2227,#2228,#2229));
#4387=EDGE_LOOP('',(#2230,#2231,#2232,#2233));
#4388=EDGE_LOOP('',(#2234,#2235,#2236,#2237));
#4389=EDGE_LOOP('',(#2238,#2239,#2240,#2241));
#4390=EDGE_LOOP('',(#2242,#2243,#2244,#2245));
#4391=EDGE_LOOP('',(#2246,#2247,#2248,#2249));
#4392=EDGE_LOOP('',(#2250,#2251,#2252,#2253));
#4393=EDGE_LOOP('',(#2254,#2255,#2256,#2257));
#4394=EDGE_LOOP('',(#2258,#2259,#2260,#2261));
#4395=EDGE_LOOP('',(#2262,#2263,#2264,#2265,#2266,#2267,#2268));
#4396=EDGE_LOOP('',(#2269,#2270,#2271,#2272));
#4397=EDGE_LOOP('',(#2273,#2274,#2275,#2276));
#4398=EDGE_LOOP('',(#2277,#2278,#2279,#2280));
#4399=EDGE_LOOP('',(#2281,#2282,#2283,#2284));
#4400=EDGE_LOOP('',(#2285,#2286,#2287,#2288));
#4401=EDGE_LOOP('',(#2289,#2290,#2291,#2292));
#4402=EDGE_LOOP('',(#2293,#2294,#2295,#2296));
#4403=EDGE_LOOP('',(#2297,#2298,#2299,#2300));
#4404=EDGE_LOOP('',(#2301,#2302,#2303,#2304));
#4405=EDGE_LOOP('',(#2305,#2306,#2307,#2308));
#4406=EDGE_LOOP('',(#2309,#2310,#2311,#2312));
#4407=EDGE_LOOP('',(#2313,#2314,#2315,#2316));
#4408=EDGE_LOOP('',(#2317,#2318,#2319,#2320));
#4409=EDGE_LOOP('',(#2321,#2322,#2323,#2324));
#4410=EDGE_LOOP('',(#2325,#2326,#2327,#2328,#2329,#2330,#2331,#2332,#2333,
#2334,#2335,#2336));
#4411=EDGE_LOOP('',(#2337,#2338,#2339,#2340,#2341,#2342,#2343,#2344,#2345,
#2346,#2347,#2348));
#4412=EDGE_LOOP('',(#2349,#2350,#2351,#2352));
#4413=EDGE_LOOP('',(#2353,#2354,#2355,#2356));
#4414=EDGE_LOOP('',(#2357,#2358,#2359,#2360));
#4415=EDGE_LOOP('',(#2361,#2362,#2363,#2364));
#4416=EDGE_LOOP('',(#2365,#2366,#2367,#2368));
#4417=EDGE_LOOP('',(#2369,#2370,#2371,#2372));
#4418=EDGE_LOOP('',(#2373,#2374,#2375,#2376));
#4419=EDGE_LOOP('',(#2377,#2378,#2379,#2380));
#4420=EDGE_LOOP('',(#2381,#2382,#2383,#2384));
#4421=EDGE_LOOP('',(#2385,#2386,#2387,#2388));
#4422=EDGE_LOOP('',(#2389,#2390,#2391,#2392));
#4423=EDGE_LOOP('',(#2393,#2394,#2395,#2396));
#4424=EDGE_LOOP('',(#2397,#2398,#2399,#2400));
#4425=EDGE_LOOP('',(#2401,#2402,#2403,#2404));
#4426=EDGE_LOOP('',(#2405,#2406,#2407,#2408));
#4427=EDGE_LOOP('',(#2409,#2410,#2411,#2412));
#4428=EDGE_LOOP('',(#2413,#2414,#2415,#2416));
#4429=EDGE_LOOP('',(#2417,#2418,#2419,#2420,#2421,#2422,#2423,#2424));
#4430=EDGE_LOOP('',(#2425,#2426,#2427,#2428,#2429,#2430,#2431,#2432));
#4431=EDGE_LOOP('',(#2433,#2434,#2435,#2436));
#4432=EDGE_LOOP('',(#2437,#2438,#2439,#2440,#2441,#2442,#2443,#2444));
#4433=EDGE_LOOP('',(#2445,#2446,#2447,#2448,#2449,#2450,#2451,#2452));
#4434=EDGE_LOOP('',(#2453,#2454,#2455,#2456,#2457,#2458,#2459,#2460,#2461,
#2462,#2463,#2464,#2465,#2466,#2467,#2468,#2469,#2470));
#4435=EDGE_LOOP('',(#2471));
#4436=EDGE_LOOP('',(#2472,#2473,#2474,#2475));
#4437=EDGE_LOOP('',(#2476,#2477,#2478,#2479,#2480,#2481,#2482,#2483,#2484,
#2485,#2486,#2487,#2488,#2489,#2490,#2491));
#4438=EDGE_LOOP('',(#2492));
#4439=EDGE_LOOP('',(#2493,#2494,#2495,#2496,#2497,#2498,#2499,#2500,#2501,
#2502,#2503,#2504,#2505,#2506,#2507,#2508,#2509,#2510));
#4440=EDGE_LOOP('',(#2511));
#4441=EDGE_LOOP('',(#2512,#2513,#2514,#2515,#2516,#2517,#2518,#2519,#2520,
#2521,#2522,#2523,#2524,#2525,#2526,#2527));
#4442=EDGE_LOOP('',(#2528));
#4443=EDGE_LOOP('',(#2529,#2530,#2531,#2532));
#4444=EDGE_LOOP('',(#2533,#2534,#2535,#2536));
#4445=EDGE_LOOP('',(#2537));
#4446=EDGE_LOOP('',(#2538));
#4447=EDGE_LOOP('',(#2539,#2540,#2541,#2542));
#4448=EDGE_LOOP('',(#2543,#2544,#2545,#2546));
#4449=EDGE_LOOP('',(#2547,#2548,#2549,#2550));
#4450=EDGE_LOOP('',(#2551));
#4451=EDGE_LOOP('',(#2552));
#4452=EDGE_LOOP('',(#2553,#2554,#2555,#2556));
#4453=EDGE_LOOP('',(#2557,#2558,#2559,#2560));
#4454=EDGE_LOOP('',(#2561,#2562,#2563,#2564));
#4455=EDGE_LOOP('',(#2565,#2566,#2567,#2568));
#4456=EDGE_LOOP('',(#2569,#2570,#2571,#2572));
#4457=EDGE_LOOP('',(#2573,#2574,#2575,#2576));
#4458=EDGE_LOOP('',(#2577,#2578,#2579,#2580,#2581,#2582));
#4459=EDGE_LOOP('',(#2583,#2584,#2585,#2586));
#4460=EDGE_LOOP('',(#2587,#2588,#2589,#2590));
#4461=EDGE_LOOP('',(#2591,#2592,#2593,#2594));
#4462=EDGE_LOOP('',(#2595,#2596,#2597,#2598));
#4463=EDGE_LOOP('',(#2599,#2600,#2601,#2602));
#4464=EDGE_LOOP('',(#2603,#2604,#2605,#2606));
#4465=EDGE_LOOP('',(#2607,#2608,#2609,#2610));
#4466=EDGE_LOOP('',(#2611,#2612,#2613,#2614));
#4467=EDGE_LOOP('',(#2615,#2616,#2617,#2618));
#4468=EDGE_LOOP('',(#2619,#2620,#2621,#2622));
#4469=EDGE_LOOP('',(#2623,#2624,#2625,#2626));
#4470=EDGE_LOOP('',(#2627,#2628,#2629,#2630));
#4471=EDGE_LOOP('',(#2631,#2632,#2633,#2634));
#4472=EDGE_LOOP('',(#2635,#2636,#2637,#2638));
#4473=EDGE_LOOP('',(#2639,#2640,#2641,#2642));
#4474=EDGE_LOOP('',(#2643,#2644,#2645,#2646));
#4475=EDGE_LOOP('',(#2647,#2648,#2649,#2650));
#4476=EDGE_LOOP('',(#2651,#2652,#2653,#2654));
#4477=EDGE_LOOP('',(#2655,#2656,#2657,#2658));
#4478=EDGE_LOOP('',(#2659,#2660,#2661,#2662,#2663,#2664));
#4479=EDGE_LOOP('',(#2665,#2666,#2667,#2668));
#4480=EDGE_LOOP('',(#2669,#2670,#2671,#2672));
#4481=EDGE_LOOP('',(#2673,#2674,#2675,#2676));
#4482=EDGE_LOOP('',(#2677,#2678,#2679,#2680));
#4483=FACE_BOUND('',#4190,.T.);
#4484=FACE_BOUND('',#4191,.T.);
#4485=FACE_BOUND('',#4192,.T.);
#4486=FACE_BOUND('',#4193,.T.);
#4487=FACE_BOUND('',#4194,.T.);
#4488=FACE_BOUND('',#4195,.T.);
#4489=FACE_BOUND('',#4196,.T.);
#4490=FACE_BOUND('',#4197,.T.);
#4491=FACE_BOUND('',#4198,.T.);
#4492=FACE_BOUND('',#4199,.T.);
#4493=FACE_BOUND('',#4200,.T.);
#4494=FACE_BOUND('',#4201,.T.);
#4495=FACE_BOUND('',#4202,.T.);
#4496=FACE_BOUND('',#4203,.T.);
#4497=FACE_BOUND('',#4204,.T.);
#4498=FACE_BOUND('',#4205,.T.);
#4499=FACE_BOUND('',#4206,.T.);
#4500=FACE_BOUND('',#4207,.T.);
#4501=FACE_BOUND('',#4208,.T.);
#4502=FACE_BOUND('',#4209,.T.);
#4503=FACE_BOUND('',#4210,.T.);
#4504=FACE_BOUND('',#4211,.T.);
#4505=FACE_BOUND('',#4212,.T.);
#4506=FACE_BOUND('',#4213,.T.);
#4507=FACE_BOUND('',#4214,.T.);
#4508=FACE_BOUND('',#4215,.T.);
#4509=FACE_BOUND('',#4216,.T.);
#4510=FACE_BOUND('',#4217,.T.);
#4511=FACE_BOUND('',#4218,.T.);
#4512=FACE_BOUND('',#4219,.T.);
#4513=FACE_BOUND('',#4220,.T.);
#4514=FACE_BOUND('',#4221,.T.);
#4515=FACE_BOUND('',#4222,.T.);
#4516=FACE_BOUND('',#4223,.T.);
#4517=FACE_BOUND('',#4224,.T.);
#4518=FACE_BOUND('',#4225,.T.);
#4519=FACE_BOUND('',#4226,.T.);
#4520=FACE_BOUND('',#4227,.T.);
#4521=FACE_BOUND('',#4228,.T.);
#4522=FACE_BOUND('',#4229,.T.);
#4523=FACE_BOUND('',#4230,.T.);
#4524=FACE_BOUND('',#4231,.T.);
#4525=FACE_BOUND('',#4232,.T.);
#4526=FACE_BOUND('',#4233,.T.);
#4527=FACE_BOUND('',#4234,.T.);
#4528=FACE_BOUND('',#4235,.T.);
#4529=FACE_BOUND('',#4236,.T.);
#4530=FACE_BOUND('',#4237,.T.);
#4531=FACE_BOUND('',#4238,.T.);
#4532=FACE_BOUND('',#4239,.T.);
#4533=FACE_BOUND('',#4240,.T.);
#4534=FACE_BOUND('',#4241,.T.);
#4535=FACE_BOUND('',#4242,.T.);
#4536=FACE_BOUND('',#4243,.T.);
#4537=FACE_BOUND('',#4244,.T.);
#4538=FACE_BOUND('',#4245,.T.);
#4539=FACE_BOUND('',#4246,.T.);
#4540=FACE_BOUND('',#4247,.T.);
#4541=FACE_BOUND('',#4248,.T.);
#4542=FACE_BOUND('',#4249,.T.);
#4543=FACE_BOUND('',#4250,.T.);
#4544=FACE_BOUND('',#4251,.T.);
#4545=FACE_BOUND('',#4252,.T.);
#4546=FACE_BOUND('',#4253,.T.);
#4547=FACE_BOUND('',#4254,.T.);
#4548=FACE_BOUND('',#4255,.T.);
#4549=FACE_BOUND('',#4256,.T.);
#4550=FACE_BOUND('',#4257,.T.);
#4551=FACE_BOUND('',#4258,.T.);
#4552=FACE_BOUND('',#4259,.T.);
#4553=FACE_BOUND('',#4260,.T.);
#4554=FACE_BOUND('',#4261,.T.);
#4555=FACE_BOUND('',#4262,.T.);
#4556=FACE_BOUND('',#4263,.T.);
#4557=FACE_BOUND('',#4264,.T.);
#4558=FACE_BOUND('',#4265,.T.);
#4559=FACE_BOUND('',#4266,.T.);
#4560=FACE_BOUND('',#4267,.T.);
#4561=FACE_BOUND('',#4268,.T.);
#4562=FACE_BOUND('',#4269,.T.);
#4563=FACE_BOUND('',#4270,.T.);
#4564=FACE_BOUND('',#4271,.T.);
#4565=FACE_BOUND('',#4272,.T.);
#4566=FACE_BOUND('',#4273,.T.);
#4567=FACE_BOUND('',#4274,.T.);
#4568=FACE_BOUND('',#4275,.T.);
#4569=FACE_BOUND('',#4276,.T.);
#4570=FACE_BOUND('',#4277,.T.);
#4571=FACE_BOUND('',#4278,.T.);
#4572=FACE_BOUND('',#4279,.T.);
#4573=FACE_BOUND('',#4280,.T.);
#4574=FACE_BOUND('',#4281,.T.);
#4575=FACE_BOUND('',#4282,.T.);
#4576=FACE_BOUND('',#4283,.T.);
#4577=FACE_BOUND('',#4284,.T.);
#4578=FACE_BOUND('',#4285,.T.);
#4579=FACE_BOUND('',#4286,.T.);
#4580=FACE_BOUND('',#4287,.T.);
#4581=FACE_BOUND('',#4288,.T.);
#4582=FACE_BOUND('',#4289,.T.);
#4583=FACE_BOUND('',#4290,.T.);
#4584=FACE_BOUND('',#4291,.T.);
#4585=FACE_BOUND('',#4292,.T.);
#4586=FACE_BOUND('',#4293,.T.);
#4587=FACE_BOUND('',#4294,.T.);
#4588=FACE_BOUND('',#4295,.T.);
#4589=FACE_BOUND('',#4296,.T.);
#4590=FACE_BOUND('',#4297,.T.);
#4591=FACE_BOUND('',#4298,.T.);
#4592=FACE_BOUND('',#4299,.T.);
#4593=FACE_BOUND('',#4300,.T.);
#4594=FACE_BOUND('',#4301,.T.);
#4595=FACE_BOUND('',#4302,.T.);
#4596=FACE_BOUND('',#4303,.T.);
#4597=FACE_BOUND('',#4304,.T.);
#4598=FACE_BOUND('',#4305,.T.);
#4599=FACE_BOUND('',#4306,.T.);
#4600=FACE_BOUND('',#4307,.T.);
#4601=FACE_BOUND('',#4308,.T.);
#4602=FACE_BOUND('',#4309,.T.);
#4603=FACE_BOUND('',#4310,.T.);
#4604=FACE_BOUND('',#4311,.T.);
#4605=FACE_BOUND('',#4312,.T.);
#4606=FACE_BOUND('',#4313,.T.);
#4607=FACE_BOUND('',#4314,.T.);
#4608=FACE_BOUND('',#4315,.T.);
#4609=FACE_BOUND('',#4316,.T.);
#4610=FACE_BOUND('',#4317,.T.);
#4611=FACE_BOUND('',#4318,.T.);
#4612=FACE_BOUND('',#4319,.T.);
#4613=FACE_BOUND('',#4320,.T.);
#4614=FACE_BOUND('',#4321,.T.);
#4615=FACE_BOUND('',#4322,.T.);
#4616=FACE_BOUND('',#4323,.T.);
#4617=FACE_BOUND('',#4324,.T.);
#4618=FACE_BOUND('',#4325,.T.);
#4619=FACE_BOUND('',#4326,.T.);
#4620=FACE_BOUND('',#4327,.T.);
#4621=FACE_BOUND('',#4328,.T.);
#4622=FACE_BOUND('',#4329,.T.);
#4623=FACE_BOUND('',#4330,.T.);
#4624=FACE_BOUND('',#4331,.T.);
#4625=FACE_BOUND('',#4332,.T.);
#4626=FACE_BOUND('',#4333,.T.);
#4627=FACE_BOUND('',#4334,.T.);
#4628=FACE_BOUND('',#4335,.T.);
#4629=FACE_BOUND('',#4336,.T.);
#4630=FACE_BOUND('',#4337,.T.);
#4631=FACE_BOUND('',#4338,.T.);
#4632=FACE_BOUND('',#4339,.T.);
#4633=FACE_BOUND('',#4340,.T.);
#4634=FACE_BOUND('',#4341,.T.);
#4635=FACE_BOUND('',#4342,.T.);
#4636=FACE_BOUND('',#4343,.T.);
#4637=FACE_BOUND('',#4344,.T.);
#4638=FACE_BOUND('',#4345,.T.);
#4639=FACE_BOUND('',#4346,.T.);
#4640=FACE_BOUND('',#4347,.T.);
#4641=FACE_BOUND('',#4348,.T.);
#4642=FACE_BOUND('',#4349,.T.);
#4643=FACE_BOUND('',#4350,.T.);
#4644=FACE_BOUND('',#4351,.T.);
#4645=FACE_BOUND('',#4352,.T.);
#4646=FACE_BOUND('',#4353,.T.);
#4647=FACE_BOUND('',#4354,.T.);
#4648=FACE_BOUND('',#4355,.T.);
#4649=FACE_BOUND('',#4356,.T.);
#4650=FACE_BOUND('',#4357,.T.);
#4651=FACE_BOUND('',#4358,.T.);
#4652=FACE_BOUND('',#4359,.T.);
#4653=FACE_BOUND('',#4360,.T.);
#4654=FACE_BOUND('',#4361,.T.);
#4655=FACE_BOUND('',#4362,.T.);
#4656=FACE_BOUND('',#4363,.T.);
#4657=FACE_BOUND('',#4364,.T.);
#4658=FACE_BOUND('',#4365,.T.);
#4659=FACE_BOUND('',#4366,.T.);
#4660=FACE_BOUND('',#4367,.T.);
#4661=FACE_BOUND('',#4368,.T.);
#4662=FACE_BOUND('',#4369,.T.);
#4663=FACE_BOUND('',#4370,.T.);
#4664=FACE_BOUND('',#4371,.T.);
#4665=FACE_BOUND('',#4372,.T.);
#4666=FACE_BOUND('',#4373,.T.);
#4667=FACE_BOUND('',#4374,.T.);
#4668=FACE_BOUND('',#4375,.T.);
#4669=FACE_BOUND('',#4376,.T.);
#4670=FACE_BOUND('',#4377,.T.);
#4671=FACE_BOUND('',#4378,.T.);
#4672=FACE_BOUND('',#4379,.T.);
#4673=FACE_BOUND('',#4380,.T.);
#4674=FACE_BOUND('',#4381,.T.);
#4675=FACE_BOUND('',#4382,.T.);
#4676=FACE_BOUND('',#4383,.T.);
#4677=FACE_BOUND('',#4384,.T.);
#4678=FACE_BOUND('',#4385,.T.);
#4679=FACE_BOUND('',#4386,.T.);
#4680=FACE_BOUND('',#4387,.T.);
#4681=FACE_BOUND('',#4388,.T.);
#4682=FACE_BOUND('',#4389,.T.);
#4683=FACE_BOUND('',#4390,.T.);
#4684=FACE_BOUND('',#4391,.T.);
#4685=FACE_BOUND('',#4392,.T.);
#4686=FACE_BOUND('',#4393,.T.);
#4687=FACE_BOUND('',#4394,.T.);
#4688=FACE_BOUND('',#4395,.T.);
#4689=FACE_BOUND('',#4396,.T.);
#4690=FACE_BOUND('',#4397,.T.);
#4691=FACE_BOUND('',#4398,.T.);
#4692=FACE_BOUND('',#4399,.T.);
#4693=FACE_BOUND('',#4400,.T.);
#4694=FACE_BOUND('',#4401,.T.);
#4695=FACE_BOUND('',#4402,.T.);
#4696=FACE_BOUND('',#4403,.T.);
#4697=FACE_BOUND('',#4404,.T.);
#4698=FACE_BOUND('',#4405,.T.);
#4699=FACE_BOUND('',#4406,.T.);
#4700=FACE_BOUND('',#4407,.T.);
#4701=FACE_BOUND('',#4408,.T.);
#4702=FACE_BOUND('',#4409,.T.);
#4703=FACE_BOUND('',#4410,.T.);
#4704=FACE_BOUND('',#4411,.T.);
#4705=FACE_BOUND('',#4412,.T.);
#4706=FACE_BOUND('',#4413,.T.);
#4707=FACE_BOUND('',#4414,.T.);
#4708=FACE_BOUND('',#4415,.T.);
#4709=FACE_BOUND('',#4416,.T.);
#4710=FACE_BOUND('',#4417,.T.);
#4711=FACE_BOUND('',#4418,.T.);
#4712=FACE_BOUND('',#4419,.T.);
#4713=FACE_BOUND('',#4420,.T.);
#4714=FACE_BOUND('',#4421,.T.);
#4715=FACE_BOUND('',#4422,.T.);
#4716=FACE_BOUND('',#4423,.T.);
#4717=FACE_BOUND('',#4424,.T.);
#4718=FACE_BOUND('',#4425,.T.);
#4719=FACE_BOUND('',#4426,.T.);
#4720=FACE_BOUND('',#4427,.T.);
#4721=FACE_BOUND('',#4428,.T.);
#4722=FACE_BOUND('',#4429,.T.);
#4723=FACE_BOUND('',#4430,.T.);
#4724=FACE_BOUND('',#4431,.T.);
#4725=FACE_BOUND('',#4432,.T.);
#4726=FACE_BOUND('',#4433,.T.);
#4727=FACE_BOUND('',#4434,.T.);
#4728=FACE_BOUND('',#4435,.T.);
#4729=FACE_BOUND('',#4436,.T.);
#4730=FACE_BOUND('',#4437,.T.);
#4731=FACE_BOUND('',#4438,.T.);
#4732=FACE_BOUND('',#4439,.T.);
#4733=FACE_BOUND('',#4440,.T.);
#4734=FACE_BOUND('',#4441,.T.);
#4735=FACE_BOUND('',#4442,.T.);
#4736=FACE_BOUND('',#4443,.T.);
#4737=FACE_BOUND('',#4444,.T.);
#4738=FACE_BOUND('',#4445,.T.);
#4739=FACE_BOUND('',#4446,.T.);
#4740=FACE_BOUND('',#4447,.T.);
#4741=FACE_BOUND('',#4448,.T.);
#4742=FACE_BOUND('',#4449,.T.);
#4743=FACE_BOUND('',#4450,.T.);
#4744=FACE_BOUND('',#4451,.T.);
#4745=FACE_BOUND('',#4452,.T.);
#4746=FACE_BOUND('',#4453,.T.);
#4747=FACE_BOUND('',#4454,.T.);
#4748=FACE_BOUND('',#4455,.T.);
#4749=FACE_BOUND('',#4456,.T.);
#4750=FACE_BOUND('',#4457,.T.);
#4751=FACE_BOUND('',#4458,.T.);
#4752=FACE_BOUND('',#4459,.T.);
#4753=FACE_BOUND('',#4460,.T.);
#4754=FACE_BOUND('',#4461,.T.);
#4755=FACE_BOUND('',#4462,.T.);
#4756=FACE_BOUND('',#4463,.T.);
#4757=FACE_BOUND('',#4464,.T.);
#4758=FACE_BOUND('',#4465,.T.);
#4759=FACE_BOUND('',#4466,.T.);
#4760=FACE_BOUND('',#4467,.T.);
#4761=FACE_BOUND('',#4468,.T.);
#4762=FACE_BOUND('',#4469,.T.);
#4763=FACE_BOUND('',#4470,.T.);
#4764=FACE_BOUND('',#4471,.T.);
#4765=FACE_BOUND('',#4472,.T.);
#4766=FACE_BOUND('',#4473,.T.);
#4767=FACE_BOUND('',#4474,.T.);
#4768=FACE_BOUND('',#4475,.T.);
#4769=FACE_BOUND('',#4476,.T.);
#4770=FACE_BOUND('',#4477,.T.);
#4771=FACE_BOUND('',#4478,.T.);
#4772=FACE_BOUND('',#4479,.T.);
#4773=FACE_BOUND('',#4480,.T.);
#4774=FACE_BOUND('',#4481,.T.);
#4775=FACE_BOUND('',#4482,.T.);
#4776=PLANE('',#5170);
#4777=PLANE('',#5176);
#4778=PLANE('',#5182);
#4779=PLANE('',#5185);
#4780=PLANE('',#5198);
#4781=PLANE('',#5201);
#4782=PLANE('',#5208);
#4783=PLANE('',#5221);
#4784=PLANE('',#5222);
#4785=PLANE('',#5224);
#4786=PLANE('',#5237);
#4787=PLANE('',#5239);
#4788=PLANE('',#5241);
#4789=PLANE('',#5242);
#4790=PLANE('',#5255);
#4791=PLANE('',#5257);
#4792=PLANE('',#5261);
#4793=PLANE('',#5265);
#4794=PLANE('',#5266);
#4795=PLANE('',#5267);
#4796=PLANE('',#5286);
#4797=PLANE('',#5287);
#4798=PLANE('',#5304);
#4799=PLANE('',#5305);
#4800=PLANE('',#5306);
#4801=PLANE('',#5307);
#4802=PLANE('',#5309);
#4803=PLANE('',#5310);
#4804=PLANE('',#5315);
#4805=PLANE('',#5318);
#4806=PLANE('',#5322);
#4807=PLANE('',#5325);
#4808=PLANE('',#5329);
#4809=PLANE('',#5331);
#4810=PLANE('',#5334);
#4811=PLANE('',#5339);
#4812=PLANE('',#5340);
#4813=PLANE('',#5345);
#4814=PLANE('',#5350);
#4815=PLANE('',#5355);
#4816=PLANE('',#5358);
#4817=PLANE('',#5359);
#4818=PLANE('',#5362);
#4819=PLANE('',#5367);
#4820=PLANE('',#5372);
#4821=PLANE('',#5375);
#4822=PLANE('',#5376);
#4823=PLANE('',#5377);
#4824=PLANE('',#5381);
#4825=PLANE('',#5382);
#4826=PLANE('',#5383);
#4827=PLANE('',#5384);
#4828=PLANE('',#5385);
#4829=PLANE('',#5411);
#4830=PLANE('',#5412);
#4831=PLANE('',#5414);
#4832=PLANE('',#5416);
#4833=PLANE('',#5420);
#4834=PLANE('',#5424);
#4835=PLANE('',#5425);
#4836=PLANE('',#5430);
#4837=PLANE('',#5432);
#4838=PLANE('',#5436);
#4839=PLANE('',#5440);
#4840=PLANE('',#5450);
#4841=PLANE('',#5451);
#4842=PLANE('',#5458);
#4843=PLANE('',#5465);
#4844=PLANE('',#5466);
#4845=PLANE('',#5467);
#4846=PLANE('',#5468);
#4847=PLANE('',#5469);
#4848=PLANE('',#5470);
#4849=PLANE('',#5497);
#4850=PLANE('',#5500);
#4851=PLANE('',#5504);
#4852=PLANE('',#5505);
#4853=PLANE('',#5506);
#4854=PLANE('',#5508);
#4855=PLANE('',#5511);
#4856=PLANE('',#5513);
#4857=PLANE('',#5515);
#4858=PLANE('',#5517);
#4859=PLANE('',#5519);
#4860=PLANE('',#5521);
#4861=PLANE('',#5523);
#4862=PLANE('',#5527);
#4863=PLANE('',#5529);
#4864=PLANE('',#5531);
#4865=PLANE('',#5533);
#4866=PLANE('',#5535);
#4867=PLANE('',#5537);
#4868=PLANE('',#5540);
#4869=PLANE('',#5542);
#4870=PLANE('',#5544);
#4871=PLANE('',#5549);
#4872=PLANE('',#5555);
#4873=PLANE('',#5559);
#4874=PLANE('',#5560);
#4875=PLANE('',#5561);
#4876=PLANE('',#5565);
#4877=PLANE('',#5569);
#4878=PLANE('',#5570);
#4879=PLANE('',#5571);
#4880=PLANE('',#5597);
#4881=PLANE('',#5598);
#4882=PLANE('',#5599);
#4883=PLANE('',#5602);
#4884=PLANE('',#5603);
#4885=PLANE('',#5612);
#4886=PLANE('',#5639);
#4887=PLANE('',#5640);
#4888=PLANE('',#5641);
#4889=PLANE('',#5642);
#4890=PLANE('',#5643);
#4891=PLANE('',#5644);
#4892=PLANE('',#5645);
#4893=PLANE('',#5646);
#4894=ADVANCED_FACE('',(#4483,#4484),#4776,.F.);
#4895=ADVANCED_FACE('',(#4485,#4486),#4777,.F.);
#4896=ADVANCED_FACE('',(#4487),#4778,.F.);
#4897=ADVANCED_FACE('',(#4488),#4779,.F.);
#4898=ADVANCED_FACE('',(#4489),#4780,.F.);
#4899=ADVANCED_FACE('',(#4490),#4781,.F.);
#4900=ADVANCED_FACE('',(#4491,#4492),#150,.T.);
#4901=ADVANCED_FACE('',(#4493,#4494),#4782,.T.);
#4902=ADVANCED_FACE('',(#4495),#4783,.T.);
#4903=ADVANCED_FACE('',(#4496),#4784,.T.);
#4904=ADVANCED_FACE('',(#4497,#4498),#4785,.T.);
#4905=ADVANCED_FACE('',(#4499),#4786,.F.);
#4906=ADVANCED_FACE('',(#4500),#4787,.F.);
#4907=ADVANCED_FACE('',(#4501),#4788,.F.);
#4908=ADVANCED_FACE('',(#4502,#4503,#4504),#4789,.F.);
#4909=ADVANCED_FACE('',(#4505),#4790,.T.);
#4910=ADVANCED_FACE('',(#4506,#4507),#4791,.T.);
#4911=ADVANCED_FACE('',(#4508,#4509),#4792,.T.);
#4912=ADVANCED_FACE('',(#4510),#4793,.T.);
#4913=ADVANCED_FACE('',(#4511),#4794,.T.);
#4914=ADVANCED_FACE('',(#4512,#4513,#4514),#4795,.T.);
#4915=ADVANCED_FACE('',(#4515),#151,.F.);
#4916=ADVANCED_FACE('',(#4516),#152,.F.);
#4917=ADVANCED_FACE('',(#4517),#4796,.T.);
#4918=ADVANCED_FACE('',(#4518),#4797,.T.);
#4919=ADVANCED_FACE('',(#4519),#153,.F.);
#4920=ADVANCED_FACE('',(#4520),#154,.T.);
#4921=ADVANCED_FACE('',(#4521),#155,.T.);
#4922=ADVANCED_FACE('',(#4522),#156,.F.);
#4923=ADVANCED_FACE('',(#4523),#4798,.T.);
#4924=ADVANCED_FACE('',(#4524),#4799,.T.);
#4925=ADVANCED_FACE('',(#4525),#4800,.F.);
#4926=ADVANCED_FACE('',(#4526),#4801,.F.);
#4927=ADVANCED_FACE('',(#4527),#4802,.T.);
#4928=ADVANCED_FACE('',(#4528),#4803,.T.);
#4929=ADVANCED_FACE('',(#4529),#4804,.T.);
#4930=ADVANCED_FACE('',(#4530),#157,.F.);
#4931=ADVANCED_FACE('',(#4531),#4805,.F.);
#4932=ADVANCED_FACE('',(#4532),#158,.F.);
#4933=ADVANCED_FACE('',(#4533),#4806,.F.);
#4934=ADVANCED_FACE('',(#4534),#4807,.T.);
#4935=ADVANCED_FACE('',(#4535),#159,.F.);
#4936=ADVANCED_FACE('',(#4536),#4808,.F.);
#4937=ADVANCED_FACE('',(#4537),#160,.F.);
#4938=ADVANCED_FACE('',(#4538),#4809,.F.);
#4939=ADVANCED_FACE('',(#4539),#4810,.F.);
#4940=ADVANCED_FACE('',(#4540),#4811,.F.);
#4941=ADVANCED_FACE('',(#4541),#4812,.F.);
#4942=ADVANCED_FACE('',(#4542),#161,.F.);
#4943=ADVANCED_FACE('',(#4543),#162,.F.);
#4944=ADVANCED_FACE('',(#4544),#4813,.T.);
#4945=ADVANCED_FACE('',(#4545),#163,.T.);
#4946=ADVANCED_FACE('',(#4546),#4814,.T.);
#4947=ADVANCED_FACE('',(#4547),#164,.T.);
#4948=ADVANCED_FACE('',(#4548,#4549),#165,.F.);
#4949=ADVANCED_FACE('',(#4550),#4815,.F.);
#4950=ADVANCED_FACE('',(#4551,#4552),#4816,.F.);
#4951=ADVANCED_FACE('',(#4553),#4817,.F.);
#4952=ADVANCED_FACE('',(#4554),#4818,.T.);
#4953=ADVANCED_FACE('',(#4555),#166,.T.);
#4954=ADVANCED_FACE('',(#4556),#4819,.F.);
#4955=ADVANCED_FACE('',(#4557),#167,.T.);
#4956=ADVANCED_FACE('',(#4558,#4559),#168,.F.);
#4957=ADVANCED_FACE('',(#4560,#4561),#4820,.F.);
#4958=ADVANCED_FACE('',(#4562),#169,.F.);
#4959=ADVANCED_FACE('',(#4563),#170,.F.);
#4960=ADVANCED_FACE('',(#4564),#4821,.T.);
#4961=ADVANCED_FACE('',(#4565),#4822,.F.);
#4962=ADVANCED_FACE('',(#4566,#4567),#4823,.T.);
#4963=ADVANCED_FACE('',(#4568),#4824,.T.);
#4964=ADVANCED_FACE('',(#4569),#4825,.F.);
#4965=ADVANCED_FACE('',(#4570),#4826,.F.);
#4966=ADVANCED_FACE('',(#4571),#4827,.T.);
#4967=ADVANCED_FACE('',(#4572,#4573),#4828,.T.);
#4968=ADVANCED_FACE('',(#4574,#4575),#171,.T.);
#4969=ADVANCED_FACE('',(#4576,#4577),#172,.F.);
#4970=ADVANCED_FACE('',(#4578,#4579),#173,.F.);
#4971=ADVANCED_FACE('',(#4580,#4581),#26,.T.);
#4972=ADVANCED_FACE('',(#4582,#4583),#27,.T.);
#4973=ADVANCED_FACE('',(#4584),#174,.F.);
#4974=ADVANCED_FACE('',(#4585),#175,.F.);
#4975=ADVANCED_FACE('',(#4586),#176,.F.);
#4976=ADVANCED_FACE('',(#4587),#177,.F.);
#4977=ADVANCED_FACE('',(#4588),#178,.F.);
#4978=ADVANCED_FACE('',(#4589),#179,.F.);
#4979=ADVANCED_FACE('',(#4590),#180,.F.);
#4980=ADVANCED_FACE('',(#4591),#181,.F.);
#4981=ADVANCED_FACE('',(#4592),#182,.F.);
#4982=ADVANCED_FACE('',(#4593),#183,.F.);
#4983=ADVANCED_FACE('',(#4594),#4829,.F.);
#4984=ADVANCED_FACE('',(#4595),#4830,.T.);
#4985=ADVANCED_FACE('',(#4596),#4831,.F.);
#4986=ADVANCED_FACE('',(#4597),#4832,.T.);
#4987=ADVANCED_FACE('',(#4598),#4833,.F.);
#4988=ADVANCED_FACE('',(#4599),#4834,.F.);
#4989=ADVANCED_FACE('',(#4600),#4835,.T.);
#4990=ADVANCED_FACE('',(#4601),#184,.F.);
#4991=ADVANCED_FACE('',(#4602),#4836,.F.);
#4992=ADVANCED_FACE('',(#4603),#4837,.T.);
#4993=ADVANCED_FACE('',(#4604),#4838,.F.);
#4994=ADVANCED_FACE('',(#4605),#4839,.T.);
#4995=ADVANCED_FACE('',(#4606),#185,.T.);
#4996=ADVANCED_FACE('',(#4607),#186,.T.);
#4997=ADVANCED_FACE('',(#4608),#187,.T.);
#4998=ADVANCED_FACE('',(#4609),#4840,.T.);
#4999=ADVANCED_FACE('',(#4610),#4841,.T.);
#5000=ADVANCED_FACE('',(#4611),#4842,.F.);
#5001=ADVANCED_FACE('',(#4612),#4843,.F.);
#5002=ADVANCED_FACE('',(#4613),#4844,.F.);
#5003=ADVANCED_FACE('',(#4614),#4845,.T.);
#5004=ADVANCED_FACE('',(#4615),#4846,.F.);
#5005=ADVANCED_FACE('',(#4616),#4847,.F.);
#5006=ADVANCED_FACE('',(#4617),#4848,.T.);
#5007=ADVANCED_FACE('',(#4618),#188,.F.);
#5008=ADVANCED_FACE('',(#4619),#189,.F.);
#5009=ADVANCED_FACE('',(#4620),#190,.F.);
#5010=ADVANCED_FACE('',(#4621),#191,.F.);
#5011=ADVANCED_FACE('',(#4622),#28,.T.);
#5012=ADVANCED_FACE('',(#4623),#29,.T.);
#5013=ADVANCED_FACE('',(#4624),#30,.T.);
#5014=ADVANCED_FACE('',(#4625),#192,.T.);
#5015=ADVANCED_FACE('',(#4626),#31,.T.);
#5016=ADVANCED_FACE('',(#4627),#32,.T.);
#5017=ADVANCED_FACE('',(#4628),#33,.T.);
#5018=ADVANCED_FACE('',(#4629),#193,.T.);
#5019=ADVANCED_FACE('',(#4630),#34,.T.);
#5020=ADVANCED_FACE('',(#4631),#35,.T.);
#5021=ADVANCED_FACE('',(#4632),#36,.T.);
#5022=ADVANCED_FACE('',(#4633),#194,.T.);
#5023=ADVANCED_FACE('',(#4634),#37,.T.);
#5024=ADVANCED_FACE('',(#4635),#38,.T.);
#5025=ADVANCED_FACE('',(#4636),#39,.T.);
#5026=ADVANCED_FACE('',(#4637),#195,.T.);
#5027=ADVANCED_FACE('',(#4638),#196,.T.);
#5028=ADVANCED_FACE('',(#4639),#197,.T.);
#5029=ADVANCED_FACE('',(#4640),#198,.F.);
#5030=ADVANCED_FACE('',(#4641),#199,.F.);
#5031=ADVANCED_FACE('',(#4642),#200,.F.);
#5032=ADVANCED_FACE('',(#4643),#201,.F.);
#5033=ADVANCED_FACE('',(#4644),#4849,.T.);
#5034=ADVANCED_FACE('',(#4645),#202,.F.);
#5035=ADVANCED_FACE('',(#4646),#4850,.F.);
#5036=ADVANCED_FACE('',(#4647),#203,.F.);
#5037=ADVANCED_FACE('',(#4648),#204,.F.);
#5038=ADVANCED_FACE('',(#4649),#205,.F.);
#5039=ADVANCED_FACE('',(#4650),#4851,.F.);
#5040=ADVANCED_FACE('',(#4651),#4852,.T.);
#5041=ADVANCED_FACE('',(#4652),#4853,.T.);
#5042=ADVANCED_FACE('',(#4653),#206,.F.);
#5043=ADVANCED_FACE('',(#4654),#4854,.F.);
#5044=ADVANCED_FACE('',(#4655),#207,.F.);
#5045=ADVANCED_FACE('',(#4656,#4657),#208,.F.);
#5046=ADVANCED_FACE('',(#4658),#4855,.T.);
#5047=ADVANCED_FACE('',(#4659),#209,.F.);
#5048=ADVANCED_FACE('',(#4660),#4856,.T.);
#5049=ADVANCED_FACE('',(#4661),#210,.F.);
#5050=ADVANCED_FACE('',(#4662),#4857,.F.);
#5051=ADVANCED_FACE('',(#4663),#211,.F.);
#5052=ADVANCED_FACE('',(#4664),#4858,.T.);
#5053=ADVANCED_FACE('',(#4665),#212,.F.);
#5054=ADVANCED_FACE('',(#4666),#4859,.F.);
#5055=ADVANCED_FACE('',(#4667),#213,.F.);
#5056=ADVANCED_FACE('',(#4668),#4860,.F.);
#5057=ADVANCED_FACE('',(#4669),#214,.F.);
#5058=ADVANCED_FACE('',(#4670),#4861,.T.);
#5059=ADVANCED_FACE('',(#4671,#4672),#215,.F.);
#5060=ADVANCED_FACE('',(#4673),#4862,.F.);
#5061=ADVANCED_FACE('',(#4674),#216,.F.);
#5062=ADVANCED_FACE('',(#4675),#4863,.T.);
#5063=ADVANCED_FACE('',(#4676),#217,.F.);
#5064=ADVANCED_FACE('',(#4677),#4864,.T.);
#5065=ADVANCED_FACE('',(#4678),#218,.F.);
#5066=ADVANCED_FACE('',(#4679),#4865,.F.);
#5067=ADVANCED_FACE('',(#4680),#219,.F.);
#5068=ADVANCED_FACE('',(#4681),#4866,.F.);
#5069=ADVANCED_FACE('',(#4682),#220,.F.);
#5070=ADVANCED_FACE('',(#4683),#4867,.T.);
#5071=ADVANCED_FACE('',(#4684),#221,.F.);
#5072=ADVANCED_FACE('',(#4685),#222,.F.);
#5073=ADVANCED_FACE('',(#4686),#4868,.F.);
#5074=ADVANCED_FACE('',(#4687),#223,.F.);
#5075=ADVANCED_FACE('',(#4688),#4869,.T.);
#5076=ADVANCED_FACE('',(#4689),#4870,.F.);
#5077=ADVANCED_FACE('',(#4690),#224,.F.);
#5078=ADVANCED_FACE('',(#4691),#225,.F.);
#5079=ADVANCED_FACE('',(#4692),#4871,.F.);
#5080=ADVANCED_FACE('',(#4693),#226,.F.);
#5081=ADVANCED_FACE('',(#4694),#4872,.T.);
#5082=ADVANCED_FACE('',(#4695),#227,.T.);
#5083=ADVANCED_FACE('',(#4696),#4873,.T.);
#5084=ADVANCED_FACE('',(#4697),#4874,.F.);
#5085=ADVANCED_FACE('',(#4698),#4875,.F.);
#5086=ADVANCED_FACE('',(#4699),#228,.F.);
#5087=ADVANCED_FACE('',(#4700),#4876,.F.);
#5088=ADVANCED_FACE('',(#4701),#229,.T.);
#5089=ADVANCED_FACE('',(#4702),#4877,.F.);
#5090=ADVANCED_FACE('',(#4703),#4878,.T.);
#5091=ADVANCED_FACE('',(#4704),#4879,.F.);
#5092=ADVANCED_FACE('',(#4705),#230,.T.);
#5093=ADVANCED_FACE('',(#4706),#231,.T.);
#5094=ADVANCED_FACE('',(#4707),#232,.T.);
#5095=ADVANCED_FACE('',(#4708),#233,.T.);
#5096=ADVANCED_FACE('',(#4709),#234,.T.);
#5097=ADVANCED_FACE('',(#4710),#235,.F.);
#5098=ADVANCED_FACE('',(#4711),#236,.F.);
#5099=ADVANCED_FACE('',(#4712),#237,.F.);
#5100=ADVANCED_FACE('',(#4713),#238,.T.);
#5101=ADVANCED_FACE('',(#4714),#239,.T.);
#5102=ADVANCED_FACE('',(#4715),#240,.T.);
#5103=ADVANCED_FACE('',(#4716),#241,.T.);
#5104=ADVANCED_FACE('',(#4717),#242,.T.);
#5105=ADVANCED_FACE('',(#4718),#40,.T.);
#5106=ADVANCED_FACE('',(#4719),#243,.T.);
#5107=ADVANCED_FACE('',(#4720),#41,.T.);
#5108=ADVANCED_FACE('',(#4721),#244,.T.);
#5109=ADVANCED_FACE('',(#4722),#4880,.F.);
#5110=ADVANCED_FACE('',(#4723),#4881,.T.);
#5111=ADVANCED_FACE('',(#4724),#4882,.T.);
#5112=ADVANCED_FACE('',(#4725),#4883,.F.);
#5113=ADVANCED_FACE('',(#4726),#4884,.T.);
#5114=ADVANCED_FACE('',(#4727,#4728),#245,.T.);
#5115=ADVANCED_FACE('',(#4729),#4885,.T.);
#5116=ADVANCED_FACE('',(#4730,#4731),#246,.F.);
#5117=ADVANCED_FACE('',(#4732,#4733),#247,.T.);
#5118=ADVANCED_FACE('',(#4734,#4735),#248,.F.);
#5119=ADVANCED_FACE('',(#4736),#4886,.T.);
#5120=ADVANCED_FACE('',(#4737),#4887,.T.);
#5121=ADVANCED_FACE('',(#4738,#4739),#4888,.F.);
#5122=ADVANCED_FACE('',(#4740),#4889,.T.);
#5123=ADVANCED_FACE('',(#4741),#4890,.T.);
#5124=ADVANCED_FACE('',(#4742),#4891,.T.);
#5125=ADVANCED_FACE('',(#4743,#4744),#4892,.F.);
#5126=ADVANCED_FACE('',(#4745),#4893,.T.);
#5127=ADVANCED_FACE('',(#4746),#42,.T.);
#5128=ADVANCED_FACE('',(#4747),#43,.T.);
#5129=ADVANCED_FACE('',(#4748),#44,.F.);
#5130=ADVANCED_FACE('',(#4749),#249,.F.);
#5131=ADVANCED_FACE('',(#4750),#250,.F.);
#5132=ADVANCED_FACE('',(#4751),#45,.F.);
#5133=ADVANCED_FACE('',(#4752),#251,.F.);
#5134=ADVANCED_FACE('',(#4753),#252,.F.);
#5135=ADVANCED_FACE('',(#4754),#253,.F.);
#5136=ADVANCED_FACE('',(#4755),#254,.F.);
#5137=ADVANCED_FACE('',(#4756),#255,.F.);
#5138=ADVANCED_FACE('',(#4757),#256,.F.);
#5139=ADVANCED_FACE('',(#4758),#46,.F.);
#5140=ADVANCED_FACE('',(#4759),#47,.F.);
#5141=ADVANCED_FACE('',(#4760),#48,.F.);
#5142=ADVANCED_FACE('',(#4761),#49,.F.);
#5143=ADVANCED_FACE('',(#4762),#257,.F.);
#5144=ADVANCED_FACE('',(#4763),#258,.F.);
#5145=ADVANCED_FACE('',(#4764),#259,.F.);
#5146=ADVANCED_FACE('',(#4765),#260,.F.);
#5147=ADVANCED_FACE('',(#4766),#261,.F.);
#5148=ADVANCED_FACE('',(#4767),#262,.F.);
#5149=ADVANCED_FACE('',(#4768),#50,.F.);
#5150=ADVANCED_FACE('',(#4769),#51,.F.);
#5151=ADVANCED_FACE('',(#4770),#263,.F.);
#5152=ADVANCED_FACE('',(#4771),#52,.F.);
#5153=ADVANCED_FACE('',(#4772),#264,.F.);
#5154=ADVANCED_FACE('',(#4773),#53,.F.);
#5155=ADVANCED_FACE('',(#4774),#54,.F.);
#5156=ADVANCED_FACE('',(#4775),#55,.F.);
#5157=CLOSED_SHELL('',(#4894,#4895,#4896,#4897,#4898,#4899,#4900,#4901,
#4902,#4903,#4904,#4905,#4906,#4907,#4908,#4909,#4910,#4911,#4912,#4913,
#4914,#4915,#4916,#4917,#4918,#4919,#4920,#4921,#4922,#4923,#4924,#4925,
#4926,#4927,#4928,#4929,#4930,#4931,#4932,#4933,#4934,#4935,#4936,#4937,
#4938,#4939,#4940,#4941,#4942,#4943,#4944,#4945,#4946,#4947,#4948,#4949,
#4950,#4951,#4952,#4953,#4954,#4955,#4956,#4957,#4958,#4959,#4960,#4961,
#4962,#4963,#4964,#4965,#4966,#4967,#4968,#4969,#4970,#4971,#4972,#4973,
#4974,#4975,#4976,#4977,#4978,#4979,#4980,#4981,#4982,#4983,#4984,#4985,
#4986,#4987,#4988,#4989,#4990,#4991,#4992,#4993,#4994,#4995,#4996,#4997,
#4998,#4999,#5000,#5001,#5002,#5003,#5004,#5005,#5006,#5007,#5008,#5009,
#5010,#5011,#5012,#5013,#5014,#5015,#5016,#5017,#5018,#5019,#5020,#5021,
#5022,#5023,#5024,#5025,#5026,#5027,#5028,#5029,#5030,#5031,#5032,#5033,
#5034,#5035,#5036,#5037,#5038,#5039,#5040,#5041,#5042,#5043,#5044,#5045,
#5046,#5047,#5048,#5049,#5050,#5051,#5052,#5053,#5054,#5055,#5056,#5057,
#5058,#5059,#5060,#5061,#5062,#5063,#5064,#5065,#5066,#5067,#5068,#5069,
#5070,#5071,#5072,#5073,#5074,#5075,#5076,#5077,#5078,#5079,#5080,#5081,
#5082,#5083,#5084,#5085,#5086,#5087,#5088,#5089,#5090,#5091,#5092,#5093,
#5094,#5095,#5096,#5097,#5098,#5099,#5100,#5101,#5102,#5103,#5104,#5105,
#5106,#5107,#5108,#5109,#5110,#5111,#5112,#5113,#5114,#5115,#5116,#5117,
#5118,#5119,#5120,#5121,#5122,#5123,#5124,#5125,#5126,#5127,#5128,#5129,
#5130,#5131,#5132,#5133,#5134,#5135,#5136,#5137,#5138,#5139,#5140,#5141,
#5142,#5143,#5144,#5145,#5146,#5147,#5148,#5149,#5150,#5151,#5152,#5153,
#5154,#5155,#5156));
#5158=STYLED_ITEM('',(#5159),#5166);
#5159=PRESENTATION_STYLE_ASSIGNMENT((#5160));
#5160=SURFACE_STYLE_USAGE(.BOTH.,#5161);
#5161=SURFACE_SIDE_STYLE('',(#5162));
#5162=SURFACE_STYLE_FILL_AREA(#5163);
#5163=FILL_AREA_STYLE('',(#5164));
#5164=FILL_AREA_STYLE_COLOUR('',#5165);
#5165=COLOUR_RGB('',0.615686274509804,0.811764705882353,0.929411764705882);
#5166=MANIFOLD_SOLID_BREP('Board Housing',#5157);
#5167=SHAPE_DEFINITION_REPRESENTATION(#9031,#5168);
#5168=SHAPE_REPRESENTATION('Board Housing',(#5169),#9026);
#5169=AXIS2_PLACEMENT_3D('',#7128,#5677,#5678);
#5170=AXIS2_PLACEMENT_3D('',#7129,#5679,#5680);
#5171=AXIS2_PLACEMENT_3D('',#7130,#5681,#5682);
#5172=AXIS2_PLACEMENT_3D('',#7135,#5684,#5685);
#5173=AXIS2_PLACEMENT_3D('',#7139,#5687,#5688);
#5174=AXIS2_PLACEMENT_3D('',#7141,#5689,#5690);
#5175=AXIS2_PLACEMENT_3D('',#7143,#5691,#5692);
#5176=AXIS2_PLACEMENT_3D('',#7144,#5693,#5694);
#5177=AXIS2_PLACEMENT_3D('',#7145,#5695,#5696);
#5178=AXIS2_PLACEMENT_3D('',#7150,#5698,#5699);
#5179=AXIS2_PLACEMENT_3D('',#7154,#5701,#5702);
#5180=AXIS2_PLACEMENT_3D('',#7156,#5703,#5704);
#5181=AXIS2_PLACEMENT_3D('',#7158,#5705,#5706);
#5182=AXIS2_PLACEMENT_3D('',#7159,#5707,#5708);
#5183=AXIS2_PLACEMENT_3D('',#7163,#5710,#5711);
#5184=AXIS2_PLACEMENT_3D('',#7167,#5713,#5714);
#5185=AXIS2_PLACEMENT_3D('',#7168,#5715,#5716);
#5186=AXIS2_PLACEMENT_3D('',#7172,#5718,#5719);
#5187=AXIS2_PLACEMENT_3D('',#7176,#5721,#5722);
#5188=AXIS2_PLACEMENT_3D('',#7180,#5724,#5725);
#5189=AXIS2_PLACEMENT_3D('',#7184,#5727,#5728);
#5190=AXIS2_PLACEMENT_3D('',#7196,#5734,#5735);
#5191=AXIS2_PLACEMENT_3D('',#7200,#5737,#5738);
#5192=AXIS2_PLACEMENT_3D('',#7204,#5740,#5741);
#5193=AXIS2_PLACEMENT_3D('',#7208,#5743,#5744);
#5194=AXIS2_PLACEMENT_3D('',#7212,#5746,#5747);
#5195=AXIS2_PLACEMENT_3D('',#7220,#5751,#5752);
#5196=AXIS2_PLACEMENT_3D('',#7224,#5754,#5755);
#5197=AXIS2_PLACEMENT_3D('',#7232,#5759,#5760);
#5198=AXIS2_PLACEMENT_3D('',#7233,#5761,#5762);
#5199=AXIS2_PLACEMENT_3D('',#7237,#5764,#5765);
#5200=AXIS2_PLACEMENT_3D('',#7241,#5767,#5768);
#5201=AXIS2_PLACEMENT_3D('',#7242,#5769,#5770);
#5202=AXIS2_PLACEMENT_3D('',#7246,#5772,#5773);
#5203=AXIS2_PLACEMENT_3D('',#7250,#5775,#5776);
#5204=AXIS2_PLACEMENT_3D('',#7251,#5777,#5778);
#5205=AXIS2_PLACEMENT_3D('',#7254,#5780,#5781);
#5206=AXIS2_PLACEMENT_3D('',#7259,#5784,#5785);
#5207=AXIS2_PLACEMENT_3D('',#7262,#5787,#5788);
#5208=AXIS2_PLACEMENT_3D('',#7267,#5791,#5792);
#5209=AXIS2_PLACEMENT_3D('',#7268,#5793,#5794);
#5210=AXIS2_PLACEMENT_3D('',#7277,#5798,#5799);
#5211=AXIS2_PLACEMENT_3D('',#7281,#5801,#5802);
#5212=AXIS2_PLACEMENT_3D('',#7299,#5811,#5812);
#5213=AXIS2_PLACEMENT_3D('',#7303,#5814,#5815);
#5214=AXIS2_PLACEMENT_3D('',#7315,#5821,#5822);
#5215=AXIS2_PLACEMENT_3D('',#7319,#5824,#5825);
#5216=AXIS2_PLACEMENT_3D('',#7323,#5827,#5828);
#5217=AXIS2_PLACEMENT_3D('',#7327,#5830,#5831);
#5218=AXIS2_PLACEMENT_3D('',#7335,#5835,#5836);
#5219=AXIS2_PLACEMENT_3D('',#7343,#5840,#5841);
#5220=AXIS2_PLACEMENT_3D('',#7347,#5843,#5844);
#5221=AXIS2_PLACEMENT_3D('',#7348,#5845,#5846);
#5222=AXIS2_PLACEMENT_3D('',#7354,#5850,#5851);
#5223=AXIS2_PLACEMENT_3D('',#7369,#5856,#5857);
#5224=AXIS2_PLACEMENT_3D('',#7379,#5860,#5861);
#5225=AXIS2_PLACEMENT_3D('',#7387,#5865,#5866);
#5226=AXIS2_PLACEMENT_3D('',#7391,#5868,#5869);
#5227=AXIS2_PLACEMENT_3D('',#7399,#5873,#5874);
#5228=AXIS2_PLACEMENT_3D('',#7404,#5877,#5878);
#5229=AXIS2_PLACEMENT_3D('',#7408,#5880,#5881);
#5230=AXIS2_PLACEMENT_3D('',#7412,#5883,#5884);
#5231=AXIS2_PLACEMENT_3D('',#7416,#5886,#5887);
#5232=AXIS2_PLACEMENT_3D('',#7428,#5893,#5894);
#5233=AXIS2_PLACEMENT_3D('',#7432,#5896,#5897);
#5234=AXIS2_PLACEMENT_3D('',#7450,#5906,#5907);
#5235=AXIS2_PLACEMENT_3D('',#7454,#5909,#5910);
#5236=AXIS2_PLACEMENT_3D('',#7455,#5911,#5912);
#5237=AXIS2_PLACEMENT_3D('',#7457,#5913,#5914);
#5238=AXIS2_PLACEMENT_3D('',#7458,#5915,#5916);
#5239=AXIS2_PLACEMENT_3D('',#7462,#5919,#5920);
#5240=AXIS2_PLACEMENT_3D('',#7463,#5921,#5922);
#5241=AXIS2_PLACEMENT_3D('',#7467,#5925,#5926);
#5242=AXIS2_PLACEMENT_3D('',#7473,#5930,#5931);
#5243=AXIS2_PLACEMENT_3D('',#7477,#5933,#5934);
#5244=AXIS2_PLACEMENT_3D('',#7481,#5936,#5937);
#5245=AXIS2_PLACEMENT_3D('',#7485,#5939,#5940);
#5246=AXIS2_PLACEMENT_3D('',#7489,#5942,#5943);
#5247=AXIS2_PLACEMENT_3D('',#7490,#5944,#5945);
#5248=AXIS2_PLACEMENT_3D('',#7495,#5947,#5948);
#5249=AXIS2_PLACEMENT_3D('',#7499,#5950,#5951);
#5250=AXIS2_PLACEMENT_3D('',#7503,#5953,#5954);
#5251=AXIS2_PLACEMENT_3D('',#7511,#5958,#5959);
#5252=AXIS2_PLACEMENT_3D('',#7515,#5961,#5962);
#5253=AXIS2_PLACEMENT_3D('',#7522,#5966,#5967);
#5254=AXIS2_PLACEMENT_3D('',#7526,#5969,#5970);
#5255=AXIS2_PLACEMENT_3D('',#7537,#5976,#5977);
#5256=AXIS2_PLACEMENT_3D('',#7554,#5983,#5984);
#5257=AXIS2_PLACEMENT_3D('',#7567,#5988,#5989);
#5258=AXIS2_PLACEMENT_3D('',#7575,#5993,#5994);
#5259=AXIS2_PLACEMENT_3D('',#7579,#5996,#5997);
#5260=AXIS2_PLACEMENT_3D('',#7580,#5998,#5999);
#5261=AXIS2_PLACEMENT_3D('',#7582,#6000,#6001);
#5262=AXIS2_PLACEMENT_3D('',#7590,#6005,#6006);
#5263=AXIS2_PLACEMENT_3D('',#7594,#6008,#6009);
#5264=AXIS2_PLACEMENT_3D('',#7595,#6010,#6011);
#5265=AXIS2_PLACEMENT_3D('',#7597,#6012,#6013);
#5266=AXIS2_PLACEMENT_3D('',#7603,#6017,#6018);
#5267=AXIS2_PLACEMENT_3D('',#7609,#6022,#6023);
#5268=AXIS2_PLACEMENT_3D('',#7610,#6024,#6025);
#5269=AXIS2_PLACEMENT_3D('',#7612,#6026,#6027);
#5270=AXIS2_PLACEMENT_3D('',#7617,#6029,#6030);
#5271=AXIS2_PLACEMENT_3D('',#7621,#6032,#6033);
#5272=AXIS2_PLACEMENT_3D('',#7625,#6035,#6036);
#5273=AXIS2_PLACEMENT_3D('',#7631,#6039,#6040);
#5274=AXIS2_PLACEMENT_3D('',#7645,#6047,#6048);
#5275=AXIS2_PLACEMENT_3D('',#7649,#6050,#6051);
#5276=AXIS2_PLACEMENT_3D('',#7656,#6055,#6056);
#5277=AXIS2_PLACEMENT_3D('',#7660,#6058,#6059);
#5278=AXIS2_PLACEMENT_3D('',#7668,#6063,#6064);
#5279=AXIS2_PLACEMENT_3D('',#7672,#6066,#6067);
#5280=AXIS2_PLACEMENT_3D('',#7673,#6068,#6069);
#5281=AXIS2_PLACEMENT_3D('',#7674,#6070,#6071);
#5282=AXIS2_PLACEMENT_3D('',#7684,#6073,#6074);
#5283=AXIS2_PLACEMENT_3D('',#7687,#6076,#6077);
#5284=AXIS2_PLACEMENT_3D('',#7688,#6078,#6079);
#5285=AXIS2_PLACEMENT_3D('',#7698,#6081,#6082);
#5286=AXIS2_PLACEMENT_3D('',#7701,#6084,#6085);
#5287=AXIS2_PLACEMENT_3D('',#7710,#6090,#6091);
#5288=AXIS2_PLACEMENT_3D('',#7719,#6096,#6097);
#5289=AXIS2_PLACEMENT_3D('',#7728,#6099,#6100);
#5290=AXIS2_PLACEMENT_3D('',#7732,#6102,#6103);
#5291=AXIS2_PLACEMENT_3D('',#7733,#6104,#6105);
#5292=AXIS2_PLACEMENT_3D('',#7734,#6106,#6107);
#5293=AXIS2_PLACEMENT_3D('',#7735,#6108,#6109);
#5294=AXIS2_PLACEMENT_3D('',#7736,#6110,#6111);
#5295=AXIS2_PLACEMENT_3D('',#7737,#6112,#6113);
#5296=AXIS2_PLACEMENT_3D('',#7738,#6114,#6115);
#5297=AXIS2_PLACEMENT_3D('',#7739,#6116,#6117);
#5298=AXIS2_PLACEMENT_3D('',#7740,#6118,#6119);
#5299=AXIS2_PLACEMENT_3D('',#7741,#6120,#6121);
#5300=AXIS2_PLACEMENT_3D('',#7755,#6123,#6124);
#5301=AXIS2_PLACEMENT_3D('',#7759,#6126,#6127);
#5302=AXIS2_PLACEMENT_3D('',#7763,#6129,#6130);
#5303=AXIS2_PLACEMENT_3D('',#7777,#6132,#6133);
#5304=AXIS2_PLACEMENT_3D('',#7778,#6134,#6135);
#5305=AXIS2_PLACEMENT_3D('',#7781,#6138,#6139);
#5306=AXIS2_PLACEMENT_3D('',#7784,#6142,#6143);
#5307=AXIS2_PLACEMENT_3D('',#7801,#6152,#6153);
#5308=AXIS2_PLACEMENT_3D('',#7811,#6158,#6159);
#5309=AXIS2_PLACEMENT_3D('',#7812,#6160,#6161);
#5310=AXIS2_PLACEMENT_3D('',#7818,#6165,#6166);
#5311=AXIS2_PLACEMENT_3D('',#7823,#6169,#6170);
#5312=AXIS2_PLACEMENT_3D('',#7824,#6171,#6172);
#5313=AXIS2_PLACEMENT_3D('',#7831,#6176,#6177);
#5314=AXIS2_PLACEMENT_3D('',#7835,#6179,#6180);
#5315=AXIS2_PLACEMENT_3D('',#7838,#6182,#6183);
#5316=AXIS2_PLACEMENT_3D('',#7840,#6185,#6186);
#5317=AXIS2_PLACEMENT_3D('',#7849,#6187,#6188);
#5318=AXIS2_PLACEMENT_3D('',#7850,#6189,#6190);
#5319=AXIS2_PLACEMENT_3D('',#7858,#6194,#6195);
#5320=AXIS2_PLACEMENT_3D('',#7861,#6197,#6198);
#5321=AXIS2_PLACEMENT_3D('',#7870,#6199,#6200);
#5322=AXIS2_PLACEMENT_3D('',#7871,#6201,#6202);
#5323=AXIS2_PLACEMENT_3D('',#7875,#6204,#6205);
#5324=AXIS2_PLACEMENT_3D('',#7876,#6206,#6207);
#5325=AXIS2_PLACEMENT_3D('',#7877,#6208,#6209);
#5326=AXIS2_PLACEMENT_3D('',#7881,#6211,#6212);
#5327=AXIS2_PLACEMENT_3D('',#7883,#6214,#6215);
#5328=AXIS2_PLACEMENT_3D('',#7884,#6216,#6217);
#5329=AXIS2_PLACEMENT_3D('',#7886,#6219,#6220);
#5330=AXIS2_PLACEMENT_3D('',#7889,#6223,#6224);
#5331=AXIS2_PLACEMENT_3D('',#7891,#6226,#6227);
#5332=AXIS2_PLACEMENT_3D('',#7892,#6228,#6229);
#5333=AXIS2_PLACEMENT_3D('',#7896,#6231,#6232);
#5334=AXIS2_PLACEMENT_3D('',#7897,#6233,#6234);
#5335=AXIS2_PLACEMENT_3D('',#7898,#6235,#6236);
#5336=AXIS2_PLACEMENT_3D('',#7899,#6237,#6238);
#5337=AXIS2_PLACEMENT_3D('',#7907,#6242,#6243);
#5338=AXIS2_PLACEMENT_3D('',#7908,#6244,#6245);
#5339=AXIS2_PLACEMENT_3D('',#7909,#6246,#6247);
#5340=AXIS2_PLACEMENT_3D('',#7911,#6249,#6250);
#5341=AXIS2_PLACEMENT_3D('',#7913,#6252,#6253);
#5342=AXIS2_PLACEMENT_3D('',#7914,#6254,#6255);
#5343=AXIS2_PLACEMENT_3D('',#7915,#6256,#6257);
#5344=AXIS2_PLACEMENT_3D('',#7916,#6258,#6259);
#5345=AXIS2_PLACEMENT_3D('',#7917,#6260,#6261);
#5346=AXIS2_PLACEMENT_3D('',#7918,#6262,#6263);
#5347=AXIS2_PLACEMENT_3D('',#7920,#6265,#6266);
#5348=AXIS2_PLACEMENT_3D('',#7925,#6269,#6270);
#5349=AXIS2_PLACEMENT_3D('',#7926,#6271,#6272);
#5350=AXIS2_PLACEMENT_3D('',#7929,#6274,#6275);
#5351=AXIS2_PLACEMENT_3D('',#7933,#6278,#6279);
#5352=AXIS2_PLACEMENT_3D('',#7934,#6280,#6281);
#5353=AXIS2_PLACEMENT_3D('',#7937,#6283,#6284);
#5354=AXIS2_PLACEMENT_3D('',#7938,#6285,#6286);
#5355=AXIS2_PLACEMENT_3D('',#7940,#6287,#6288);
#5356=AXIS2_PLACEMENT_3D('',#7941,#6289,#6290);
#5357=AXIS2_PLACEMENT_3D('',#7944,#6292,#6293);
#5358=AXIS2_PLACEMENT_3D('',#7946,#6295,#6296);
#5359=AXIS2_PLACEMENT_3D('',#7948,#6298,#6299);
#5360=AXIS2_PLACEMENT_3D('',#7949,#6300,#6301);
#5361=AXIS2_PLACEMENT_3D('',#7954,#6304,#6305);
#5362=AXIS2_PLACEMENT_3D('',#7956,#6307,#6308);
#5363=AXIS2_PLACEMENT_3D('',#7957,#6309,#6310);
#5364=AXIS2_PLACEMENT_3D('',#7959,#6312,#6313);
#5365=AXIS2_PLACEMENT_3D('',#7964,#6316,#6317);
#5366=AXIS2_PLACEMENT_3D('',#7965,#6318,#6319);
#5367=AXIS2_PLACEMENT_3D('',#7968,#6321,#6322);
#5368=AXIS2_PLACEMENT_3D('',#7972,#6325,#6326);
#5369=AXIS2_PLACEMENT_3D('',#7973,#6327,#6328);
#5370=AXIS2_PLACEMENT_3D('',#7974,#6329,#6330);
#5371=AXIS2_PLACEMENT_3D('',#7975,#6331,#6332);
#5372=AXIS2_PLACEMENT_3D('',#7977,#6333,#6334);
#5373=AXIS2_PLACEMENT_3D('',#7979,#6336,#6337);
#5374=AXIS2_PLACEMENT_3D('',#7980,#6338,#6339);
#5375=AXIS2_PLACEMENT_3D('',#7981,#6340,#6341);
#5376=AXIS2_PLACEMENT_3D('',#8004,#6348,#6349);
#5377=AXIS2_PLACEMENT_3D('',#8027,#6356,#6357);
#5378=AXIS2_PLACEMENT_3D('',#8028,#6358,#6359);
#5379=AXIS2_PLACEMENT_3D('',#8034,#6362,#6363);
#5380=AXIS2_PLACEMENT_3D('',#8036,#6365,#6366);
#5381=AXIS2_PLACEMENT_3D('',#8037,#6367,#6368);
#5382=AXIS2_PLACEMENT_3D('',#8058,#6374,#6375);
#5383=AXIS2_PLACEMENT_3D('',#8079,#6381,#6382);
#5384=AXIS2_PLACEMENT_3D('',#8099,#6388,#6389);
#5385=AXIS2_PLACEMENT_3D('',#8120,#6395,#6396);
#5386=AXIS2_PLACEMENT_3D('',#8121,#6397,#6398);
#5387=AXIS2_PLACEMENT_3D('',#8125,#6401,#6402);
#5388=AXIS2_PLACEMENT_3D('',#8126,#6403,#6404);
#5389=AXIS2_PLACEMENT_3D('',#8131,#6407,#6408);
#5390=AXIS2_PLACEMENT_3D('',#8132,#6409,#6410);
#5391=AXIS2_PLACEMENT_3D('',#8134,#6411,#6412);
#5392=AXIS2_PLACEMENT_3D('',#8135,#6413,#6414);
#5393=AXIS2_PLACEMENT_3D('',#8137,#6415,#6416);
#5394=AXIS2_PLACEMENT_3D('',#8138,#6417,#6418);
#5395=AXIS2_PLACEMENT_3D('',#8139,#6419,#6420);
#5396=AXIS2_PLACEMENT_3D('',#8140,#6421,#6422);
#5397=AXIS2_PLACEMENT_3D('',#8141,#6423,#6424);
#5398=AXIS2_PLACEMENT_3D('',#8143,#6426,#6427);
#5399=AXIS2_PLACEMENT_3D('',#8144,#6428,#6429);
#5400=AXIS2_PLACEMENT_3D('',#8145,#6430,#6431);
#5401=AXIS2_PLACEMENT_3D('',#8147,#6433,#6434);
#5402=AXIS2_PLACEMENT_3D('',#8148,#6435,#6436);
#5403=AXIS2_PLACEMENT_3D('',#8149,#6437,#6438);
#5404=AXIS2_PLACEMENT_3D('',#8150,#6439,#6440);
#5405=AXIS2_PLACEMENT_3D('',#8151,#6441,#6442);
#5406=AXIS2_PLACEMENT_3D('',#8153,#6444,#6445);
#5407=AXIS2_PLACEMENT_3D('',#8154,#6446,#6447);
#5408=AXIS2_PLACEMENT_3D('',#8155,#6448,#6449);
#5409=AXIS2_PLACEMENT_3D('',#8157,#6451,#6452);
#5410=AXIS2_PLACEMENT_3D('',#8158,#6453,#6454);
#5411=AXIS2_PLACEMENT_3D('',#8159,#6455,#6456);
#5412=AXIS2_PLACEMENT_3D('',#8163,#6459,#6460);
#5413=AXIS2_PLACEMENT_3D('',#8170,#6464,#6465);
#5414=AXIS2_PLACEMENT_3D('',#8171,#6466,#6467);
#5415=AXIS2_PLACEMENT_3D('',#8178,#6471,#6472);
#5416=AXIS2_PLACEMENT_3D('',#8179,#6473,#6474);
#5417=AXIS2_PLACEMENT_3D('',#8180,#6475,#6476);
#5418=AXIS2_PLACEMENT_3D('',#8182,#6477,#6478);
#5419=AXIS2_PLACEMENT_3D('',#8184,#6479,#6480);
#5420=AXIS2_PLACEMENT_3D('',#8186,#6482,#6483);
#5421=AXIS2_PLACEMENT_3D('',#8187,#6484,#6485);
#5422=AXIS2_PLACEMENT_3D('',#8190,#6486,#6487);
#5423=AXIS2_PLACEMENT_3D('',#8191,#6488,#6489);
#5424=AXIS2_PLACEMENT_3D('',#8192,#6490,#6491);
#5425=AXIS2_PLACEMENT_3D('',#8196,#6494,#6495);
#5426=AXIS2_PLACEMENT_3D('',#8203,#6499,#6500);
#5427=AXIS2_PLACEMENT_3D('',#8204,#6501,#6502);
#5428=AXIS2_PLACEMENT_3D('',#8213,#6504,#6505);
#5429=AXIS2_PLACEMENT_3D('',#8217,#6507,#6508);
#5430=AXIS2_PLACEMENT_3D('',#8218,#6509,#6510);
#5431=AXIS2_PLACEMENT_3D('',#8225,#6514,#6515);
#5432=AXIS2_PLACEMENT_3D('',#8226,#6516,#6517);
#5433=AXIS2_PLACEMENT_3D('',#8227,#6518,#6519);
#5434=AXIS2_PLACEMENT_3D('',#8230,#6520,#6521);
#5435=AXIS2_PLACEMENT_3D('',#8232,#6523,#6524);
#5436=AXIS2_PLACEMENT_3D('',#8233,#6525,#6526);
#5437=AXIS2_PLACEMENT_3D('',#8234,#6527,#6528);
#5438=AXIS2_PLACEMENT_3D('',#8236,#6529,#6530);
#5439=AXIS2_PLACEMENT_3D('',#8238,#6531,#6532);
#5440=AXIS2_PLACEMENT_3D('',#8239,#6533,#6534);
#5441=AXIS2_PLACEMENT_3D('',#8245,#6538,#6539);
#5442=AXIS2_PLACEMENT_3D('',#8246,#6540,#6541);
#5443=AXIS2_PLACEMENT_3D('',#8247,#6542,#6543);
#5444=AXIS2_PLACEMENT_3D('',#8248,#6544,#6545);
#5445=AXIS2_PLACEMENT_3D('',#8249,#6546,#6547);
#5446=AXIS2_PLACEMENT_3D('',#8256,#6551,#6552);
#5447=AXIS2_PLACEMENT_3D('',#8261,#6556,#6557);
#5448=AXIS2_PLACEMENT_3D('',#8265,#6559,#6560);
#5449=AXIS2_PLACEMENT_3D('',#8266,#6561,#6562);
#5450=AXIS2_PLACEMENT_3D('',#8267,#6563,#6564);
#5451=AXIS2_PLACEMENT_3D('',#8270,#6567,#6568);
#5452=AXIS2_PLACEMENT_3D('',#8271,#6569,#6570);
#5453=AXIS2_PLACEMENT_3D('',#8274,#6571,#6572);
#5454=AXIS2_PLACEMENT_3D('',#8276,#6573,#6574);
#5455=AXIS2_PLACEMENT_3D('',#8278,#6575,#6576);
#5456=AXIS2_PLACEMENT_3D('',#8282,#6578,#6579);
#5457=AXIS2_PLACEMENT_3D('',#8286,#6581,#6582);
#5458=AXIS2_PLACEMENT_3D('',#8287,#6583,#6584);
#5459=AXIS2_PLACEMENT_3D('',#8288,#6585,#6586);
#5460=AXIS2_PLACEMENT_3D('',#8291,#6587,#6588);
#5461=AXIS2_PLACEMENT_3D('',#8293,#6589,#6590);
#5462=AXIS2_PLACEMENT_3D('',#8295,#6591,#6592);
#5463=AXIS2_PLACEMENT_3D('',#8299,#6594,#6595);
#5464=AXIS2_PLACEMENT_3D('',#8303,#6597,#6598);
#5465=AXIS2_PLACEMENT_3D('',#8304,#6599,#6600);
#5466=AXIS2_PLACEMENT_3D('',#8310,#6604,#6605);
#5467=AXIS2_PLACEMENT_3D('',#8312,#6607,#6608);
#5468=AXIS2_PLACEMENT_3D('',#8314,#6610,#6611);
#5469=AXIS2_PLACEMENT_3D('',#8320,#6615,#6616);
#5470=AXIS2_PLACEMENT_3D('',#8322,#6618,#6619);
#5471=AXIS2_PLACEMENT_3D('',#8324,#6621,#6622);
#5472=AXIS2_PLACEMENT_3D('',#8329,#6623,#6624);
#5473=AXIS2_PLACEMENT_3D('',#8334,#6625,#6626);
#5474=AXIS2_PLACEMENT_3D('',#8339,#6627,#6628);
#5475=AXIS2_PLACEMENT_3D('',#8344,#6629,#6630);
#5476=AXIS2_PLACEMENT_3D('',#8359,#6631,#6632);
#5477=AXIS2_PLACEMENT_3D('',#8365,#6633,#6634);
#5478=AXIS2_PLACEMENT_3D('',#8379,#6635,#6636);
#5479=AXIS2_PLACEMENT_3D('',#8385,#6637,#6638);
#5480=AXIS2_PLACEMENT_3D('',#8395,#6639,#6640);
#5481=AXIS2_PLACEMENT_3D('',#8401,#6641,#6642);
#5482=AXIS2_PLACEMENT_3D('',#8407,#6643,#6644);
#5483=AXIS2_PLACEMENT_3D('',#8408,#6645,#6646);
#5484=AXIS2_PLACEMENT_3D('',#8423,#6647,#6648);
#5485=AXIS2_PLACEMENT_3D('',#8429,#6649,#6650);
#5486=AXIS2_PLACEMENT_3D('',#8443,#6651,#6652);
#5487=AXIS2_PLACEMENT_3D('',#8449,#6653,#6654);
#5488=AXIS2_PLACEMENT_3D('',#8459,#6655,#6656);
#5489=AXIS2_PLACEMENT_3D('',#8465,#6657,#6658);
#5490=AXIS2_PLACEMENT_3D('',#8471,#6659,#6660);
#5491=AXIS2_PLACEMENT_3D('',#8472,#6661,#6662);
#5492=AXIS2_PLACEMENT_3D('',#8473,#6663,#6664);
#5493=AXIS2_PLACEMENT_3D('',#8474,#6665,#6666);
#5494=AXIS2_PLACEMENT_3D('',#8475,#6667,#6668);
#5495=AXIS2_PLACEMENT_3D('',#8476,#6669,#6670);
#5496=AXIS2_PLACEMENT_3D('',#8477,#6671,#6672);
#5497=AXIS2_PLACEMENT_3D('',#8478,#6673,#6674);
#5498=AXIS2_PLACEMENT_3D('',#8479,#6675,#6676);
#5499=AXIS2_PLACEMENT_3D('',#8481,#6678,#6679);
#5500=AXIS2_PLACEMENT_3D('',#8483,#6681,#6682);
#5501=AXIS2_PLACEMENT_3D('',#8485,#6684,#6685);
#5502=AXIS2_PLACEMENT_3D('',#8486,#6686,#6687);
#5503=AXIS2_PLACEMENT_3D('',#8488,#6689,#6690);
#5504=AXIS2_PLACEMENT_3D('',#8491,#6693,#6694);
#5505=AXIS2_PLACEMENT_3D('',#8493,#6696,#6697);
#5506=AXIS2_PLACEMENT_3D('',#8494,#6698,#6699);
#5507=AXIS2_PLACEMENT_3D('',#8497,#6702,#6703);
#5508=AXIS2_PLACEMENT_3D('',#8498,#6704,#6705);
#5509=AXIS2_PLACEMENT_3D('',#8501,#6708,#6709);
#5510=AXIS2_PLACEMENT_3D('',#8502,#6710,#6711);
#5511=AXIS2_PLACEMENT_3D('',#8503,#6712,#6713);
#5512=AXIS2_PLACEMENT_3D('',#8505,#6715,#6716);
#5513=AXIS2_PLACEMENT_3D('',#8507,#6718,#6719);
#5514=AXIS2_PLACEMENT_3D('',#8509,#6721,#6722);
#5515=AXIS2_PLACEMENT_3D('',#8511,#6724,#6725);
#5516=AXIS2_PLACEMENT_3D('',#8512,#6726,#6727);
#5517=AXIS2_PLACEMENT_3D('',#8515,#6730,#6731);
#5518=AXIS2_PLACEMENT_3D('',#8517,#6733,#6734);
#5519=AXIS2_PLACEMENT_3D('',#8519,#6736,#6737);
#5520=AXIS2_PLACEMENT_3D('',#8521,#6739,#6740);
#5521=AXIS2_PLACEMENT_3D('',#8523,#6742,#6743);
#5522=AXIS2_PLACEMENT_3D('',#8525,#6745,#6746);
#5523=AXIS2_PLACEMENT_3D('',#8527,#6748,#6749);
#5524=AXIS2_PLACEMENT_3D('',#8528,#6750,#6751);
#5525=AXIS2_PLACEMENT_3D('',#8532,#6753,#6754);
#5526=AXIS2_PLACEMENT_3D('',#8535,#6757,#6758);
#5527=AXIS2_PLACEMENT_3D('',#8536,#6759,#6760);
#5528=AXIS2_PLACEMENT_3D('',#8538,#6762,#6763);
#5529=AXIS2_PLACEMENT_3D('',#8540,#6765,#6766);
#5530=AXIS2_PLACEMENT_3D('',#8542,#6768,#6769);
#5531=AXIS2_PLACEMENT_3D('',#8544,#6771,#6772);
#5532=AXIS2_PLACEMENT_3D('',#8545,#6773,#6774);
#5533=AXIS2_PLACEMENT_3D('',#8547,#6776,#6777);
#5534=AXIS2_PLACEMENT_3D('',#8549,#6779,#6780);
#5535=AXIS2_PLACEMENT_3D('',#8551,#6782,#6783);
#5536=AXIS2_PLACEMENT_3D('',#8553,#6785,#6786);
#5537=AXIS2_PLACEMENT_3D('',#8555,#6788,#6789);
#5538=AXIS2_PLACEMENT_3D('',#8557,#6791,#6792);
#5539=AXIS2_PLACEMENT_3D('',#8558,#6793,#6794);
#5540=AXIS2_PLACEMENT_3D('',#8560,#6796,#6797);
#5541=AXIS2_PLACEMENT_3D('',#8562,#6799,#6800);
#5542=AXIS2_PLACEMENT_3D('',#8564,#6802,#6803);
#5543=AXIS2_PLACEMENT_3D('',#8565,#6804,#6805);
#5544=AXIS2_PLACEMENT_3D('',#8566,#6806,#6807);
#5545=AXIS2_PLACEMENT_3D('',#8572,#6811,#6812);
#5546=AXIS2_PLACEMENT_3D('',#8573,#6813,#6814);
#5547=AXIS2_PLACEMENT_3D('',#8574,#6815,#6816);
#5548=AXIS2_PLACEMENT_3D('',#8575,#6817,#6818);
#5549=AXIS2_PLACEMENT_3D('',#8576,#6819,#6820);
#5550=AXIS2_PLACEMENT_3D('',#8577,#6821,#6822);
#5551=AXIS2_PLACEMENT_3D('',#8579,#6824,#6825);
#5552=AXIS2_PLACEMENT_3D('',#8580,#6826,#6827);
#5553=AXIS2_PLACEMENT_3D('',#8581,#6828,#6829);
#5554=AXIS2_PLACEMENT_3D('',#8585,#6831,#6832);
#5555=AXIS2_PLACEMENT_3D('',#8586,#6833,#6834);
#5556=AXIS2_PLACEMENT_3D('',#8592,#6838,#6839);
#5557=AXIS2_PLACEMENT_3D('',#8593,#6840,#6841);
#5558=AXIS2_PLACEMENT_3D('',#8597,#6843,#6844);
#5559=AXIS2_PLACEMENT_3D('',#8598,#6845,#6846);
#5560=AXIS2_PLACEMENT_3D('',#8604,#6850,#6851);
#5561=AXIS2_PLACEMENT_3D('',#8610,#6855,#6856);
#5562=AXIS2_PLACEMENT_3D('',#8616,#6860,#6861);
#5563=AXIS2_PLACEMENT_3D('',#8617,#6862,#6863);
#5564=AXIS2_PLACEMENT_3D('',#8621,#6865,#6866);
#5565=AXIS2_PLACEMENT_3D('',#8622,#6867,#6868);
#5566=AXIS2_PLACEMENT_3D('',#8628,#6872,#6873);
#5567=AXIS2_PLACEMENT_3D('',#8629,#6874,#6875);
#5568=AXIS2_PLACEMENT_3D('',#8633,#6877,#6878);
#5569=AXIS2_PLACEMENT_3D('',#8634,#6879,#6880);
#5570=AXIS2_PLACEMENT_3D('',#8640,#6884,#6885);
#5571=AXIS2_PLACEMENT_3D('',#8642,#6887,#6888);
#5572=AXIS2_PLACEMENT_3D('',#8644,#6890,#6891);
#5573=AXIS2_PLACEMENT_3D('',#8645,#6892,#6893);
#5574=AXIS2_PLACEMENT_3D('',#8646,#6894,#6895);
#5575=AXIS2_PLACEMENT_3D('',#8647,#6896,#6897);
#5576=AXIS2_PLACEMENT_3D('',#8648,#6898,#6899);
#5577=AXIS2_PLACEMENT_3D('',#8649,#6900,#6901);
#5578=AXIS2_PLACEMENT_3D('',#8650,#6902,#6903);
#5579=AXIS2_PLACEMENT_3D('',#8651,#6904,#6905);
#5580=AXIS2_PLACEMENT_3D('',#8652,#6906,#6907);
#5581=AXIS2_PLACEMENT_3D('',#8653,#6908,#6909);
#5582=AXIS2_PLACEMENT_3D('',#8654,#6910,#6911);
#5583=AXIS2_PLACEMENT_3D('',#8655,#6912,#6913);
#5584=AXIS2_PLACEMENT_3D('',#8656,#6914,#6915);
#5585=AXIS2_PLACEMENT_3D('',#8657,#6916,#6917);
#5586=AXIS2_PLACEMENT_3D('',#8658,#6918,#6919);
#5587=AXIS2_PLACEMENT_3D('',#8659,#6920,#6921);
#5588=AXIS2_PLACEMENT_3D('',#8660,#6922,#6923);
#5589=AXIS2_PLACEMENT_3D('',#8661,#6924,#6925);
#5590=AXIS2_PLACEMENT_3D('',#8662,#6926,#6927);
#5591=AXIS2_PLACEMENT_3D('',#8663,#6928,#6929);
#5592=AXIS2_PLACEMENT_3D('',#8664,#6930,#6931);
#5593=AXIS2_PLACEMENT_3D('',#8665,#6932,#6933);
#5594=AXIS2_PLACEMENT_3D('',#8666,#6934,#6935);
#5595=AXIS2_PLACEMENT_3D('',#8667,#6936,#6937);
#5596=AXIS2_PLACEMENT_3D('',#8668,#6938,#6939);
#5597=AXIS2_PLACEMENT_3D('',#8669,#6940,#6941);
#5598=AXIS2_PLACEMENT_3D('',#8694,#6946,#6947);
#5599=AXIS2_PLACEMENT_3D('',#8719,#6952,#6953);
#5600=AXIS2_PLACEMENT_3D('',#8720,#6954,#6955);
#5601=AXIS2_PLACEMENT_3D('',#8721,#6956,#6957);
#5602=AXIS2_PLACEMENT_3D('',#8722,#6958,#6959);
#5603=AXIS2_PLACEMENT_3D('',#8747,#6964,#6965);
#5604=AXIS2_PLACEMENT_3D('',#8772,#6970,#6971);
#5605=AXIS2_PLACEMENT_3D('',#8773,#6972,#6973);
#5606=AXIS2_PLACEMENT_3D('',#8780,#6974,#6975);
#5607=AXIS2_PLACEMENT_3D('',#8787,#6976,#6977);
#5608=AXIS2_PLACEMENT_3D('',#8794,#6978,#6979);
#5609=AXIS2_PLACEMENT_3D('',#8801,#6980,#6981);
#5610=AXIS2_PLACEMENT_3D('',#8808,#6982,#6983);
#5611=AXIS2_PLACEMENT_3D('',#8815,#6984,#6985);
#5612=AXIS2_PLACEMENT_3D('',#8817,#6986,#6987);
#5613=AXIS2_PLACEMENT_3D('',#8818,#6988,#6989);
#5614=AXIS2_PLACEMENT_3D('',#8819,#6990,#6991);
#5615=AXIS2_PLACEMENT_3D('',#8820,#6992,#6993);
#5616=AXIS2_PLACEMENT_3D('',#8821,#6994,#6995);
#5617=AXIS2_PLACEMENT_3D('',#8828,#6996,#6997);
#5618=AXIS2_PLACEMENT_3D('',#8835,#6998,#6999);
#5619=AXIS2_PLACEMENT_3D('',#8842,#7000,#7001);
#5620=AXIS2_PLACEMENT_3D('',#8849,#7002,#7003);
#5621=AXIS2_PLACEMENT_3D('',#8856,#7004,#7005);
#5622=AXIS2_PLACEMENT_3D('',#8863,#7006,#7007);
#5623=AXIS2_PLACEMENT_3D('',#8865,#7008,#7009);
#5624=AXIS2_PLACEMENT_3D('',#8866,#7010,#7011);
#5625=AXIS2_PLACEMENT_3D('',#8873,#7012,#7013);
#5626=AXIS2_PLACEMENT_3D('',#8880,#7014,#7015);
#5627=AXIS2_PLACEMENT_3D('',#8887,#7016,#7017);
#5628=AXIS2_PLACEMENT_3D('',#8894,#7018,#7019);
#5629=AXIS2_PLACEMENT_3D('',#8901,#7020,#7021);
#5630=AXIS2_PLACEMENT_3D('',#8908,#7022,#7023);
#5631=AXIS2_PLACEMENT_3D('',#8910,#7024,#7025);
#5632=AXIS2_PLACEMENT_3D('',#8911,#7026,#7027);
#5633=AXIS2_PLACEMENT_3D('',#8919,#7028,#7029);
#5634=AXIS2_PLACEMENT_3D('',#8926,#7030,#7031);
#5635=AXIS2_PLACEMENT_3D('',#8933,#7032,#7033);
#5636=AXIS2_PLACEMENT_3D('',#8940,#7034,#7035);
#5637=AXIS2_PLACEMENT_3D('',#8947,#7036,#7037);
#5638=AXIS2_PLACEMENT_3D('',#8953,#7038,#7039);
#5639=AXIS2_PLACEMENT_3D('',#8955,#7040,#7041);
#5640=AXIS2_PLACEMENT_3D('',#8958,#7044,#7045);
#5641=AXIS2_PLACEMENT_3D('',#8961,#7048,#7049);
#5642=AXIS2_PLACEMENT_3D('',#8962,#7050,#7051);
#5643=AXIS2_PLACEMENT_3D('',#8965,#7054,#7055);
#5644=AXIS2_PLACEMENT_3D('',#8968,#7058,#7059);
#5645=AXIS2_PLACEMENT_3D('',#8971,#7062,#7063);
#5646=AXIS2_PLACEMENT_3D('',#8972,#7064,#7065);
#5647=AXIS2_PLACEMENT_3D('',#8975,#7068,#7069);
#5648=AXIS2_PLACEMENT_3D('',#8976,#7070,#7071);
#5649=AXIS2_PLACEMENT_3D('',#8977,#7072,#7073);
#5650=AXIS2_PLACEMENT_3D('',#8978,#7074,#7075);
#5651=AXIS2_PLACEMENT_3D('',#8979,#7076,#7077);
#5652=AXIS2_PLACEMENT_3D('',#8985,#7078,#7079);
#5653=AXIS2_PLACEMENT_3D('',#8991,#7080,#7081);
#5654=AXIS2_PLACEMENT_3D('',#8992,#7082,#7083);
#5655=AXIS2_PLACEMENT_3D('',#8993,#7084,#7085);
#5656=AXIS2_PLACEMENT_3D('',#8994,#7086,#7087);
#5657=AXIS2_PLACEMENT_3D('',#8995,#7088,#7089);
#5658=AXIS2_PLACEMENT_3D('',#8996,#7090,#7091);
#5659=AXIS2_PLACEMENT_3D('',#8997,#7092,#7093);
#5660=AXIS2_PLACEMENT_3D('',#8998,#7094,#7095);
#5661=AXIS2_PLACEMENT_3D('',#8999,#7096,#7097);
#5662=AXIS2_PLACEMENT_3D('',#9000,#7098,#7099);
#5663=AXIS2_PLACEMENT_3D('',#9001,#7100,#7101);
#5664=AXIS2_PLACEMENT_3D('',#9002,#7102,#7103);
#5665=AXIS2_PLACEMENT_3D('',#9003,#7104,#7105);
#5666=AXIS2_PLACEMENT_3D('',#9004,#7106,#7107);
#5667=AXIS2_PLACEMENT_3D('',#9005,#7108,#7109);
#5668=AXIS2_PLACEMENT_3D('',#9006,#7110,#7111);
#5669=AXIS2_PLACEMENT_3D('',#9007,#7112,#7113);
#5670=AXIS2_PLACEMENT_3D('',#9008,#7114,#7115);
#5671=AXIS2_PLACEMENT_3D('',#9009,#7116,#7117);
#5672=AXIS2_PLACEMENT_3D('',#9015,#7118,#7119);
#5673=AXIS2_PLACEMENT_3D('',#9021,#7120,#7121);
#5674=AXIS2_PLACEMENT_3D('',#9022,#7122,#7123);
#5675=AXIS2_PLACEMENT_3D('',#9023,#7124,#7125);
#5676=AXIS2_PLACEMENT_3D('',#9024,#7126,#7127);
#5677=DIRECTION('',(0.,0.,1.));
#5678=DIRECTION('',(1.,0.,0.));
#5679=DIRECTION('',(0.,1.,0.));
#5680=DIRECTION('',(-1.,0.,0.));
#5681=DIRECTION('',(0.,-1.,0.));
#5682=DIRECTION('',(0.,0.,1.));
#5683=DIRECTION('',(-1.,0.,0.));
#5684=DIRECTION('',(0.,1.,0.));
#5685=DIRECTION('',(0.,0.,1.));
#5686=DIRECTION('',(-1.,0.,0.));
#5687=DIRECTION('',(0.,1.,0.));
#5688=DIRECTION('',(0.,0.,1.));
#5689=DIRECTION('',(0.,-1.,0.));
#5690=DIRECTION('',(0.,0.,1.));
#5691=DIRECTION('',(0.,1.,0.));
#5692=DIRECTION('',(0.,0.,1.));
#5693=DIRECTION('',(0.,1.,0.));
#5694=DIRECTION('',(-1.,0.,0.));
#5695=DIRECTION('',(0.,1.,0.));
#5696=DIRECTION('',(0.,0.,1.));
#5697=DIRECTION('',(1.,0.,4.43352412973543E-16));
#5698=DIRECTION('',(0.,1.,0.));
#5699=DIRECTION('',(0.,0.,1.));
#5700=DIRECTION('',(1.,0.,0.));
#5701=DIRECTION('',(0.,1.,0.));
#5702=DIRECTION('',(0.,0.,1.));
#5703=DIRECTION('',(0.,1.,0.));
#5704=DIRECTION('',(0.,0.,1.));
#5705=DIRECTION('',(0.,1.,0.));
#5706=DIRECTION('',(0.,0.,1.));
#5707=DIRECTION('',(0.,1.,0.));
#5708=DIRECTION('',(0.,0.,1.));
#5709=DIRECTION('',(1.,0.,0.));
#5710=DIRECTION('',(0.,1.,0.));
#5711=DIRECTION('',(0.,0.,1.));
#5712=DIRECTION('',(1.,0.,-1.96299297930373E-16));
#5713=DIRECTION('',(0.,1.,0.));
#5714=DIRECTION('',(0.,0.,1.));
#5715=DIRECTION('',(0.,1.,0.));
#5716=DIRECTION('',(0.,0.,1.));
#5717=DIRECTION('',(1.,0.,-1.28676315579937E-16));
#5718=DIRECTION('',(0.,1.,0.));
#5719=DIRECTION('',(0.,0.,1.));
#5720=DIRECTION('',(1.,0.,-1.30866198620249E-16));
#5721=DIRECTION('',(0.,1.,0.));
#5722=DIRECTION('',(0.,0.,1.));
#5723=DIRECTION('',(0.,0.,-1.));
#5724=DIRECTION('',(0.,1.,0.));
#5725=DIRECTION('',(0.,0.,1.));
#5726=DIRECTION('',(1.,0.,-1.96299297930373E-16));
#5727=DIRECTION('',(0.,1.,0.));
#5728=DIRECTION('',(0.,0.,1.));
#5729=DIRECTION('',(1.,0.,0.));
#5730=DIRECTION('',(0.,0.,-1.));
#5731=DIRECTION('',(1.,0.,0.));
#5732=DIRECTION('',(0.,0.,-1.));
#5733=DIRECTION('',(1.,0.,0.));
#5734=DIRECTION('',(0.,1.,0.));
#5735=DIRECTION('',(0.,0.,1.));
#5736=DIRECTION('',(-1.,0.,-1.96299297930373E-16));
#5737=DIRECTION('',(0.,1.,0.));
#5738=DIRECTION('',(0.,0.,1.));
#5739=DIRECTION('',(0.,0.,-1.));
#5740=DIRECTION('',(0.,1.,0.));
#5741=DIRECTION('',(0.,0.,1.));
#5742=DIRECTION('',(-1.,0.,-1.30866198620249E-16));
#5743=DIRECTION('',(0.,1.,0.));
#5744=DIRECTION('',(0.,0.,1.));
#5745=DIRECTION('',(-1.,0.,-1.28676315579937E-16));
#5746=DIRECTION('',(0.,1.,0.));
#5747=DIRECTION('',(0.,0.,1.));
#5748=DIRECTION('',(0.,0.,-1.));
#5749=DIRECTION('',(1.,0.,0.));
#5750=DIRECTION('',(0.,0.,1.));
#5751=DIRECTION('',(0.,1.,0.));
#5752=DIRECTION('',(0.,0.,1.));
#5753=DIRECTION('',(1.,0.,0.));
#5754=DIRECTION('',(0.,1.,0.));
#5755=DIRECTION('',(0.,0.,1.));
#5756=DIRECTION('',(0.,0.,1.));
#5757=DIRECTION('',(1.,0.,0.));
#5758=DIRECTION('',(0.,0.,-1.));
#5759=DIRECTION('',(0.,1.,0.));
#5760=DIRECTION('',(0.,0.,1.));
#5761=DIRECTION('',(0.,1.,0.));
#5762=DIRECTION('',(0.,0.,1.));
#5763=DIRECTION('',(-1.,0.,-1.28676315579937E-16));
#5764=DIRECTION('',(0.,1.,0.));
#5765=DIRECTION('',(0.,0.,1.));
#5766=DIRECTION('',(-1.,0.,-1.30866198620249E-16));
#5767=DIRECTION('',(0.,-1.,0.));
#5768=DIRECTION('',(0.,0.,1.));
#5769=DIRECTION('',(0.,1.,0.));
#5770=DIRECTION('',(0.,0.,1.));
#5771=DIRECTION('',(1.,0.,-1.30866198620249E-16));
#5772=DIRECTION('',(0.,1.,0.));
#5773=DIRECTION('',(0.,0.,1.));
#5774=DIRECTION('',(1.,0.,-1.28676315579937E-16));
#5775=DIRECTION('',(0.,1.,0.));
#5776=DIRECTION('',(0.,0.,1.));
#5777=DIRECTION('',(0.,-1.,0.));
#5778=DIRECTION('',(0.,0.,-1.));
#5779=DIRECTION('',(0.,-1.,0.));
#5780=DIRECTION('',(0.,1.,0.));
#5781=DIRECTION('',(0.,0.,1.));
#5782=DIRECTION('',(0.,-1.,0.));
#5783=DIRECTION('',(0.,-1.,0.));
#5784=DIRECTION('',(0.,1.,0.));
#5785=DIRECTION('',(0.,0.,1.));
#5786=DIRECTION('',(0.,-1.,0.));
#5787=DIRECTION('',(0.,1.,0.));
#5788=DIRECTION('',(0.,0.,1.));
#5789=DIRECTION('',(0.,-1.,0.));
#5790=DIRECTION('',(0.,-1.,0.));
#5791=DIRECTION('',(-1.,0.,0.));
#5792=DIRECTION('',(0.,0.,1.));
#5793=DIRECTION('',(-1.,0.,0.));
#5794=DIRECTION('',(0.,0.,1.));
#5795=DIRECTION('',(0.,0.,1.));
#5796=DIRECTION('',(0.,1.,0.));
#5797=DIRECTION('',(0.,-6.67201336914157E-17,-1.));
#5798=DIRECTION('',(-1.,0.,0.));
#5799=DIRECTION('',(0.,0.,1.));
#5800=DIRECTION('',(0.,1.,0.));
#5801=DIRECTION('',(-1.,0.,0.));
#5802=DIRECTION('',(0.,0.,1.));
#5803=DIRECTION('',(0.,0.,-1.));
#5804=DIRECTION('',(0.,1.,0.));
#5805=DIRECTION('',(0.,0.,-1.));
#5806=DIRECTION('',(0.,1.,0.));
#5807=DIRECTION('',(0.,0.,1.));
#5808=DIRECTION('',(0.,0.,1.));
#5809=DIRECTION('',(0.,1.,0.));
#5810=DIRECTION('',(0.,2.89120579329468E-16,1.));
#5811=DIRECTION('',(-1.,0.,0.));
#5812=DIRECTION('',(0.,0.,1.));
#5813=DIRECTION('',(0.,-1.,0.));
#5814=DIRECTION('',(-1.,0.,0.));
#5815=DIRECTION('',(0.,0.,1.));
#5816=DIRECTION('',(0.,2.89120579329468E-16,1.));
#5817=DIRECTION('',(0.,1.,0.));
#5818=DIRECTION('',(0.,0.,1.));
#5819=DIRECTION('',(0.,1.,0.));
#5820=DIRECTION('',(0.,0.,-1.));
#5821=DIRECTION('',(-1.,0.,0.));
#5822=DIRECTION('',(0.,0.,1.));
#5823=DIRECTION('',(0.,1.,0.));
#5824=DIRECTION('',(-1.,0.,0.));
#5825=DIRECTION('',(0.,0.,1.));
#5826=DIRECTION('',(0.,0.,-1.));
#5827=DIRECTION('',(-1.,0.,0.));
#5828=DIRECTION('',(0.,0.,1.));
#5829=DIRECTION('',(0.,1.,0.));
#5830=DIRECTION('',(-1.,0.,0.));
#5831=DIRECTION('',(0.,0.,1.));
#5832=DIRECTION('',(0.,0.,-1.));
#5833=DIRECTION('',(0.,1.,0.));
#5834=DIRECTION('',(0.,0.,-1.));
#5835=DIRECTION('',(-1.,0.,0.));
#5836=DIRECTION('',(0.,0.,1.));
#5837=DIRECTION('',(0.,0.,-1.));
#5838=DIRECTION('',(0.,1.,0.));
#5839=DIRECTION('',(0.,0.,-1.));
#5840=DIRECTION('',(-1.,0.,0.));
#5841=DIRECTION('',(0.,0.,1.));
#5842=DIRECTION('',(0.,-1.,0.));
#5843=DIRECTION('',(-1.,0.,0.));
#5844=DIRECTION('',(0.,0.,1.));
#5845=DIRECTION('',(0.,0.,1.));
#5846=DIRECTION('',(1.,0.,0.));
#5847=DIRECTION('',(0.,1.,0.));
#5848=DIRECTION('',(1.,0.,0.));
#5849=DIRECTION('',(1.,0.,0.));
#5850=DIRECTION('',(0.,0.,1.));
#5851=DIRECTION('',(1.,0.,0.));
#5852=DIRECTION('',(0.,1.,0.));
#5853=DIRECTION('',(1.,0.,0.));
#5854=DIRECTION('',(0.,1.,0.));
#5855=DIRECTION('',(1.,0.,-1.28676315579937E-16));
#5856=DIRECTION('',(0.,0.,1.));
#5857=DIRECTION('',(1.,0.,0.));
#5858=DIRECTION('',(-1.,-1.34735803959364E-16,0.));
#5859=DIRECTION('',(0.,1.,0.));
#5860=DIRECTION('',(1.,0.,0.));
#5861=DIRECTION('',(0.,0.,-1.));
#5862=DIRECTION('',(0.,6.67201336914157E-17,1.));
#5863=DIRECTION('',(0.,-1.,0.));
#5864=DIRECTION('',(0.,0.,-1.));
#5865=DIRECTION('',(1.,0.,0.));
#5866=DIRECTION('',(0.,0.,-1.));
#5867=DIRECTION('',(0.,1.,0.));
#5868=DIRECTION('',(1.,0.,0.));
#5869=DIRECTION('',(0.,0.,-1.));
#5870=DIRECTION('',(0.,0.,1.));
#5871=DIRECTION('',(0.,-1.,0.));
#5872=DIRECTION('',(0.,0.,-1.));
#5873=DIRECTION('',(1.,0.,0.));
#5874=DIRECTION('',(0.,0.,-1.));
#5875=DIRECTION('',(0.,0.,-1.));
#5876=DIRECTION('',(0.,0.,1.));
#5877=DIRECTION('',(1.,0.,0.));
#5878=DIRECTION('',(0.,0.,-1.));
#5879=DIRECTION('',(0.,-1.,0.));
#5880=DIRECTION('',(1.,0.,0.));
#5881=DIRECTION('',(0.,0.,-1.));
#5882=DIRECTION('',(0.,0.,1.));
#5883=DIRECTION('',(1.,0.,0.));
#5884=DIRECTION('',(0.,0.,-1.));
#5885=DIRECTION('',(0.,-1.,0.));
#5886=DIRECTION('',(1.,0.,0.));
#5887=DIRECTION('',(0.,0.,-1.));
#5888=DIRECTION('',(0.,0.,1.));
#5889=DIRECTION('',(0.,1.,0.));
#5890=DIRECTION('',(0.,0.,1.));
#5891=DIRECTION('',(0.,-1.,0.));
#5892=DIRECTION('',(0.,-2.89120579329468E-16,-1.));
#5893=DIRECTION('',(1.,0.,0.));
#5894=DIRECTION('',(0.,0.,-1.));
#5895=DIRECTION('',(0.,1.,0.));
#5896=DIRECTION('',(1.,0.,0.));
#5897=DIRECTION('',(0.,0.,-1.));
#5898=DIRECTION('',(0.,-2.89120579329468E-16,-1.));
#5899=DIRECTION('',(0.,-1.,0.));
#5900=DIRECTION('',(0.,0.,1.));
#5901=DIRECTION('',(0.,0.,1.));
#5902=DIRECTION('',(0.,-1.,0.));
#5903=DIRECTION('',(0.,0.,-1.));
#5904=DIRECTION('',(0.,1.,0.));
#5905=DIRECTION('',(0.,0.,-1.));
#5906=DIRECTION('',(1.,0.,0.));
#5907=DIRECTION('',(0.,0.,-1.));
#5908=DIRECTION('',(0.,-1.,0.));
#5909=DIRECTION('',(1.,0.,0.));
#5910=DIRECTION('',(0.,0.,-1.));
#5911=DIRECTION('',(1.,0.,0.));
#5912=DIRECTION('',(0.,0.,-1.));
#5913=DIRECTION('',(0.,0.,1.));
#5914=DIRECTION('',(1.,0.,0.));
#5915=DIRECTION('',(0.,0.,1.));
#5916=DIRECTION('',(1.,0.,0.));
#5917=DIRECTION('',(-1.,-1.34735803959364E-16,0.));
#5918=DIRECTION('',(-1.34735803959364E-16,1.,0.));
#5919=DIRECTION('',(0.,0.,1.));
#5920=DIRECTION('',(1.,0.,0.));
#5921=DIRECTION('',(0.,0.,1.));
#5922=DIRECTION('',(1.,0.,0.));
#5923=DIRECTION('',(-1.34735803959364E-16,1.,0.));
#5924=DIRECTION('',(-1.,-1.34735803959364E-16,0.));
#5925=DIRECTION('',(-1.,-1.34735803959364E-16,0.));
#5926=DIRECTION('',(1.34735803959364E-16,-1.,0.));
#5927=DIRECTION('',(0.,0.,-1.));
#5928=DIRECTION('',(1.34735803959364E-16,-1.,-2.64485437233075E-32));
#5929=DIRECTION('',(1.34735803959364E-16,-1.,-1.7632362482205E-32));
#5930=DIRECTION('',(-1.,-1.34735803959364E-16,0.));
#5931=DIRECTION('',(1.34735803959364E-16,-1.,0.));
#5932=DIRECTION('',(0.,0.,-1.));
#5933=DIRECTION('',(-1.,-1.34735803959364E-16,0.));
#5934=DIRECTION('',(1.34735803959364E-16,-1.,0.));
#5935=DIRECTION('',(-1.34735803959364E-16,1.,0.));
#5936=DIRECTION('',(-1.,-1.34735803959364E-16,0.));
#5937=DIRECTION('',(1.34735803959364E-16,-1.,0.));
#5938=DIRECTION('',(0.,0.,-1.));
#5939=DIRECTION('',(-1.,-1.34735803959364E-16,0.));
#5940=DIRECTION('',(1.34735803959364E-16,-1.,0.));
#5941=DIRECTION('',(-1.34735803959364E-16,1.,0.));
#5942=DIRECTION('',(-1.,-1.34735803959364E-16,0.));
#5943=DIRECTION('',(1.34735803959364E-16,-1.,0.));
#5944=DIRECTION('',(-1.,-1.34735803959364E-16,0.));
#5945=DIRECTION('',(1.34735803959364E-16,-1.,0.));
#5946=DIRECTION('',(-1.34735803959364E-16,1.,0.));
#5947=DIRECTION('',(-1.,-1.34735803959364E-16,0.));
#5948=DIRECTION('',(1.34735803959364E-16,-1.,0.));
#5949=DIRECTION('',(0.,0.,-1.));
#5950=DIRECTION('',(-1.,-1.34735803959364E-16,0.));
#5951=DIRECTION('',(1.34735803959364E-16,-1.,0.));
#5952=DIRECTION('',(-1.34735803959364E-16,1.,0.));
#5953=DIRECTION('',(-1.,-1.34735803959364E-16,0.));
#5954=DIRECTION('',(1.34735803959364E-16,-1.,0.));
#5955=DIRECTION('',(8.98959085318912E-33,-6.67201336914157E-17,-1.));
#5956=DIRECTION('',(-1.34735803959364E-16,1.,0.));
#5957=DIRECTION('',(0.,0.,1.));
#5958=DIRECTION('',(-1.,-1.34735803959364E-16,0.));
#5959=DIRECTION('',(1.34735803959364E-16,-1.,0.));
#5960=DIRECTION('',(1.34735803959364E-16,-1.,0.));
#5961=DIRECTION('',(-1.,-1.34735803959364E-16,0.));
#5962=DIRECTION('',(1.34735803959364E-16,-1.,0.));
#5963=DIRECTION('',(0.,0.,1.));
#5964=DIRECTION('',(1.34735803959364E-16,-1.,-1.73373068301915E-32));
#5965=DIRECTION('',(-3.89548936971528E-32,2.89120579329468E-16,1.));
#5966=DIRECTION('',(-1.,-1.34735803959364E-16,0.));
#5967=DIRECTION('',(1.34735803959364E-16,-1.,0.));
#5968=DIRECTION('',(1.34735803959364E-16,-1.,0.));
#5969=DIRECTION('',(-1.,-1.34735803959364E-16,0.));
#5970=DIRECTION('',(1.34735803959364E-16,-1.,0.));
#5971=DIRECTION('',(-3.89548936971528E-32,2.89120579329468E-16,1.));
#5972=DIRECTION('',(-1.34735803959364E-16,1.,0.));
#5973=DIRECTION('',(0.,0.,-1.));
#5974=DIRECTION('',(0.,0.,-1.));
#5975=DIRECTION('',(0.,0.,-1.));
#5976=DIRECTION('',(0.,0.,1.));
#5977=DIRECTION('',(1.,0.,0.));
#5978=DIRECTION('',(0.,1.,0.));
#5979=DIRECTION('',(-1.,0.,0.));
#5980=DIRECTION('',(0.,1.,0.));
#5981=DIRECTION('',(0.,-1.,0.));
#5982=DIRECTION('',(-1.,-1.34735803959364E-16,0.));
#5983=DIRECTION('',(0.,0.,1.));
#5984=DIRECTION('',(1.,0.,0.));
#5985=DIRECTION('',(-1.,0.,-1.28676315579937E-16));
#5986=DIRECTION('',(0.,-1.,0.));
#5987=DIRECTION('',(1.,0.,0.));
#5988=DIRECTION('',(0.,0.,1.));
#5989=DIRECTION('',(1.,0.,0.));
#5990=DIRECTION('',(1.,0.,0.));
#5991=DIRECTION('',(0.,1.,0.));
#5992=DIRECTION('',(1.,0.,0.));
#5993=DIRECTION('',(0.,0.,1.));
#5994=DIRECTION('',(1.,0.,0.));
#5995=DIRECTION('',(0.,-1.,0.));
#5996=DIRECTION('',(0.,0.,1.));
#5997=DIRECTION('',(1.,0.,0.));
#5998=DIRECTION('',(0.,0.,1.));
#5999=DIRECTION('',(1.,0.,0.));
#6000=DIRECTION('',(0.,0.,1.));
#6001=DIRECTION('',(1.,0.,0.));
#6002=DIRECTION('',(-1.,0.,0.));
#6003=DIRECTION('',(0.,-1.,0.));
#6004=DIRECTION('',(-1.,0.,0.));
#6005=DIRECTION('',(0.,0.,-1.));
#6006=DIRECTION('',(1.,0.,0.));
#6007=DIRECTION('',(0.,-1.,0.));
#6008=DIRECTION('',(0.,0.,-1.));
#6009=DIRECTION('',(1.,0.,0.));
#6010=DIRECTION('',(0.,0.,-1.));
#6011=DIRECTION('',(1.,0.,0.));
#6012=DIRECTION('',(0.,0.,1.));
#6013=DIRECTION('',(1.,0.,0.));
#6014=DIRECTION('',(0.,1.,0.));
#6015=DIRECTION('',(-1.,-1.34735803959364E-16,0.));
#6016=DIRECTION('',(1.,0.,0.));
#6017=DIRECTION('',(-1.,-1.34735803959364E-16,0.));
#6018=DIRECTION('',(1.34735803959364E-16,-1.,0.));
#6019=DIRECTION('',(1.34735803959364E-16,-1.,2.64485437233075E-32));
#6020=DIRECTION('',(0.,0.,-1.));
#6021=DIRECTION('',(1.34735803959364E-16,-1.,1.7632362482205E-32));
#6022=DIRECTION('',(-1.,-1.34735803959364E-16,0.));
#6023=DIRECTION('',(1.34735803959364E-16,-1.,0.));
#6024=DIRECTION('',(-1.,-1.34735803959364E-16,0.));
#6025=DIRECTION('',(1.34735803959364E-16,-1.,0.));
#6026=DIRECTION('',(-1.,-1.34735803959364E-16,0.));
#6027=DIRECTION('',(1.34735803959364E-16,-1.,0.));
#6028=DIRECTION('',(0.,0.,-1.));
#6029=DIRECTION('',(-1.,-1.34735803959364E-16,0.));
#6030=DIRECTION('',(1.34735803959364E-16,-1.,0.));
#6031=DIRECTION('',(-1.34735803959364E-16,1.,0.));
#6032=DIRECTION('',(-1.,-1.34735803959364E-16,0.));
#6033=DIRECTION('',(1.34735803959364E-16,-1.,0.));
#6034=DIRECTION('',(0.,0.,-1.));
#6035=DIRECTION('',(-1.,-1.34735803959364E-16,0.));
#6036=DIRECTION('',(1.34735803959364E-16,-1.,0.));
#6037=DIRECTION('',(-1.34735803959364E-16,1.,0.));
#6038=DIRECTION('',(0.,0.,-1.));
#6039=DIRECTION('',(-1.,-1.34735803959364E-16,0.));
#6040=DIRECTION('',(1.34735803959364E-16,-1.,0.));
#6041=DIRECTION('',(-1.34735803959364E-16,1.,0.));
#6042=DIRECTION('',(0.,0.,-1.));
#6043=DIRECTION('',(0.,0.,-1.));
#6044=DIRECTION('',(0.,0.,-1.));
#6045=DIRECTION('',(-1.34735803959364E-16,1.,0.));
#6046=DIRECTION('',(-3.89548936971528E-32,2.89120579329468E-16,1.));
#6047=DIRECTION('',(-1.,-1.34735803959364E-16,0.));
#6048=DIRECTION('',(1.34735803959364E-16,-1.,0.));
#6049=DIRECTION('',(1.34735803959364E-16,-1.,0.));
#6050=DIRECTION('',(-1.,-1.34735803959364E-16,0.));
#6051=DIRECTION('',(1.34735803959364E-16,-1.,0.));
#6052=DIRECTION('',(-3.89548936971528E-32,2.89120579329468E-16,1.));
#6053=DIRECTION('',(1.34735803959364E-16,-1.,1.73373068301915E-32));
#6054=DIRECTION('',(0.,0.,1.));
#6055=DIRECTION('',(-1.,-1.34735803959364E-16,0.));
#6056=DIRECTION('',(1.34735803959364E-16,-1.,0.));
#6057=DIRECTION('',(1.34735803959364E-16,-1.,0.));
#6058=DIRECTION('',(-1.,-1.34735803959364E-16,0.));
#6059=DIRECTION('',(1.34735803959364E-16,-1.,0.));
#6060=DIRECTION('',(0.,0.,1.));
#6061=DIRECTION('',(-1.34735803959364E-16,1.,0.));
#6062=DIRECTION('',(8.98959085318912E-33,-6.67201336914157E-17,-1.));
#6063=DIRECTION('',(-1.,-1.34735803959364E-16,0.));
#6064=DIRECTION('',(1.34735803959364E-16,-1.,0.));
#6065=DIRECTION('',(-1.34735803959364E-16,1.,0.));
#6066=DIRECTION('',(-1.,-1.34735803959364E-16,0.));
#6067=DIRECTION('',(1.34735803959364E-16,-1.,0.));
#6068=DIRECTION('',(0.,0.,-1.));
#6069=DIRECTION('',(-1.,0.,0.));
#6070=DIRECTION('',(0.,0.,1.));
#6071=DIRECTION('',(1.,0.,0.));
#6072=DIRECTION('',(0.,0.,-1.));
#6073=DIRECTION('',(0.,0.,-1.));
#6074=DIRECTION('',(1.,0.,0.));
#6075=DIRECTION('',(0.,0.,-1.));
#6076=DIRECTION('',(0.,0.,-1.));
#6077=DIRECTION('',(-1.,0.,0.));
#6078=DIRECTION('',(0.,0.,1.));
#6079=DIRECTION('',(1.,0.,0.));
#6080=DIRECTION('',(0.,0.,-1.));
#6081=DIRECTION('',(0.,0.,1.));
#6082=DIRECTION('',(1.,0.,0.));
#6083=DIRECTION('',(0.,0.,-1.));
#6084=DIRECTION('',(0.661437827766143,0.75,0.));
#6085=DIRECTION('',(-0.75,0.661437827766143,0.));
#6086=DIRECTION('',(0.,0.,-1.));
#6087=DIRECTION('',(0.75,-0.661437827766143,0.));
#6088=DIRECTION('',(0.,0.,-1.));
#6089=DIRECTION('',(0.75,-0.661437827766143,0.));
#6090=DIRECTION('',(-0.661437827766153,0.75,0.));
#6091=DIRECTION('',(-0.75,-0.661437827766153,0.));
#6092=DIRECTION('',(0.,0.,-1.));
#6093=DIRECTION('',(0.75,0.661437827766153,0.));
#6094=DIRECTION('',(0.,0.,-1.));
#6095=DIRECTION('',(0.75,0.661437827766153,0.));
#6096=DIRECTION('',(0.,0.,-1.));
#6097=DIRECTION('',(-1.,0.,0.));
#6098=DIRECTION('',(0.,0.,-1.));
#6099=DIRECTION('',(0.,0.,1.));
#6100=DIRECTION('',(1.,0.,0.));
#6101=DIRECTION('',(0.,0.,-1.));
#6102=DIRECTION('',(0.,0.,1.));
#6103=DIRECTION('',(1.,0.,0.));
#6104=DIRECTION('',(0.,0.,-1.));
#6105=DIRECTION('',(-1.,0.,0.));
#6106=DIRECTION('',(0.,0.,1.));
#6107=DIRECTION('',(1.,0.,0.));
#6108=DIRECTION('',(0.,0.,1.));
#6109=DIRECTION('',(1.,0.,0.));
#6110=DIRECTION('',(0.,0.,-1.));
#6111=DIRECTION('',(-1.,0.,0.));
#6112=DIRECTION('',(0.,0.,1.));
#6113=DIRECTION('',(1.,0.,0.));
#6114=DIRECTION('',(0.,0.,1.));
#6115=DIRECTION('',(1.,0.,0.));
#6116=DIRECTION('',(0.,0.,-1.));
#6117=DIRECTION('',(-1.,0.,0.));
#6118=DIRECTION('',(0.,0.,1.));
#6119=DIRECTION('',(1.,0.,0.));
#6120=DIRECTION('',(0.,0.,1.));
#6121=DIRECTION('',(1.,0.,0.));
#6122=DIRECTION('',(0.,0.,-1.));
#6123=DIRECTION('',(0.,0.,1.));
#6124=DIRECTION('',(1.,0.,0.));
#6125=DIRECTION('',(0.,0.,-1.));
#6126=DIRECTION('',(0.,0.,1.));
#6127=DIRECTION('',(1.,0.,0.));
#6128=DIRECTION('',(0.,0.,-1.));
#6129=DIRECTION('',(0.,0.,1.));
#6130=DIRECTION('',(1.,0.,0.));
#6131=DIRECTION('',(0.,0.,-1.));
#6132=DIRECTION('',(0.,0.,1.));
#6133=DIRECTION('',(1.,0.,0.));
#6134=DIRECTION('',(0.,1.,0.));
#6135=DIRECTION('',(0.,0.,1.));
#6136=DIRECTION('',(1.,0.,0.));
#6137=DIRECTION('',(1.,0.,0.));
#6138=DIRECTION('',(0.,1.,0.));
#6139=DIRECTION('',(0.,0.,1.));
#6140=DIRECTION('',(1.,0.,0.));
#6141=DIRECTION('',(1.,0.,0.));
#6142=DIRECTION('',(0.,0.,1.));
#6143=DIRECTION('',(1.,0.,0.));
#6144=DIRECTION('',(-1.,0.,0.));
#6145=DIRECTION('',(0.,-1.,0.));
#6146=DIRECTION('',(1.,0.,0.));
#6147=DIRECTION('',(0.,-1.,0.));
#6148=DIRECTION('',(1.,0.,0.));
#6149=DIRECTION('',(0.,1.,0.));
#6150=DIRECTION('',(1.,0.,0.));
#6151=DIRECTION('',(0.,-1.,0.));
#6152=DIRECTION('',(0.,1.,0.));
#6153=DIRECTION('',(0.,0.,1.));
#6154=DIRECTION('',(-1.78225014655152E-16,0.,1.));
#6155=DIRECTION('',(-1.,-1.34735803959364E-16,0.));
#6156=DIRECTION('',(0.,0.,-1.));
#6157=DIRECTION('',(1.,0.,0.));
#6158=DIRECTION('',(0.,1.,0.));
#6159=DIRECTION('',(0.,0.,1.));
#6160=DIRECTION('',(0.,0.,1.));
#6161=DIRECTION('',(1.,0.,0.));
#6162=DIRECTION('',(-1.,-1.34735803959364E-16,0.));
#6163=DIRECTION('',(0.,1.,0.));
#6164=DIRECTION('',(1.,0.,0.));
#6165=DIRECTION('',(0.,1.,0.));
#6166=DIRECTION('',(0.,0.,1.));
#6167=DIRECTION('',(1.,0.,0.));
#6168=DIRECTION('',(0.,0.,-1.));
#6169=DIRECTION('',(0.,1.,0.));
#6170=DIRECTION('',(0.,0.,1.));
#6171=DIRECTION('',(0.,1.,0.));
#6172=DIRECTION('',(0.,0.,1.));
#6173=DIRECTION('',(0.,0.,-1.));
#6174=DIRECTION('',(1.,0.,0.));
#6175=DIRECTION('',(-1.78225014655152E-16,0.,1.));
#6176=DIRECTION('',(0.,1.,0.));
#6177=DIRECTION('',(0.,0.,1.));
#6178=DIRECTION('',(-1.,0.,-1.27553196763E-16));
#6179=DIRECTION('',(0.,1.,0.));
#6180=DIRECTION('',(0.,0.,1.));
#6181=DIRECTION('',(-1.78225014655152E-16,0.,1.));
#6182=DIRECTION('',(0.,1.,0.));
#6183=DIRECTION('',(0.,0.,1.));
#6184=DIRECTION('',(-1.,0.,0.));
#6185=DIRECTION('',(0.,0.,-1.));
#6186=DIRECTION('',(-1.,0.,0.));
#6187=DIRECTION('',(0.,0.,1.));
#6188=DIRECTION('',(1.,0.,0.));
#6189=DIRECTION('',(0.,1.,0.));
#6190=DIRECTION('',(0.,0.,1.));
#6191=DIRECTION('',(0.,0.,-1.));
#6192=DIRECTION('',(-1.,-1.34735803959364E-16,0.));
#6193=DIRECTION('',(-1.78225014655152E-16,0.,1.));
#6194=DIRECTION('',(0.,1.,0.));
#6195=DIRECTION('',(0.,0.,1.));
#6196=DIRECTION('',(1.,0.,0.));
#6197=DIRECTION('',(0.,0.,-1.));
#6198=DIRECTION('',(-1.,0.,0.));
#6199=DIRECTION('',(0.,0.,1.));
#6200=DIRECTION('',(1.,0.,0.));
#6201=DIRECTION('',(0.,1.,0.));
#6202=DIRECTION('',(0.,0.,1.));
#6203=DIRECTION('',(-1.,0.,-1.96299297930373E-16));
#6204=DIRECTION('',(0.,1.,0.));
#6205=DIRECTION('',(0.,0.,1.));
#6206=DIRECTION('',(0.,-1.,0.));
#6207=DIRECTION('',(0.,0.,1.));
#6208=DIRECTION('',(-1.,0.,-1.78225014655152E-16));
#6209=DIRECTION('',(-1.78225014655152E-16,0.,1.));
#6210=DIRECTION('',(1.78225014655152E-16,2.40132906352312E-32,-1.));
#6211=DIRECTION('',(-1.,0.,-1.78225014655152E-16));
#6212=DIRECTION('',(-1.78225014655152E-16,0.,1.));
#6213=DIRECTION('',(0.,1.,0.));
#6214=DIRECTION('',(-1.,0.,-1.78225014655152E-16));
#6215=DIRECTION('',(-1.78225014655152E-16,0.,1.));
#6216=DIRECTION('',(0.,1.,0.));
#6217=DIRECTION('',(0.,0.,1.));
#6218=DIRECTION('',(0.,1.,0.));
#6219=DIRECTION('',(1.27553196763E-16,0.,-1.));
#6220=DIRECTION('',(-1.,0.,-1.27553196763E-16));
#6221=DIRECTION('',(0.,1.,0.));
#6222=DIRECTION('',(1.,0.,0.));
#6223=DIRECTION('',(0.,1.,0.));
#6224=DIRECTION('',(0.,0.,1.));
#6225=DIRECTION('',(0.,1.,0.));
#6226=DIRECTION('',(-1.,0.,-1.78225014655152E-16));
#6227=DIRECTION('',(-1.78225014655152E-16,0.,1.));
#6228=DIRECTION('',(-1.,0.,-1.78225014655152E-16));
#6229=DIRECTION('',(-1.78225014655152E-16,0.,1.));
#6230=DIRECTION('',(1.78225014655152E-16,2.40132906352312E-32,-1.));
#6231=DIRECTION('',(-1.,0.,-1.78225014655152E-16));
#6232=DIRECTION('',(-1.78225014655152E-16,0.,1.));
#6233=DIRECTION('',(0.,1.,0.));
#6234=DIRECTION('',(0.,0.,1.));
#6235=DIRECTION('',(0.,1.,0.));
#6236=DIRECTION('',(0.,0.,1.));
#6237=DIRECTION('',(0.,1.,0.));
#6238=DIRECTION('',(0.,0.,1.));
#6239=DIRECTION('',(0.,0.,1.));
#6240=DIRECTION('',(-1.,0.,0.));
#6241=DIRECTION('',(0.,0.,1.));
#6242=DIRECTION('',(0.,1.,0.));
#6243=DIRECTION('',(0.,0.,1.));
#6244=DIRECTION('',(0.,1.,0.));
#6245=DIRECTION('',(0.,0.,1.));
#6246=DIRECTION('',(0.,0.,1.));
#6247=DIRECTION('',(1.,0.,0.));
#6248=DIRECTION('',(-1.,-1.34735803959364E-16,0.));
#6249=DIRECTION('',(0.,0.,1.));
#6250=DIRECTION('',(1.,0.,0.));
#6251=DIRECTION('',(-1.,-1.34735803959364E-16,0.));
#6252=DIRECTION('',(0.,1.,0.));
#6253=DIRECTION('',(0.,0.,1.));
#6254=DIRECTION('',(0.,1.,0.));
#6255=DIRECTION('',(0.,0.,1.));
#6256=DIRECTION('',(0.,-1.,0.));
#6257=DIRECTION('',(0.,0.,-1.));
#6258=DIRECTION('',(0.,1.,0.));
#6259=DIRECTION('',(0.,0.,1.));
#6260=DIRECTION('',(0.,1.,0.));
#6261=DIRECTION('',(0.,0.,1.));
#6262=DIRECTION('',(0.,1.,0.));
#6263=DIRECTION('',(0.,0.,1.));
#6264=DIRECTION('',(-1.,-1.34735803959364E-16,0.));
#6265=DIRECTION('',(0.,1.,0.));
#6266=DIRECTION('',(0.,0.,1.));
#6267=DIRECTION('',(-1.,0.,0.));
#6268=DIRECTION('',(0.,0.,1.));
#6269=DIRECTION('',(0.,0.,1.));
#6270=DIRECTION('',(1.,0.,0.));
#6271=DIRECTION('',(0.,0.,-1.));
#6272=DIRECTION('',(1.,0.,0.));
#6273=DIRECTION('',(0.,0.,1.));
#6274=DIRECTION('',(-1.,0.,0.));
#6275=DIRECTION('',(0.,0.,1.));
#6276=DIRECTION('',(0.,-1.,0.));
#6277=DIRECTION('',(0.,0.,1.));
#6278=DIRECTION('',(0.,0.,1.));
#6279=DIRECTION('',(1.,0.,0.));
#6280=DIRECTION('',(0.,0.,-1.));
#6281=DIRECTION('',(1.,0.,0.));
#6282=DIRECTION('',(0.,0.,1.));
#6283=DIRECTION('',(0.,0.,1.));
#6284=DIRECTION('',(1.,0.,0.));
#6285=DIRECTION('',(0.,0.,-1.));
#6286=DIRECTION('',(1.,0.,0.));
#6287=DIRECTION('',(0.,1.,0.));
#6288=DIRECTION('',(0.,0.,1.));
#6289=DIRECTION('',(0.,1.,0.));
#6290=DIRECTION('',(0.,0.,1.));
#6291=DIRECTION('',(-1.,0.,0.));
#6292=DIRECTION('',(0.,1.,0.));
#6293=DIRECTION('',(0.,0.,1.));
#6294=DIRECTION('',(-1.,-1.34735803959364E-16,0.));
#6295=DIRECTION('',(0.,0.,1.));
#6296=DIRECTION('',(1.,0.,0.));
#6297=DIRECTION('',(-1.34735803959364E-16,1.,0.));
#6298=DIRECTION('',(0.,-1.,0.));
#6299=DIRECTION('',(0.,0.,-1.));
#6300=DIRECTION('',(0.,-1.,0.));
#6301=DIRECTION('',(0.,0.,-1.));
#6302=DIRECTION('',(0.,0.,1.));
#6303=DIRECTION('',(1.,0.,0.));
#6304=DIRECTION('',(0.,-1.,0.));
#6305=DIRECTION('',(0.,0.,-1.));
#6306=DIRECTION('',(-1.,-1.34735803959364E-16,0.));
#6307=DIRECTION('',(0.,-1.,0.));
#6308=DIRECTION('',(0.,0.,-1.));
#6309=DIRECTION('',(0.,-1.,0.));
#6310=DIRECTION('',(0.,0.,-1.));
#6311=DIRECTION('',(-1.,-1.34735803959364E-16,0.));
#6312=DIRECTION('',(0.,-1.,0.));
#6313=DIRECTION('',(0.,0.,-1.));
#6314=DIRECTION('',(1.,0.,0.));
#6315=DIRECTION('',(0.,0.,1.));
#6316=DIRECTION('',(0.,0.,1.));
#6317=DIRECTION('',(1.,0.,0.));
#6318=DIRECTION('',(0.,0.,1.));
#6319=DIRECTION('',(1.,0.,0.));
#6320=DIRECTION('',(0.,0.,1.));
#6321=DIRECTION('',(-1.,0.,0.));
#6322=DIRECTION('',(0.,0.,1.));
#6323=DIRECTION('',(0.,-1.,0.));
#6324=DIRECTION('',(0.,0.,1.));
#6325=DIRECTION('',(0.,0.,1.));
#6326=DIRECTION('',(1.,0.,0.));
#6327=DIRECTION('',(0.,0.,1.));
#6328=DIRECTION('',(1.,0.,0.));
#6329=DIRECTION('',(0.,0.,1.));
#6330=DIRECTION('',(1.,0.,0.));
#6331=DIRECTION('',(0.,0.,1.));
#6332=DIRECTION('',(1.,0.,0.));
#6333=DIRECTION('',(0.,0.,1.));
#6334=DIRECTION('',(1.,0.,0.));
#6335=DIRECTION('',(-1.34735803959364E-16,1.,0.));
#6336=DIRECTION('',(1.34735803959364E-16,-1.,0.));
#6337=DIRECTION('',(1.,1.34735803959364E-16,0.));
#6338=DIRECTION('',(-1.34735803959364E-16,1.,0.));
#6339=DIRECTION('',(-1.,-1.34735803959364E-16,0.));
#6340=DIRECTION('',(-1.30866198620249E-16,0.,1.));
#6341=DIRECTION('',(1.,0.,1.30866198620249E-16));
#6342=DIRECTION('',(0.,1.,0.));
#6343=DIRECTION('',(-1.,0.,-1.30866198620249E-16));
#6344=DIRECTION('',(0.,1.,0.));
#6345=DIRECTION('',(1.34735803959364E-16,-1.,1.7632362482205E-32));
#6346=DIRECTION('',(-1.,0.,-1.30866198620249E-16));
#6347=DIRECTION('',(0.,-1.,0.));
#6348=DIRECTION('',(-1.28676315579937E-16,0.,1.));
#6349=DIRECTION('',(1.,0.,1.28676315579937E-16));
#6350=DIRECTION('',(0.,1.,0.));
#6351=DIRECTION('',(-1.,0.,-1.28676315579937E-16));
#6352=DIRECTION('',(0.,1.,0.));
#6353=DIRECTION('',(0.,-1.,0.));
#6354=DIRECTION('',(-1.,0.,-1.28676315579937E-16));
#6355=DIRECTION('',(1.34735803959364E-16,-1.,1.73373068301915E-32));
#6356=DIRECTION('',(0.,1.,0.));
#6357=DIRECTION('',(-1.,0.,0.));
#6358=DIRECTION('',(0.,1.,0.));
#6359=DIRECTION('',(0.,0.,1.));
#6360=DIRECTION('',(0.,0.,1.));
#6361=DIRECTION('',(-1.,0.,-1.96299297930373E-16));
#6362=DIRECTION('',(0.,-1.,0.));
#6363=DIRECTION('',(0.,0.,1.));
#6364=DIRECTION('',(0.,0.,1.));
#6365=DIRECTION('',(0.,-1.,0.));
#6366=DIRECTION('',(0.,0.,1.));
#6367=DIRECTION('',(-1.28676315579937E-16,0.,-1.));
#6368=DIRECTION('',(-1.,0.,1.28676315579937E-16));
#6369=DIRECTION('',(0.,1.,0.));
#6370=DIRECTION('',(1.,0.,-1.28676315579937E-16));
#6371=DIRECTION('',(0.,1.,0.));
#6372=DIRECTION('',(1.34735803959364E-16,-1.,-1.73373068301915E-32));
#6373=DIRECTION('',(1.,0.,-1.28676315579937E-16));
#6374=DIRECTION('',(-1.30866198620249E-16,0.,-1.));
#6375=DIRECTION('',(-1.,0.,1.30866198620249E-16));
#6376=DIRECTION('',(0.,1.,0.));
#6377=DIRECTION('',(1.,0.,-1.30866198620249E-16));
#6378=DIRECTION('',(0.,1.,0.));
#6379=DIRECTION('',(1.,0.,-1.30866198620249E-16));
#6380=DIRECTION('',(1.34735803959364E-16,-1.,-1.7632362482205E-32));
#6381=DIRECTION('',(-1.96299297930373E-16,0.,1.));
#6382=DIRECTION('',(1.,0.,1.96299297930373E-16));
#6383=DIRECTION('',(0.,1.,0.));
#6384=DIRECTION('',(-1.,0.,-1.96299297930373E-16));
#6385=DIRECTION('',(0.,1.,0.));
#6386=DIRECTION('',(0.,-1.,0.));
#6387=DIRECTION('',(1.34735803959364E-16,-1.,2.64485437233075E-32));
#6388=DIRECTION('',(-1.96299297930373E-16,0.,-1.));
#6389=DIRECTION('',(-1.,0.,1.96299297930373E-16));
#6390=DIRECTION('',(0.,1.,0.));
#6391=DIRECTION('',(1.,0.,-1.96299297930373E-16));
#6392=DIRECTION('',(0.,1.,0.));
#6393=DIRECTION('',(1.34735803959364E-16,-1.,-2.64485437233075E-32));
#6394=DIRECTION('',(1.,0.,-1.96299297930373E-16));
#6395=DIRECTION('',(0.,1.,0.));
#6396=DIRECTION('',(-1.,0.,0.));
#6397=DIRECTION('',(0.,1.,0.));
#6398=DIRECTION('',(0.,0.,1.));
#6399=DIRECTION('',(0.,0.,1.));
#6400=DIRECTION('',(0.,0.,1.));
#6401=DIRECTION('',(0.,-1.,0.));
#6402=DIRECTION('',(0.,0.,-1.));
#6403=DIRECTION('',(0.,1.,0.));
#6404=DIRECTION('',(0.,0.,1.));
#6405=DIRECTION('',(0.,-1.,0.));
#6406=DIRECTION('',(0.,-1.,0.));
#6407=DIRECTION('',(0.,-1.,0.));
#6408=DIRECTION('',(0.,0.,-1.));
#6409=DIRECTION('',(0.,1.,0.));
#6410=DIRECTION('',(0.,0.,1.));
#6411=DIRECTION('',(0.,-1.,0.));
#6412=DIRECTION('',(0.,0.,-1.));
#6413=DIRECTION('',(0.,1.,0.));
#6414=DIRECTION('',(0.,0.,1.));
#6415=DIRECTION('',(0.,1.,0.));
#6416=DIRECTION('',(0.,0.,1.));
#6417=DIRECTION('',(0.,1.,0.));
#6418=DIRECTION('',(0.,0.,1.));
#6419=DIRECTION('',(1.34735803959364E-16,-1.,-2.64485437233075E-32));
#6420=DIRECTION('',(1.,1.34735803959364E-16,0.));
#6421=DIRECTION('',(9.52726006482873E-17,-0.707106781186548,-0.707106781186548));
#6422=DIRECTION('',(9.52726006482873E-17,-0.707106781186548,0.707106781186548));
#6423=DIRECTION('',(0.,0.,1.));
#6424=DIRECTION('',(1.,0.,0.));
#6425=DIRECTION('',(0.,0.,1.));
#6426=DIRECTION('',(1.34735803959364E-16,-1.,2.64485437233075E-32));
#6427=DIRECTION('',(1.,1.34735803959364E-16,0.));
#6428=DIRECTION('',(9.52726006482873E-17,-0.707106781186548,-0.707106781186548));
#6429=DIRECTION('',(9.52726006482873E-17,-0.707106781186548,0.707106781186548));
#6430=DIRECTION('',(0.,0.,-1.));
#6431=DIRECTION('',(-1.,0.,0.));
#6432=DIRECTION('',(0.,0.,1.));
#6433=DIRECTION('',(1.34735803959364E-16,-1.,1.73373068301915E-32));
#6434=DIRECTION('',(1.,1.34735803959364E-16,0.));
#6435=DIRECTION('',(9.52726006482873E-17,-0.707106781186548,-0.707106781186548));
#6436=DIRECTION('',(9.52726006482873E-17,-0.707106781186548,0.707106781186548));
#6437=DIRECTION('',(-1.34735803959364E-16,1.,-1.7632362482205E-32));
#6438=DIRECTION('',(-1.,-1.34735803959364E-16,0.));
#6439=DIRECTION('',(-9.52726006482873E-17,0.707106781186548,-0.707106781186548));
#6440=DIRECTION('',(-9.52726006482873E-17,0.707106781186548,0.707106781186548));
#6441=DIRECTION('',(0.,0.,-1.));
#6442=DIRECTION('',(-1.,0.,0.));
#6443=DIRECTION('',(0.,0.,-1.));
#6444=DIRECTION('',(1.34735803959364E-16,-1.,-1.73373068301915E-32));
#6445=DIRECTION('',(1.,1.34735803959364E-16,0.));
#6446=DIRECTION('',(9.52726006482873E-17,-0.707106781186548,-0.707106781186548));
#6447=DIRECTION('',(9.52726006482873E-17,-0.707106781186548,0.707106781186548));
#6448=DIRECTION('',(0.,0.,1.));
#6449=DIRECTION('',(1.,0.,0.));
#6450=DIRECTION('',(0.,0.,1.));
#6451=DIRECTION('',(9.52726006482873E-17,-0.707106781186548,0.707106781186548));
#6452=DIRECTION('',(-9.52726006482873E-17,0.707106781186548,0.707106781186548));
#6453=DIRECTION('',(-1.34735803959364E-16,1.,1.7632362482205E-32));
#6454=DIRECTION('',(-1.,-1.34735803959364E-16,0.));
#6455=DIRECTION('',(0.,1.,0.));
#6456=DIRECTION('',(0.,0.,1.));
#6457=DIRECTION('',(1.,0.,0.));
#6458=DIRECTION('',(0.,0.,-1.));
#6459=DIRECTION('',(0.95951891990004,0.281644176850617,0.));
#6460=DIRECTION('',(-0.281644176850617,0.95951891990004,0.));
#6461=DIRECTION('',(0.281644176850617,-0.95951891990004,0.));
#6462=DIRECTION('',(0.,0.,-1.));
#6463=DIRECTION('',(0.281644176850617,-0.95951891990004,0.));
#6464=DIRECTION('',(0.95951891990004,0.281644176850617,0.));
#6465=DIRECTION('',(-0.281644176850617,0.95951891990004,0.));
#6466=DIRECTION('',(0.95951891990004,0.281644176850617,0.));
#6467=DIRECTION('',(-0.281644176850617,0.95951891990004,0.));
#6468=DIRECTION('',(0.281644176850617,-0.95951891990004,0.));
#6469=DIRECTION('',(0.,0.,1.));
#6470=DIRECTION('',(0.281644176850617,-0.95951891990004,0.));
#6471=DIRECTION('',(0.95951891990004,0.281644176850617,0.));
#6472=DIRECTION('',(-0.281644176850617,0.95951891990004,0.));
#6473=DIRECTION('',(0.,0.,1.));
#6474=DIRECTION('',(1.,0.,0.));
#6475=DIRECTION('',(0.,0.,1.));
#6476=DIRECTION('',(1.,0.,0.));
#6477=DIRECTION('',(0.,0.,1.));
#6478=DIRECTION('',(1.,0.,0.));
#6479=DIRECTION('',(0.,0.,1.));
#6480=DIRECTION('',(1.,0.,0.));
#6481=DIRECTION('',(1.,0.,0.));
#6482=DIRECTION('',(0.,0.,1.));
#6483=DIRECTION('',(1.,0.,0.));
#6484=DIRECTION('',(0.,0.,1.));
#6485=DIRECTION('',(1.,0.,0.));
#6486=DIRECTION('',(0.,0.,1.));
#6487=DIRECTION('',(1.,0.,0.));
#6488=DIRECTION('',(0.,0.,1.));
#6489=DIRECTION('',(1.,0.,0.));
#6490=DIRECTION('',(0.,1.,0.));
#6491=DIRECTION('',(0.,0.,1.));
#6492=DIRECTION('',(0.,0.,-1.));
#6493=DIRECTION('',(1.,0.,0.));
#6494=DIRECTION('',(0.959518919900039,-0.281644176850617,0.));
#6495=DIRECTION('',(0.281644176850617,0.95951891990004,0.));
#6496=DIRECTION('',(-0.281644176850617,-0.95951891990004,0.));
#6497=DIRECTION('',(0.,0.,-1.));
#6498=DIRECTION('',(-0.281644176850617,-0.95951891990004,0.));
#6499=DIRECTION('',(0.959518919900039,-0.281644176850617,0.));
#6500=DIRECTION('',(-0.281644176850617,-0.95951891990004,0.));
#6501=DIRECTION('',(0.,0.,-1.));
#6502=DIRECTION('',(-1.,0.,0.));
#6503=DIRECTION('',(0.,0.,-1.));
#6504=DIRECTION('',(0.,0.,1.));
#6505=DIRECTION('',(1.,0.,0.));
#6506=DIRECTION('',(0.,0.,-1.));
#6507=DIRECTION('',(0.,0.,-1.));
#6508=DIRECTION('',(1.,0.,0.));
#6509=DIRECTION('',(0.95951891990004,-0.281644176850617,0.));
#6510=DIRECTION('',(0.281644176850617,0.95951891990004,0.));
#6511=DIRECTION('',(-0.281644176850617,-0.95951891990004,0.));
#6512=DIRECTION('',(0.,0.,-1.));
#6513=DIRECTION('',(-0.281644176850617,-0.95951891990004,0.));
#6514=DIRECTION('',(0.95951891990004,-0.281644176850617,0.));
#6515=DIRECTION('',(-0.281644176850617,-0.95951891990004,0.));
#6516=DIRECTION('',(0.,0.,1.));
#6517=DIRECTION('',(1.,0.,0.));
#6518=DIRECTION('',(0.,0.,1.));
#6519=DIRECTION('',(1.,0.,0.));
#6520=DIRECTION('',(0.,0.,1.));
#6521=DIRECTION('',(1.,0.,0.));
#6522=DIRECTION('',(1.,0.,0.));
#6523=DIRECTION('',(0.,0.,1.));
#6524=DIRECTION('',(1.,0.,0.));
#6525=DIRECTION('',(0.,0.,1.));
#6526=DIRECTION('',(1.,0.,0.));
#6527=DIRECTION('',(0.,0.,1.));
#6528=DIRECTION('',(1.,0.,0.));
#6529=DIRECTION('',(0.,0.,1.));
#6530=DIRECTION('',(1.,0.,0.));
#6531=DIRECTION('',(0.,0.,1.));
#6532=DIRECTION('',(1.,0.,0.));
#6533=DIRECTION('',(0.661437827766143,0.75,0.));
#6534=DIRECTION('',(-0.75,0.661437827766143,0.));
#6535=DIRECTION('',(0.,0.,-1.));
#6536=DIRECTION('',(0.75,-0.661437827766143,0.));
#6537=DIRECTION('',(0.75,-0.661437827766143,0.));
#6538=DIRECTION('',(0.,0.,-1.));
#6539=DIRECTION('',(-1.,0.,0.));
#6540=DIRECTION('',(0.,0.,1.));
#6541=DIRECTION('',(1.,0.,0.));
#6542=DIRECTION('',(0.,0.,1.));
#6543=DIRECTION('',(1.,0.,0.));
#6544=DIRECTION('',(0.,0.,-1.));
#6545=DIRECTION('',(-1.,0.,0.));
#6546=DIRECTION('',(0.,0.,1.));
#6547=DIRECTION('',(1.,0.,0.));
#6548=DIRECTION('',(0.,0.,-1.));
#6549=DIRECTION('',(0.,0.,-1.));
#6550=DIRECTION('',(0.,0.,-1.));
#6551=DIRECTION('',(0.,0.,1.));
#6552=DIRECTION('',(1.,0.,0.));
#6553=DIRECTION('',(0.,0.,-1.));
#6554=DIRECTION('',(0.,0.,-1.));
#6555=DIRECTION('',(0.,0.,-1.));
#6556=DIRECTION('',(0.,0.,-1.));
#6557=DIRECTION('',(-1.,0.,0.));
#6558=DIRECTION('',(0.,0.,-1.));
#6559=DIRECTION('',(0.,0.,1.));
#6560=DIRECTION('',(1.,0.,0.));
#6561=DIRECTION('',(0.,0.,1.));
#6562=DIRECTION('',(1.,0.,0.));
#6563=DIRECTION('',(-0.661437827766153,0.75,0.));
#6564=DIRECTION('',(-0.75,-0.661437827766153,0.));
#6565=DIRECTION('',(0.75,0.661437827766153,0.));
#6566=DIRECTION('',(0.75,0.661437827766153,0.));
#6567=DIRECTION('',(0.,0.,1.));
#6568=DIRECTION('',(1.,0.,0.));
#6569=DIRECTION('',(0.,0.,1.));
#6570=DIRECTION('',(1.,0.,0.));
#6571=DIRECTION('',(0.,0.,1.));
#6572=DIRECTION('',(1.,0.,0.));
#6573=DIRECTION('',(0.,0.,1.));
#6574=DIRECTION('',(1.,0.,0.));
#6575=DIRECTION('',(0.,0.,1.));
#6576=DIRECTION('',(1.,0.,0.));
#6577=DIRECTION('',(0.75,0.661437827766153,0.));
#6578=DIRECTION('',(0.,0.,1.));
#6579=DIRECTION('',(1.,0.,0.));
#6580=DIRECTION('',(0.75,-0.661437827766143,0.));
#6581=DIRECTION('',(0.,0.,1.));
#6582=DIRECTION('',(1.,0.,0.));
#6583=DIRECTION('',(0.,0.,1.));
#6584=DIRECTION('',(1.,0.,0.));
#6585=DIRECTION('',(0.,0.,1.));
#6586=DIRECTION('',(1.,0.,0.));
#6587=DIRECTION('',(0.,0.,1.));
#6588=DIRECTION('',(1.,0.,0.));
#6589=DIRECTION('',(0.,0.,1.));
#6590=DIRECTION('',(1.,0.,0.));
#6591=DIRECTION('',(0.,0.,1.));
#6592=DIRECTION('',(1.,0.,0.));
#6593=DIRECTION('',(0.75,-0.661437827766143,0.));
#6594=DIRECTION('',(0.,0.,1.));
#6595=DIRECTION('',(1.,0.,0.));
#6596=DIRECTION('',(0.75,0.661437827766153,0.));
#6597=DIRECTION('',(0.,0.,1.));
#6598=DIRECTION('',(1.,0.,0.));
#6599=DIRECTION('',(-0.0122723648885409,-0.999924691694351,0.));
#6600=DIRECTION('',(0.999924691694351,-0.0122723648885409,0.));
#6601=DIRECTION('',(-0.999924691694351,0.0122723648885409,0.));
#6602=DIRECTION('',(0.,0.,-1.));
#6603=DIRECTION('',(-0.999924691694351,0.0122723648885409,0.));
#6604=DIRECTION('',(0.,0.,1.));
#6605=DIRECTION('',(1.,0.,0.));
#6606=DIRECTION('',(-0.999924691694351,0.0122723648885409,0.));
#6607=DIRECTION('',(0.,0.,1.));
#6608=DIRECTION('',(1.,0.,0.));
#6609=DIRECTION('',(-0.999924691694351,0.0122723648885409,0.));
#6610=DIRECTION('',(0.0122723648885444,-0.999924691694351,0.));
#6611=DIRECTION('',(0.999924691694351,0.0122723648885444,0.));
#6612=DIRECTION('',(-0.999924691694351,-0.0122723648885444,0.));
#6613=DIRECTION('',(0.,0.,-1.));
#6614=DIRECTION('',(-0.999924691694351,-0.0122723648885444,0.));
#6615=DIRECTION('',(0.,0.,1.));
#6616=DIRECTION('',(1.,0.,0.));
#6617=DIRECTION('',(-0.999924691694351,-0.0122723648885444,0.));
#6618=DIRECTION('',(0.,0.,1.));
#6619=DIRECTION('',(1.,0.,0.));
#6620=DIRECTION('',(-0.999924691694351,-0.0122723648885444,0.));
#6621=DIRECTION('',(-0.999924691694351,-0.0122723648885444,0.));
#6622=DIRECTION('',(0.0122723648885444,-0.999924691694351,0.));
#6623=DIRECTION('',(0.999924691694351,0.0122723648885444,0.));
#6624=DIRECTION('',(-0.0122723648885444,0.999924691694351,0.));
#6625=DIRECTION('',(-0.999924691694351,0.0122723648885409,0.));
#6626=DIRECTION('',(-0.0122723648885409,-0.999924691694351,0.));
#6627=DIRECTION('',(0.999924691694351,-0.0122723648885409,0.));
#6628=DIRECTION('',(0.0122723648885409,0.999924691694351,0.));
#6629=DIRECTION('',(0.,0.,1.));
#6630=DIRECTION('',(1.,0.,0.));
#6631=DIRECTION('',(0.,0.,1.));
#6632=DIRECTION('',(1.,0.,0.));
#6633=DIRECTION('',(0.,0.,1.));
#6634=DIRECTION('',(1.,0.,0.));
#6635=DIRECTION('',(-0.75,0.661437827766143,0.));
#6636=DIRECTION('',(-0.661437827766143,-0.75,0.));
#6637=DIRECTION('',(0.,0.,1.));
#6638=DIRECTION('',(1.,0.,0.));
#6639=DIRECTION('',(0.,0.,1.));
#6640=DIRECTION('',(1.,0.,0.));
#6641=DIRECTION('',(0.,0.,1.));
#6642=DIRECTION('',(1.,0.,0.));
#6643=DIRECTION('',(-0.75,-0.661437827766153,0.));
#6644=DIRECTION('',(0.661437827766153,-0.75,0.));
#6645=DIRECTION('',(0.,0.,1.));
#6646=DIRECTION('',(1.,0.,0.));
#6647=DIRECTION('',(0.,0.,1.));
#6648=DIRECTION('',(1.,0.,0.));
#6649=DIRECTION('',(0.,0.,1.));
#6650=DIRECTION('',(1.,0.,0.));
#6651=DIRECTION('',(0.75,-0.661437827766143,0.));
#6652=DIRECTION('',(0.661437827766143,0.75,0.));
#6653=DIRECTION('',(0.,0.,1.));
#6654=DIRECTION('',(1.,0.,0.));
#6655=DIRECTION('',(0.,0.,1.));
#6656=DIRECTION('',(1.,0.,0.));
#6657=DIRECTION('',(0.,0.,1.));
#6658=DIRECTION('',(1.,0.,0.));
#6659=DIRECTION('',(0.75,0.661437827766153,0.));
#6660=DIRECTION('',(-0.661437827766153,0.75,0.));
#6661=DIRECTION('',(0.,0.,-1.));
#6662=DIRECTION('',(-1.,0.,0.));
#6663=DIRECTION('',(0.,0.,-1.));
#6664=DIRECTION('',(-1.,0.,0.));
#6665=DIRECTION('',(0.,0.,-1.));
#6666=DIRECTION('',(-1.,0.,0.));
#6667=DIRECTION('',(0.,0.,-1.));
#6668=DIRECTION('',(-1.,0.,0.));
#6669=DIRECTION('',(-1.,0.,0.));
#6670=DIRECTION('',(0.,0.,1.));
#6671=DIRECTION('',(-1.,0.,0.));
#6672=DIRECTION('',(0.,0.,1.));
#6673=DIRECTION('',(-1.34735803959364E-16,1.,0.));
#6674=DIRECTION('',(-1.,-1.34735803959364E-16,0.));
#6675=DIRECTION('',(-1.34735803959364E-16,1.,0.));
#6676=DIRECTION('',(-1.,-1.34735803959364E-16,0.));
#6677=DIRECTION('',(-1.,-1.34735803959364E-16,0.));
#6678=DIRECTION('',(-1.,-1.34735803959364E-16,0.));
#6679=DIRECTION('',(1.34735803959364E-16,-1.,0.));
#6680=DIRECTION('',(-1.,-1.34735803959364E-16,0.));
#6681=DIRECTION('',(0.,0.,-1.));
#6682=DIRECTION('',(-1.,0.,0.));
#6683=DIRECTION('',(-1.,-1.34735803959364E-16,0.));
#6684=DIRECTION('',(-1.,-1.34735803959364E-16,0.));
#6685=DIRECTION('',(1.34735803959364E-16,-1.,0.));
#6686=DIRECTION('',(-1.,-1.34735803959364E-16,0.));
#6687=DIRECTION('',(1.34735803959364E-16,-1.,0.));
#6688=DIRECTION('',(-1.,-1.34735803959364E-16,0.));
#6689=DIRECTION('',(-1.,-1.34735803959364E-16,0.));
#6690=DIRECTION('',(1.34735803959364E-16,-1.,0.));
#6691=DIRECTION('',(-1.,-1.34735803959364E-16,0.));
#6692=DIRECTION('',(-1.,-1.34735803959364E-16,0.));
#6693=DIRECTION('',(-1.34735803959364E-16,1.,0.));
#6694=DIRECTION('',(-1.,-1.34735803959364E-16,0.));
#6695=DIRECTION('',(-1.,-1.34735803959364E-16,0.));
#6696=DIRECTION('',(0.,0.,1.));
#6697=DIRECTION('',(1.,0.,0.));
#6698=DIRECTION('',(0.,0.,1.));
#6699=DIRECTION('',(1.,0.,0.));
#6700=DIRECTION('',(-1.,-1.34735803959364E-16,0.));
#6701=DIRECTION('',(-1.,-1.34735803959364E-16,0.));
#6702=DIRECTION('',(-1.,-1.34735803959364E-16,0.));
#6703=DIRECTION('',(1.34735803959364E-16,-1.,0.));
#6704=DIRECTION('',(-1.34735803959364E-16,1.,0.));
#6705=DIRECTION('',(-1.,-1.34735803959364E-16,0.));
#6706=DIRECTION('',(-1.,-1.34735803959364E-16,0.));
#6707=DIRECTION('',(-1.,-1.34735803959364E-16,0.));
#6708=DIRECTION('',(-1.,-1.34735803959364E-16,0.));
#6709=DIRECTION('',(1.34735803959364E-16,-1.,0.));
#6710=DIRECTION('',(-1.,-1.34735803959364E-16,0.));
#6711=DIRECTION('',(1.34735803959364E-16,-1.,0.));
#6712=DIRECTION('',(1.34735803959364E-16,-1.,2.89120579329468E-16));
#6713=DIRECTION('',(0.,-2.89120579329468E-16,-1.));
#6714=DIRECTION('',(-1.,-1.34735803959364E-16,0.));
#6715=DIRECTION('',(-1.,-1.34735803959364E-16,0.));
#6716=DIRECTION('',(1.34735803959364E-16,-1.,0.));
#6717=DIRECTION('',(-1.,-1.34735803959364E-16,0.));
#6718=DIRECTION('',(0.,0.,-1.));
#6719=DIRECTION('',(-1.,0.,0.));
#6720=DIRECTION('',(-1.,-1.34735803959364E-16,0.));
#6721=DIRECTION('',(-1.,-1.34735803959364E-16,0.));
#6722=DIRECTION('',(1.34735803959364E-16,-1.,0.));
#6723=DIRECTION('',(-1.,-1.34735803959364E-16,0.));
#6724=DIRECTION('',(1.34735803959364E-16,-1.,2.89120579329468E-16));
#6725=DIRECTION('',(0.,-2.89120579329468E-16,-1.));
#6726=DIRECTION('',(-1.,-1.34735803959364E-16,0.));
#6727=DIRECTION('',(1.34735803959364E-16,-1.,0.));
#6728=DIRECTION('',(-1.,-1.34735803959364E-16,0.));
#6729=DIRECTION('',(-1.,-1.34735803959364E-16,0.));
#6730=DIRECTION('',(0.,0.,1.));
#6731=DIRECTION('',(1.,0.,0.));
#6732=DIRECTION('',(-1.,-1.34735803959364E-16,0.));
#6733=DIRECTION('',(-1.,-1.34735803959364E-16,0.));
#6734=DIRECTION('',(1.34735803959364E-16,-1.,0.));
#6735=DIRECTION('',(-1.,-1.34735803959364E-16,0.));
#6736=DIRECTION('',(-1.34735803959364E-16,1.,0.));
#6737=DIRECTION('',(-1.,-1.34735803959364E-16,0.));
#6738=DIRECTION('',(-1.,-1.34735803959364E-16,0.));
#6739=DIRECTION('',(-1.,-1.34735803959364E-16,0.));
#6740=DIRECTION('',(1.34735803959364E-16,-1.,0.));
#6741=DIRECTION('',(-1.,-1.34735803959364E-16,0.));
#6742=DIRECTION('',(0.,0.,1.));
#6743=DIRECTION('',(1.,0.,0.));
#6744=DIRECTION('',(-1.,-1.34735803959364E-16,0.));
#6745=DIRECTION('',(-1.,-1.34735803959364E-16,0.));
#6746=DIRECTION('',(1.34735803959364E-16,-1.,0.));
#6747=DIRECTION('',(-1.,-1.34735803959364E-16,0.));
#6748=DIRECTION('',(-1.34735803959364E-16,1.,0.));
#6749=DIRECTION('',(-1.,-1.34735803959364E-16,0.));
#6750=DIRECTION('',(-1.34735803959364E-16,1.,0.));
#6751=DIRECTION('',(-1.,-1.34735803959364E-16,0.));
#6752=DIRECTION('',(1.,0.,0.));
#6753=DIRECTION('',(-1.34735803959364E-16,1.,0.));
#6754=DIRECTION('',(-1.,-1.34735803959364E-16,0.));
#6755=DIRECTION('',(-1.,-1.34735803959364E-16,0.));
#6756=DIRECTION('',(-1.,-1.34735803959364E-16,0.));
#6757=DIRECTION('',(-1.,-1.34735803959364E-16,0.));
#6758=DIRECTION('',(1.34735803959364E-16,-1.,0.));
#6759=DIRECTION('',(1.34735803959364E-16,-1.,2.89120579329468E-16));
#6760=DIRECTION('',(0.,-2.89120579329468E-16,-1.));
#6761=DIRECTION('',(-1.,-1.34735803959364E-16,0.));
#6762=DIRECTION('',(-1.,-1.34735803959364E-16,0.));
#6763=DIRECTION('',(1.34735803959364E-16,-1.,0.));
#6764=DIRECTION('',(-1.,-1.34735803959364E-16,0.));
#6765=DIRECTION('',(0.,0.,-1.));
#6766=DIRECTION('',(-1.,0.,0.));
#6767=DIRECTION('',(-1.,-1.34735803959364E-16,0.));
#6768=DIRECTION('',(-1.,-1.34735803959364E-16,0.));
#6769=DIRECTION('',(1.34735803959364E-16,-1.,0.));
#6770=DIRECTION('',(-1.,-1.34735803959364E-16,0.));
#6771=DIRECTION('',(1.34735803959364E-16,-1.,2.89120579329468E-16));
#6772=DIRECTION('',(0.,-2.89120579329468E-16,-1.));
#6773=DIRECTION('',(-1.,-1.34735803959364E-16,0.));
#6774=DIRECTION('',(1.34735803959364E-16,-1.,0.));
#6775=DIRECTION('',(-1.,-1.34735803959364E-16,0.));
#6776=DIRECTION('',(0.,0.,1.));
#6777=DIRECTION('',(1.,0.,0.));
#6778=DIRECTION('',(-1.,-1.34735803959364E-16,0.));
#6779=DIRECTION('',(-1.,-1.34735803959364E-16,0.));
#6780=DIRECTION('',(1.34735803959364E-16,-1.,0.));
#6781=DIRECTION('',(-1.,-1.34735803959364E-16,0.));
#6782=DIRECTION('',(-1.34735803959364E-16,1.,0.));
#6783=DIRECTION('',(-1.,-1.34735803959364E-16,0.));
#6784=DIRECTION('',(-1.,-1.34735803959364E-16,0.));
#6785=DIRECTION('',(-1.,-1.34735803959364E-16,0.));
#6786=DIRECTION('',(1.34735803959364E-16,-1.,0.));
#6787=DIRECTION('',(-1.,-1.34735803959364E-16,0.));
#6788=DIRECTION('',(0.,0.,1.));
#6789=DIRECTION('',(1.,0.,0.));
#6790=DIRECTION('',(-1.,-1.34735803959364E-16,0.));
#6791=DIRECTION('',(-1.,-1.34735803959364E-16,0.));
#6792=DIRECTION('',(1.34735803959364E-16,-1.,0.));
#6793=DIRECTION('',(-1.,-1.34735803959364E-16,0.));
#6794=DIRECTION('',(1.34735803959364E-16,-1.,0.));
#6795=DIRECTION('',(-1.,-1.34735803959364E-16,0.));
#6796=DIRECTION('',(0.,0.,-1.));
#6797=DIRECTION('',(-1.,0.,0.));
#6798=DIRECTION('',(-1.,-1.34735803959364E-16,0.));
#6799=DIRECTION('',(-1.,-1.34735803959364E-16,0.));
#6800=DIRECTION('',(1.34735803959364E-16,-1.,0.));
#6801=DIRECTION('',(-1.,-1.34735803959364E-16,0.));
#6802=DIRECTION('',(-1.34735803959364E-16,1.,0.));
#6803=DIRECTION('',(-1.,-1.34735803959364E-16,0.));
#6804=DIRECTION('',(-1.34735803959364E-16,1.,0.));
#6805=DIRECTION('',(-1.,-1.34735803959364E-16,0.));
#6806=DIRECTION('',(0.,0.,1.));
#6807=DIRECTION('',(1.,0.,0.));
#6808=DIRECTION('',(0.,1.,0.));
#6809=DIRECTION('',(1.,0.,0.));
#6810=DIRECTION('',(0.,1.,0.));
#6811=DIRECTION('',(0.,1.,0.));
#6812=DIRECTION('',(0.,0.,1.));
#6813=DIRECTION('',(0.,1.,0.));
#6814=DIRECTION('',(0.,0.,1.));
#6815=DIRECTION('',(0.,1.,0.));
#6816=DIRECTION('',(0.,0.,1.));
#6817=DIRECTION('',(0.,1.,0.));
#6818=DIRECTION('',(0.,0.,1.));
#6819=DIRECTION('',(0.,0.,-1.));
#6820=DIRECTION('',(-1.,0.,0.));
#6821=DIRECTION('',(0.,0.,-1.));
#6822=DIRECTION('',(-1.,0.,0.));
#6823=DIRECTION('',(-1.,0.,0.));
#6824=DIRECTION('',(0.,0.,-1.));
#6825=DIRECTION('',(-1.,0.,0.));
#6826=DIRECTION('',(-1.,0.,0.));
#6827=DIRECTION('',(0.,0.,1.));
#6828=DIRECTION('',(1.,0.,0.));
#6829=DIRECTION('',(0.,0.,-1.));
#6830=DIRECTION('',(-1.,0.,0.));
#6831=DIRECTION('',(1.,0.,0.));
#6832=DIRECTION('',(0.,0.,-1.));
#6833=DIRECTION('',(0.,-0.707106781186548,0.707106781186547));
#6834=DIRECTION('',(0.,-0.707106781186547,-0.707106781186548));
#6835=DIRECTION('',(0.,0.707106781186547,0.707106781186548));
#6836=DIRECTION('',(-1.,0.,0.));
#6837=DIRECTION('',(0.,0.707106781186547,0.707106781186548));
#6838=DIRECTION('',(-1.,0.,0.));
#6839=DIRECTION('',(0.,0.,1.));
#6840=DIRECTION('',(1.,0.,0.));
#6841=DIRECTION('',(0.,0.,-1.));
#6842=DIRECTION('',(-1.,0.,0.));
#6843=DIRECTION('',(1.,0.,0.));
#6844=DIRECTION('',(0.,0.,-1.));
#6845=DIRECTION('',(0.,-1.,0.));
#6846=DIRECTION('',(0.,0.,-1.));
#6847=DIRECTION('',(0.,0.,1.));
#6848=DIRECTION('',(-1.,0.,0.));
#6849=DIRECTION('',(0.,0.,1.));
#6850=DIRECTION('',(0.,0.,1.));
#6851=DIRECTION('',(1.,0.,0.));
#6852=DIRECTION('',(0.,1.,0.));
#6853=DIRECTION('',(-1.,0.,0.));
#6854=DIRECTION('',(0.,1.,0.));
#6855=DIRECTION('',(0.,-1.,0.));
#6856=DIRECTION('',(0.,0.,-1.));
#6857=DIRECTION('',(0.,0.,1.));
#6858=DIRECTION('',(-1.,0.,0.));
#6859=DIRECTION('',(0.,0.,1.));
#6860=DIRECTION('',(-1.,0.,0.));
#6861=DIRECTION('',(0.,0.,1.));
#6862=DIRECTION('',(1.,0.,0.));
#6863=DIRECTION('',(0.,0.,-1.));
#6864=DIRECTION('',(-1.,0.,0.));
#6865=DIRECTION('',(1.,0.,0.));
#6866=DIRECTION('',(0.,0.,-1.));
#6867=DIRECTION('',(0.,-0.707106781186548,0.707106781186548));
#6868=DIRECTION('',(0.,-0.707106781186548,-0.707106781186548));
#6869=DIRECTION('',(0.,0.707106781186548,0.707106781186548));
#6870=DIRECTION('',(-1.,0.,0.));
#6871=DIRECTION('',(0.,0.707106781186548,0.707106781186548));
#6872=DIRECTION('',(-1.,0.,0.));
#6873=DIRECTION('',(0.,0.,1.));
#6874=DIRECTION('',(1.,0.,0.));
#6875=DIRECTION('',(0.,0.,-1.));
#6876=DIRECTION('',(-1.,0.,0.));
#6877=DIRECTION('',(1.,0.,0.));
#6878=DIRECTION('',(0.,0.,-1.));
#6879=DIRECTION('',(0.,-1.,0.));
#6880=DIRECTION('',(0.,0.,-1.));
#6881=DIRECTION('',(0.,0.,1.));
#6882=DIRECTION('',(-1.,0.,0.));
#6883=DIRECTION('',(0.,0.,1.));
#6884=DIRECTION('',(1.,0.,0.));
#6885=DIRECTION('',(0.,1.,0.));
#6886=DIRECTION('',(0.,-1.,0.));
#6887=DIRECTION('',(1.,0.,0.));
#6888=DIRECTION('',(0.,1.,0.));
#6889=DIRECTION('',(0.,-1.,0.));
#6890=DIRECTION('',(0.,1.,0.));
#6891=DIRECTION('',(0.,0.,1.));
#6892=DIRECTION('',(0.,-1.,0.));
#6893=DIRECTION('',(0.,0.,-1.));
#6894=DIRECTION('',(1.,1.34735803959364E-16,0.));
#6895=DIRECTION('',(-1.34735803959364E-16,1.,0.));
#6896=DIRECTION('',(1.,1.34735803959364E-16,0.));
#6897=DIRECTION('',(-1.34735803959364E-16,1.,0.));
#6898=DIRECTION('',(1.,0.,0.));
#6899=DIRECTION('',(0.,0.,-1.));
#6900=DIRECTION('',(0.,-1.,0.));
#6901=DIRECTION('',(0.,0.,-1.));
#6902=DIRECTION('',(0.707106781186548,-0.707106781186548,0.));
#6903=DIRECTION('',(0.707106781186548,0.707106781186548,0.));
#6904=DIRECTION('',(1.,0.,0.));
#6905=DIRECTION('',(0.,0.,-1.));
#6906=DIRECTION('',(0.707106781186548,0.707106781186548,0.));
#6907=DIRECTION('',(0.707106781186548,-0.707106781186548,0.));
#6908=DIRECTION('',(0.,1.,0.));
#6909=DIRECTION('',(0.,0.,1.));
#6910=DIRECTION('',(0.,-1.,0.));
#6911=DIRECTION('',(0.,0.,-1.));
#6912=DIRECTION('',(0.,-0.707106781186548,-0.707106781186548));
#6913=DIRECTION('',(0.,-0.707106781186548,0.707106781186548));
#6914=DIRECTION('',(0.,0.,1.));
#6915=DIRECTION('',(1.,0.,0.));
#6916=DIRECTION('',(0.,1.,0.));
#6917=DIRECTION('',(0.,0.,1.));
#6918=DIRECTION('',(0.,0.707106781186548,0.707106781186548));
#6919=DIRECTION('',(0.,0.707106781186548,-0.707106781186548));
#6920=DIRECTION('',(0.,0.,1.));
#6921=DIRECTION('',(1.,0.,0.));
#6922=DIRECTION('',(0.,0.,-1.));
#6923=DIRECTION('',(-1.,0.,0.));
#6924=DIRECTION('',(-8.67361737988403E-16,0.,1.));
#6925=DIRECTION('',(1.,0.,8.67361737988403E-16));
#6926=DIRECTION('',(0.,1.,0.));
#6927=DIRECTION('',(0.,0.,1.));
#6928=DIRECTION('',(1.,0.,0.));
#6929=DIRECTION('',(0.,0.,-1.));
#6930=DIRECTION('',(1.,0.,0.));
#6931=DIRECTION('',(0.,0.,-1.));
#6932=DIRECTION('',(1.,0.,0.));
#6933=DIRECTION('',(0.,0.,-1.));
#6934=DIRECTION('',(0.,1.,0.));
#6935=DIRECTION('',(0.,0.,1.));
#6936=DIRECTION('',(0.,0.,-1.));
#6937=DIRECTION('',(-1.,0.,0.));
#6938=DIRECTION('',(0.,0.,-1.));
#6939=DIRECTION('',(-1.,0.,0.));
#6940=DIRECTION('',(-4.43352412973543E-16,0.,1.));
#6941=DIRECTION('',(1.,0.,4.43352412973543E-16));
#6942=DIRECTION('',(1.,0.,4.43352412973543E-16));
#6943=DIRECTION('',(0.,1.,0.));
#6944=DIRECTION('',(1.,0.,4.43352412973543E-16));
#6945=DIRECTION('',(0.,1.,0.));
#6946=DIRECTION('',(0.,0.,1.));
#6947=DIRECTION('',(1.,0.,0.));
#6948=DIRECTION('',(0.,1.,0.));
#6949=DIRECTION('',(1.,0.,0.));
#6950=DIRECTION('',(0.,-1.,0.));
#6951=DIRECTION('',(1.,0.,0.));
#6952=DIRECTION('',(0.,1.,0.));
#6953=DIRECTION('',(-1.,0.,0.));
#6954=DIRECTION('',(0.,1.,0.));
#6955=DIRECTION('',(0.,0.,1.));
#6956=DIRECTION('',(0.,1.,0.));
#6957=DIRECTION('',(0.,0.,1.));
#6958=DIRECTION('',(0.,0.,-1.));
#6959=DIRECTION('',(-1.,0.,0.));
#6960=DIRECTION('',(-1.,0.,0.));
#6961=DIRECTION('',(0.,1.,0.));
#6962=DIRECTION('',(-1.,0.,0.));
#6963=DIRECTION('',(0.,-1.,0.));
#6964=DIRECTION('',(0.,0.,-1.));
#6965=DIRECTION('',(-1.,0.,0.));
#6966=DIRECTION('',(0.,1.,0.));
#6967=DIRECTION('',(-1.,0.,0.));
#6968=DIRECTION('',(0.,1.,0.));
#6969=DIRECTION('',(-1.,0.,0.));
#6970=DIRECTION('',(0.,1.,0.));
#6971=DIRECTION('',(0.,0.,1.));
#6972=DIRECTION('',(0.,1.,0.));
#6973=DIRECTION('',(0.,0.,1.));
#6974=DIRECTION('',(0.,1.,0.));
#6975=DIRECTION('',(0.,0.,1.));
#6976=DIRECTION('',(0.,1.,0.));
#6977=DIRECTION('',(0.,0.,1.));
#6978=DIRECTION('',(0.,1.,0.));
#6979=DIRECTION('',(0.,0.,1.));
#6980=DIRECTION('',(0.,1.,0.));
#6981=DIRECTION('',(0.,0.,1.));
#6982=DIRECTION('',(0.,1.,0.));
#6983=DIRECTION('',(0.,0.,1.));
#6984=DIRECTION('',(0.,1.,0.));
#6985=DIRECTION('',(0.,0.,1.));
#6986=DIRECTION('',(0.,1.,0.));
#6987=DIRECTION('',(-1.,0.,0.));
#6988=DIRECTION('',(0.,1.,0.));
#6989=DIRECTION('',(0.,0.,1.));
#6990=DIRECTION('',(0.,1.,0.));
#6991=DIRECTION('',(0.,0.,1.));
#6992=DIRECTION('',(0.,1.,0.));
#6993=DIRECTION('',(0.,0.,1.));
#6994=DIRECTION('',(0.,1.,0.));
#6995=DIRECTION('',(0.,0.,1.));
#6996=DIRECTION('',(0.,1.,0.));
#6997=DIRECTION('',(0.,0.,1.));
#6998=DIRECTION('',(0.,1.,0.));
#6999=DIRECTION('',(0.,0.,1.));
#7000=DIRECTION('',(0.,1.,0.));
#7001=DIRECTION('',(0.,0.,1.));
#7002=DIRECTION('',(0.,1.,0.));
#7003=DIRECTION('',(0.,0.,1.));
#7004=DIRECTION('',(0.,1.,0.));
#7005=DIRECTION('',(0.,0.,1.));
#7006=DIRECTION('',(0.,1.,0.));
#7007=DIRECTION('',(0.,0.,1.));
#7008=DIRECTION('',(0.,1.,0.));
#7009=DIRECTION('',(0.,0.,1.));
#7010=DIRECTION('',(0.,1.,0.));
#7011=DIRECTION('',(0.,0.,1.));
#7012=DIRECTION('',(0.,-1.,0.));
#7013=DIRECTION('',(0.,0.,1.));
#7014=DIRECTION('',(0.,1.,0.));
#7015=DIRECTION('',(0.,0.,1.));
#7016=DIRECTION('',(0.,-1.,0.));
#7017=DIRECTION('',(0.,0.,1.));
#7018=DIRECTION('',(0.,1.,0.));
#7019=DIRECTION('',(0.,0.,1.));
#7020=DIRECTION('',(0.,-1.,0.));
#7021=DIRECTION('',(0.,0.,1.));
#7022=DIRECTION('',(0.,-1.,0.));
#7023=DIRECTION('',(0.,0.,1.));
#7024=DIRECTION('',(0.,1.,0.));
#7025=DIRECTION('',(0.,0.,1.));
#7026=DIRECTION('',(0.,-1.,0.));
#7027=DIRECTION('',(0.,0.,1.));
#7028=DIRECTION('',(0.,1.,0.));
#7029=DIRECTION('',(0.,0.,1.));
#7030=DIRECTION('',(0.,-1.,0.));
#7031=DIRECTION('',(0.,0.,1.));
#7032=DIRECTION('',(0.,1.,0.));
#7033=DIRECTION('',(0.,0.,1.));
#7034=DIRECTION('',(0.,-1.,0.));
#7035=DIRECTION('',(0.,0.,1.));
#7036=DIRECTION('',(0.,1.,0.));
#7037=DIRECTION('',(0.,0.,1.));
#7038=DIRECTION('',(0.,-1.,0.));
#7039=DIRECTION('',(0.,0.,1.));
#7040=DIRECTION('',(0.,1.,0.));
#7041=DIRECTION('',(-1.,0.,0.));
#7042=DIRECTION('',(1.,0.,0.));
#7043=DIRECTION('',(1.,0.,0.));
#7044=DIRECTION('',(0.,1.,0.));
#7045=DIRECTION('',(-1.,0.,0.));
#7046=DIRECTION('',(1.,0.,4.43352412973543E-16));
#7047=DIRECTION('',(1.,0.,-1.28676315579937E-16));
#7048=DIRECTION('',(0.,1.,0.));
#7049=DIRECTION('',(-1.,0.,0.));
#7050=DIRECTION('',(0.,1.,0.));
#7051=DIRECTION('',(-1.,0.,0.));
#7052=DIRECTION('',(1.,0.,-1.30866198620249E-16));
#7053=DIRECTION('',(1.,0.,-1.96299297930373E-16));
#7054=DIRECTION('',(0.,1.,0.));
#7055=DIRECTION('',(-1.,0.,0.));
#7056=DIRECTION('',(-1.,0.,0.));
#7057=DIRECTION('',(-1.,0.,-1.28676315579937E-16));
#7058=DIRECTION('',(0.,1.,0.));
#7059=DIRECTION('',(-1.,0.,0.));
#7060=DIRECTION('',(-1.,0.,0.));
#7061=DIRECTION('',(-1.,0.,0.));
#7062=DIRECTION('',(0.,1.,0.));
#7063=DIRECTION('',(-1.,0.,0.));
#7064=DIRECTION('',(0.,1.,0.));
#7065=DIRECTION('',(-1.,0.,0.));
#7066=DIRECTION('',(-1.,0.,-1.30866198620249E-16));
#7067=DIRECTION('',(-1.,0.,-1.96299297930373E-16));
#7068=DIRECTION('',(0.,1.,0.));
#7069=DIRECTION('',(0.,0.,1.));
#7070=DIRECTION('',(0.,1.,0.));
#7071=DIRECTION('',(0.,0.,1.));
#7072=DIRECTION('',(0.,1.,0.));
#7073=DIRECTION('',(0.,0.,1.));
#7074=DIRECTION('',(1.,0.,4.43352412973543E-16));
#7075=DIRECTION('',(4.43352412973543E-16,0.,-1.));
#7076=DIRECTION('',(0.,-1.,0.));
#7077=DIRECTION('',(0.,0.,-1.));
#7078=DIRECTION('',(0.,1.,0.));
#7079=DIRECTION('',(0.,0.,1.));
#7080=DIRECTION('',(0.,-1.,0.));
#7081=DIRECTION('',(0.,0.,-1.));
#7082=DIRECTION('',(-1.,0.,0.));
#7083=DIRECTION('',(0.,0.,1.));
#7084=DIRECTION('',(1.,0.,-1.30866198620249E-16));
#7085=DIRECTION('',(-1.30866198620249E-16,0.,-1.));
#7086=DIRECTION('',(-1.,0.,0.));
#7087=DIRECTION('',(0.,0.,1.));
#7088=DIRECTION('',(-1.,0.,1.96299297930373E-16));
#7089=DIRECTION('',(1.96299297930373E-16,0.,1.));
#7090=DIRECTION('',(-1.,0.,1.28676315579937E-16));
#7091=DIRECTION('',(1.28676315579937E-16,0.,1.));
#7092=DIRECTION('',(0.,1.,0.));
#7093=DIRECTION('',(0.,0.,1.));
#7094=DIRECTION('',(0.,1.,0.));
#7095=DIRECTION('',(0.,0.,1.));
#7096=DIRECTION('',(0.,1.,0.));
#7097=DIRECTION('',(0.,0.,1.));
#7098=DIRECTION('',(0.,1.,0.));
#7099=DIRECTION('',(0.,0.,1.));
#7100=DIRECTION('',(-1.,0.,0.));
#7101=DIRECTION('',(0.,0.,1.));
#7102=DIRECTION('',(1.,0.,0.));
#7103=DIRECTION('',(0.,0.,-1.));
#7104=DIRECTION('',(-1.,0.,-1.28676315579937E-16));
#7105=DIRECTION('',(-1.28676315579937E-16,0.,1.));
#7106=DIRECTION('',(1.,0.,0.));
#7107=DIRECTION('',(0.,0.,-1.));
#7108=DIRECTION('',(1.,0.,1.30866198620249E-16));
#7109=DIRECTION('',(1.30866198620249E-16,0.,-1.));
#7110=DIRECTION('',(-1.,0.,-1.96299297930373E-16));
#7111=DIRECTION('',(-1.96299297930373E-16,0.,1.));
#7112=DIRECTION('',(0.,1.,0.));
#7113=DIRECTION('',(0.,0.,1.));
#7114=DIRECTION('',(0.,1.,0.));
#7115=DIRECTION('',(0.,0.,1.));
#7116=DIRECTION('',(0.,-1.,0.));
#7117=DIRECTION('',(0.,0.,-1.));
#7118=DIRECTION('',(0.,1.,0.));
#7119=DIRECTION('',(0.,0.,1.));
#7120=DIRECTION('',(0.,-1.,0.));
#7121=DIRECTION('',(0.,0.,-1.));
#7122=DIRECTION('',(0.,1.,0.));
#7123=DIRECTION('',(0.,0.,1.));
#7124=DIRECTION('',(0.,1.,0.));
#7125=DIRECTION('',(0.,0.,1.));
#7126=DIRECTION('',(0.,1.,0.));
#7127=DIRECTION('',(0.,0.,1.));
#7128=CARTESIAN_POINT('',(0.,0.,0.));
#7129=CARTESIAN_POINT('',(0.,-0.014875,0.01248));
#7130=CARTESIAN_POINT('',(-0.056375,-0.014875,0.01248));
#7131=CARTESIAN_POINT('',(-0.056375,-0.014875,0.0156));
#7132=CARTESIAN_POINT('',(-0.0740807900111799,-0.014875,0.01373));
#7133=CARTESIAN_POINT('',(-0.0620663882313545,-0.014875,0.01373));
#7134=CARTESIAN_POINT('',(-0.0720753184681081,-0.014875,0.01373));
#7135=CARTESIAN_POINT('',(-0.056375,-0.014875,0.01248));
#7136=CARTESIAN_POINT('',(-0.0720753184681081,-0.014875,0.01123));
#7137=CARTESIAN_POINT('',(-0.0740807900111799,-0.014875,0.01123));
#7138=CARTESIAN_POINT('',(-0.0620663882313545,-0.014875,0.01123));
#7139=CARTESIAN_POINT('',(-0.0620663882313545,-0.014875,0.01023));
#7140=CARTESIAN_POINT('',(-0.0611364228340743,-0.014875,0.0105976470588235));
#7141=CARTESIAN_POINT('',(-0.056375,-0.014875,0.01248));
#7142=CARTESIAN_POINT('',(-0.0611364228340743,-0.014875,0.0143623529411765));
#7143=CARTESIAN_POINT('',(-0.0620663882313545,-0.014875,0.01473));
#7144=CARTESIAN_POINT('',(0.,-0.014875,0.01248));
#7145=CARTESIAN_POINT('',(0.056375,-0.014875,0.01248));
#7146=CARTESIAN_POINT('',(0.056375,-0.014875,0.0156));
#7147=CARTESIAN_POINT('',(0.0672091805319278,-0.014875,0.01123));
#7148=CARTESIAN_POINT('',(0.0620663882313544,-0.014875,0.01123));
#7149=CARTESIAN_POINT('',(0.0720753184681083,-0.014875,0.01123));
#7150=CARTESIAN_POINT('',(0.056375,-0.014875,0.01248));
#7151=CARTESIAN_POINT('',(0.0720753184681083,-0.014875,0.01373));
#7152=CARTESIAN_POINT('',(0.0672091805319278,-0.014875,0.01373));
#7153=CARTESIAN_POINT('',(0.0620663882313544,-0.014875,0.01373));
#7154=CARTESIAN_POINT('',(0.0620663882313544,-0.014875,0.01473));
#7155=CARTESIAN_POINT('',(0.0611364228340743,-0.014875,0.0143623529411765));
#7156=CARTESIAN_POINT('',(0.056375,-0.014875,0.01248));
#7157=CARTESIAN_POINT('',(0.0611364228340743,-0.014875,0.0105976470588235));
#7158=CARTESIAN_POINT('',(0.0620663882313544,-0.014875,0.01023));
#7159=CARTESIAN_POINT('',(-0.010375,-0.012875,0.0176));
#7160=CARTESIAN_POINT('',(-0.010375,-0.012875,0.0176));
#7161=CARTESIAN_POINT('',(0.0414804338767455,-0.012875,0.0176));
#7162=CARTESIAN_POINT('',(0.056375,-0.012875,0.0176));
#7163=CARTESIAN_POINT('',(0.056375,-0.012875,0.01248));
#7164=CARTESIAN_POINT('',(0.0409371212597067,-0.012875,0.0156));
#7165=CARTESIAN_POINT('',(0.0246307031094842,-0.012875,0.0156));
#7166=CARTESIAN_POINT('',(0.0523154433739631,-0.012875,0.0156));
#7167=CARTESIAN_POINT('',(0.056375,-0.012875,0.01248));
#7168=CARTESIAN_POINT('',(-0.010375,-0.012875,0.0176));
#7169=CARTESIAN_POINT('',(0.0248562958247872,-0.012875,0.00736));
#7170=CARTESIAN_POINT('',(0.013375,-0.012875,0.00736));
#7171=CARTESIAN_POINT('',(0.0373001972487264,-0.012875,0.00736));
#7172=CARTESIAN_POINT('',(0.056374999999999,-0.012875,0.0124800000000002));
#7173=CARTESIAN_POINT('',(0.0368729975387142,-0.012875,0.00936));
#7174=CARTESIAN_POINT('',(0.0246307031094842,-0.012875,0.00936));
#7175=CARTESIAN_POINT('',(0.013375,-0.012875,0.00936));
#7176=CARTESIAN_POINT('',(0.013375,-0.012875,0.01136));
#7177=CARTESIAN_POINT('',(0.011375,-0.012875,0.01136));
#7178=CARTESIAN_POINT('',(0.011375,-0.012875,0.0176));
#7179=CARTESIAN_POINT('',(0.011375,-0.012875,0.0136));
#7180=CARTESIAN_POINT('',(0.013375,-0.012875,0.0136));
#7181=CARTESIAN_POINT('',(0.013375,-0.012875,0.0156));
#7182=CARTESIAN_POINT('',(0.0246307031094842,-0.012875,0.0156));
#7183=CARTESIAN_POINT('',(0.0368729975387141,-0.012875,0.0156));
#7184=CARTESIAN_POINT('',(0.056374999999999,-0.012875,0.0124800000000002));
#7185=CARTESIAN_POINT('',(0.0373001972487263,-0.012875,0.0176));
#7186=CARTESIAN_POINT('',(-0.010375,-0.012875,0.0176));
#7187=CARTESIAN_POINT('',(0.010375,-0.012875,0.0176));
#7188=CARTESIAN_POINT('',(0.010375,-0.012875,0.003));
#7189=CARTESIAN_POINT('',(0.010375,-0.012875,0.003));
#7190=CARTESIAN_POINT('',(0.,-0.012875,0.003));
#7191=CARTESIAN_POINT('',(-0.010375,-0.012875,0.003));
#7192=CARTESIAN_POINT('',(-0.010375,-0.012875,0.0176));
#7193=CARTESIAN_POINT('',(-0.010375,-0.012875,0.0176));
#7194=CARTESIAN_POINT('',(-0.010375,-0.012875,0.0176));
#7195=CARTESIAN_POINT('',(-0.0373001972487259,-0.012875,0.0176));
#7196=CARTESIAN_POINT('',(-0.056375,-0.012875,0.01248));
#7197=CARTESIAN_POINT('',(-0.0368729975387137,-0.012875,0.0156));
#7198=CARTESIAN_POINT('',(-0.0246307031094842,-0.012875,0.0156));
#7199=CARTESIAN_POINT('',(-0.013375,-0.012875,0.0156));
#7200=CARTESIAN_POINT('',(-0.013375,-0.012875,0.0136));
#7201=CARTESIAN_POINT('',(-0.011375,-0.012875,0.0136));
#7202=CARTESIAN_POINT('',(-0.011375,-0.012875,0.0176));
#7203=CARTESIAN_POINT('',(-0.011375,-0.012875,0.01136));
#7204=CARTESIAN_POINT('',(-0.013375,-0.012875,0.01136));
#7205=CARTESIAN_POINT('',(-0.013375,-0.012875,0.00936));
#7206=CARTESIAN_POINT('',(-0.0246307031094842,-0.012875,0.00936));
#7207=CARTESIAN_POINT('',(-0.0368729975387137,-0.012875,0.00936));
#7208=CARTESIAN_POINT('',(-0.056375,-0.012875,0.01248));
#7209=CARTESIAN_POINT('',(-0.0373001972487259,-0.012875,0.00736));
#7210=CARTESIAN_POINT('',(-0.0248562958247872,-0.012875,0.00736));
#7211=CARTESIAN_POINT('',(-0.013375,-0.012875,0.00736));
#7212=CARTESIAN_POINT('',(-0.013375,-0.012875,0.00536));
#7213=CARTESIAN_POINT('',(-0.011375,-0.012875,0.00536));
#7214=CARTESIAN_POINT('',(-0.011375,-0.012875,0.0176));
#7215=CARTESIAN_POINT('',(-0.011375,-0.012875,-0.025));
#7216=CARTESIAN_POINT('',(-0.010375,-0.012875,-0.025));
#7217=CARTESIAN_POINT('',(-0.010375,-0.012875,-0.025));
#7218=CARTESIAN_POINT('',(-0.010375,-0.012875,-0.0055));
#7219=CARTESIAN_POINT('',(-0.010375,-0.012875,-0.0055));
#7220=CARTESIAN_POINT('',(-0.006375,-0.012875,-0.0055));
#7221=CARTESIAN_POINT('',(-0.006375,-0.012875,-0.0015));
#7222=CARTESIAN_POINT('',(-0.010375,-0.012875,-0.0015));
#7223=CARTESIAN_POINT('',(0.006375,-0.012875,-0.0015));
#7224=CARTESIAN_POINT('',(0.006375,-0.012875,-0.0055));
#7225=CARTESIAN_POINT('',(0.010375,-0.012875,-0.0055));
#7226=CARTESIAN_POINT('',(0.010375,-0.012875,-0.025));
#7227=CARTESIAN_POINT('',(0.010375,-0.012875,-0.025));
#7228=CARTESIAN_POINT('',(0.010375,-0.012875,-0.025));
#7229=CARTESIAN_POINT('',(0.011375,-0.012875,-0.025));
#7230=CARTESIAN_POINT('',(0.011375,-0.012875,0.0176));
#7231=CARTESIAN_POINT('',(0.011375,-0.012875,0.00536));
#7232=CARTESIAN_POINT('',(0.013375,-0.012875,0.00536));
#7233=CARTESIAN_POINT('',(-0.010375,-0.012875,0.0176));
#7234=CARTESIAN_POINT('',(-0.0248562958247872,-0.012875,0.00736));
#7235=CARTESIAN_POINT('',(-0.0414804338767455,-0.012875,0.00736));
#7236=CARTESIAN_POINT('',(-0.056375,-0.012875,0.00736));
#7237=CARTESIAN_POINT('',(-0.056375,-0.012875,0.01248));
#7238=CARTESIAN_POINT('',(-0.0409371212597067,-0.012875,0.00936));
#7239=CARTESIAN_POINT('',(-0.0246307031094842,-0.012875,0.00936));
#7240=CARTESIAN_POINT('',(-0.0523154433739631,-0.012875,0.00936));
#7241=CARTESIAN_POINT('',(-0.056375,-0.012875,0.01248));
#7242=CARTESIAN_POINT('',(-0.010375,-0.012875,0.0176));
#7243=CARTESIAN_POINT('',(0.0246307031094842,-0.012875,0.00936));
#7244=CARTESIAN_POINT('',(0.0409371212597067,-0.012875,0.00936));
#7245=CARTESIAN_POINT('',(0.0523154433739631,-0.012875,0.00936));
#7246=CARTESIAN_POINT('',(0.056375,-0.012875,0.01248));
#7247=CARTESIAN_POINT('',(0.0414804338767455,-0.012875,0.00736));
#7248=CARTESIAN_POINT('',(0.0248562958247872,-0.012875,0.00736));
#7249=CARTESIAN_POINT('',(0.056375,-0.012875,0.00736));
#7250=CARTESIAN_POINT('',(0.056375,-0.012875,0.01248));
#7251=CARTESIAN_POINT('',(0.056375,-0.010375,0.01248));
#7252=CARTESIAN_POINT('',(0.0523154433739631,-0.010375,0.0156));
#7253=CARTESIAN_POINT('',(0.0523154433739631,-0.010375,0.0156));
#7254=CARTESIAN_POINT('',(0.056375,-0.010375,0.01248));
#7255=CARTESIAN_POINT('',(0.0523154433739631,-0.010375,0.00936));
#7256=CARTESIAN_POINT('',(0.0523154433739631,-0.010375,0.00936));
#7257=CARTESIAN_POINT('',(0.056375,-0.010375,0.00736));
#7258=CARTESIAN_POINT('',(0.056375,-0.010375,0.00736));
#7259=CARTESIAN_POINT('',(0.056375,-0.010375,0.01248));
#7260=CARTESIAN_POINT('',(0.056375,-0.010375,0.0176));
#7261=CARTESIAN_POINT('',(0.056375,-0.010375,0.0176));
#7262=CARTESIAN_POINT('',(0.056375,-0.011875,0.01248));
#7263=CARTESIAN_POINT('',(0.0611364228340743,-0.011875,0.0143623529411765));
#7264=CARTESIAN_POINT('',(0.0611364228340743,-0.011875,0.0105976470588235));
#7265=CARTESIAN_POINT('',(0.0611364228340743,-0.010375,0.0105976470588235));
#7266=CARTESIAN_POINT('',(0.0611364228340743,-0.010375,0.0143623529411765));
#7267=CARTESIAN_POINT('',(0.009375,0.007875,0.0176));
#7268=CARTESIAN_POINT('',(0.009375,0.006875,-0.0135));
#7269=CARTESIAN_POINT('',(0.009375,0.006875,-0.010925));
#7270=CARTESIAN_POINT('',(0.009375,-0.0019,0.0176));
#7271=CARTESIAN_POINT('',(0.009375,-0.0019,0.0111));
#7272=CARTESIAN_POINT('',(0.009375,-0.0019,0.0166));
#7273=CARTESIAN_POINT('',(0.009375,0.007875,0.0166));
#7274=CARTESIAN_POINT('',(0.009375,0.0019,0.0166));
#7275=CARTESIAN_POINT('',(0.009375,0.0019,0.0176));
#7276=CARTESIAN_POINT('',(0.009375,0.0019,0.0111));
#7277=CARTESIAN_POINT('',(0.009375,0.0039,0.0111));
#7278=CARTESIAN_POINT('',(0.009375,0.0039,0.0091));
#7279=CARTESIAN_POINT('',(0.009375,0.007875,0.0091));
#7280=CARTESIAN_POINT('',(0.009375,0.0089,0.0091));
#7281=CARTESIAN_POINT('',(0.009375,0.0089,0.0111));
#7282=CARTESIAN_POINT('',(0.009375,0.009875,0.00935375402648997));
#7283=CARTESIAN_POINT('',(0.009375,0.009875,0.0176));
#7284=CARTESIAN_POINT('',(0.009375,0.009875,0.0015));
#7285=CARTESIAN_POINT('',(0.009375,0.007875,0.0015));
#7286=CARTESIAN_POINT('',(0.009375,0.005875,0.0015));
#7287=CARTESIAN_POINT('',(0.009375,0.005875,0.0015));
#7288=CARTESIAN_POINT('',(0.009375,0.005875,-0.002));
#7289=CARTESIAN_POINT('',(0.009375,0.007875,-0.002));
#7290=CARTESIAN_POINT('',(0.009375,0.012875,-0.002));
#7291=CARTESIAN_POINT('',(0.009375,0.012875,-0.025));
#7292=CARTESIAN_POINT('',(0.009375,0.012875,-0.0025));
#7293=CARTESIAN_POINT('',(0.009375,0.012875,-0.025));
#7294=CARTESIAN_POINT('',(0.009375,0.012875,-0.025));
#7295=CARTESIAN_POINT('',(0.009375,0.007875,-0.025));
#7296=CARTESIAN_POINT('',(0.009375,0.007,-0.025));
#7297=CARTESIAN_POINT('',(0.009375,0.007,0.0176));
#7298=CARTESIAN_POINT('',(0.009375,0.007,-0.022));
#7299=CARTESIAN_POINT('',(0.009375,0.002,-0.022));
#7300=CARTESIAN_POINT('',(0.009375,0.002,-0.017));
#7301=CARTESIAN_POINT('',(0.009375,0.007875,-0.017));
#7302=CARTESIAN_POINT('',(0.009375,-0.002,-0.017));
#7303=CARTESIAN_POINT('',(0.009375,-0.002,-0.022));
#7304=CARTESIAN_POINT('',(0.009375,-0.007,-0.022));
#7305=CARTESIAN_POINT('',(0.009375,-0.007,0.0176));
#7306=CARTESIAN_POINT('',(0.009375,-0.007,-0.025));
#7307=CARTESIAN_POINT('',(0.009375,0.007875,-0.025));
#7308=CARTESIAN_POINT('',(0.009375,-0.011875,-0.025));
#7309=CARTESIAN_POINT('',(0.009375,-0.011875,-0.0055));
#7310=CARTESIAN_POINT('',(0.009375,-0.011875,-0.0055));
#7311=CARTESIAN_POINT('',(0.009375,0.007875,-0.0055));
#7312=CARTESIAN_POINT('',(0.009375,-0.008375,-0.0055));
#7313=CARTESIAN_POINT('',(0.009375,-0.008375,0.0176));
#7314=CARTESIAN_POINT('',(0.009375,-0.008375,-0.007));
#7315=CARTESIAN_POINT('',(0.009375,-0.005375,-0.007));
#7316=CARTESIAN_POINT('',(0.009375,-0.005375,-0.01));
#7317=CARTESIAN_POINT('',(0.009375,0.007875,-0.01));
#7318=CARTESIAN_POINT('',(0.009375,0.002625,-0.01));
#7319=CARTESIAN_POINT('',(0.009375,0.002625,-0.007));
#7320=CARTESIAN_POINT('',(0.009375,0.005625,-0.007));
#7321=CARTESIAN_POINT('',(0.009375,0.005625,0.0176));
#7322=CARTESIAN_POINT('',(0.009375,0.005625,0.003));
#7323=CARTESIAN_POINT('',(0.009375,0.002625,0.003));
#7324=CARTESIAN_POINT('',(0.009375,0.002625,0.006));
#7325=CARTESIAN_POINT('',(0.009375,0.007875,0.006));
#7326=CARTESIAN_POINT('',(0.009375,-0.005375,0.006));
#7327=CARTESIAN_POINT('',(0.009375,-0.005375,0.003));
#7328=CARTESIAN_POINT('',(0.009375,-0.008375,0.003));
#7329=CARTESIAN_POINT('',(0.009375,-0.008375,0.0176));
#7330=CARTESIAN_POINT('',(0.009375,-0.008375,-0.001));
#7331=CARTESIAN_POINT('',(0.009375,-0.009125,-0.001));
#7332=CARTESIAN_POINT('',(0.009375,-0.010875,-0.001));
#7333=CARTESIAN_POINT('',(0.009375,-0.010875,0.0176));
#7334=CARTESIAN_POINT('',(0.009375,-0.010875,0.002));
#7335=CARTESIAN_POINT('',(0.009375,-0.011875,0.002));
#7336=CARTESIAN_POINT('',(0.009375,-0.011875,0.003));
#7337=CARTESIAN_POINT('',(0.009375,-0.011875,0.0176));
#7338=CARTESIAN_POINT('',(0.009375,-0.011875,0.0166));
#7339=CARTESIAN_POINT('',(0.009375,0.007875,0.0166));
#7340=CARTESIAN_POINT('',(0.009375,-0.008375,0.0166));
#7341=CARTESIAN_POINT('',(0.009375,-0.008375,0.0176));
#7342=CARTESIAN_POINT('',(0.009375,-0.008375,0.0111));
#7343=CARTESIAN_POINT('',(0.009375,-0.006375,0.0111));
#7344=CARTESIAN_POINT('',(0.009375,-0.006375,0.0091));
#7345=CARTESIAN_POINT('',(0.009375,0.007875,0.0091));
#7346=CARTESIAN_POINT('',(0.009375,-0.0039,0.0091));
#7347=CARTESIAN_POINT('',(0.009375,-0.0039,0.0111));
#7348=CARTESIAN_POINT('',(0.,0.013,-0.001));
#7349=CARTESIAN_POINT('',(-0.009375,-0.009125,-0.001));
#7350=CARTESIAN_POINT('',(-0.009375,-0.010875,-0.001));
#7351=CARTESIAN_POINT('',(-0.009375,-0.008375,-0.001));
#7352=CARTESIAN_POINT('',(-0.008875,-0.010875,-0.001));
#7353=CARTESIAN_POINT('',(-1.7347234759768E-18,-0.008375,-0.001));
#7354=CARTESIAN_POINT('',(0.,0.013,0.0176));
#7355=CARTESIAN_POINT('',(0.0383375916495745,-0.014875,0.0176));
#7356=CARTESIAN_POINT('',(0.0383375916495745,-0.015875,0.0176));
#7357=CARTESIAN_POINT('',(0.0383375916495745,-0.013875,0.0176));
#7358=CARTESIAN_POINT('',(0.0404267054203278,-0.015875,0.0176));
#7359=CARTESIAN_POINT('',(0.0404267054203278,-0.015875,0.0176));
#7360=CARTESIAN_POINT('',(0.0404267054203278,-0.014875,0.0176));
#7361=CARTESIAN_POINT('',(0.0404267054203278,-0.013875,0.0176));
#7362=CARTESIAN_POINT('',(0.0404267054203278,-0.013875,0.0176));
#7363=CARTESIAN_POINT('',(0.0404267054203278,-0.0136035885626678,0.0176));
#7364=CARTESIAN_POINT('',(0.0406710783284303,-0.0130778101753084,0.0176));
#7365=CARTESIAN_POINT('',(0.0412093995416788,-0.0128749999999999,0.0176));
#7366=CARTESIAN_POINT('',(0.0414804338767455,-0.012875,0.0176));
#7367=CARTESIAN_POINT('',(0.0248562958247872,-0.010375,0.0176));
#7368=CARTESIAN_POINT('',(0.013375,-0.010375,0.0176));
#7369=CARTESIAN_POINT('',(0.013375,-0.008375,0.0176));
#7370=CARTESIAN_POINT('',(0.011375,-0.008375,0.0176));
#7371=CARTESIAN_POINT('',(0.013625,-0.008375,0.0176));
#7372=CARTESIAN_POINT('',(0.010375,-0.008375,0.0176));
#7373=CARTESIAN_POINT('',(0.010375,0.013,0.0176));
#7374=CARTESIAN_POINT('',(0.0373001972487263,-0.012875,0.0176));
#7375=CARTESIAN_POINT('',(0.0375691960579974,-0.012875,0.0176));
#7376=CARTESIAN_POINT('',(0.0380996313929067,-0.0130824459324254,0.0176));
#7377=CARTESIAN_POINT('',(0.0383375916495745,-0.0136057109663794,0.0176));
#7378=CARTESIAN_POINT('',(0.0383375916495745,-0.013875,0.0176));
#7379=CARTESIAN_POINT('',(-0.009375,-0.010375,0.0176));
#7380=CARTESIAN_POINT('',(-0.009375,0.0019,0.0176));
#7381=CARTESIAN_POINT('',(-0.009375,0.0019,0.0111));
#7382=CARTESIAN_POINT('',(-0.009375,0.0019,0.0166));
#7383=CARTESIAN_POINT('',(-0.009375,-0.010375,0.0166));
#7384=CARTESIAN_POINT('',(-0.009375,-0.0019,0.0166));
#7385=CARTESIAN_POINT('',(-0.009375,-0.0019,0.0176));
#7386=CARTESIAN_POINT('',(-0.009375,-0.0019,0.0111));
#7387=CARTESIAN_POINT('',(-0.009375,-0.0039,0.0111));
#7388=CARTESIAN_POINT('',(-0.009375,-0.0039,0.0091));
#7389=CARTESIAN_POINT('',(-0.009375,-0.010375,0.0091));
#7390=CARTESIAN_POINT('',(-0.009375,-0.006375,0.0091));
#7391=CARTESIAN_POINT('',(-0.009375,-0.006375,0.0111));
#7392=CARTESIAN_POINT('',(-0.009375,-0.008375,0.0111));
#7393=CARTESIAN_POINT('',(-0.009375,-0.008375,0.0176));
#7394=CARTESIAN_POINT('',(-0.009375,-0.008375,0.0166));
#7395=CARTESIAN_POINT('',(-0.009375,-0.010375,0.0166));
#7396=CARTESIAN_POINT('',(-0.009375,-0.011875,0.0166));
#7397=CARTESIAN_POINT('',(-0.009375,-0.011875,0.003));
#7398=CARTESIAN_POINT('',(-0.009375,-0.011875,0.003));
#7399=CARTESIAN_POINT('',(-0.009375,-0.011875,0.002));
#7400=CARTESIAN_POINT('',(-0.009375,-0.010875,0.002));
#7401=CARTESIAN_POINT('',(-0.009375,-0.010875,0.0176));
#7402=CARTESIAN_POINT('',(-0.009375,-0.008375,0.0176));
#7403=CARTESIAN_POINT('',(-0.009375,-0.008375,0.003));
#7404=CARTESIAN_POINT('',(-0.009375,-0.005375,0.003));
#7405=CARTESIAN_POINT('',(-0.009375,-0.005375,0.006));
#7406=CARTESIAN_POINT('',(-0.009375,-0.010375,0.006));
#7407=CARTESIAN_POINT('',(-0.009375,0.002625,0.006));
#7408=CARTESIAN_POINT('',(-0.009375,0.002625,0.003));
#7409=CARTESIAN_POINT('',(-0.009375,0.005625,0.003));
#7410=CARTESIAN_POINT('',(-0.009375,0.005625,0.0176));
#7411=CARTESIAN_POINT('',(-0.009375,0.005625,-0.007));
#7412=CARTESIAN_POINT('',(-0.009375,0.002625,-0.007));
#7413=CARTESIAN_POINT('',(-0.009375,0.002625,-0.01));
#7414=CARTESIAN_POINT('',(-0.009375,-0.010375,-0.01));
#7415=CARTESIAN_POINT('',(-0.009375,-0.005375,-0.01));
#7416=CARTESIAN_POINT('',(-0.009375,-0.005375,-0.007));
#7417=CARTESIAN_POINT('',(-0.009375,-0.008375,-0.007));
#7418=CARTESIAN_POINT('',(-0.009375,-0.008375,0.0176));
#7419=CARTESIAN_POINT('',(-0.009375,-0.008375,-0.0055));
#7420=CARTESIAN_POINT('',(-0.009375,-0.010375,-0.0055));
#7421=CARTESIAN_POINT('',(-0.009375,-0.011875,-0.0055));
#7422=CARTESIAN_POINT('',(-0.009375,-0.011875,-0.025));
#7423=CARTESIAN_POINT('',(-0.009375,-0.011875,-0.025));
#7424=CARTESIAN_POINT('',(-0.009375,-0.011875,-0.025));
#7425=CARTESIAN_POINT('',(-0.009375,-0.007,-0.025));
#7426=CARTESIAN_POINT('',(-0.009375,-0.007,0.0176));
#7427=CARTESIAN_POINT('',(-0.009375,-0.007,-0.022));
#7428=CARTESIAN_POINT('',(-0.009375,-0.002,-0.022));
#7429=CARTESIAN_POINT('',(-0.009375,-0.002,-0.017));
#7430=CARTESIAN_POINT('',(-0.009375,-0.010375,-0.017));
#7431=CARTESIAN_POINT('',(-0.009375,0.002,-0.017));
#7432=CARTESIAN_POINT('',(-0.009375,0.002,-0.022));
#7433=CARTESIAN_POINT('',(-0.009375,0.007,-0.022));
#7434=CARTESIAN_POINT('',(-0.009375,0.007,0.0176));
#7435=CARTESIAN_POINT('',(-0.009375,0.007,-0.025));
#7436=CARTESIAN_POINT('',(-0.009375,-0.011875,-0.025));
#7437=CARTESIAN_POINT('',(-0.009375,0.012875,-0.025));
#7438=CARTESIAN_POINT('',(-0.009375,0.012875,-0.025));
#7439=CARTESIAN_POINT('',(-0.009375,0.012875,-0.0025));
#7440=CARTESIAN_POINT('',(-0.009375,0.012875,-0.025));
#7441=CARTESIAN_POINT('',(-0.009375,0.012875,-0.002));
#7442=CARTESIAN_POINT('',(-0.009375,-0.010375,-0.002));
#7443=CARTESIAN_POINT('',(-0.009375,0.005875,-0.002));
#7444=CARTESIAN_POINT('',(-0.009375,0.005875,0.0015));
#7445=CARTESIAN_POINT('',(-0.009375,0.005875,0.0015));
#7446=CARTESIAN_POINT('',(-0.009375,0.007875,0.0015));
#7447=CARTESIAN_POINT('',(-0.009375,0.009875,0.0015));
#7448=CARTESIAN_POINT('',(-0.009375,0.009875,0.0176));
#7449=CARTESIAN_POINT('',(-0.009375,0.009875,0.00935375402648997));
#7450=CARTESIAN_POINT('',(-0.009375,0.0089,0.0111));
#7451=CARTESIAN_POINT('',(-0.009375,0.0089,0.0091));
#7452=CARTESIAN_POINT('',(-0.009375,-0.010375,0.0091));
#7453=CARTESIAN_POINT('',(-0.009375,0.0039,0.0091));
#7454=CARTESIAN_POINT('',(-0.009375,0.0039,0.0111));
#7455=CARTESIAN_POINT('',(-0.009375,0.006875,-0.0135));
#7456=CARTESIAN_POINT('',(-0.009375,0.006875,-0.016075));
#7457=CARTESIAN_POINT('',(0.,0.013,-0.025));
#7458=CARTESIAN_POINT('',(0.010375,-0.011875,-0.025));
#7459=CARTESIAN_POINT('',(0.013625,-0.007,-0.025));
#7460=CARTESIAN_POINT('',(0.011375,-0.007,-0.025));
#7461=CARTESIAN_POINT('',(0.011375,1.7347234759768E-18,-0.025));
#7462=CARTESIAN_POINT('',(0.,0.013,-0.025));
#7463=CARTESIAN_POINT('',(-0.010375,-0.011875,-0.025));
#7464=CARTESIAN_POINT('',(-0.011375,1.7347234759768E-18,-0.025));
#7465=CARTESIAN_POINT('',(-0.011375,-0.007,-0.025));
#7466=CARTESIAN_POINT('',(0.013625,-0.007,-0.025));
#7467=CARTESIAN_POINT('',(0.011375,1.7347234759768E-18,0.0176));
#7468=CARTESIAN_POINT('',(0.011375,-0.008375,0.0176));
#7469=CARTESIAN_POINT('',(0.011375,-0.008375,0.0136));
#7470=CARTESIAN_POINT('',(0.011375,-0.008375,0.01136));
#7471=CARTESIAN_POINT('',(0.011375,1.7347234759768E-18,0.0136));
#7472=CARTESIAN_POINT('',(0.011375,-0.010375,0.01136));
#7473=CARTESIAN_POINT('',(0.011375,1.7347234759768E-18,0.0176));
#7474=CARTESIAN_POINT('',(0.011375,-0.008375,0.0176));
#7475=CARTESIAN_POINT('',(0.011375,-0.008375,0.003));
#7476=CARTESIAN_POINT('',(0.011375,-0.008375,-0.007));
#7477=CARTESIAN_POINT('',(0.011375,-0.005375,0.003));
#7478=CARTESIAN_POINT('',(0.011375,-0.005375,0.006));
#7479=CARTESIAN_POINT('',(0.011375,1.7347234759768E-18,0.006));
#7480=CARTESIAN_POINT('',(0.011375,0.002625,0.006));
#7481=CARTESIAN_POINT('',(0.011375,0.002625,0.003));
#7482=CARTESIAN_POINT('',(0.011375,0.005625,0.003));
#7483=CARTESIAN_POINT('',(0.011375,0.005625,0.0176));
#7484=CARTESIAN_POINT('',(0.011375,0.005625,-0.007));
#7485=CARTESIAN_POINT('',(0.011375,0.002625,-0.007));
#7486=CARTESIAN_POINT('',(0.011375,0.002625,-0.01));
#7487=CARTESIAN_POINT('',(0.011375,1.7347234759768E-18,-0.01));
#7488=CARTESIAN_POINT('',(0.011375,-0.005375,-0.01));
#7489=CARTESIAN_POINT('',(0.011375,-0.005375,-0.007));
#7490=CARTESIAN_POINT('',(0.011375,0.006875,-0.0135));
#7491=CARTESIAN_POINT('',(0.011375,0.0043,-0.0135));
#7492=CARTESIAN_POINT('',(0.011375,1.7347234759768E-18,0.0176));
#7493=CARTESIAN_POINT('',(0.011375,0.0119,0.0176));
#7494=CARTESIAN_POINT('',(0.011375,0.012875,0.0176));
#7495=CARTESIAN_POINT('',(0.011375,0.0119,0.0166));
#7496=CARTESIAN_POINT('',(0.011375,0.0109,0.0166));
#7497=CARTESIAN_POINT('',(0.011375,0.0109,0.0176));
#7498=CARTESIAN_POINT('',(0.011375,0.0109,0.0111));
#7499=CARTESIAN_POINT('',(0.011375,0.0089,0.0111));
#7500=CARTESIAN_POINT('',(0.011375,0.0089,0.0091));
#7501=CARTESIAN_POINT('',(0.011375,1.7347234759768E-18,0.0091));
#7502=CARTESIAN_POINT('',(0.011375,0.0039,0.0091));
#7503=CARTESIAN_POINT('',(0.011375,0.0039,0.0111));
#7504=CARTESIAN_POINT('',(0.011375,0.0019,0.0111));
#7505=CARTESIAN_POINT('',(0.011375,0.0019,0.0176));
#7506=CARTESIAN_POINT('',(0.011375,0.0019,0.0151));
#7507=CARTESIAN_POINT('',(0.011375,-0.0019,0.0151));
#7508=CARTESIAN_POINT('',(0.011375,-0.0019,0.0151));
#7509=CARTESIAN_POINT('',(0.011375,-0.0019,0.0176));
#7510=CARTESIAN_POINT('',(0.011375,-0.0019,0.0111));
#7511=CARTESIAN_POINT('',(0.011375,-0.0039,0.0111));
#7512=CARTESIAN_POINT('',(0.011375,-0.0039,0.0091));
#7513=CARTESIAN_POINT('',(0.011375,1.7347234759768E-18,0.0091));
#7514=CARTESIAN_POINT('',(0.011375,-0.006375,0.0091));
#7515=CARTESIAN_POINT('',(0.011375,-0.006375,0.0111));
#7516=CARTESIAN_POINT('',(0.011375,-0.008375,0.0111));
#7517=CARTESIAN_POINT('',(0.011375,-0.008375,0.0176));
#7518=CARTESIAN_POINT('',(0.011375,-0.008375,0.00536));
#7519=CARTESIAN_POINT('',(0.011375,1.73472347597681E-18,0.00536));
#7520=CARTESIAN_POINT('',(0.011375,-0.007,0.0176));
#7521=CARTESIAN_POINT('',(0.011375,-0.007,-0.022));
#7522=CARTESIAN_POINT('',(0.011375,-0.002,-0.022));
#7523=CARTESIAN_POINT('',(0.011375,-0.002,-0.017));
#7524=CARTESIAN_POINT('',(0.011375,1.7347234759768E-18,-0.017));
#7525=CARTESIAN_POINT('',(0.011375,0.002,-0.017));
#7526=CARTESIAN_POINT('',(0.011375,0.002,-0.022));
#7527=CARTESIAN_POINT('',(0.011375,0.007,-0.022));
#7528=CARTESIAN_POINT('',(0.011375,0.007,0.0176));
#7529=CARTESIAN_POINT('',(0.011375,0.007,-0.025));
#7530=CARTESIAN_POINT('',(0.011375,1.7347234759768E-18,-0.025));
#7531=CARTESIAN_POINT('',(0.011375,0.012875,-0.025));
#7532=CARTESIAN_POINT('',(0.011375,0.012875,0.0176));
#7533=CARTESIAN_POINT('',(0.011375,0.012875,-0.0025));
#7534=CARTESIAN_POINT('',(0.011375,0.012875,0.0005));
#7535=CARTESIAN_POINT('',(0.011375,0.012875,0.0025));
#7536=CARTESIAN_POINT('',(0.011375,0.012875,0.0176));
#7537=CARTESIAN_POINT('',(0.,0.013,0.0176));
#7538=CARTESIAN_POINT('',(-0.0404267054203278,-0.014875,0.0176));
#7539=CARTESIAN_POINT('',(-0.0404267054203278,-0.015875,0.0176));
#7540=CARTESIAN_POINT('',(-0.0404267054203278,-0.013875,0.0176));
#7541=CARTESIAN_POINT('',(-0.0383375916495745,-0.015875,0.0176));
#7542=CARTESIAN_POINT('',(-0.0383375916495745,-0.015875,0.0176));
#7543=CARTESIAN_POINT('',(-0.0383375916495745,-0.014875,0.0176));
#7544=CARTESIAN_POINT('',(-0.0383375916495745,-0.013875,0.0176));
#7545=CARTESIAN_POINT('',(-0.0383375916495741,-0.013875,0.0176));
#7546=CARTESIAN_POINT('',(-0.0383375916495741,-0.0136059016260531,0.0176));
#7547=CARTESIAN_POINT('',(-0.0381007345550174,-0.0130833166941103,0.0176));
#7548=CARTESIAN_POINT('',(-0.0375690316791268,-0.0128749999999999,0.0176));
#7549=CARTESIAN_POINT('',(-0.0373001972487258,-0.012875,0.0176));
#7550=CARTESIAN_POINT('',(-0.010375,0.013,0.0176));
#7551=CARTESIAN_POINT('',(-0.010375,-0.008375,0.0176));
#7552=CARTESIAN_POINT('',(0.013625,-0.008375,0.0176));
#7553=CARTESIAN_POINT('',(-0.011375,-0.008375,0.0176));
#7554=CARTESIAN_POINT('',(-0.013375,-0.008375,0.0176));
#7555=CARTESIAN_POINT('',(-0.013375,-0.010375,0.0176));
#7556=CARTESIAN_POINT('',(-0.0248562958247872,-0.010375,0.0176));
#7557=CARTESIAN_POINT('',(-0.056375,-0.010375,0.0176));
#7558=CARTESIAN_POINT('',(-0.056375,-0.010375,0.0176));
#7559=CARTESIAN_POINT('',(-0.056375,-0.012875,0.0176));
#7560=CARTESIAN_POINT('',(-0.010375,-0.012875,0.0176));
#7561=CARTESIAN_POINT('',(-0.0414804338767455,-0.012875,0.0176));
#7562=CARTESIAN_POINT('',(-0.0414804338767455,-0.012875,0.0176));
#7563=CARTESIAN_POINT('',(-0.0412091834880849,-0.0128749999999999,0.0176));
#7564=CARTESIAN_POINT('',(-0.0406723144859097,-0.0130769091850211,0.0176));
#7565=CARTESIAN_POINT('',(-0.0404267054203274,-0.0136033042351246,0.0176));
#7566=CARTESIAN_POINT('',(-0.0404267054203274,-0.013875,0.0176));
#7567=CARTESIAN_POINT('',(0.,0.013,0.0176));
#7568=CARTESIAN_POINT('',(0.012975,0.0019,0.0176));
#7569=CARTESIAN_POINT('',(0.010375,0.0019,0.0176));
#7570=CARTESIAN_POINT('',(0.014575,0.0019,0.0176));
#7571=CARTESIAN_POINT('',(0.010375,0.013,0.0176));
#7572=CARTESIAN_POINT('',(0.010375,-0.0019,0.0176));
#7573=CARTESIAN_POINT('',(0.012975,-0.0019,0.0176));
#7574=CARTESIAN_POINT('',(0.014575,-0.0019,0.0176));
#7575=CARTESIAN_POINT('',(0.014575,-0.0006,0.0176));
#7576=CARTESIAN_POINT('',(0.015875,-0.0006,0.0176));
#7577=CARTESIAN_POINT('',(0.015875,4.33680868994202E-19,0.0176));
#7578=CARTESIAN_POINT('',(0.015875,0.0006,0.0176));
#7579=CARTESIAN_POINT('',(0.014575,0.0006,0.0176));
#7580=CARTESIAN_POINT('',(0.0135,6.12323399573677E-20,0.0176));
#7581=CARTESIAN_POINT('',(0.0145,6.12323399573677E-20,0.0176));
#7582=CARTESIAN_POINT('',(0.,0.013,0.0176));
#7583=CARTESIAN_POINT('',(-0.012975,-0.0019,0.0176));
#7584=CARTESIAN_POINT('',(-0.010375,-0.0019,0.0176));
#7585=CARTESIAN_POINT('',(-0.014575,-0.0019,0.0176));
#7586=CARTESIAN_POINT('',(-0.010375,0.013,0.0176));
#7587=CARTESIAN_POINT('',(-0.010375,0.0019,0.0176));
#7588=CARTESIAN_POINT('',(-0.012975,0.0019,0.0176));
#7589=CARTESIAN_POINT('',(-0.014575,0.0019,0.0176));
#7590=CARTESIAN_POINT('',(-0.014575,0.0006,0.0176));
#7591=CARTESIAN_POINT('',(-0.015875,0.0006,0.0176));
#7592=CARTESIAN_POINT('',(-0.015875,4.33680868994202E-19,0.0176));
#7593=CARTESIAN_POINT('',(-0.015875,-0.0006,0.0176));
#7594=CARTESIAN_POINT('',(-0.014575,-0.0006,0.0176));
#7595=CARTESIAN_POINT('',(-0.0135,6.12323399573677E-20,0.0176));
#7596=CARTESIAN_POINT('',(-0.0125,6.12323399573677E-20,0.0176));
#7597=CARTESIAN_POINT('',(0.,0.013,0.0176));
#7598=CARTESIAN_POINT('',(0.0049,0.010875,0.0176));
#7599=CARTESIAN_POINT('',(0.0049,0.0119,0.0176));
#7600=CARTESIAN_POINT('',(0.0049,0.012875,0.0176));
#7601=CARTESIAN_POINT('',(0.011375,0.0119,0.0176));
#7602=CARTESIAN_POINT('',(-0.010375,0.012875,0.0176));
#7603=CARTESIAN_POINT('',(-0.011375,1.7347234759768E-18,0.0176));
#7604=CARTESIAN_POINT('',(-0.011375,1.7347234759768E-18,0.0136));
#7605=CARTESIAN_POINT('',(-0.011375,-0.008375,0.0136));
#7606=CARTESIAN_POINT('',(-0.011375,-0.008375,0.01435));
#7607=CARTESIAN_POINT('',(-0.011375,-0.008375,0.01136));
#7608=CARTESIAN_POINT('',(-0.011375,-0.012875,0.01136));
#7609=CARTESIAN_POINT('',(-0.011375,1.7347234759768E-18,0.0176));
#7610=CARTESIAN_POINT('',(-0.011375,0.006875,-0.0135));
#7611=CARTESIAN_POINT('',(-0.011375,0.0043,-0.0135));
#7612=CARTESIAN_POINT('',(-0.011375,-0.005375,0.003));
#7613=CARTESIAN_POINT('',(-0.011375,-0.008375,0.003));
#7614=CARTESIAN_POINT('',(-0.011375,-0.005375,0.006));
#7615=CARTESIAN_POINT('',(-0.011375,-0.008375,-0.002));
#7616=CARTESIAN_POINT('',(-0.011375,-0.008375,-0.007));
#7617=CARTESIAN_POINT('',(-0.011375,-0.005375,-0.007));
#7618=CARTESIAN_POINT('',(-0.011375,-0.005375,-0.01));
#7619=CARTESIAN_POINT('',(-0.011375,-0.001375,-0.01));
#7620=CARTESIAN_POINT('',(-0.011375,0.002625,-0.01));
#7621=CARTESIAN_POINT('',(-0.011375,0.002625,-0.007));
#7622=CARTESIAN_POINT('',(-0.011375,0.005625,-0.007));
#7623=CARTESIAN_POINT('',(-0.011375,0.005625,-0.002));
#7624=CARTESIAN_POINT('',(-0.011375,0.005625,0.003));
#7625=CARTESIAN_POINT('',(-0.011375,0.002625,0.003));
#7626=CARTESIAN_POINT('',(-0.011375,0.002625,0.006));
#7627=CARTESIAN_POINT('',(-0.011375,-0.001375,0.006));
#7628=CARTESIAN_POINT('',(-0.011375,0.0109,0.01435));
#7629=CARTESIAN_POINT('',(-0.011375,0.0109,0.0166));
#7630=CARTESIAN_POINT('',(-0.011375,0.0109,0.0111));
#7631=CARTESIAN_POINT('',(-0.011375,0.0119,0.0166));
#7632=CARTESIAN_POINT('',(-0.011375,0.0119,0.0176));
#7633=CARTESIAN_POINT('',(-0.011375,1.7347234759768E-18,0.0176));
#7634=CARTESIAN_POINT('',(-0.011375,0.012875,0.0176));
#7635=CARTESIAN_POINT('',(-0.011375,0.012875,0.0176));
#7636=CARTESIAN_POINT('',(-0.011375,0.012875,0.0025));
#7637=CARTESIAN_POINT('',(-0.011375,0.012875,0.0005));
#7638=CARTESIAN_POINT('',(-0.011375,0.012875,-0.0025));
#7639=CARTESIAN_POINT('',(-0.011375,0.012875,0.0176));
#7640=CARTESIAN_POINT('',(-0.011375,0.012875,-0.025));
#7641=CARTESIAN_POINT('',(-0.011375,1.7347234759768E-18,-0.025));
#7642=CARTESIAN_POINT('',(-0.011375,0.007,-0.025));
#7643=CARTESIAN_POINT('',(-0.011375,0.007,-0.0235));
#7644=CARTESIAN_POINT('',(-0.011375,0.007,-0.022));
#7645=CARTESIAN_POINT('',(-0.011375,0.002,-0.022));
#7646=CARTESIAN_POINT('',(-0.011375,0.002,-0.017));
#7647=CARTESIAN_POINT('',(-0.011375,-2.16840434497101E-18,-0.017));
#7648=CARTESIAN_POINT('',(-0.011375,-0.002,-0.017));
#7649=CARTESIAN_POINT('',(-0.011375,-0.002,-0.022));
#7650=CARTESIAN_POINT('',(-0.011375,-0.007,-0.022));
#7651=CARTESIAN_POINT('',(-0.011375,-0.007,-0.0235));
#7652=CARTESIAN_POINT('',(-0.011375,1.7347234759768E-18,0.00536));
#7653=CARTESIAN_POINT('',(-0.011375,-0.008375,0.00536));
#7654=CARTESIAN_POINT('',(-0.011375,-0.008375,0.00936));
#7655=CARTESIAN_POINT('',(-0.011375,-0.008375,0.0111));
#7656=CARTESIAN_POINT('',(-0.011375,-0.006375,0.0111));
#7657=CARTESIAN_POINT('',(-0.011375,-0.006375,0.0091));
#7658=CARTESIAN_POINT('',(-0.011375,-0.0051375,0.0091));
#7659=CARTESIAN_POINT('',(-0.011375,-0.0039,0.0091));
#7660=CARTESIAN_POINT('',(-0.011375,-0.0039,0.0111));
#7661=CARTESIAN_POINT('',(-0.011375,-0.0019,0.0111));
#7662=CARTESIAN_POINT('',(-0.011375,-0.0019,0.0156));
#7663=CARTESIAN_POINT('',(-0.011375,-0.0019,0.0151));
#7664=CARTESIAN_POINT('',(-0.011375,1.7347234759768E-18,0.0151));
#7665=CARTESIAN_POINT('',(-0.011375,0.0019,0.0151));
#7666=CARTESIAN_POINT('',(-0.011375,0.0019,0.01435));
#7667=CARTESIAN_POINT('',(-0.011375,0.0019,0.0111));
#7668=CARTESIAN_POINT('',(-0.011375,0.0039,0.0111));
#7669=CARTESIAN_POINT('',(-0.011375,0.0039,0.0091));
#7670=CARTESIAN_POINT('',(-0.011375,0.0064,0.0091));
#7671=CARTESIAN_POINT('',(-0.011375,0.0089,0.0091));
#7672=CARTESIAN_POINT('',(-0.011375,0.0089,0.0111));
#7673=CARTESIAN_POINT('',(-0.00500882773213818,0.034563581694328,0.0005));
#7674=CARTESIAN_POINT('',(-0.00500882773213818,0.034563581694328,-0.0075));
#7675=CARTESIAN_POINT('',(-0.0047975945995002,0.0352832208842531,-0.0075));
#7676=CARTESIAN_POINT('',(-0.00463043333752545,0.0339160342581308,-0.0075));
#7677=CARTESIAN_POINT('',(-0.00463043333752545,0.0339160342581308,0.0005));
#7678=CARTESIAN_POINT('',(-0.00463043333752545,0.0339160342581308,-0.0022971219247749));
#7679=CARTESIAN_POINT('',(-0.00429870611074309,0.0343222783938383,-0.0025));
#7680=CARTESIAN_POINT('',(-0.00436190251080373,0.0341363002908189,-0.0025));
#7681=CARTESIAN_POINT('',(-0.00449215083734028,0.0339968396478493,-0.00240418361076741));
#7682=CARTESIAN_POINT('',(-0.00463043333752546,0.0339160342581308,-0.00229712192477491));
#7683=CARTESIAN_POINT('',(-0.00429870611074309,0.0343222783938383,-0.0025));
#7684=CARTESIAN_POINT('',(-0.00500882773213816,0.034563581694328,-0.0025));
#7685=CARTESIAN_POINT('',(-0.0047975945995002,0.0352832208842531,-0.0025));
#7686=CARTESIAN_POINT('',(-0.0047975945995002,0.0352832208842531,0.006));
#7687=CARTESIAN_POINT('',(0.00500882773213818,0.034563581694328,0.0005));
#7688=CARTESIAN_POINT('',(0.00500882773213818,0.034563581694328,0.0055));
#7689=CARTESIAN_POINT('',(0.0047975945995002,0.0352832208842531,0.0055));
#7690=CARTESIAN_POINT('',(0.00463043333752546,0.0339160342581308,0.0055));
#7691=CARTESIAN_POINT('',(0.00463043333752546,0.0339160342581308,0.0005));
#7692=CARTESIAN_POINT('',(0.00463043333752546,0.0339160342581308,0.000297121924774907));
#7693=CARTESIAN_POINT('',(0.00429870611074309,0.0343222783938383,0.0005));
#7694=CARTESIAN_POINT('',(0.00436190251080372,0.0341363002908189,0.000500000000000002));
#7695=CARTESIAN_POINT('',(0.00449215083734027,0.0339968396478492,0.000404183610767409));
#7696=CARTESIAN_POINT('',(0.00463043333752544,0.0339160342581308,0.000297121924774892));
#7697=CARTESIAN_POINT('',(0.00429870611074309,0.0343222783938383,0.0005));
#7698=CARTESIAN_POINT('',(0.00500882773213816,0.0345635816943281,0.0005));
#7699=CARTESIAN_POINT('',(0.0047975945995002,0.0352832208842531,0.0005));
#7700=CARTESIAN_POINT('',(0.0047975945995002,0.0352832208842531,0.006));
#7701=CARTESIAN_POINT('',(-0.00300937499999992,0.0365290192839116,0.006));
#7702=CARTESIAN_POINT('',(-0.00226875,0.0358758494289926,0.006));
#7703=CARTESIAN_POINT('',(-0.00226875,0.0358758494289926,-0.0025));
#7704=CARTESIAN_POINT('',(-0.00226875,0.0358758494289926,-0.0075));
#7705=CARTESIAN_POINT('',(-0.00375,0.0371821891388307,-0.0075));
#7706=CARTESIAN_POINT('',(-0.00375,0.0371821891388307,-0.0075));
#7707=CARTESIAN_POINT('',(-0.00375,0.0371821891388307,0.006));
#7708=CARTESIAN_POINT('',(-0.00375,0.0371821891388307,-0.0025));
#7709=CARTESIAN_POINT('',(-0.00300937499999992,0.0365290192839116,-0.0025));
#7710=CARTESIAN_POINT('',(0.00300937500000006,0.0365290192839118,0.006));
#7711=CARTESIAN_POINT('',(0.00375,0.0371821891388307,0.006));
#7712=CARTESIAN_POINT('',(0.00375,0.0371821891388307,-0.0025));
#7713=CARTESIAN_POINT('',(0.00375,0.0371821891388307,-0.0075));
#7714=CARTESIAN_POINT('',(0.00226875,0.0358758494289926,-0.0075));
#7715=CARTESIAN_POINT('',(0.00226875,0.0358758494289926,-0.0075));
#7716=CARTESIAN_POINT('',(0.00226875,0.0358758494289926,0.006));
#7717=CARTESIAN_POINT('',(0.00226875,0.0358758494289926,-0.0025));
#7718=CARTESIAN_POINT('',(0.00300937500000006,0.0365290192839118,-0.0025));
#7719=CARTESIAN_POINT('',(0.00500882773213818,0.034563581694328,0.0005));
#7720=CARTESIAN_POINT('',(0.00429870611074309,0.0343222783938383,-0.0025));
#7721=CARTESIAN_POINT('',(0.00436190251080372,0.0341363002908189,-0.0025));
#7722=CARTESIAN_POINT('',(0.00449215083734027,0.0339968396478492,-0.00240418361076741));
#7723=CARTESIAN_POINT('',(0.00463043333752544,0.0339160342581308,-0.00229712192477488));
#7724=CARTESIAN_POINT('',(0.00429870611074309,0.0343222783938383,-0.0025));
#7725=CARTESIAN_POINT('',(0.00463043333752546,0.0339160342581308,-0.00229712192477489));
#7726=CARTESIAN_POINT('',(0.00463043333752546,0.0339160342581308,0.0005));
#7727=CARTESIAN_POINT('',(0.00463043333752546,0.0339160342581308,-0.0075));
#7728=CARTESIAN_POINT('',(0.00500882773213818,0.034563581694328,-0.0075));
#7729=CARTESIAN_POINT('',(0.0047975945995002,0.0352832208842531,-0.0075));
#7730=CARTESIAN_POINT('',(0.0047975945995002,0.0352832208842531,0.006));
#7731=CARTESIAN_POINT('',(0.0047975945995002,0.0352832208842531,-0.0025));
#7732=CARTESIAN_POINT('',(0.00500882773213816,0.0345635816943281,-0.0025));
#7733=CARTESIAN_POINT('',(-1.08637057683047E-16,0.033875,0.006));
#7734=CARTESIAN_POINT('',(-1.08637057683047E-16,0.033875,-0.0075));
#7735=CARTESIAN_POINT('',(-1.08637057683047E-16,0.033875,-0.0025));
#7736=CARTESIAN_POINT('',(-2.27682456221956E-17,0.033875,0.006));
#7737=CARTESIAN_POINT('',(-2.27682456221956E-17,0.033875,-0.0075));
#7738=CARTESIAN_POINT('',(-2.27682456221956E-17,0.033875,-0.0025));
#7739=CARTESIAN_POINT('',(1.30104260698261E-17,0.033875,0.006));
#7740=CARTESIAN_POINT('',(1.30104260698261E-17,0.033875,-0.0075));
#7741=CARTESIAN_POINT('',(1.30104260698261E-17,0.033875,-0.0025));
#7742=CARTESIAN_POINT('',(-0.00298930303471763,0.0343383490764294,-0.0025));
#7743=CARTESIAN_POINT('',(-0.00298930303471763,0.0343383490764294,-0.0025));
#7744=CARTESIAN_POINT('',(-0.00302986403343908,0.0340766692269657,-0.0025));
#7745=CARTESIAN_POINT('',(-0.00302477219237541,0.0338378760962122,-0.0022648382983191));
#7746=CARTESIAN_POINT('',(-0.00302477219237541,0.0338378760962122,-0.002));
#7747=CARTESIAN_POINT('',(-0.00302477219237541,0.0338378760962122,-0.002));
#7748=CARTESIAN_POINT('',(-0.00302477219237541,0.0338378760962122,0.0005));
#7749=CARTESIAN_POINT('',(-0.00302477219237541,0.0338378760962122,0.));
#7750=CARTESIAN_POINT('',(-0.00302477219237541,0.0338378760962122,0.));
#7751=CARTESIAN_POINT('',(-0.00302477219237541,0.0338378760962122,0.000264844011485063));
#7752=CARTESIAN_POINT('',(-0.00302986818401292,0.0340766424494806,0.000500000000000011));
#7753=CARTESIAN_POINT('',(-0.00298930303471763,0.0343383490764294,0.0005));
#7754=CARTESIAN_POINT('',(-0.00298930303471763,0.0343383490764294,0.0005));
#7755=CARTESIAN_POINT('',(1.30104260698261E-17,0.033875,0.0005));
#7756=CARTESIAN_POINT('',(-0.00226875,0.0358758494289926,0.0005));
#7757=CARTESIAN_POINT('',(-0.00226875,0.0358758494289926,0.006));
#7758=CARTESIAN_POINT('',(-0.00226875,0.0358758494289926,0.0055));
#7759=CARTESIAN_POINT('',(1.30104260698261E-17,0.033875,0.0055));
#7760=CARTESIAN_POINT('',(0.00226875,0.0358758494289926,0.0055));
#7761=CARTESIAN_POINT('',(0.00226875,0.0358758494289926,0.006));
#7762=CARTESIAN_POINT('',(0.00226875,0.0358758494289926,0.0005));
#7763=CARTESIAN_POINT('',(3.64291929955129E-17,0.033875,0.0005));
#7764=CARTESIAN_POINT('',(0.00298930303471764,0.0343383490764294,0.0005));
#7765=CARTESIAN_POINT('',(0.00298930303471764,0.0343383490764294,0.0005));
#7766=CARTESIAN_POINT('',(0.00302986403343908,0.0340766692269656,0.000500000000000006));
#7767=CARTESIAN_POINT('',(0.00302477219237543,0.0338378760962122,0.000264838298319101));
#7768=CARTESIAN_POINT('',(0.00302477219237543,0.0338378760962122,3.63960561703819E-19));
#7769=CARTESIAN_POINT('',(0.00302477219237541,0.0338378760962122,0.));
#7770=CARTESIAN_POINT('',(0.00302477219237541,0.0338378760962122,0.0005));
#7771=CARTESIAN_POINT('',(0.00302477219237541,0.0338378760962122,-0.002));
#7772=CARTESIAN_POINT('',(0.00302477219237541,0.0338378760962122,-0.002));
#7773=CARTESIAN_POINT('',(0.00302477219237541,0.0338378760962122,-0.00226484401148507));
#7774=CARTESIAN_POINT('',(0.00302986818401295,0.0340766424494806,-0.0025));
#7775=CARTESIAN_POINT('',(0.00298930303471765,0.0343383490764294,-0.0025));
#7776=CARTESIAN_POINT('',(0.00298930303471764,0.0343383490764294,-0.0025));
#7777=CARTESIAN_POINT('',(3.64291929955129E-17,0.033875,-0.0025));
#7778=CARTESIAN_POINT('',(-0.010375,0.012875,0.0176));
#7779=CARTESIAN_POINT('',(-0.010375,0.012875,-0.0025));
#7780=CARTESIAN_POINT('',(-0.010375,0.012875,-0.025));
#7781=CARTESIAN_POINT('',(-0.010375,0.012875,0.0176));
#7782=CARTESIAN_POINT('',(0.00933281106629541,0.012875,-0.0025));
#7783=CARTESIAN_POINT('',(0.010375,0.012875,-0.025));
#7784=CARTESIAN_POINT('',(0.,0.013,0.));
#7785=CARTESIAN_POINT('',(-0.0045,0.008875,0.));
#7786=CARTESIAN_POINT('',(0.0055,0.008875,0.));
#7787=CARTESIAN_POINT('',(-0.0055,0.008875,0.));
#7788=CARTESIAN_POINT('',(-0.0055,0.005875,0.));
#7789=CARTESIAN_POINT('',(-0.0055,0.005875,0.));
#7790=CARTESIAN_POINT('',(-0.008375,0.005875,0.));
#7791=CARTESIAN_POINT('',(-0.007375,0.005875,0.));
#7792=CARTESIAN_POINT('',(-0.007375,0.013,0.));
#7793=CARTESIAN_POINT('',(-0.007375,0.012875,0.));
#7794=CARTESIAN_POINT('',(-0.010375,0.012875,0.));
#7795=CARTESIAN_POINT('',(0.007375,0.012875,0.));
#7796=CARTESIAN_POINT('',(0.007375,0.013,0.));
#7797=CARTESIAN_POINT('',(0.007375,0.005875,0.));
#7798=CARTESIAN_POINT('',(-0.008375,0.005875,0.));
#7799=CARTESIAN_POINT('',(0.0055,0.005875,0.));
#7800=CARTESIAN_POINT('',(0.0055,0.013,0.));
#7801=CARTESIAN_POINT('',(0.007875,0.010875,0.0176));
#7802=CARTESIAN_POINT('',(-0.0049,0.010875,0.0103));
#7803=CARTESIAN_POINT('',(-0.0049,0.010875,0.003));
#7804=CARTESIAN_POINT('',(-0.0049,0.010875,0.010784761994677));
#7805=CARTESIAN_POINT('',(0.013625,0.010875,0.010784761994677));
#7806=CARTESIAN_POINT('',(-0.008375,0.010875,0.010784761994677));
#7807=CARTESIAN_POINT('',(-0.008375,0.010875,0.0176));
#7808=CARTESIAN_POINT('',(-0.008375,0.010875,0.0015));
#7809=CARTESIAN_POINT('',(0.007875,0.010875,0.0015));
#7810=CARTESIAN_POINT('',(-0.0034,0.010875,0.0015));
#7811=CARTESIAN_POINT('',(-0.0034,0.010875,0.003));
#7812=CARTESIAN_POINT('',(0.,0.013,0.0176));
#7813=CARTESIAN_POINT('',(-0.0049,0.0119,0.0176));
#7814=CARTESIAN_POINT('',(-0.0049,0.0119,0.0176));
#7815=CARTESIAN_POINT('',(-0.0049,0.010875,0.0176));
#7816=CARTESIAN_POINT('',(-0.0049,0.012875,0.0176));
#7817=CARTESIAN_POINT('',(-0.010375,0.012875,0.0176));
#7818=CARTESIAN_POINT('',(-0.010375,0.012875,0.0176));
#7819=CARTESIAN_POINT('',(0.00929062213259082,0.012875,0.0025));
#7820=CARTESIAN_POINT('',(0.00929062213259082,0.012875,0.0025));
#7821=CARTESIAN_POINT('',(0.00929062213259082,0.012875,0.0005));
#7822=CARTESIAN_POINT('',(0.00929062213259082,0.012875,-0.00142520277912277));
#7823=CARTESIAN_POINT('',(0.007375,0.012875,-0.002));
#7824=CARTESIAN_POINT('',(-0.007375,0.012875,-0.002));
#7825=CARTESIAN_POINT('',(-0.00929062213259082,0.012875,-0.00142520277912276));
#7826=CARTESIAN_POINT('',(-0.00929062213259082,0.012875,0.0005));
#7827=CARTESIAN_POINT('',(-0.00929062213259082,0.012875,0.0025));
#7828=CARTESIAN_POINT('',(-0.011375,0.012875,0.0025));
#7829=CARTESIAN_POINT('',(-0.0049,0.012875,0.0103));
#7830=CARTESIAN_POINT('',(-0.0049,0.012875,0.003));
#7831=CARTESIAN_POINT('',(-0.0034,0.012875,0.003));
#7832=CARTESIAN_POINT('',(-0.0034,0.012875,0.0015));
#7833=CARTESIAN_POINT('',(3.46944695195361E-18,0.012875,0.0015));
#7834=CARTESIAN_POINT('',(0.0034,0.012875,0.0015));
#7835=CARTESIAN_POINT('',(0.0034,0.012875,0.003));
#7836=CARTESIAN_POINT('',(0.0049,0.012875,0.003));
#7837=CARTESIAN_POINT('',(0.0049,0.012875,0.0103));
#7838=CARTESIAN_POINT('',(-0.008875,-0.010875,0.0176));
#7839=CARTESIAN_POINT('',(0.009375,-0.010875,0.002));
#7840=CARTESIAN_POINT('',(-0.008375,0.009875,0.0176));
#7841=CARTESIAN_POINT('',(-0.009375,0.009875,0.00935375402648997));
#7842=CARTESIAN_POINT('',(-0.009375,0.0100335751991354,0.00944229299608669));
#7843=CARTESIAN_POINT('',(-0.00930208574471981,0.0103152436492201,0.00965667722592992));
#7844=CARTESIAN_POINT('',(-0.00907373673291846,0.0106197555855259,0.0100425529035902));
#7845=CARTESIAN_POINT('',(-0.00882994976216473,0.0107781132345214,0.0103889752855268));
#7846=CARTESIAN_POINT('',(-0.00860999196666497,0.0108527536079565,0.0106501570303719));
#7847=CARTESIAN_POINT('',(-0.00846649241627555,0.010875,0.010784761994677));
#7848=CARTESIAN_POINT('',(-0.008375,0.010875,0.010784761994677));
#7849=CARTESIAN_POINT('',(-0.008375,0.009875,0.0015));
#7850=CARTESIAN_POINT('',(0.007875,0.010875,0.0176));
#7851=CARTESIAN_POINT('',(0.008375,0.010875,0.0176));
#7852=CARTESIAN_POINT('',(0.008375,0.010875,0.010784761994677));
#7853=CARTESIAN_POINT('',(0.008375,0.010875,0.0015));
#7854=CARTESIAN_POINT('',(0.013625,0.010875,0.010784761994677));
#7855=CARTESIAN_POINT('',(0.0049,0.010875,0.010784761994677));
#7856=CARTESIAN_POINT('',(0.0049,0.010875,0.0103));
#7857=CARTESIAN_POINT('',(0.0049,0.010875,0.003));
#7858=CARTESIAN_POINT('',(0.0034,0.010875,0.003));
#7859=CARTESIAN_POINT('',(0.0034,0.010875,0.0015));
#7860=CARTESIAN_POINT('',(0.,0.010875,0.0015));
#7861=CARTESIAN_POINT('',(0.008375,0.009875,0.0176));
#7862=CARTESIAN_POINT('',(0.008375,0.010875,0.010784761994677));
#7863=CARTESIAN_POINT('',(0.00846667858316001,0.010875,0.010784761994677));
#7864=CARTESIAN_POINT('',(0.00860904838539133,0.0108529499216861,0.0106510193820253));
#7865=CARTESIAN_POINT('',(0.00883038761014456,0.0107780398219884,0.0103886092753672));
#7866=CARTESIAN_POINT('',(0.00907299193939214,0.0106200947354857,0.0100434657526876));
#7867=CARTESIAN_POINT('',(0.00930178047294653,0.0103165161862935,0.00965764577857553));
#7868=CARTESIAN_POINT('',(0.009375,0.0100329850366367,0.00944196348441139));
#7869=CARTESIAN_POINT('',(0.009375,0.009875,0.00935375402648997));
#7870=CARTESIAN_POINT('',(0.008375,0.009875,0.0015));
#7871=CARTESIAN_POINT('',(-0.010375,-0.012875,0.0176));
#7872=CARTESIAN_POINT('',(-0.0246307031094842,-0.012875,0.0156));
#7873=CARTESIAN_POINT('',(-0.0409371212597067,-0.012875,0.0156));
#7874=CARTESIAN_POINT('',(-0.0523154433739631,-0.012875,0.0156));
#7875=CARTESIAN_POINT('',(-0.056375,-0.012875,0.01248));
#7876=CARTESIAN_POINT('',(-0.056375,-0.012875,0.01248));
#7877=CARTESIAN_POINT('',(0.0049,0.010875,0.0103));
#7878=CARTESIAN_POINT('',(0.0049,0.0109,0.0103));
#7879=CARTESIAN_POINT('',(0.0049,0.0109,0.0166));
#7880=CARTESIAN_POINT('',(0.0049,0.0109,0.0111));
#7881=CARTESIAN_POINT('',(0.0049,0.0119,0.0166));
#7882=CARTESIAN_POINT('',(0.0049,0.010875,0.003));
#7883=CARTESIAN_POINT('',(0.0049,0.0089,0.0111));
#7884=CARTESIAN_POINT('',(0.0034,0.010875,0.003));
#7885=CARTESIAN_POINT('',(0.0034,0.010875,0.0015));
#7886=CARTESIAN_POINT('',(3.46944695195361E-18,0.010875,0.0015));
#7887=CARTESIAN_POINT('',(-0.0034,0.010875,0.0015));
#7888=CARTESIAN_POINT('',(-0.008375,0.005875,0.0015));
#7889=CARTESIAN_POINT('',(-0.0034,0.010875,0.003));
#7890=CARTESIAN_POINT('',(-0.0049,0.010875,0.003));
#7891=CARTESIAN_POINT('',(-0.0049,0.010875,0.0103));
#7892=CARTESIAN_POINT('',(-0.0049,0.0119,0.0166));
#7893=CARTESIAN_POINT('',(-0.0049,0.0109,0.0166));
#7894=CARTESIAN_POINT('',(-0.0049,0.0109,0.0103));
#7895=CARTESIAN_POINT('',(-0.0049,0.0109,0.0111));
#7896=CARTESIAN_POINT('',(-0.0049,0.0089,0.0111));
#7897=CARTESIAN_POINT('',(-0.008375,0.005875,0.0015));
#7898=CARTESIAN_POINT('',(-0.007375,0.005875,-0.002));
#7899=CARTESIAN_POINT('',(-0.0055,0.005875,-0.001));
#7900=CARTESIAN_POINT('',(-0.0045,0.005875,-0.001));
#7901=CARTESIAN_POINT('',(-0.0045,0.005875,-0.001));
#7902=CARTESIAN_POINT('',(-0.0045,0.005875,-0.002));
#7903=CARTESIAN_POINT('',(0.0045,0.005875,-0.002));
#7904=CARTESIAN_POINT('',(0.0045,0.005875,-0.002));
#7905=CARTESIAN_POINT('',(0.0045,0.005875,-0.001));
#7906=CARTESIAN_POINT('',(0.0045,0.005875,-0.001));
#7907=CARTESIAN_POINT('',(0.0055,0.005875,-0.001));
#7908=CARTESIAN_POINT('',(0.007375,0.005875,-0.002));
#7909=CARTESIAN_POINT('',(0.,0.013,-0.025));
#7910=CARTESIAN_POINT('',(0.013625,0.007,-0.025));
#7911=CARTESIAN_POINT('',(0.,0.013,-0.025));
#7912=CARTESIAN_POINT('',(0.013625,0.007,-0.025));
#7913=CARTESIAN_POINT('',(0.007375,0.007875,-0.002));
#7914=CARTESIAN_POINT('',(0.007375,0.012875,-0.002));
#7915=CARTESIAN_POINT('',(-0.007375,-0.010375,-0.002));
#7916=CARTESIAN_POINT('',(-0.007375,0.012875,-0.002));
#7917=CARTESIAN_POINT('',(-0.012975,0.0019,0.0156));
#7918=CARTESIAN_POINT('',(-0.010375,0.0019,0.0166));
#7919=CARTESIAN_POINT('',(0.013625,0.0019,0.0111));
#7920=CARTESIAN_POINT('',(-0.011875,0.0019,0.0151));
#7921=CARTESIAN_POINT('',(-0.011875,0.0019,0.0156));
#7922=CARTESIAN_POINT('',(-0.012975,0.0019,0.0156));
#7923=CARTESIAN_POINT('',(-0.014575,0.0019,0.0156));
#7924=CARTESIAN_POINT('',(-0.014575,0.0019,0.0156));
#7925=CARTESIAN_POINT('',(-0.014575,0.0006,0.0156));
#7926=CARTESIAN_POINT('',(-0.014575,0.0006,0.0156));
#7927=CARTESIAN_POINT('',(-0.015875,0.0006,0.0156));
#7928=CARTESIAN_POINT('',(-0.015875,0.0006,0.0156));
#7929=CARTESIAN_POINT('',(-0.015875,4.33680868994202E-19,0.0156));
#7930=CARTESIAN_POINT('',(-0.015875,4.33680868994202E-19,0.0156));
#7931=CARTESIAN_POINT('',(-0.015875,-0.0006,0.0156));
#7932=CARTESIAN_POINT('',(-0.015875,-0.0006,0.0156));
#7933=CARTESIAN_POINT('',(-0.014575,-0.0006,0.0156));
#7934=CARTESIAN_POINT('',(-0.014575,-0.0006,0.0156));
#7935=CARTESIAN_POINT('',(-0.014575,-0.0019,0.0156));
#7936=CARTESIAN_POINT('',(-0.014575,-0.0019,0.0156));
#7937=CARTESIAN_POINT('',(-0.0135,6.12323399573677E-20,0.0156));
#7938=CARTESIAN_POINT('',(-0.0135,6.12323399573677E-20,0.0156));
#7939=CARTESIAN_POINT('',(-0.0125,6.12323399573677E-20,0.0156));
#7940=CARTESIAN_POINT('',(-0.012975,-0.0019,0.0156));
#7941=CARTESIAN_POINT('',(-0.010375,-0.0019,0.0166));
#7942=CARTESIAN_POINT('',(-0.012975,-0.0019,0.0156));
#7943=CARTESIAN_POINT('',(-0.011875,-0.0019,0.0156));
#7944=CARTESIAN_POINT('',(-0.011875,-0.0019,0.0151));
#7945=CARTESIAN_POINT('',(0.013625,-0.0019,0.0111));
#7946=CARTESIAN_POINT('',(0.,3.46944695195361E-18,0.0156));
#7947=CARTESIAN_POINT('',(-0.011875,1.86945927993617E-18,0.0156));
#7948=CARTESIAN_POINT('',(0.012975,0.0019,0.0156));
#7949=CARTESIAN_POINT('',(0.010375,0.0019,0.0166));
#7950=CARTESIAN_POINT('',(0.014575,0.0019,0.0156));
#7951=CARTESIAN_POINT('',(0.014575,0.0019,0.0156));
#7952=CARTESIAN_POINT('',(0.012975,0.0019,0.0156));
#7953=CARTESIAN_POINT('',(0.011875,0.0019,0.0156));
#7954=CARTESIAN_POINT('',(0.011875,0.0019,0.0151));
#7955=CARTESIAN_POINT('',(0.013625,0.0019,0.0111));
#7956=CARTESIAN_POINT('',(0.012975,-0.0019,0.0156));
#7957=CARTESIAN_POINT('',(0.010375,-0.0019,0.0166));
#7958=CARTESIAN_POINT('',(0.013625,-0.0019,0.0111));
#7959=CARTESIAN_POINT('',(0.011875,-0.0019,0.0151));
#7960=CARTESIAN_POINT('',(0.011875,-0.0019,0.0156));
#7961=CARTESIAN_POINT('',(0.012975,-0.0019,0.0156));
#7962=CARTESIAN_POINT('',(0.014575,-0.0019,0.0156));
#7963=CARTESIAN_POINT('',(0.014575,-0.0019,0.0156));
#7964=CARTESIAN_POINT('',(0.014575,-0.0006,0.0156));
#7965=CARTESIAN_POINT('',(0.014575,-0.0006,0.0156));
#7966=CARTESIAN_POINT('',(0.015875,-0.0006,0.0156));
#7967=CARTESIAN_POINT('',(0.015875,-0.0006,0.0156));
#7968=CARTESIAN_POINT('',(0.015875,4.33680868994202E-19,0.0156));
#7969=CARTESIAN_POINT('',(0.015875,4.33680868994202E-19,0.0156));
#7970=CARTESIAN_POINT('',(0.015875,0.0006,0.0156));
#7971=CARTESIAN_POINT('',(0.015875,0.0006,0.0156));
#7972=CARTESIAN_POINT('',(0.014575,0.0006,0.0156));
#7973=CARTESIAN_POINT('',(0.014575,0.0006,0.0156));
#7974=CARTESIAN_POINT('',(0.0135,6.12323399573677E-20,0.0156));
#7975=CARTESIAN_POINT('',(0.0135,6.12323399573677E-20,0.0156));
#7976=CARTESIAN_POINT('',(0.0145,6.12323399573677E-20,0.0156));
#7977=CARTESIAN_POINT('',(0.,3.46944695195361E-18,0.0156));
#7978=CARTESIAN_POINT('',(0.011875,0.0019,0.0156));
#7979=CARTESIAN_POINT('',(0.011875,5.06943462397106E-18,0.0151));
#7980=CARTESIAN_POINT('',(-0.011875,1.66735557399712E-18,0.0151));
#7981=CARTESIAN_POINT('',(-0.0246307031094842,-0.010375,0.00936));
#7982=CARTESIAN_POINT('',(-0.0399181442857392,-0.014875,0.00936));
#7983=CARTESIAN_POINT('',(-0.0399181442857392,-0.015875,0.00936));
#7984=CARTESIAN_POINT('',(-0.0399181442857392,-0.013875,0.00936));
#7985=CARTESIAN_POINT('',(-0.0378864062189684,-0.015875,0.00936));
#7986=CARTESIAN_POINT('',(-0.0378864062189684,-0.015875,0.00936));
#7987=CARTESIAN_POINT('',(-0.0378864062189684,-0.014875,0.00936));
#7988=CARTESIAN_POINT('',(-0.0378864062189684,-0.013875,0.00936));
#7989=CARTESIAN_POINT('',(-0.037886406218968,-0.013875,0.00936));
#7990=CARTESIAN_POINT('',(-0.037886406218968,-0.0136091097504187,0.00936));
#7991=CARTESIAN_POINT('',(-0.037662152326091,-0.0130896756801498,0.00936));
#7992=CARTESIAN_POINT('',(-0.0371387900850878,-0.0128749999999999,0.00936));
#7993=CARTESIAN_POINT('',(-0.0368729975387137,-0.012875,0.00936));
#7994=CARTESIAN_POINT('',(-0.013375,-0.010375,0.00936));
#7995=CARTESIAN_POINT('',(-0.013375,-0.010375,0.00936));
#7996=CARTESIAN_POINT('',(-0.0246307031094842,-0.010375,0.00936));
#7997=CARTESIAN_POINT('',(-0.0523154433739631,-0.010375,0.00936));
#7998=CARTESIAN_POINT('',(-0.0523154433739631,-0.010375,0.00936));
#7999=CARTESIAN_POINT('',(-0.0409371212597067,-0.012875,0.00936));
#8000=CARTESIAN_POINT('',(-0.0406705074866559,-0.0128749999999999,0.00936));
#8001=CARTESIAN_POINT('',(-0.0401459621489446,-0.0130867568583133,0.00936));
#8002=CARTESIAN_POINT('',(-0.0399181442857392,-0.0136082372137604,0.00936));
#8003=CARTESIAN_POINT('',(-0.0399181442857392,-0.013875,0.00936));
#8004=CARTESIAN_POINT('',(-0.0248562958247872,-0.010375,0.00736));
#8005=CARTESIAN_POINT('',(-0.0383375916495745,-0.014875,0.00736));
#8006=CARTESIAN_POINT('',(-0.0383375916495745,-0.015875,0.00736));
#8007=CARTESIAN_POINT('',(-0.0383375916495745,-0.013875,0.00736));
#8008=CARTESIAN_POINT('',(-0.0248562958247872,-0.015875,0.00736));
#8009=CARTESIAN_POINT('',(-0.0404267054203278,-0.015875,0.00736));
#8010=CARTESIAN_POINT('',(-0.0404267054203278,-0.014875,0.00736));
#8011=CARTESIAN_POINT('',(-0.0404267054203278,-0.013875,0.00736));
#8012=CARTESIAN_POINT('',(-0.0404267054203278,-0.013875,0.00736));
#8013=CARTESIAN_POINT('',(-0.0404267054203278,-0.0136035885626678,0.00736));
#8014=CARTESIAN_POINT('',(-0.0406710783284304,-0.0130778101753085,0.00736));
#8015=CARTESIAN_POINT('',(-0.0412093995416788,-0.0128749999999999,0.00736));
#8016=CARTESIAN_POINT('',(-0.0414804338767455,-0.012875,0.00736));
#8017=CARTESIAN_POINT('',(-0.056375,-0.010375,0.00736));
#8018=CARTESIAN_POINT('',(-0.056375,-0.010375,0.00736));
#8019=CARTESIAN_POINT('',(-0.0248562958247872,-0.010375,0.00736));
#8020=CARTESIAN_POINT('',(-0.013375,-0.010375,0.00736));
#8021=CARTESIAN_POINT('',(-0.013375,-0.010375,0.00736));
#8022=CARTESIAN_POINT('',(-0.0373001972487259,-0.012875,0.00736));
#8023=CARTESIAN_POINT('',(-0.037569196057997,-0.0128749999999999,0.00736));
#8024=CARTESIAN_POINT('',(-0.0380996313929069,-0.0130824459324252,0.00736));
#8025=CARTESIAN_POINT('',(-0.0383375916495741,-0.0136057109663794,0.00736));
#8026=CARTESIAN_POINT('',(-0.0383375916495741,-0.013875,0.00736));
#8027=CARTESIAN_POINT('',(0.,-0.010375,0.01248));
#8028=CARTESIAN_POINT('',(-0.056375,-0.010375,0.01248));
#8029=CARTESIAN_POINT('',(-0.056375,-0.010375,0.0161));
#8030=CARTESIAN_POINT('',(-0.013375,-0.010375,0.0156));
#8031=CARTESIAN_POINT('',(-0.013375,-0.010375,0.0156));
#8032=CARTESIAN_POINT('',(-0.0246307031094842,-0.010375,0.0156));
#8033=CARTESIAN_POINT('',(-0.0523154433739631,-0.010375,0.0156));
#8034=CARTESIAN_POINT('',(-0.056375,-0.010375,0.01248));
#8035=CARTESIAN_POINT('',(-0.013375,-0.010375,0.00736));
#8036=CARTESIAN_POINT('',(-0.056375,-0.010375,0.01248));
#8037=CARTESIAN_POINT('',(0.0248562958247872,-0.010375,0.00736));
#8038=CARTESIAN_POINT('',(0.0404267054203278,-0.014875,0.00736));
#8039=CARTESIAN_POINT('',(0.0404267054203278,-0.015875,0.00736));
#8040=CARTESIAN_POINT('',(0.0404267054203278,-0.013875,0.00736));
#8041=CARTESIAN_POINT('',(0.0383375916495746,-0.015875,0.00736));
#8042=CARTESIAN_POINT('',(0.0383375916495745,-0.015875,0.00736));
#8043=CARTESIAN_POINT('',(0.0383375916495745,-0.014875,0.00736));
#8044=CARTESIAN_POINT('',(0.0383375916495745,-0.013875,0.00736));
#8045=CARTESIAN_POINT('',(0.0383375916495746,-0.013875,0.00736));
#8046=CARTESIAN_POINT('',(0.0383375916495746,-0.0136059016260531,0.00736));
#8047=CARTESIAN_POINT('',(0.0381007345550175,-0.0130833166941106,0.00736));
#8048=CARTESIAN_POINT('',(0.0375690316791273,-0.012875,0.00736));
#8049=CARTESIAN_POINT('',(0.0373001972487264,-0.012875,0.00736));
#8050=CARTESIAN_POINT('',(0.013375,-0.010375,0.00736));
#8051=CARTESIAN_POINT('',(0.013375,-0.010375,0.00736));
#8052=CARTESIAN_POINT('',(0.0248562958247872,-0.010375,0.00736));
#8053=CARTESIAN_POINT('',(0.0414804338767455,-0.012875,0.00736));
#8054=CARTESIAN_POINT('',(0.0412091834880849,-0.0128749999999999,0.00736));
#8055=CARTESIAN_POINT('',(0.0406723144859096,-0.0130769091850211,0.00736));
#8056=CARTESIAN_POINT('',(0.0404267054203275,-0.0136033042351246,0.00736));
#8057=CARTESIAN_POINT('',(0.0404267054203275,-0.013875,0.00736));
#8058=CARTESIAN_POINT('',(0.0246307031094842,-0.010375,0.00936));
#8059=CARTESIAN_POINT('',(0.0378864062189684,-0.014875,0.00936));
#8060=CARTESIAN_POINT('',(0.0378864062189684,-0.015875,0.00936));
#8061=CARTESIAN_POINT('',(0.0378864062189684,-0.013875,0.00936));
#8062=CARTESIAN_POINT('',(0.0246307031094842,-0.015875,0.00936));
#8063=CARTESIAN_POINT('',(0.0399181442857392,-0.015875,0.00936));
#8064=CARTESIAN_POINT('',(0.0399181442857392,-0.014875,0.00936));
#8065=CARTESIAN_POINT('',(0.0399181442857392,-0.013875,0.00936));
#8066=CARTESIAN_POINT('',(0.0399181442857391,-0.013875,0.00936));
#8067=CARTESIAN_POINT('',(0.0399181442857391,-0.0136083284703264,0.00936));
#8068=CARTESIAN_POINT('',(0.0401448735692284,-0.0130877304327293,0.00936));
#8069=CARTESIAN_POINT('',(0.0406705881616315,-0.0128749999999999,0.00936));
#8070=CARTESIAN_POINT('',(0.0409371212597067,-0.012875,0.00936));
#8071=CARTESIAN_POINT('',(0.0246307031094842,-0.010375,0.00936));
#8072=CARTESIAN_POINT('',(0.013375,-0.010375,0.00936));
#8073=CARTESIAN_POINT('',(0.013375,-0.012875,0.00936));
#8074=CARTESIAN_POINT('',(0.0368729975387142,-0.012875,0.00936));
#8075=CARTESIAN_POINT('',(0.0371388515747935,-0.012875,0.00936));
#8076=CARTESIAN_POINT('',(0.0376611038130868,-0.0130887100218999,0.00936));
#8077=CARTESIAN_POINT('',(0.0378864062189685,-0.0136090459443985,0.00936));
#8078=CARTESIAN_POINT('',(0.0378864062189685,-0.013875,0.00936));
#8079=CARTESIAN_POINT('',(-0.0246307031094842,-0.010375,0.0156));
#8080=CARTESIAN_POINT('',(-0.0378864062189684,-0.014875,0.0156));
#8081=CARTESIAN_POINT('',(-0.0378864062189684,-0.015875,0.0156));
#8082=CARTESIAN_POINT('',(-0.0378864062189684,-0.013875,0.0156));
#8083=CARTESIAN_POINT('',(-0.0246307031094842,-0.015875,0.0156));
#8084=CARTESIAN_POINT('',(-0.0399181442857392,-0.015875,0.0156));
#8085=CARTESIAN_POINT('',(-0.0399181442857392,-0.014875,0.0156));
#8086=CARTESIAN_POINT('',(-0.0399181442857392,-0.013875,0.0156));
#8087=CARTESIAN_POINT('',(-0.0399181442857392,-0.013875,0.0156));
#8088=CARTESIAN_POINT('',(-0.0399181442857392,-0.0136083284703264,0.0156));
#8089=CARTESIAN_POINT('',(-0.0401448735692285,-0.0130877304327294,0.0156));
#8090=CARTESIAN_POINT('',(-0.0406705881616316,-0.0128749999999999,0.0156));
#8091=CARTESIAN_POINT('',(-0.0409371212597067,-0.012875,0.0156));
#8092=CARTESIAN_POINT('',(-0.0523154433739631,-0.010375,0.0156));
#8093=CARTESIAN_POINT('',(-0.013375,-0.010375,0.0156));
#8094=CARTESIAN_POINT('',(-0.0368729975387137,-0.012875,0.0156));
#8095=CARTESIAN_POINT('',(-0.0371388515747931,-0.0128749999999999,0.0156));
#8096=CARTESIAN_POINT('',(-0.0376611038130869,-0.0130887100218997,0.0156));
#8097=CARTESIAN_POINT('',(-0.037886406218968,-0.0136090459443985,0.0156));
#8098=CARTESIAN_POINT('',(-0.037886406218968,-0.013875,0.0156));
#8099=CARTESIAN_POINT('',(0.0246307031094842,-0.010375,0.0156));
#8100=CARTESIAN_POINT('',(0.0399181442857392,-0.014875,0.0156));
#8101=CARTESIAN_POINT('',(0.0399181442857392,-0.015875,0.0156));
#8102=CARTESIAN_POINT('',(0.0399181442857392,-0.013875,0.0156));
#8103=CARTESIAN_POINT('',(0.0378864062189685,-0.015875,0.0156));
#8104=CARTESIAN_POINT('',(0.0378864062189684,-0.015875,0.0156));
#8105=CARTESIAN_POINT('',(0.0378864062189684,-0.014875,0.0156));
#8106=CARTESIAN_POINT('',(0.0378864062189684,-0.013875,0.0156));
#8107=CARTESIAN_POINT('',(0.0378864062189684,-0.013875,0.0156));
#8108=CARTESIAN_POINT('',(0.0378864062189684,-0.0136091097504187,0.0156));
#8109=CARTESIAN_POINT('',(0.037662152326091,-0.0130896756801502,0.0156));
#8110=CARTESIAN_POINT('',(0.0371387900850882,-0.012875,0.0156));
#8111=CARTESIAN_POINT('',(0.0368729975387141,-0.012875,0.0156));
#8112=CARTESIAN_POINT('',(0.013375,-0.010375,0.0156));
#8113=CARTESIAN_POINT('',(0.013375,-0.010375,0.0156));
#8114=CARTESIAN_POINT('',(0.0246307031094842,-0.010375,0.0156));
#8115=CARTESIAN_POINT('',(0.0409371212597067,-0.012875,0.0156));
#8116=CARTESIAN_POINT('',(0.0406705074866559,-0.0128749999999999,0.0156));
#8117=CARTESIAN_POINT('',(0.0401459621489445,-0.0130867568583133,0.0156));
#8118=CARTESIAN_POINT('',(0.0399181442857392,-0.0136082372137604,0.0156));
#8119=CARTESIAN_POINT('',(0.0399181442857392,-0.013875,0.0156));
#8120=CARTESIAN_POINT('',(0.,-0.010375,0.01248));
#8121=CARTESIAN_POINT('',(0.056375,-0.010375,0.01248));
#8122=CARTESIAN_POINT('',(0.056375,-0.010375,0.0161));
#8123=CARTESIAN_POINT('',(0.013375,-0.010375,0.01248));
#8124=CARTESIAN_POINT('',(0.013375,-0.010375,0.01248));
#8125=CARTESIAN_POINT('',(-0.056375,-0.010375,0.01248));
#8126=CARTESIAN_POINT('',(-0.056375,-0.011875,0.01248));
#8127=CARTESIAN_POINT('',(-0.0611364228340743,-0.011875,0.0105976470588235));
#8128=CARTESIAN_POINT('',(-0.0611364228340743,-0.011875,0.0143623529411765));
#8129=CARTESIAN_POINT('',(-0.0611364228340743,-0.010375,0.0143623529411765));
#8130=CARTESIAN_POINT('',(-0.0611364228340743,-0.010375,0.0105976470588235));
#8131=CARTESIAN_POINT('',(-0.056375,-0.010375,0.01248));
#8132=CARTESIAN_POINT('',(-0.056375,-0.010875,0.01248));
#8133=CARTESIAN_POINT('',(-0.056375,-0.010875,0.0156));
#8134=CARTESIAN_POINT('',(0.056375,-0.010375,0.01248));
#8135=CARTESIAN_POINT('',(0.056375,-0.010875,0.01248));
#8136=CARTESIAN_POINT('',(0.056375,-0.010875,0.0156));
#8137=CARTESIAN_POINT('',(-0.056375,-0.010875,0.01248));
#8138=CARTESIAN_POINT('',(0.056375,-0.010875,0.01248));
#8139=CARTESIAN_POINT('',(0.013375,2.00419508389554E-18,0.0136));
#8140=CARTESIAN_POINT('',(0.013375,-0.008375,0.0136));
#8141=CARTESIAN_POINT('',(0.013375,-0.008375,0.01248));
#8142=CARTESIAN_POINT('',(0.011375,-0.008375,0.0176));
#8143=CARTESIAN_POINT('',(-0.013375,-0.010375,0.0136));
#8144=CARTESIAN_POINT('',(-0.013375,-0.008375,0.0136));
#8145=CARTESIAN_POINT('',(-0.013375,-0.008375,0.0176));
#8146=CARTESIAN_POINT('',(-0.011375,-0.008375,0.0176));
#8147=CARTESIAN_POINT('',(-0.013375,-0.010375,0.00536));
#8148=CARTESIAN_POINT('',(-0.013375,-0.008375,0.00536));
#8149=CARTESIAN_POINT('',(-0.013375,1.46525186805808E-18,0.01136));
#8150=CARTESIAN_POINT('',(-0.013375,-0.008375,0.01136));
#8151=CARTESIAN_POINT('',(-0.013375,-0.008375,0.0176));
#8152=CARTESIAN_POINT('',(-0.011375,-0.008375,0.01435));
#8153=CARTESIAN_POINT('',(0.013375,2.00419508389554E-18,0.00536));
#8154=CARTESIAN_POINT('',(0.013375,-0.008375,0.00536));
#8155=CARTESIAN_POINT('',(0.013375,-0.008375,0.01248));
#8156=CARTESIAN_POINT('',(0.011375,-0.008375,0.0176));
#8157=CARTESIAN_POINT('',(0.013375,-0.008375,0.01136));
#8158=CARTESIAN_POINT('',(0.013375,-0.010375,0.01136));
#8159=CARTESIAN_POINT('',(0.00933281106629541,0.012875,0.0005));
#8160=CARTESIAN_POINT('',(0.00933281106629541,0.012875,-0.0025));
#8161=CARTESIAN_POINT('',(0.00929062213259082,0.012875,-0.0025));
#8162=CARTESIAN_POINT('',(0.00929062213259082,0.012875,0.0005));
#8163=CARTESIAN_POINT('',(0.00829753043238806,0.0233594712522015,0.0005));
#8164=CARTESIAN_POINT('',(0.00829753043238806,0.0233594712522015,-0.0025));
#8165=CARTESIAN_POINT('',(0.00554041945835822,0.0327525294486393,-0.0025));
#8166=CARTESIAN_POINT('',(0.00554041945835822,0.0327525294486393,0.0005));
#8167=CARTESIAN_POINT('',(0.00554041945835822,0.0327525294486393,0.0005));
#8168=CARTESIAN_POINT('',(0.00829753043238806,0.0233594712522015,0.0005));
#8169=CARTESIAN_POINT('',(0.0107879471112879,0.014875,0.0005));
#8170=CARTESIAN_POINT('',(0.0107879471112879,0.014875,0.0025));
#8171=CARTESIAN_POINT('',(0.0066478777998467,0.0218784284254759,0.0005));
#8172=CARTESIAN_POINT('',(0.0066478777998467,0.0218784284254759,0.0005));
#8173=CARTESIAN_POINT('',(0.00482984485554484,0.0280721904501899,0.0005));
#8174=CARTESIAN_POINT('',(0.00870356924387872,0.014875,0.0005));
#8175=CARTESIAN_POINT('',(0.00482984485554484,0.0280721904501899,-0.0025));
#8176=CARTESIAN_POINT('',(0.00482984485554484,0.0280721904501899,-0.0025));
#8177=CARTESIAN_POINT('',(0.0066478777998467,0.0218784284254759,-0.0025));
#8178=CARTESIAN_POINT('',(0.00870356924387872,0.014875,0.0025));
#8179=CARTESIAN_POINT('',(0.,0.013,0.0005));
#8180=CARTESIAN_POINT('',(0.00362138161855814,0.0321892410949381,0.0005));
#8181=CARTESIAN_POINT('',(0.00499462717937243,0.033643268821532,0.0005));
#8182=CARTESIAN_POINT('',(-1.38777878078145E-17,0.033875,0.0005));
#8183=CARTESIAN_POINT('',(0.00207914786838912,0.0293277872117776,0.0005));
#8184=CARTESIAN_POINT('',(0.00291080701574476,0.0275089020964887,0.0005));
#8185=CARTESIAN_POINT('',(0.011375,0.014875,0.0005));
#8186=CARTESIAN_POINT('',(0.,0.013,-0.0025));
#8187=CARTESIAN_POINT('',(-1.38777878078145E-17,0.033875,-0.0025));
#8188=CARTESIAN_POINT('',(0.00207914786838911,0.0293277872117776,-0.0025));
#8189=CARTESIAN_POINT('',(0.00499462717937243,0.033643268821532,-0.0025));
#8190=CARTESIAN_POINT('',(0.00362138161855814,0.0321892410949381,-0.0025));
#8191=CARTESIAN_POINT('',(0.00291080701574476,0.0275089020964887,-0.0025));
#8192=CARTESIAN_POINT('',(-0.010375,0.012875,0.0005));
#8193=CARTESIAN_POINT('',(-0.00929062213259082,0.012875,0.0005));
#8194=CARTESIAN_POINT('',(-0.00929062213259082,0.012875,-0.0025));
#8195=CARTESIAN_POINT('',(-0.010375,0.012875,-0.0025));
#8196=CARTESIAN_POINT('',(-0.0066478777998467,0.0218784284254759,0.0005));
#8197=CARTESIAN_POINT('',(-0.0066478777998467,0.0218784284254759,-0.0025));
#8198=CARTESIAN_POINT('',(-0.00482984485554484,0.0280721904501899,-0.0025));
#8199=CARTESIAN_POINT('',(-0.00482984485554484,0.0280721904501899,0.0005));
#8200=CARTESIAN_POINT('',(-0.00482984485554484,0.0280721904501899,0.0005));
#8201=CARTESIAN_POINT('',(-0.0066478777998467,0.0218784284254759,0.0005));
#8202=CARTESIAN_POINT('',(-0.00870356924387872,0.014875,0.0005));
#8203=CARTESIAN_POINT('',(-0.00870356924387872,0.014875,0.0025));
#8204=CARTESIAN_POINT('',(-0.00500882773213818,0.034563581694328,0.0005));
#8205=CARTESIAN_POINT('',(-0.00429870611074309,0.0343222783938383,0.0005));
#8206=CARTESIAN_POINT('',(-0.00436190251080373,0.0341363002908189,0.000500000000000007));
#8207=CARTESIAN_POINT('',(-0.00449215083734028,0.0339968396478493,0.000404183610767426));
#8208=CARTESIAN_POINT('',(-0.00463043333752547,0.0339160342581308,0.000297121924774932));
#8209=CARTESIAN_POINT('',(-0.00429870611074309,0.0343222783938383,0.0005));
#8210=CARTESIAN_POINT('',(-0.00463043333752545,0.0339160342581308,0.000297121924774907));
#8211=CARTESIAN_POINT('',(-0.00463043333752545,0.0339160342581308,0.0005));
#8212=CARTESIAN_POINT('',(-0.00463043333752545,0.0339160342581308,0.0055));
#8213=CARTESIAN_POINT('',(-0.00500882773213818,0.034563581694328,0.0055));
#8214=CARTESIAN_POINT('',(-0.0047975945995002,0.0352832208842531,0.0055));
#8215=CARTESIAN_POINT('',(-0.0047975945995002,0.0352832208842531,0.006));
#8216=CARTESIAN_POINT('',(-0.0047975945995002,0.0352832208842531,0.0005));
#8217=CARTESIAN_POINT('',(-0.00500882773213816,0.034563581694328,0.0005));
#8218=CARTESIAN_POINT('',(-0.00829753043238806,0.0233594712522015,0.0005));
#8219=CARTESIAN_POINT('',(-0.00829753043238806,0.0233594712522015,0.0005));
#8220=CARTESIAN_POINT('',(-0.00554041945835822,0.0327525294486393,0.0005));
#8221=CARTESIAN_POINT('',(-0.0107879471112879,0.014875,0.0005));
#8222=CARTESIAN_POINT('',(-0.00554041945835822,0.0327525294486393,0.0005));
#8223=CARTESIAN_POINT('',(-0.00554041945835822,0.0327525294486393,-0.0025));
#8224=CARTESIAN_POINT('',(-0.00829753043238806,0.0233594712522015,-0.0025));
#8225=CARTESIAN_POINT('',(-0.0107879471112879,0.014875,0.0025));
#8226=CARTESIAN_POINT('',(0.,0.013,0.0005));
#8227=CARTESIAN_POINT('',(-1.30104260698261E-17,0.033875,0.0005));
#8228=CARTESIAN_POINT('',(-0.00499462717937243,0.033643268821532,0.0005));
#8229=CARTESIAN_POINT('',(-0.00207914786838912,0.0293277872117776,0.0005));
#8230=CARTESIAN_POINT('',(-0.00362138161855814,0.0321892410949381,0.0005));
#8231=CARTESIAN_POINT('',(-0.00929062213259082,0.014875,0.0005));
#8232=CARTESIAN_POINT('',(-0.00291080701574476,0.0275089020964887,0.0005));
#8233=CARTESIAN_POINT('',(0.,0.013,-0.0025));
#8234=CARTESIAN_POINT('',(-0.00362138161855814,0.0321892410949381,-0.0025));
#8235=CARTESIAN_POINT('',(-0.00499462717937243,0.033643268821532,-0.0025));
#8236=CARTESIAN_POINT('',(-1.30104260698261E-17,0.033875,-0.0025));
#8237=CARTESIAN_POINT('',(-0.00207914786838912,0.0293277872117776,-0.0025));
#8238=CARTESIAN_POINT('',(-0.00291080701574476,0.0275089020964887,-0.0025));
#8239=CARTESIAN_POINT('',(-0.00300937499999992,0.0365290192839116,0.006));
#8240=CARTESIAN_POINT('',(-0.00375,0.0371821891388307,0.006));
#8241=CARTESIAN_POINT('',(-0.00375,0.0371821891388307,0.0055));
#8242=CARTESIAN_POINT('',(-0.00375,0.0371821891388307,0.0005));
#8243=CARTESIAN_POINT('',(-0.00300937499999992,0.0365290192839116,0.0055));
#8244=CARTESIAN_POINT('',(-0.00300937499999992,0.0365290192839116,0.0005));
#8245=CARTESIAN_POINT('',(-1.08637057683047E-16,0.033875,0.006));
#8246=CARTESIAN_POINT('',(-1.08637057683047E-16,0.033875,0.0055));
#8247=CARTESIAN_POINT('',(-1.08637057683047E-16,0.033875,0.0005));
#8248=CARTESIAN_POINT('',(-1.30104260698261E-17,0.033875,0.006));
#8249=CARTESIAN_POINT('',(-1.30104260698261E-17,0.033875,-0.0075));
#8250=CARTESIAN_POINT('',(-0.00499462717937243,0.033643268821532,-0.0075));
#8251=CARTESIAN_POINT('',(0.00499462717937241,0.033643268821532,-0.0075));
#8252=CARTESIAN_POINT('',(0.00499462717937241,0.033643268821532,-0.0075));
#8253=CARTESIAN_POINT('',(0.00207914786838911,0.0293277872117776,0.006));
#8254=CARTESIAN_POINT('',(0.00499462717937243,0.033643268821532,0.0005));
#8255=CARTESIAN_POINT('',(0.00499462717937241,0.033643268821532,0.0055));
#8256=CARTESIAN_POINT('',(-1.30104260698261E-17,0.033875,0.0055));
#8257=CARTESIAN_POINT('',(-0.00499462717937243,0.033643268821532,0.0055));
#8258=CARTESIAN_POINT('',(-0.00499462717937243,0.033643268821532,0.0055));
#8259=CARTESIAN_POINT('',(-0.00207914786838912,0.0293277872117776,0.006));
#8260=CARTESIAN_POINT('',(-0.00499462717937243,0.033643268821532,-0.0025));
#8261=CARTESIAN_POINT('',(-2.27682456221956E-17,0.033875,0.006));
#8262=CARTESIAN_POINT('',(0.00375,0.0371821891388307,0.006));
#8263=CARTESIAN_POINT('',(0.00375,0.0371821891388307,0.0055));
#8264=CARTESIAN_POINT('',(0.00375,0.0371821891388307,0.0005));
#8265=CARTESIAN_POINT('',(-2.27682456221956E-17,0.033875,0.0055));
#8266=CARTESIAN_POINT('',(-2.27682456221956E-17,0.033875,0.0005));
#8267=CARTESIAN_POINT('',(0.00300937500000006,0.0365290192839118,0.006));
#8268=CARTESIAN_POINT('',(0.00300937500000006,0.0365290192839118,0.0055));
#8269=CARTESIAN_POINT('',(0.00300937500000006,0.0365290192839118,0.0005));
#8270=CARTESIAN_POINT('',(0.,0.013,0.006));
#8271=CARTESIAN_POINT('',(-0.00500882773213818,0.034563581694328,0.006));
#8272=CARTESIAN_POINT('',(-0.0041924130144784,0.0355101370327994,0.006));
#8273=CARTESIAN_POINT('',(-0.00447812496682708,0.0334318332351326,0.006));
#8274=CARTESIAN_POINT('',(-1.30104260698261E-17,0.033875,0.006));
#8275=CARTESIAN_POINT('',(0.00447812496682706,0.0334318332351327,0.006));
#8276=CARTESIAN_POINT('',(0.00500882773213818,0.034563581694328,0.006));
#8277=CARTESIAN_POINT('',(0.00419241301447841,0.0355101370327994,0.006));
#8278=CARTESIAN_POINT('',(-2.27682456221956E-17,0.033875,0.006));
#8279=CARTESIAN_POINT('',(0.00368482088013275,0.0364580398915499,0.006));
#8280=CARTESIAN_POINT('',(-0.0100249170770807,0.0243671874999998,0.006));
#8281=CARTESIAN_POINT('',(0.00294773803160079,0.0358079939205943,0.006));
#8282=CARTESIAN_POINT('',(1.30104260698261E-17,0.033875,0.006));
#8283=CARTESIAN_POINT('',(-0.00294773803160077,0.0358079939205943,0.006));
#8284=CARTESIAN_POINT('',(0.0100249170770807,0.0243671875000002,0.006));
#8285=CARTESIAN_POINT('',(-0.00368482088013275,0.0364580398915499,0.006));
#8286=CARTESIAN_POINT('',(-1.08637057683047E-16,0.033875,0.006));
#8287=CARTESIAN_POINT('',(0.,0.013,-0.008));
#8288=CARTESIAN_POINT('',(0.00500882773213818,0.034563581694328,-0.008));
#8289=CARTESIAN_POINT('',(0.00419241301447841,0.0355101370327994,-0.008));
#8290=CARTESIAN_POINT('',(0.00447812496682706,0.0334318332351327,-0.008));
#8291=CARTESIAN_POINT('',(-1.30104260698261E-17,0.033875,-0.008));
#8292=CARTESIAN_POINT('',(-0.00447812496682708,0.0334318332351326,-0.008));
#8293=CARTESIAN_POINT('',(-0.00500882773213818,0.034563581694328,-0.008));
#8294=CARTESIAN_POINT('',(-0.0041924130144784,0.0355101370327994,-0.008));
#8295=CARTESIAN_POINT('',(-1.08637057683047E-16,0.033875,-0.008));
#8296=CARTESIAN_POINT('',(-0.00368482088013275,0.0364580398915499,-0.008));
#8297=CARTESIAN_POINT('',(-0.00259946891388305,0.0355008494289926,-0.008));
#8298=CARTESIAN_POINT('',(-0.00294773803160077,0.0358079939205943,-0.008));
#8299=CARTESIAN_POINT('',(1.30104260698261E-17,0.033875,-0.008));
#8300=CARTESIAN_POINT('',(0.00294773803160079,0.0358079939205943,-0.008));
#8301=CARTESIAN_POINT('',(0.00408071891388307,0.0368071891388307,-0.008));
#8302=CARTESIAN_POINT('',(0.00368482088013275,0.0364580398915499,-0.008));
#8303=CARTESIAN_POINT('',(-2.27682456221956E-17,0.033875,-0.008));
#8304=CARTESIAN_POINT('',(0.00401219782542358,0.0338257571358847,0.0005));
#8305=CARTESIAN_POINT('',(0.00499962345847176,0.0338136381755573,0.));
#8306=CARTESIAN_POINT('',(0.00478445848349159,0.0338162789575143,0.));
#8307=CARTESIAN_POINT('',(0.00478445848349159,0.0338162789575143,0.));
#8308=CARTESIAN_POINT('',(0.00478445848349159,0.0338162789575143,-0.002));
#8309=CARTESIAN_POINT('',(0.00401219782542358,0.0338257571358847,-0.002));
#8310=CARTESIAN_POINT('',(0.,0.013,0.0005));
#8311=CARTESIAN_POINT('',(0.00303090837481968,0.0343378384420593,0.0005));
#8312=CARTESIAN_POINT('',(0.,0.013,-0.0025));
#8313=CARTESIAN_POINT('',(0.000262302506587809,0.0343718183424756,-0.0025));
#8314=CARTESIAN_POINT('',(-0.00401219782542358,0.0338257571358847,0.0005));
#8315=CARTESIAN_POINT('',(-0.00401219782542358,0.0338257571358847,-0.002));
#8316=CARTESIAN_POINT('',(-0.00478445848349158,0.0338162789575143,-0.002));
#8317=CARTESIAN_POINT('',(-0.00478445848349158,0.0338162789575143,-0.002));
#8318=CARTESIAN_POINT('',(-0.00478445848349157,0.0338162789575143,0.));
#8319=CARTESIAN_POINT('',(-0.00302477219237541,0.0338378760962122,0.));
#8320=CARTESIAN_POINT('',(0.,0.013,0.0005));
#8321=CARTESIAN_POINT('',(-0.00500575964091603,0.0343136005214044,0.0005));
#8322=CARTESIAN_POINT('',(0.,0.013,-0.0025));
#8323=CARTESIAN_POINT('',(-0.000262302506587884,0.0343718183424756,-0.0025));
#8324=CARTESIAN_POINT('',(-0.00401833400786785,0.0343257194817319,-0.002));
#8325=CARTESIAN_POINT('',(-0.00463043333752545,0.0339160342581308,-0.0022971219247749));
#8326=CARTESIAN_POINT('',(-0.00471802897286385,0.0338648477418205,-0.00222930324640015));
#8327=CARTESIAN_POINT('',(-0.00478445848349158,0.0338162789575143,-0.00212276595413022));
#8328=CARTESIAN_POINT('',(-0.00478445848349158,0.0338162789575143,-0.002));
#8329=CARTESIAN_POINT('',(-0.000262302506587884,0.0343718183424756,0.));
#8330=CARTESIAN_POINT('',(-0.00478445848349157,0.0338162789575143,0.));
#8331=CARTESIAN_POINT('',(-0.00478445848349157,0.0338162789575143,0.000122780131905934));
#8332=CARTESIAN_POINT('',(-0.00471804824633235,0.0338648364793677,0.000229288324410549));
#8333=CARTESIAN_POINT('',(-0.00463043333752545,0.0339160342581308,0.000297121924774907));
#8334=CARTESIAN_POINT('',(0.00401833400786785,0.0343257194817319,-0.002));
#8335=CARTESIAN_POINT('',(0.00478445848349159,0.0338162789575143,-0.002));
#8336=CARTESIAN_POINT('',(0.00478445848349159,0.0338162789575143,-0.00212278013190594));
#8337=CARTESIAN_POINT('',(0.00471804824633236,0.0338648364793677,-0.00222928832441054));
#8338=CARTESIAN_POINT('',(0.00463043333752546,0.0339160342581308,-0.0022971219247749));
#8339=CARTESIAN_POINT('',(0.000262302506587809,0.0343718183424756,0.));
#8340=CARTESIAN_POINT('',(0.00463043333752546,0.0339160342581308,0.000297121924774907));
#8341=CARTESIAN_POINT('',(0.00471802897286387,0.0338648477418205,0.000229303246400161));
#8342=CARTESIAN_POINT('',(0.00478445848349159,0.0338162789575143,0.000122765954130222));
#8343=CARTESIAN_POINT('',(0.00478445848349159,0.0338162789575143,1.97473554164319E-18));
#8344=CARTESIAN_POINT('',(-0.00500882773213818,0.034563581694328,-0.0075));
#8345=CARTESIAN_POINT('',(-0.00490248268171842,0.0337250731384802,-0.00779352592914058));
#8346=CARTESIAN_POINT('',(-0.00480147785287251,0.0336387759053006,-0.00792910965190448));
#8347=CARTESIAN_POINT('',(-0.00464277052067964,0.0335255612786243,-0.008));
#8348=CARTESIAN_POINT('',(-0.00447812496682676,0.0334318332351328,-0.008));
#8349=CARTESIAN_POINT('',(-0.0049024826817159,0.0337250731384819,-0.00779352592913965));
#8350=CARTESIAN_POINT('',(-0.0049024826817159,0.0337250731384819,-0.00779352592913965));
#8351=CARTESIAN_POINT('',(-0.00481086315569179,0.0338014967765281,-0.00770487103442794));
#8352=CARTESIAN_POINT('',(-0.00472261819161961,0.0338621660314845,-0.00760222367208363));
#8353=CARTESIAN_POINT('',(-0.00463043333752551,0.0339160342581309,-0.0075));
#8354=CARTESIAN_POINT('',(-0.0047975945995002,0.0352832208842531,-0.0075));
#8355=CARTESIAN_POINT('',(-0.0047975945995002,0.0352832208842531,-0.00765204546541692));
#8356=CARTESIAN_POINT('',(-0.00462360100638829,0.0353801140652534,-0.00791544600323599));
#8357=CARTESIAN_POINT('',(-0.00433731643203014,0.0354740181015982,-0.008));
#8358=CARTESIAN_POINT('',(-0.00419241301447845,0.0355101370327993,-0.008));
#8359=CARTESIAN_POINT('',(-1.08637057683047E-16,0.033875,-0.0075));
#8360=CARTESIAN_POINT('',(-0.00375,0.0371821891388307,-0.0075));
#8361=CARTESIAN_POINT('',(-0.00375,0.0371821891388307,-0.00766457103957174));
#8362=CARTESIAN_POINT('',(-0.00373561130111231,0.0369450225859653,-0.00793975834596272));
#8363=CARTESIAN_POINT('',(-0.00370388667843917,0.0366186595003537,-0.00799999999999999));
#8364=CARTESIAN_POINT('',(-0.00368482088013275,0.0364580398915499,-0.008));
#8365=CARTESIAN_POINT('',(-1.30104260698261E-17,0.033875,-0.0075));
#8366=CARTESIAN_POINT('',(0.00490248268171842,0.0337250731384802,-0.00779352592914055));
#8367=CARTESIAN_POINT('',(0.00480147785287251,0.0336387759053006,-0.00792910965190447));
#8368=CARTESIAN_POINT('',(0.00464277052068052,0.0335255612786228,-0.00799999999999999));
#8369=CARTESIAN_POINT('',(0.00447812496682673,0.0334318332351328,-0.008));
#8370=CARTESIAN_POINT('',(0.00490248268171589,0.0337250731384819,-0.00779352592913963));
#8371=CARTESIAN_POINT('',(0.00490248268171589,0.0337250731384819,-0.00779352592913963));
#8372=CARTESIAN_POINT('',(0.00495944996026029,0.0336775543740342,-0.00771300124196406));
#8373=CARTESIAN_POINT('',(0.00499462717937241,0.033643268821532,-0.00760989379422281));
#8374=CARTESIAN_POINT('',(0.00499462717937241,0.033643268821532,-0.0075));
#8375=CARTESIAN_POINT('',(-0.00499462717937243,0.033643268821532,-0.0075));
#8376=CARTESIAN_POINT('',(-0.00499462717937243,0.033643268821532,-0.0076096966371519));
#8377=CARTESIAN_POINT('',(-0.00495939763245055,0.0336775980228257,-0.00771307520864502));
#8378=CARTESIAN_POINT('',(-0.00490248268171594,0.0337250731384819,-0.00779352592913968));
#8379=CARTESIAN_POINT('',(0.0100249170770807,0.0243671875000002,-0.0075));
#8380=CARTESIAN_POINT('',(-0.00226875,0.0358758494289926,-0.0075));
#8381=CARTESIAN_POINT('',(-0.00226875,0.0358758494289926,-0.00765743646800738));
#8382=CARTESIAN_POINT('',(-0.00248415795928252,0.0358629135557399,-0.0079258254818098));
#8383=CARTESIAN_POINT('',(-0.00279442725891335,0.0358286016295247,-0.00800000000000003));
#8384=CARTESIAN_POINT('',(-0.00294773803160078,0.0358079939205943,-0.008));
#8385=CARTESIAN_POINT('',(0.00500882773213818,0.034563581694328,-0.0075));
#8386=CARTESIAN_POINT('',(0.00490248268171589,0.0337250731384819,-0.00779352592913963));
#8387=CARTESIAN_POINT('',(0.00481086315569179,0.0338014967765281,-0.00770487103442792));
#8388=CARTESIAN_POINT('',(0.00472261819162187,0.033862166031483,-0.00760222367208081));
#8389=CARTESIAN_POINT('',(0.00463043333752546,0.0339160342581308,-0.0075));
#8390=CARTESIAN_POINT('',(0.0047975945995002,0.0352832208842531,-0.0075));
#8391=CARTESIAN_POINT('',(0.0047975945995002,0.0352832208842531,-0.0076520454654169));
#8392=CARTESIAN_POINT('',(0.0046236010063883,0.0353801140652533,-0.00791544600323602));
#8393=CARTESIAN_POINT('',(0.00433731643203015,0.0354740181015981,-0.00799999999999999));
#8394=CARTESIAN_POINT('',(0.00419241301447846,0.0355101370327993,-0.008));
#8395=CARTESIAN_POINT('',(1.30104260698261E-17,0.033875,-0.0075));
#8396=CARTESIAN_POINT('',(0.00226875,0.0358758494289926,-0.0075));
#8397=CARTESIAN_POINT('',(0.00226875,0.0358758494289926,-0.00765743646800741));
#8398=CARTESIAN_POINT('',(0.00248415795928254,0.035862913555739,-0.00792582548180978));
#8399=CARTESIAN_POINT('',(0.00279442725891357,0.0358286016295263,-0.008));
#8400=CARTESIAN_POINT('',(0.0029477380316008,0.0358079939205942,-0.008));
#8401=CARTESIAN_POINT('',(-2.27682456221956E-17,0.033875,-0.0075));
#8402=CARTESIAN_POINT('',(0.00375,0.0371821891388308,-0.0075));
#8403=CARTESIAN_POINT('',(0.00375,0.0371821891388308,-0.00766457103957173));
#8404=CARTESIAN_POINT('',(0.00373561130111239,0.0369450225859653,-0.00793975834596264));
#8405=CARTESIAN_POINT('',(0.00370388667843935,0.0366186595003537,-0.00800000000000002));
#8406=CARTESIAN_POINT('',(0.00368482088013275,0.0364580398915499,-0.008));
#8407=CARTESIAN_POINT('',(-0.0100249170770807,0.0243671874999998,-0.0075));
#8408=CARTESIAN_POINT('',(-0.00500882773213818,0.034563581694328,0.0055));
#8409=CARTESIAN_POINT('',(-0.0049024826817159,0.0337250731384819,0.00579352592913965));
#8410=CARTESIAN_POINT('',(-0.00481086315569239,0.0338014967765276,0.00570487103442852));
#8411=CARTESIAN_POINT('',(-0.00472261819161917,0.0338621660314846,0.00560222367208268));
#8412=CARTESIAN_POINT('',(-0.00463043333752545,0.0339160342581308,0.0055));
#8413=CARTESIAN_POINT('',(-0.00490248268171842,0.0337250731384802,0.00579352592914057));
#8414=CARTESIAN_POINT('',(-0.00490248268171842,0.0337250731384802,0.00579352592914058));
#8415=CARTESIAN_POINT('',(-0.00480147785287251,0.0336387759053006,0.00592910965190448));
#8416=CARTESIAN_POINT('',(-0.00464277052067969,0.0335255612786242,0.00600000000000001));
#8417=CARTESIAN_POINT('',(-0.00447812496682676,0.0334318332351328,0.006));
#8418=CARTESIAN_POINT('',(-0.0047975945995002,0.0352832208842531,0.0055));
#8419=CARTESIAN_POINT('',(-0.0047975945995002,0.0352832208842531,0.00565204546541692));
#8420=CARTESIAN_POINT('',(-0.00462360100638829,0.0353801140652534,0.005915446003236));
#8421=CARTESIAN_POINT('',(-0.00433731643203014,0.0354740181015982,0.00599999999999999));
#8422=CARTESIAN_POINT('',(-0.00419241301447845,0.0355101370327993,0.006));
#8423=CARTESIAN_POINT('',(-1.08637057683047E-16,0.033875,0.0055));
#8424=CARTESIAN_POINT('',(-0.00375,0.0371821891388307,0.0055));
#8425=CARTESIAN_POINT('',(-0.00375,0.0371821891388307,0.00566457103957173));
#8426=CARTESIAN_POINT('',(-0.00373561130111245,0.0369450225859653,0.00593975834596269));
#8427=CARTESIAN_POINT('',(-0.00370388667843899,0.0366186595003537,0.006));
#8428=CARTESIAN_POINT('',(-0.00368482088013275,0.0364580398915499,0.006));
#8429=CARTESIAN_POINT('',(-1.30104260698261E-17,0.033875,0.0055));
#8430=CARTESIAN_POINT('',(0.00499462717937241,0.033643268821532,0.0055));
#8431=CARTESIAN_POINT('',(0.00499462717937241,0.033643268821532,0.00560969663715147));
#8432=CARTESIAN_POINT('',(0.00495939763245031,0.0336775980228259,0.00571307520864531));
#8433=CARTESIAN_POINT('',(0.00490248268171593,0.0337250731384819,0.00579352592913966));
#8434=CARTESIAN_POINT('',(0.00490248268171841,0.0337250731384802,0.00579352592914055));
#8435=CARTESIAN_POINT('',(0.00490248268171843,0.0337250731384802,0.00579352592914054));
#8436=CARTESIAN_POINT('',(0.00480147785287252,0.0336387759053006,0.00592910965190446));
#8437=CARTESIAN_POINT('',(0.00464277052068053,0.0335255612786228,0.006));
#8438=CARTESIAN_POINT('',(0.00447812496682673,0.0334318332351328,0.006));
#8439=CARTESIAN_POINT('',(-0.0049024826817159,0.0337250731384819,0.00579352592913965));
#8440=CARTESIAN_POINT('',(-0.00495944996026014,0.0336775543740343,0.00571300124196431));
#8441=CARTESIAN_POINT('',(-0.00499462717937243,0.033643268821532,0.0056098937942225));
#8442=CARTESIAN_POINT('',(-0.00499462717937243,0.033643268821532,0.0055));
#8443=CARTESIAN_POINT('',(-0.003340093913883,0.0361540192839116,0.0055));
#8444=CARTESIAN_POINT('',(-0.00226875,0.0358758494289926,0.0055));
#8445=CARTESIAN_POINT('',(-0.00226875,0.0358758494289926,0.00565743646800738));
#8446=CARTESIAN_POINT('',(-0.00248415795928255,0.0358629135557399,0.0059258254818098));
#8447=CARTESIAN_POINT('',(-0.00279442725891334,0.0358286016295247,0.00600000000000001));
#8448=CARTESIAN_POINT('',(-0.00294773803160077,0.0358079939205943,0.006));
#8449=CARTESIAN_POINT('',(0.00500882773213818,0.034563581694328,0.0055));
#8450=CARTESIAN_POINT('',(0.00490248268171589,0.0337250731384819,0.00579352592913963));
#8451=CARTESIAN_POINT('',(0.00481086315569238,0.0338014967765276,0.00570487103442849));
#8452=CARTESIAN_POINT('',(0.00472261819162134,0.0338621660314834,0.00560222367208013));
#8453=CARTESIAN_POINT('',(0.00463043333752552,0.0339160342581309,0.0055));
#8454=CARTESIAN_POINT('',(0.0047975945995002,0.0352832208842531,0.0055));
#8455=CARTESIAN_POINT('',(0.0047975945995002,0.0352832208842531,0.0056520454654169));
#8456=CARTESIAN_POINT('',(0.0046236010063883,0.0353801140652533,0.00591544600323601));
#8457=CARTESIAN_POINT('',(0.00433731643203015,0.0354740181015981,0.006));
#8458=CARTESIAN_POINT('',(0.00419241301447846,0.0355101370327993,0.006));
#8459=CARTESIAN_POINT('',(1.30104260698261E-17,0.033875,0.0055));
#8460=CARTESIAN_POINT('',(0.00226875,0.0358758494289926,0.0055));
#8461=CARTESIAN_POINT('',(0.00226875,0.0358758494289926,0.0056574364680074));
#8462=CARTESIAN_POINT('',(0.00248415795928261,0.0358629135557399,0.0059258254818098));
#8463=CARTESIAN_POINT('',(0.00279442725891336,0.0358286016295246,0.00600000000000001));
#8464=CARTESIAN_POINT('',(0.0029477380316008,0.0358079939205942,0.006));
#8465=CARTESIAN_POINT('',(-2.27682456221956E-17,0.033875,0.0055));
#8466=CARTESIAN_POINT('',(0.00375,0.0371821891388308,0.0055));
#8467=CARTESIAN_POINT('',(0.00375,0.0371821891388308,0.00566457103957173));
#8468=CARTESIAN_POINT('',(0.0037356113011124,0.0369450225859653,0.00593975834596269));
#8469=CARTESIAN_POINT('',(0.00370388667843916,0.0366186595003537,0.00599999999999999));
#8470=CARTESIAN_POINT('',(0.00368482088013275,0.0364580398915499,0.006));
#8471=CARTESIAN_POINT('',(0.00334009391388314,0.0361540192839118,0.0055));
#8472=CARTESIAN_POINT('',(0.00362138161855814,0.0321892410949381,0.0005));
#8473=CARTESIAN_POINT('',(-0.00362138161855814,0.0321892410949381,0.0005));
#8474=CARTESIAN_POINT('',(-0.00291080701574476,0.0275089020964887,0.006));
#8475=CARTESIAN_POINT('',(0.00291080701574476,0.0275089020964887,0.006));
#8476=CARTESIAN_POINT('',(0.,0.014875,0.0025));
#8477=CARTESIAN_POINT('',(0.,0.014875,0.0025));
#8478=CARTESIAN_POINT('',(0.013625,-0.008375,0.01435));
#8479=CARTESIAN_POINT('',(0.010375,-0.008375,0.0166));
#8480=CARTESIAN_POINT('',(0.013625,-0.008375,0.0111));
#8481=CARTESIAN_POINT('',(0.013625,-0.006375,0.0111));
#8482=CARTESIAN_POINT('',(0.013625,-0.006375,0.0091));
#8483=CARTESIAN_POINT('',(0.013625,-0.0051375,0.0091));
#8484=CARTESIAN_POINT('',(0.013625,-0.0039,0.0091));
#8485=CARTESIAN_POINT('',(0.013625,-0.0039,0.0111));
#8486=CARTESIAN_POINT('',(0.013625,0.0039,0.0111));
#8487=CARTESIAN_POINT('',(0.013625,0.0039,0.0091));
#8488=CARTESIAN_POINT('',(0.013625,0.0089,0.0111));
#8489=CARTESIAN_POINT('',(0.013625,0.0109,0.0111));
#8490=CARTESIAN_POINT('',(0.013625,0.0089,0.0091));
#8491=CARTESIAN_POINT('',(0.013625,0.0109,0.01435));
#8492=CARTESIAN_POINT('',(-0.011375,0.0109,0.0166));
#8493=CARTESIAN_POINT('',(0.013625,0.0064,0.0091));
#8494=CARTESIAN_POINT('',(0.013625,0.0064,0.0091));
#8495=CARTESIAN_POINT('',(0.013625,0.0089,0.0091));
#8496=CARTESIAN_POINT('',(0.013625,0.0039,0.0091));
#8497=CARTESIAN_POINT('',(0.013625,0.0039,0.0111));
#8498=CARTESIAN_POINT('',(0.013625,0.0109,0.01435));
#8499=CARTESIAN_POINT('',(0.0049,0.0109,0.0166));
#8500=CARTESIAN_POINT('',(0.013625,0.0109,0.0111));
#8501=CARTESIAN_POINT('',(0.013625,0.0089,0.0111));
#8502=CARTESIAN_POINT('',(0.013625,0.006875,-0.0135));
#8503=CARTESIAN_POINT('',(0.013625,0.007,-0.0235));
#8504=CARTESIAN_POINT('',(0.013625,0.007,-0.022));
#8505=CARTESIAN_POINT('',(0.013625,0.002,-0.022));
#8506=CARTESIAN_POINT('',(0.013625,0.002,-0.017));
#8507=CARTESIAN_POINT('',(0.013625,1.19999075401308E-18,-0.017));
#8508=CARTESIAN_POINT('',(0.013625,-0.002,-0.017));
#8509=CARTESIAN_POINT('',(0.013625,-0.002,-0.022));
#8510=CARTESIAN_POINT('',(0.013625,-0.007,-0.022));
#8511=CARTESIAN_POINT('',(0.013625,-0.007,-0.0235));
#8512=CARTESIAN_POINT('',(0.013625,-0.005375,-0.007));
#8513=CARTESIAN_POINT('',(0.013625,-0.005375,-0.01));
#8514=CARTESIAN_POINT('',(0.013625,-0.008375,-0.007));
#8515=CARTESIAN_POINT('',(0.013625,-0.001375,-0.01));
#8516=CARTESIAN_POINT('',(0.013625,0.002625,-0.01));
#8517=CARTESIAN_POINT('',(0.013625,0.002625,-0.007));
#8518=CARTESIAN_POINT('',(0.013625,0.005625,-0.007));
#8519=CARTESIAN_POINT('',(0.013625,0.005625,-0.002));
#8520=CARTESIAN_POINT('',(0.013625,0.005625,0.003));
#8521=CARTESIAN_POINT('',(0.013625,0.002625,0.003));
#8522=CARTESIAN_POINT('',(0.013625,0.002625,0.006));
#8523=CARTESIAN_POINT('',(0.013625,-0.001375,0.006));
#8524=CARTESIAN_POINT('',(0.013625,-0.005375,0.006));
#8525=CARTESIAN_POINT('',(0.013625,-0.005375,0.003));
#8526=CARTESIAN_POINT('',(0.013625,-0.008375,0.003));
#8527=CARTESIAN_POINT('',(0.013625,-0.008375,-0.002));
#8528=CARTESIAN_POINT('',(0.006375,-0.008375,-0.0055));
#8529=CARTESIAN_POINT('',(0.006375,-0.008375,-0.0025));
#8530=CARTESIAN_POINT('',(-1.7347234759768E-18,-0.008375,-0.0025));
#8531=CARTESIAN_POINT('',(-0.006375,-0.008375,-0.0025));
#8532=CARTESIAN_POINT('',(-0.006375,-0.008375,-0.0055));
#8533=CARTESIAN_POINT('',(0.013625,-0.008375,-0.007));
#8534=CARTESIAN_POINT('',(0.013625,-0.008375,0.003));
#8535=CARTESIAN_POINT('',(0.013625,0.006875,-0.0135));
#8536=CARTESIAN_POINT('',(0.013625,-0.007,-0.0235));
#8537=CARTESIAN_POINT('',(0.013625,-0.007,-0.022));
#8538=CARTESIAN_POINT('',(0.013625,-0.002,-0.022));
#8539=CARTESIAN_POINT('',(0.013625,-0.002,-0.017));
#8540=CARTESIAN_POINT('',(0.013625,1.19999075401308E-18,-0.017));
#8541=CARTESIAN_POINT('',(0.013625,0.002,-0.017));
#8542=CARTESIAN_POINT('',(0.013625,0.002,-0.022));
#8543=CARTESIAN_POINT('',(0.013625,0.007,-0.022));
#8544=CARTESIAN_POINT('',(0.013625,0.007,-0.0235));
#8545=CARTESIAN_POINT('',(0.013625,-0.005375,0.003));
#8546=CARTESIAN_POINT('',(0.013625,-0.005375,0.006));
#8547=CARTESIAN_POINT('',(0.013625,-0.001375,0.006));
#8548=CARTESIAN_POINT('',(0.013625,0.002625,0.006));
#8549=CARTESIAN_POINT('',(0.013625,0.002625,0.003));
#8550=CARTESIAN_POINT('',(0.013625,0.005625,0.003));
#8551=CARTESIAN_POINT('',(0.013625,0.005625,-0.002));
#8552=CARTESIAN_POINT('',(0.013625,0.005625,-0.007));
#8553=CARTESIAN_POINT('',(0.013625,0.002625,-0.007));
#8554=CARTESIAN_POINT('',(0.013625,0.002625,-0.01));
#8555=CARTESIAN_POINT('',(0.013625,-0.001375,-0.01));
#8556=CARTESIAN_POINT('',(0.013625,-0.005375,-0.01));
#8557=CARTESIAN_POINT('',(0.013625,-0.005375,-0.007));
#8558=CARTESIAN_POINT('',(0.013625,-0.0039,0.0111));
#8559=CARTESIAN_POINT('',(0.013625,-0.0039,0.0091));
#8560=CARTESIAN_POINT('',(0.013625,-0.0051375,0.0091));
#8561=CARTESIAN_POINT('',(0.013625,-0.006375,0.0091));
#8562=CARTESIAN_POINT('',(0.013625,-0.006375,0.0111));
#8563=CARTESIAN_POINT('',(0.013625,-0.008375,0.0111));
#8564=CARTESIAN_POINT('',(0.013625,-0.008375,0.01435));
#8565=CARTESIAN_POINT('',(-0.010375,-0.008375,0.0166));
#8566=CARTESIAN_POINT('',(0.,0.013,-0.0025));
#8567=CARTESIAN_POINT('',(0.006375,0.013,-0.0025));
#8568=CARTESIAN_POINT('',(0.006375,-0.011875,-0.0025));
#8569=CARTESIAN_POINT('',(0.,-0.011875,-0.0025));
#8570=CARTESIAN_POINT('',(-0.006375,-0.011875,-0.0025));
#8571=CARTESIAN_POINT('',(-0.006375,0.013,-0.0025));
#8572=CARTESIAN_POINT('',(0.006375,0.007875,-0.0055));
#8573=CARTESIAN_POINT('',(0.006375,-0.011875,-0.0055));
#8574=CARTESIAN_POINT('',(-0.006375,0.013,-0.0055));
#8575=CARTESIAN_POINT('',(-0.006375,-0.011875,-0.0055));
#8576=CARTESIAN_POINT('',(0.,-0.007875,0.003));
#8577=CARTESIAN_POINT('',(0.010375,-0.011875,0.003));
#8578=CARTESIAN_POINT('',(-0.009375,-0.011875,0.003));
#8579=CARTESIAN_POINT('',(-0.010375,-0.011875,0.003));
#8580=CARTESIAN_POINT('',(0.0045,0.004875,-0.002));
#8581=CARTESIAN_POINT('',(-0.0045,0.004875,-0.002));
#8582=CARTESIAN_POINT('',(-0.0045,0.00558210678118655,-0.00270710678118654));
#8583=CARTESIAN_POINT('',(0.0045,0.00558210678118655,-0.00270710678118654));
#8584=CARTESIAN_POINT('',(0.0045,0.00558210678118655,-0.00270710678118654));
#8585=CARTESIAN_POINT('',(0.0045,0.004875,-0.002));
#8586=CARTESIAN_POINT('',(0.0045,0.0029375,-0.0053517135623731));
#8587=CARTESIAN_POINT('',(-0.0045,0.0029375,-0.0053517135623731));
#8588=CARTESIAN_POINT('',(-0.0045,0.000292893218813454,-0.00799632034355965));
#8589=CARTESIAN_POINT('',(0.0045,0.000292893218813454,-0.00799632034355965));
#8590=CARTESIAN_POINT('',(0.0045,0.000292893218813454,-0.00799632034355965));
#8591=CARTESIAN_POINT('',(0.0045,0.0029375,-0.0053517135623731));
#8592=CARTESIAN_POINT('',(0.0045,0.001,-0.00870342712474619));
#8593=CARTESIAN_POINT('',(-0.0045,0.001,-0.00870342712474619));
#8594=CARTESIAN_POINT('',(-0.0045,0.,-0.00870342712474619));
#8595=CARTESIAN_POINT('',(0.0045,0.,-0.00870342712474619));
#8596=CARTESIAN_POINT('',(0.0045,0.,-0.00870342712474619));
#8597=CARTESIAN_POINT('',(0.0045,0.001,-0.00870342712474619));
#8598=CARTESIAN_POINT('',(0.0045,0.,-0.0113517135623731));
#8599=CARTESIAN_POINT('',(-0.0045,0.,-0.0113517135623731));
#8600=CARTESIAN_POINT('',(-0.0045,0.,-0.014));
#8601=CARTESIAN_POINT('',(0.0045,0.,-0.014));
#8602=CARTESIAN_POINT('',(0.0045,0.,-0.014));
#8603=CARTESIAN_POINT('',(0.0045,0.,-0.0113517135623731));
#8604=CARTESIAN_POINT('',(0.0045,0.001,-0.014));
#8605=CARTESIAN_POINT('',(-0.0045,0.001,-0.014));
#8606=CARTESIAN_POINT('',(-0.0045,0.002,-0.014));
#8607=CARTESIAN_POINT('',(0.0045,0.002,-0.014));
#8608=CARTESIAN_POINT('',(0.0045,0.002,-0.014));
#8609=CARTESIAN_POINT('',(0.0045,0.001,-0.014));
#8610=CARTESIAN_POINT('',(0.0045,0.002,-0.0117659271247462));
#8611=CARTESIAN_POINT('',(-0.0045,0.002,-0.0117659271247462));
#8612=CARTESIAN_POINT('',(-0.0045,0.002,-0.00953185424949238));
#8613=CARTESIAN_POINT('',(0.0045,0.002,-0.00953185424949238));
#8614=CARTESIAN_POINT('',(0.0045,0.002,-0.00953185424949238));
#8615=CARTESIAN_POINT('',(0.0045,0.002,-0.0117659271247462));
#8616=CARTESIAN_POINT('',(0.0045,0.003,-0.00953185424949238));
#8617=CARTESIAN_POINT('',(-0.0045,0.003,-0.00953185424949238));
#8618=CARTESIAN_POINT('',(-0.0045,0.00229289321881346,-0.00882474746830584));
#8619=CARTESIAN_POINT('',(0.0045,0.00229289321881346,-0.00882474746830584));
#8620=CARTESIAN_POINT('',(0.0045,0.00229289321881346,-0.00882474746830584));
#8621=CARTESIAN_POINT('',(0.0045,0.003,-0.00953185424949238));
#8622=CARTESIAN_POINT('',(0.0045,0.0049375,-0.00618014068711929));
#8623=CARTESIAN_POINT('',(-0.0045,0.0049375,-0.00618014068711929));
#8624=CARTESIAN_POINT('',(-0.0045,0.00758210678118655,-0.00353553390593274));
#8625=CARTESIAN_POINT('',(0.0045,0.00758210678118655,-0.00353553390593274));
#8626=CARTESIAN_POINT('',(0.0045,0.00758210678118655,-0.00353553390593274));
#8627=CARTESIAN_POINT('',(0.0045,0.0049375,-0.00618014068711929));
#8628=CARTESIAN_POINT('',(0.0045,0.006875,-0.00282842712474619));
#8629=CARTESIAN_POINT('',(-0.0045,0.006875,-0.00282842712474619));
#8630=CARTESIAN_POINT('',(-0.0045,0.007875,-0.00282842712474619));
#8631=CARTESIAN_POINT('',(0.0045,0.007875,-0.00282842712474619));
#8632=CARTESIAN_POINT('',(0.0045,0.007875,-0.00282842712474619));
#8633=CARTESIAN_POINT('',(0.0045,0.006875,-0.00282842712474619));
#8634=CARTESIAN_POINT('',(0.0045,0.007875,-0.00141421356237309));
#8635=CARTESIAN_POINT('',(-0.0045,0.007875,-0.00141421356237309));
#8636=CARTESIAN_POINT('',(-0.0045,0.007875,-0.001));
#8637=CARTESIAN_POINT('',(0.0045,0.007875,-0.001));
#8638=CARTESIAN_POINT('',(0.0045,0.007875,-0.001));
#8639=CARTESIAN_POINT('',(0.0045,0.007875,-0.00141421356237309));
#8640=CARTESIAN_POINT('',(0.0045,0.0039375,-0.007));
#8641=CARTESIAN_POINT('',(0.0045,0.0039375,-0.001));
#8642=CARTESIAN_POINT('',(-0.0045,0.0039375,-0.007));
#8643=CARTESIAN_POINT('',(-0.0045,0.007875,-0.001));
#8644=CARTESIAN_POINT('',(0.010375,0.007875,0.0166));
#8645=CARTESIAN_POINT('',(-0.010375,-0.010375,0.0166));
#8646=CARTESIAN_POINT('',(0.013625,0.0119,0.0166));
#8647=CARTESIAN_POINT('',(0.013625,0.0119,0.0166));
#8648=CARTESIAN_POINT('',(0.,-0.011875,0.002));
#8649=CARTESIAN_POINT('',(0.0055,0.0039375,-0.001));
#8650=CARTESIAN_POINT('',(0.0055,0.008875,-0.001));
#8651=CARTESIAN_POINT('',(0.,0.008875,-0.001));
#8652=CARTESIAN_POINT('',(-0.0055,0.008875,-0.001));
#8653=CARTESIAN_POINT('',(-0.0055,0.013,-0.001));
#8654=CARTESIAN_POINT('',(-0.010375,-0.010375,0.0166));
#8655=CARTESIAN_POINT('',(-0.010375,-0.011875,0.0166));
#8656=CARTESIAN_POINT('',(-0.010375,-0.011875,0.0176));
#8657=CARTESIAN_POINT('',(0.010375,0.007875,0.0166));
#8658=CARTESIAN_POINT('',(0.010375,-0.011875,0.0166));
#8659=CARTESIAN_POINT('',(0.010375,-0.011875,0.0176));
#8660=CARTESIAN_POINT('',(-0.010375,-0.011875,0.0176));
#8661=CARTESIAN_POINT('',(-0.010375,-0.011875,-0.0055));
#8662=CARTESIAN_POINT('',(-0.006375,-0.011875,-0.0055));
#8663=CARTESIAN_POINT('',(-0.006375,-0.011875,-0.0015));
#8664=CARTESIAN_POINT('',(-0.010375,-0.011875,-0.0015));
#8665=CARTESIAN_POINT('',(0.006375,-0.011875,-0.0015));
#8666=CARTESIAN_POINT('',(0.006375,-0.011875,-0.0055));
#8667=CARTESIAN_POINT('',(0.010375,-0.011875,-0.0055));
#8668=CARTESIAN_POINT('',(0.010375,-0.011875,0.0176));
#8669=CARTESIAN_POINT('',(0.0672091805319278,-0.014875,0.01123));
#8670=CARTESIAN_POINT('',(0.0672091805319278,-0.012875,0.01123));
#8671=CARTESIAN_POINT('',(0.0623659848939886,-0.012875,0.01123));
#8672=CARTESIAN_POINT('',(0.0740809312096238,-0.012875,0.01123));
#8673=CARTESIAN_POINT('',(0.0740809312096238,-0.012875,0.01123));
#8674=CARTESIAN_POINT('',(0.074345349453243,-0.012875,0.01123));
#8675=CARTESIAN_POINT('',(0.0748637710088127,-0.0130916377058809,0.01123));
#8676=CARTESIAN_POINT('',(0.0750832869338677,-0.0136105637502492,0.01123));
#8677=CARTESIAN_POINT('',(0.0750832869338677,-0.013875,0.01123));
#8678=CARTESIAN_POINT('',(0.0750832869338697,-0.013875,0.01123));
#8679=CARTESIAN_POINT('',(0.0750832869338697,-0.014875,0.01123));
#8680=CARTESIAN_POINT('',(0.0750832869338697,-0.015875,0.01123));
#8681=CARTESIAN_POINT('',(0.0672091805319278,-0.015875,0.01123));
#8682=CARTESIAN_POINT('',(0.0730782930884901,-0.015875,0.01123));
#8683=CARTESIAN_POINT('',(0.0730782930884908,-0.015875,0.01123));
#8684=CARTESIAN_POINT('',(0.0730782930884908,-0.0156104909554391,0.01123));
#8685=CARTESIAN_POINT('',(0.0728594966498818,-0.0150924563194369,0.01123));
#8686=CARTESIAN_POINT('',(0.0723398053478132,-0.0148750000000001,0.01123));
#8687=CARTESIAN_POINT('',(0.0720753184681083,-0.014875,0.01123));
#8688=CARTESIAN_POINT('',(0.0620663882313544,-0.012875,0.01123));
#8689=CARTESIAN_POINT('',(0.0620663882313544,-0.0128311248253523,0.01123));
#8690=CARTESIAN_POINT('',(0.0620663882313544,-0.0128311248253523,0.01123));
#8691=CARTESIAN_POINT('',(0.0621641125890452,-0.012860370801588,0.01123));
#8692=CARTESIAN_POINT('',(0.0622639775369353,-0.012875,0.01123));
#8693=CARTESIAN_POINT('',(0.0623659848939886,-0.012875,0.01123));
#8694=CARTESIAN_POINT('',(0.0672091805319278,-0.014875,0.01373));
#8695=CARTESIAN_POINT('',(0.0750832869338697,-0.014875,0.01373));
#8696=CARTESIAN_POINT('',(0.0750832869338697,-0.015875,0.01373));
#8697=CARTESIAN_POINT('',(0.0750832869338697,-0.013875,0.01373));
#8698=CARTESIAN_POINT('',(0.0750832869338677,-0.013875,0.0137299999999999));
#8699=CARTESIAN_POINT('',(0.0750832869338677,-0.0136105746066861,0.0137299999999999));
#8700=CARTESIAN_POINT('',(0.0748647918644016,-0.0130926443638037,0.0137300000000001));
#8701=CARTESIAN_POINT('',(0.074345339045015,-0.012875,0.01373));
#8702=CARTESIAN_POINT('',(0.0740809312096238,-0.012875,0.01373));
#8703=CARTESIAN_POINT('',(0.0740809312096238,-0.012875,0.01373));
#8704=CARTESIAN_POINT('',(0.0672091805319278,-0.012875,0.01373));
#8705=CARTESIAN_POINT('',(0.0623659848939886,-0.012875,0.01373));
#8706=CARTESIAN_POINT('',(0.0623659848939886,-0.012875,0.01373));
#8707=CARTESIAN_POINT('',(0.0622639775369353,-0.012875,0.01373));
#8708=CARTESIAN_POINT('',(0.0621641125890452,-0.012860370801588,0.01373));
#8709=CARTESIAN_POINT('',(0.0620663882313544,-0.0128311248253523,0.01373));
#8710=CARTESIAN_POINT('',(0.0620663882313544,-0.0128311248253523,0.01373));
#8711=CARTESIAN_POINT('',(0.0620663882313544,-0.014875,0.01373));
#8712=CARTESIAN_POINT('',(0.0720753184681083,-0.014875,0.01373));
#8713=CARTESIAN_POINT('',(0.0723398184158113,-0.0148750000000001,0.01373));
#8714=CARTESIAN_POINT('',(0.072858473054599,-0.0150914506235686,0.01373));
#8715=CARTESIAN_POINT('',(0.0730782930884908,-0.0156104772293022,0.01373));
#8716=CARTESIAN_POINT('',(0.0730782930884908,-0.015875,0.01373));
#8717=CARTESIAN_POINT('',(0.0730782930884901,-0.015875,0.01373));
#8718=CARTESIAN_POINT('',(0.0750832869338697,-0.015875,0.01373));
#8719=CARTESIAN_POINT('',(0.,-0.012875,0.01248));
#8720=CARTESIAN_POINT('',(0.056374999999999,-0.012875,0.0124800000000002));
#8721=CARTESIAN_POINT('',(0.056375,-0.012875,0.01248));
#8722=CARTESIAN_POINT('',(-0.0740807900111799,-0.014875,0.01373));
#8723=CARTESIAN_POINT('',(-0.0740807900111799,-0.012875,0.01373));
#8724=CARTESIAN_POINT('',(-0.0623659848939886,-0.012875,0.01373));
#8725=CARTESIAN_POINT('',(-0.0740809312096258,-0.012875,0.01373));
#8726=CARTESIAN_POINT('',(-0.0740809312096258,-0.012875,0.01373));
#8727=CARTESIAN_POINT('',(-0.074345349453245,-0.012875,0.01373));
#8728=CARTESIAN_POINT('',(-0.0748637710088146,-0.0130916377058808,0.01373));
#8729=CARTESIAN_POINT('',(-0.0750832869338697,-0.0136105637502492,0.01373));
#8730=CARTESIAN_POINT('',(-0.0750832869338697,-0.013875,0.01373));
#8731=CARTESIAN_POINT('',(-0.0750832869338697,-0.013875,0.01373));
#8732=CARTESIAN_POINT('',(-0.0750832869338697,-0.014875,0.01373));
#8733=CARTESIAN_POINT('',(-0.0750832869338697,-0.015875,0.01373));
#8734=CARTESIAN_POINT('',(-0.0740807900111799,-0.015875,0.01373));
#8735=CARTESIAN_POINT('',(-0.0730782930884901,-0.015875,0.01373));
#8736=CARTESIAN_POINT('',(-0.0730782930884906,-0.015875,0.01373));
#8737=CARTESIAN_POINT('',(-0.0730782930884906,-0.0156104909554391,0.01373));
#8738=CARTESIAN_POINT('',(-0.0728594966498817,-0.0150924563194368,0.01373));
#8739=CARTESIAN_POINT('',(-0.072339805347813,-0.0148750000000001,0.01373));
#8740=CARTESIAN_POINT('',(-0.0720753184681081,-0.014875,0.01373));
#8741=CARTESIAN_POINT('',(-0.0620663882313545,-0.014875,0.01373));
#8742=CARTESIAN_POINT('',(-0.0620663882313545,-0.0128311248253523,0.01373));
#8743=CARTESIAN_POINT('',(-0.0620663882313545,-0.0128311248253523,0.01373));
#8744=CARTESIAN_POINT('',(-0.0621641125890452,-0.012860370801588,0.01373));
#8745=CARTESIAN_POINT('',(-0.0622639775369353,-0.012875,0.01373));
#8746=CARTESIAN_POINT('',(-0.0623659848939886,-0.012875,0.01373));
#8747=CARTESIAN_POINT('',(-0.0740807900111799,-0.014875,0.01123));
#8748=CARTESIAN_POINT('',(-0.0750832869338697,-0.014875,0.01123));
#8749=CARTESIAN_POINT('',(-0.0750832869338697,-0.015875,0.01123));
#8750=CARTESIAN_POINT('',(-0.0750832869338697,-0.013875,0.01123));
#8751=CARTESIAN_POINT('',(-0.0750832869338697,-0.013875,0.01123));
#8752=CARTESIAN_POINT('',(-0.0750832869338697,-0.013610574606686,0.01123));
#8753=CARTESIAN_POINT('',(-0.0748647918644038,-0.0130926443638039,0.01123));
#8754=CARTESIAN_POINT('',(-0.0743453390450171,-0.012875,0.01123));
#8755=CARTESIAN_POINT('',(-0.0740809312096258,-0.012875,0.01123));
#8756=CARTESIAN_POINT('',(-0.0740809312096258,-0.012875,0.01123));
#8757=CARTESIAN_POINT('',(-0.0740807900111799,-0.012875,0.01123));
#8758=CARTESIAN_POINT('',(-0.0623659848939886,-0.012875,0.01123));
#8759=CARTESIAN_POINT('',(-0.0623659848939886,-0.012875,0.01123));
#8760=CARTESIAN_POINT('',(-0.0622639775369353,-0.012875,0.01123));
#8761=CARTESIAN_POINT('',(-0.0621641125890452,-0.012860370801588,0.01123));
#8762=CARTESIAN_POINT('',(-0.0620663882313545,-0.0128311248253523,0.01123));
#8763=CARTESIAN_POINT('',(-0.0620663882313545,-0.0128311248253523,0.01123));
#8764=CARTESIAN_POINT('',(-0.0620663882313545,-0.014875,0.01123));
#8765=CARTESIAN_POINT('',(-0.0720753184681081,-0.014875,0.01123));
#8766=CARTESIAN_POINT('',(-0.0723398184158111,-0.0148750000000001,0.01123));
#8767=CARTESIAN_POINT('',(-0.072858473054599,-0.0150914506235686,0.01123));
#8768=CARTESIAN_POINT('',(-0.0730782930884906,-0.0156104772293023,0.01123));
#8769=CARTESIAN_POINT('',(-0.0730782930884906,-0.015875,0.01123));
#8770=CARTESIAN_POINT('',(-0.0730782930884901,-0.015875,0.01123));
#8771=CARTESIAN_POINT('',(-0.0750832869338697,-0.015875,0.01123));
#8772=CARTESIAN_POINT('',(-0.056375,-0.014875,0.01248));
#8773=CARTESIAN_POINT('',(-0.056375,-0.013875,0.01248));
#8774=CARTESIAN_POINT('',(-0.0750832869338697,-0.015875,0.01123));
#8775=CARTESIAN_POINT('',(-0.0750832869338697,-0.0161397550264521,0.01123));
#8776=CARTESIAN_POINT('',(-0.0750704084700022,-0.0166584415683938,0.0110112011122395));
#8777=CARTESIAN_POINT('',(-0.0750212772446145,-0.016875,0.0104928102122211));
#8778=CARTESIAN_POINT('',(-0.0749895104689863,-0.016875,0.01023));
#8779=CARTESIAN_POINT('',(-0.0749895104689853,-0.016875,0.01023));
#8780=CARTESIAN_POINT('',(-0.056375,-0.016875,0.01248));
#8781=CARTESIAN_POINT('',(-0.0386519048978459,-0.016875,0.00636));
#8782=CARTESIAN_POINT('',(-0.0386519048978459,-0.016875,0.00636));
#8783=CARTESIAN_POINT('',(-0.038563575614921,-0.016875,0.00661579547084695));
#8784=CARTESIAN_POINT('',(-0.0384019108140139,-0.0166728841544341,0.00712686851793427));
#8785=CARTESIAN_POINT('',(-0.0383375916495741,-0.0161460257880244,0.00736));
#8786=CARTESIAN_POINT('',(-0.0383375916495741,-0.015875,0.00736));
#8787=CARTESIAN_POINT('',(-0.056375,-0.013875,0.01248));
#8788=CARTESIAN_POINT('',(-0.0378864062189684,-0.015875,0.00936));
#8789=CARTESIAN_POINT('',(-0.0378864062189684,-0.0161403827682078,0.00936));
#8790=CARTESIAN_POINT('',(-0.0378475616412646,-0.0166587298166074,0.0095798036879129));
#8791=CARTESIAN_POINT('',(-0.037775234312009,-0.016875,0.0100963876792948));
#8792=CARTESIAN_POINT('',(-0.0377452361797039,-0.016875,0.01036));
#8793=CARTESIAN_POINT('',(-0.0377452361797043,-0.016875,0.01036));
#8794=CARTESIAN_POINT('',(-0.056375,-0.016875,0.01248));
#8795=CARTESIAN_POINT('',(-0.0377452361797043,-0.016875,0.0146));
#8796=CARTESIAN_POINT('',(-0.0377452361797043,-0.016875,0.0146));
#8797=CARTESIAN_POINT('',(-0.0377752400586379,-0.016875,0.0148636628199179));
#8798=CARTESIAN_POINT('',(-0.0378474122732549,-0.0166596647873985,0.0153792101167152));
#8799=CARTESIAN_POINT('',(-0.037886406218968,-0.0161404274236079,0.0156));
#8800=CARTESIAN_POINT('',(-0.037886406218968,-0.015875,0.0156));
#8801=CARTESIAN_POINT('',(-0.056375,-0.013875,0.01248));
#8802=CARTESIAN_POINT('',(-0.0383375916495745,-0.015875,0.0176));
#8803=CARTESIAN_POINT('',(-0.0383375916495745,-0.0161457807861399,0.0176));
#8804=CARTESIAN_POINT('',(-0.0384015339610132,-0.0166718856091181,0.0178318960823541));
#8805=CARTESIAN_POINT('',(-0.0385636337858265,-0.016875,0.0183443729880579));
#8806=CARTESIAN_POINT('',(-0.0386519048978454,-0.016875,0.0186));
#8807=CARTESIAN_POINT('',(-0.0386519048978459,-0.016875,0.0186));
#8808=CARTESIAN_POINT('',(-0.056375,-0.016875,0.01248));
#8809=CARTESIAN_POINT('',(-0.0749895104689853,-0.016875,0.01473));
#8810=CARTESIAN_POINT('',(-0.0749895104689853,-0.016875,0.01473));
#8811=CARTESIAN_POINT('',(-0.0750212785328697,-0.016875,0.0144671791298861));
#8812=CARTESIAN_POINT('',(-0.0750703218827565,-0.0166594697190651,0.0139498443758596));
#8813=CARTESIAN_POINT('',(-0.0750832869338697,-0.0161397727988635,0.01373));
#8814=CARTESIAN_POINT('',(-0.0750832869338697,-0.015875,0.01373));
#8815=CARTESIAN_POINT('',(-0.056375,-0.018875,0.01248));
#8816=CARTESIAN_POINT('',(-0.056375,-0.018875,0.0312299999999995));
#8817=CARTESIAN_POINT('',(0.,-0.012875,0.01248));
#8818=CARTESIAN_POINT('',(-0.056375,-0.012875,0.01248));
#8819=CARTESIAN_POINT('',(-0.056375,-0.012875,0.01248));
#8820=CARTESIAN_POINT('',(-0.056375,-0.014875,0.01248));
#8821=CARTESIAN_POINT('',(-0.056375,-0.013875,0.01248));
#8822=CARTESIAN_POINT('',(-0.0404267054203278,-0.015875,0.00736));
#8823=CARTESIAN_POINT('',(-0.0404267054203278,-0.0161476523814021,0.00736));
#8824=CARTESIAN_POINT('',(-0.0405003048306696,-0.0166759767568161,0.00712404151315291));
#8825=CARTESIAN_POINT('',(-0.0406836140346899,-0.016875,0.00661339876371912));
#8826=CARTESIAN_POINT('',(-0.040783075808291,-0.016875,0.00636));
#8827=CARTESIAN_POINT('',(-0.040783075808291,-0.016875,0.00636));
#8828=CARTESIAN_POINT('',(-0.056375,-0.016875,0.01248));
#8829=CARTESIAN_POINT('',(-0.0729731926726983,-0.016875,0.01023));
#8830=CARTESIAN_POINT('',(-0.0729731926726983,-0.016875,0.01023));
#8831=CARTESIAN_POINT('',(-0.073008775423371,-0.016875,0.0104924930451064));
#8832=CARTESIAN_POINT('',(-0.0730637466863788,-0.0166599302923023,0.0110097717462182));
#8833=CARTESIAN_POINT('',(-0.0730782930884906,-0.0161399427208777,0.01123));
#8834=CARTESIAN_POINT('',(-0.0730782930884906,-0.015875,0.01123));
#8835=CARTESIAN_POINT('',(-0.056375,-0.015875,0.01248));
#8836=CARTESIAN_POINT('',(-0.0730782930884901,-0.015875,0.01373));
#8837=CARTESIAN_POINT('',(-0.0730782930884901,-0.0161399203941753,0.01373));
#8838=CARTESIAN_POINT('',(-0.0730638445882936,-0.0166588977190741,0.0139491739313743));
#8839=CARTESIAN_POINT('',(-0.0730087736234483,-0.016875,0.0144675202328773));
#8840=CARTESIAN_POINT('',(-0.0729731926726983,-0.016875,0.01473));
#8841=CARTESIAN_POINT('',(-0.0729731926726983,-0.016875,0.01473));
#8842=CARTESIAN_POINT('',(-0.056375,-0.016875,0.01248));
#8843=CARTESIAN_POINT('',(-0.040783075808291,-0.016875,0.0186));
#8844=CARTESIAN_POINT('',(-0.040783075808291,-0.016875,0.0186));
#8845=CARTESIAN_POINT('',(-0.0406835323208385,-0.016875,0.0183463930538992));
#8846=CARTESIAN_POINT('',(-0.0405007609849794,-0.0166769876170875,0.0178372757332793));
#8847=CARTESIAN_POINT('',(-0.0404267054203278,-0.0161479763889199,0.0176));
#8848=CARTESIAN_POINT('',(-0.0404267054203278,-0.015875,0.0176));
#8849=CARTESIAN_POINT('',(-0.056375,-0.013875,0.01248));
#8850=CARTESIAN_POINT('',(-0.0399181442857392,-0.015875,0.0156));
#8851=CARTESIAN_POINT('',(-0.0399181442857392,-0.0161407122891942,0.0156));
#8852=CARTESIAN_POINT('',(-0.0398743834225325,-0.0166592546619554,0.0153795655638013));
#8853=CARTESIAN_POINT('',(-0.0397933223312673,-0.016875,0.0148634896134481));
#8854=CARTESIAN_POINT('',(-0.0397597028314267,-0.016875,0.0146));
#8855=CARTESIAN_POINT('',(-0.0397597028314267,-0.016875,0.0146));
#8856=CARTESIAN_POINT('',(-0.056375,-0.016875,0.01248));
#8857=CARTESIAN_POINT('',(-0.0397597028314267,-0.016875,0.01036));
#8858=CARTESIAN_POINT('',(-0.0397597028314267,-0.016875,0.01036));
#8859=CARTESIAN_POINT('',(-0.0397933303711942,-0.016875,0.0100964473743938));
#8860=CARTESIAN_POINT('',(-0.0398742172954634,-0.0166601690993857,0.00958141319506315));
#8861=CARTESIAN_POINT('',(-0.0399181442857392,-0.0161407689050731,0.00936));
#8862=CARTESIAN_POINT('',(-0.0399181442857392,-0.015875,0.00936));
#8863=CARTESIAN_POINT('',(-0.056375,-0.018875,0.01248));
#8864=CARTESIAN_POINT('',(-0.056375,-0.018875,0.0292300000000002));
#8865=CARTESIAN_POINT('',(0.056374999999999,-0.014875,0.0124800000000002));
#8866=CARTESIAN_POINT('',(0.056374999999999,-0.013875,0.0124800000000002));
#8867=CARTESIAN_POINT('',(0.0750832869338697,-0.015875,0.01373));
#8868=CARTESIAN_POINT('',(0.0750832869338697,-0.016139755026452,0.01373));
#8869=CARTESIAN_POINT('',(0.0750704084699993,-0.0166584415683936,0.0139487988877603));
#8870=CARTESIAN_POINT('',(0.0750212772446125,-0.0168749999999999,0.0144671897877788));
#8871=CARTESIAN_POINT('',(0.0749895104689843,-0.016875,0.0147299999999998));
#8872=CARTESIAN_POINT('',(0.0749895104689863,-0.016875,0.01473));
#8873=CARTESIAN_POINT('',(0.056375,-0.016875,0.01248));
#8874=CARTESIAN_POINT('',(0.0386519048978459,-0.016875,0.0186));
#8875=CARTESIAN_POINT('',(0.0386519048978459,-0.016875,0.0186));
#8876=CARTESIAN_POINT('',(0.038563575614921,-0.016875,0.0183442045291531));
#8877=CARTESIAN_POINT('',(0.0384019108140137,-0.0166728841544341,0.0178331314820657));
#8878=CARTESIAN_POINT('',(0.0383375916495745,-0.0161460257880244,0.0176));
#8879=CARTESIAN_POINT('',(0.0383375916495745,-0.015875,0.0176));
#8880=CARTESIAN_POINT('',(0.056374999999999,-0.013875,0.0124800000000002));
#8881=CARTESIAN_POINT('',(0.0378864062189684,-0.015875,0.0156));
#8882=CARTESIAN_POINT('',(0.0378864062189684,-0.0161403827682078,0.0156));
#8883=CARTESIAN_POINT('',(0.0378475616412644,-0.0166587298166073,0.0153801963120871));
#8884=CARTESIAN_POINT('',(0.0377752343120094,-0.016875,0.0148636123207052));
#8885=CARTESIAN_POINT('',(0.0377452361797043,-0.016875,0.0146));
#8886=CARTESIAN_POINT('',(0.0377452361797043,-0.016875,0.0146));
#8887=CARTESIAN_POINT('',(0.056375,-0.016875,0.01248));
#8888=CARTESIAN_POINT('',(0.0377452361797043,-0.016875,0.01036));
#8889=CARTESIAN_POINT('',(0.0377452361797043,-0.016875,0.01036));
#8890=CARTESIAN_POINT('',(0.0377752400586379,-0.016875,0.0100963371800821));
#8891=CARTESIAN_POINT('',(0.0378474122732547,-0.0166596647873985,0.00958078988328477));
#8892=CARTESIAN_POINT('',(0.0378864062189685,-0.0161404274236079,0.00936));
#8893=CARTESIAN_POINT('',(0.0378864062189685,-0.015875,0.00936));
#8894=CARTESIAN_POINT('',(0.056374999999999,-0.013875,0.0124800000000002));
#8895=CARTESIAN_POINT('',(0.0383375916495745,-0.015875,0.00736));
#8896=CARTESIAN_POINT('',(0.0383375916495745,-0.01614578078614,0.00736));
#8897=CARTESIAN_POINT('',(0.0384015339610132,-0.0166718856091181,0.00712810391764587));
#8898=CARTESIAN_POINT('',(0.038563633785827,-0.016875,0.00661562701194203));
#8899=CARTESIAN_POINT('',(0.038651904897846,-0.016875,0.00636));
#8900=CARTESIAN_POINT('',(0.0386519048978459,-0.016875,0.00636));
#8901=CARTESIAN_POINT('',(0.056375,-0.016875,0.01248));
#8902=CARTESIAN_POINT('',(0.0749895104689863,-0.016875,0.01023));
#8903=CARTESIAN_POINT('',(0.0749895104689863,-0.016875,0.01023));
#8904=CARTESIAN_POINT('',(0.0750212785328707,-0.016875,0.0104928208701139));
#8905=CARTESIAN_POINT('',(0.075070321882753,-0.0166594697190649,0.0110101556241407));
#8906=CARTESIAN_POINT('',(0.0750832869338677,-0.0161397727988635,0.01123));
#8907=CARTESIAN_POINT('',(0.0750832869338677,-0.015875,0.01123));
#8908=CARTESIAN_POINT('',(0.056375,-0.018875,0.01248));
#8909=CARTESIAN_POINT('',(0.056375,-0.018875,0.03123));
#8910=CARTESIAN_POINT('',(0.056375,-0.014875,0.01248));
#8911=CARTESIAN_POINT('',(0.056375,-0.016875,0.01248));
#8912=CARTESIAN_POINT('',(0.0729731926726978,-0.016875,0.01473));
#8913=CARTESIAN_POINT('',(0.040783075808291,-0.016875,0.0186));
#8914=CARTESIAN_POINT('',(0.0729731926726978,-0.016875,0.01473));
#8915=CARTESIAN_POINT('',(0.0730087754233705,-0.016875,0.0144675069548936));
#8916=CARTESIAN_POINT('',(0.0730637466863792,-0.0166599302923023,0.0139502282537818));
#8917=CARTESIAN_POINT('',(0.0730782930884908,-0.0161399427208777,0.01373));
#8918=CARTESIAN_POINT('',(0.0730782930884908,-0.015875,0.01373));
#8919=CARTESIAN_POINT('',(0.056375,-0.015875,0.01248));
#8920=CARTESIAN_POINT('',(0.0730782930884901,-0.015875,0.01123));
#8921=CARTESIAN_POINT('',(0.0730782930884901,-0.0161399203941753,0.01123));
#8922=CARTESIAN_POINT('',(0.0730638445882937,-0.0166588977190742,0.0110108260686257));
#8923=CARTESIAN_POINT('',(0.0730087736234485,-0.016875,0.0104924797671228));
#8924=CARTESIAN_POINT('',(0.0729731926726985,-0.016875,0.01023));
#8925=CARTESIAN_POINT('',(0.0729731926726978,-0.016875,0.01023));
#8926=CARTESIAN_POINT('',(0.056375,-0.016875,0.01248));
#8927=CARTESIAN_POINT('',(0.040783075808291,-0.016875,0.00636));
#8928=CARTESIAN_POINT('',(0.040783075808291,-0.016875,0.00636));
#8929=CARTESIAN_POINT('',(0.0406835323208385,-0.016875,0.00661360694610082));
#8930=CARTESIAN_POINT('',(0.0405007609849792,-0.0166769876170875,0.00712272426672061));
#8931=CARTESIAN_POINT('',(0.0404267054203278,-0.0161479763889199,0.00736));
#8932=CARTESIAN_POINT('',(0.0404267054203278,-0.015875,0.00736));
#8933=CARTESIAN_POINT('',(0.056375,-0.013875,0.01248));
#8934=CARTESIAN_POINT('',(0.0399181442857392,-0.015875,0.00936));
#8935=CARTESIAN_POINT('',(0.0399181442857392,-0.0161407122891942,0.00936));
#8936=CARTESIAN_POINT('',(0.0398743834225323,-0.0166592546619554,0.00958043443619867));
#8937=CARTESIAN_POINT('',(0.0397933223312673,-0.016875,0.0100965103865519));
#8938=CARTESIAN_POINT('',(0.0397597028314267,-0.016875,0.01036));
#8939=CARTESIAN_POINT('',(0.0397597028314267,-0.016875,0.01036));
#8940=CARTESIAN_POINT('',(0.056375,-0.016875,0.01248));
#8941=CARTESIAN_POINT('',(0.0397597028314267,-0.016875,0.0146));
#8942=CARTESIAN_POINT('',(0.0397597028314267,-0.016875,0.0146));
#8943=CARTESIAN_POINT('',(0.0397933303711942,-0.016875,0.0148635526256062));
#8944=CARTESIAN_POINT('',(0.0398742172954632,-0.0166601690993856,0.0153785868049369));
#8945=CARTESIAN_POINT('',(0.0399181442857392,-0.0161407689050731,0.0156));
#8946=CARTESIAN_POINT('',(0.0399181442857392,-0.015875,0.0156));
#8947=CARTESIAN_POINT('',(0.056375,-0.013875,0.01248));
#8948=CARTESIAN_POINT('',(0.0404267054203279,-0.015875,0.0176));
#8949=CARTESIAN_POINT('',(0.0404267054203279,-0.0161476523814021,0.0176));
#8950=CARTESIAN_POINT('',(0.0405003048306694,-0.0166759767568161,0.0178359584868471));
#8951=CARTESIAN_POINT('',(0.0406836140346899,-0.016875,0.0183466012362809));
#8952=CARTESIAN_POINT('',(0.040783075808291,-0.016875,0.0186));
#8953=CARTESIAN_POINT('',(0.056375,-0.018875,0.01248));
#8954=CARTESIAN_POINT('',(0.056375,-0.018875,0.02923));
#8955=CARTESIAN_POINT('',(0.,-0.016875,0.01248));
#8956=CARTESIAN_POINT('',(0.0730782930884901,-0.016875,0.01473));
#8957=CARTESIAN_POINT('',(0.0383375916495746,-0.016875,0.0186));
#8958=CARTESIAN_POINT('',(0.,-0.016875,0.01248));
#8959=CARTESIAN_POINT('',(9.97542929190477E-19,-0.016875,0.01023));
#8960=CARTESIAN_POINT('',(0.0404267054203278,-0.016875,0.00636));
#8961=CARTESIAN_POINT('',(0.,-0.018875,0.01248));
#8962=CARTESIAN_POINT('',(0.,-0.016875,0.01248));
#8963=CARTESIAN_POINT('',(-2.77436341074927E-19,-0.016875,0.01036));
#8964=CARTESIAN_POINT('',(0.0399181442857392,-0.016875,0.0146));
#8965=CARTESIAN_POINT('',(0.,-0.016875,0.01248));
#8966=CARTESIAN_POINT('',(-0.0730782930884906,-0.016875,0.01023));
#8967=CARTESIAN_POINT('',(7.87499051349212E-19,-0.016875,0.00636));
#8968=CARTESIAN_POINT('',(0.,-0.016875,0.01248));
#8969=CARTESIAN_POINT('',(0.,-0.016875,0.01473));
#8970=CARTESIAN_POINT('',(-0.0404267054203278,-0.016875,0.0186));
#8971=CARTESIAN_POINT('',(0.,-0.018875,0.01248));
#8972=CARTESIAN_POINT('',(0.,-0.016875,0.01248));
#8973=CARTESIAN_POINT('',(-0.0399181442857392,-0.016875,0.01036));
#8974=CARTESIAN_POINT('',(-4.16154511612392E-19,-0.016875,0.0146));
#8975=CARTESIAN_POINT('',(0.056374999999999,-0.013875,0.0124800000000002));
#8976=CARTESIAN_POINT('',(-0.056375,-0.013875,0.01248));
#8977=CARTESIAN_POINT('',(0.056375,-0.015875,0.01248));
#8978=CARTESIAN_POINT('',(9.97542929190477E-19,-0.015875,0.01023));
#8979=CARTESIAN_POINT('',(0.0620663882313544,-0.010375,0.01473));
#8980=CARTESIAN_POINT('',(0.0620663882313544,-0.0128311248253523,0.01373));
#8981=CARTESIAN_POINT('',(0.0618155163161618,-0.012756046367501,0.01373));
#8982=CARTESIAN_POINT('',(0.061406859469448,-0.0124463298496572,0.0139081744773195));
#8983=CARTESIAN_POINT('',(0.0612001816724581,-0.012064604921799,0.0142010745845444));
#8984=CARTESIAN_POINT('',(0.0611364228340743,-0.011875,0.0143623529411765));
#8985=CARTESIAN_POINT('',(0.056375,-0.011875,0.01248));
#8986=CARTESIAN_POINT('',(0.0620663882313544,-0.0128311248253523,0.01123));
#8987=CARTESIAN_POINT('',(0.0618155163161618,-0.012756046367501,0.01123));
#8988=CARTESIAN_POINT('',(0.0614068594694447,-0.0124463298496654,0.0110518255226722));
#8989=CARTESIAN_POINT('',(0.0612001816724647,-0.0120646049217826,0.0107589254154723));
#8990=CARTESIAN_POINT('',(0.0611364228340743,-0.011875,0.0105976470588235));
#8991=CARTESIAN_POINT('',(0.0620663882313544,-0.010375,0.01023));
#8992=CARTESIAN_POINT('',(0.0672091805319278,-0.015875,0.01473));
#8993=CARTESIAN_POINT('',(0.0246307031094842,-0.015875,0.01036));
#8994=CARTESIAN_POINT('',(0.,-0.015875,0.0186));
#8995=CARTESIAN_POINT('',(4.16154511612392E-19,-0.015875,0.0146));
#8996=CARTESIAN_POINT('',(-7.87499051349212E-19,-0.015875,0.00636));
#8997=CARTESIAN_POINT('',(0.056375,-0.013875,0.01248));
#8998=CARTESIAN_POINT('',(0.056375,-0.013875,0.01248));
#8999=CARTESIAN_POINT('',(0.056374999999999,-0.013875,0.0124800000000002));
#9000=CARTESIAN_POINT('',(0.056374999999999,-0.013875,0.0124800000000002));
#9001=CARTESIAN_POINT('',(0.,-0.015875,0.01473));
#9002=CARTESIAN_POINT('',(-0.0740807900111799,-0.015875,0.01023));
#9003=CARTESIAN_POINT('',(-0.0248562958247872,-0.015875,0.00636));
#9004=CARTESIAN_POINT('',(0.,-0.015875,0.0186));
#9005=CARTESIAN_POINT('',(2.77436341074927E-19,-0.015875,0.01036));
#9006=CARTESIAN_POINT('',(-0.0246307031094842,-0.015875,0.0146));
#9007=CARTESIAN_POINT('',(-0.056375,-0.013875,0.01248));
#9008=CARTESIAN_POINT('',(-0.056375,-0.013875,0.01248));
#9009=CARTESIAN_POINT('',(-0.0620663882313545,-0.010375,0.01023));
#9010=CARTESIAN_POINT('',(-0.0620663882313545,-0.0128311248253523,0.01123));
#9011=CARTESIAN_POINT('',(-0.0618155163161619,-0.012756046367501,0.01123));
#9012=CARTESIAN_POINT('',(-0.0614068594694449,-0.0124463298496652,0.0110518255226725));
#9013=CARTESIAN_POINT('',(-0.0612001816724643,-0.0120646049217833,0.0107589254154715));
#9014=CARTESIAN_POINT('',(-0.0611364228340743,-0.011875,0.0105976470588235));
#9015=CARTESIAN_POINT('',(-0.056375,-0.011875,0.01248));
#9016=CARTESIAN_POINT('',(-0.0620663882313545,-0.0128311248253523,0.01373));
#9017=CARTESIAN_POINT('',(-0.0618155163161619,-0.012756046367501,0.01373));
#9018=CARTESIAN_POINT('',(-0.061406859469443,-0.01244632984967,0.0139081744773325));
#9019=CARTESIAN_POINT('',(-0.0612001816724683,-0.0120646049217736,0.0142010745845186));
#9020=CARTESIAN_POINT('',(-0.0611364228340743,-0.011875,0.0143623529411765));
#9021=CARTESIAN_POINT('',(-0.0620663882313545,-0.010375,0.01473));
#9022=CARTESIAN_POINT('',(-0.056375,-0.013875,0.01248));
#9023=CARTESIAN_POINT('',(-0.056375,-0.013875,0.01248));
#9024=CARTESIAN_POINT('',(-0.056375,-0.015875,0.01248));
#9025=MECHANICAL_DESIGN_GEOMETRIC_PRESENTATION_REPRESENTATION('',(#5158),
#9026);
#9026=(
GEOMETRIC_REPRESENTATION_CONTEXT(3)
GLOBAL_UNCERTAINTY_ASSIGNED_CONTEXT((#9027))
GLOBAL_UNIT_ASSIGNED_CONTEXT((#9030,#9029,#9028))
REPRESENTATION_CONTEXT('Board Housing','TOP_LEVEL_ASSEMBLY_PART')
);
#9027=UNCERTAINTY_MEASURE_WITH_UNIT(LENGTH_MEASURE(2.E-5),#9030,
'DISTANCE_ACCURACY_VALUE','Maximum Tolerance applied to model');
#9028=(
NAMED_UNIT(*)
SI_UNIT($,.STERADIAN.)
SOLID_ANGLE_UNIT()
);
#9029=(
NAMED_UNIT(*)
PLANE_ANGLE_UNIT()
SI_UNIT($,.RADIAN.)
);
#9030=(
LENGTH_UNIT()
NAMED_UNIT(*)
SI_UNIT($,.METRE.)
);
#9031=PRODUCT_DEFINITION_SHAPE('','',#9032);
#9032=PRODUCT_DEFINITION('','',#9034,#9033);
#9033=PRODUCT_DEFINITION_CONTEXT('',#9040,'design');
#9034=PRODUCT_DEFINITION_FORMATION_WITH_SPECIFIED_SOURCE('','',#9036,
 .NOT_KNOWN.);
#9035=PRODUCT_RELATED_PRODUCT_CATEGORY('','',(#9036));
#9036=PRODUCT('Board Housing','Board Housing','Board Housing',(#9038));
#9037=PRODUCT_CATEGORY('','');
#9038=PRODUCT_CONTEXT('',#9040,'mechanical');
#9039=APPLICATION_PROTOCOL_DEFINITION('international standard',
'ap242_managed_model_based_3d_engineering',2020,#9040);
#9040=APPLICATION_CONTEXT('managed model based 3d engineering');
ENDSEC;
END-ISO-10303-21;
