ISO-10303-21;
HEADER;
/* Generated by software containing ST-Developer
 * from STEP Tools, Inc. (www.steptools.com) 
 */
/* OPTION: using custom renumber hook */

FILE_DESCRIPTION(
/* description */ ('STEP AP242 Edition 2',
'CAx-IF Rec.Pracs.---Representation and Presentation of Product Manufa
cturing Information (PMI)---4.0---2014-10-13',
'CAx-IF Rec.Pracs.---3D Tessellated Geometry---0.4---2014-09-14','2;1',
'CAx-IF Rec.Pracs.---User Defined Attributes---1.5---2016-08-15'),
/* implementation_level */ '2;1');

FILE_NAME(
/* name */ 'Large Battery Holder',
/* time_stamp */ '2026-09-25T03:37:48Z',
/* author */ (''),
/* organization */ (''),
/* preprocessor_version */ 'ST-DEVELOPER v20',
/* originating_system */ 'ONSHAPE BY PTC INC, 1.221',
/* authorisation */ '  ');

FILE_SCHEMA (('AP242_MANAGED_MODEL_BASED_3D_ENGINEERING_MIM_LF { 1 0 10303 442 3 1 4 }'));
ENDSEC;

DATA;
#10=SHAPE_REPRESENTATION_RELATIONSHIP('','',#1994,#11);
#11=ADVANCED_BREP_SHAPE_REPRESENTATION('',(#1992),#3321);
#12=ELLIPSE('',#2129,0.00212132034355965,0.0015);
#13=ELLIPSE('',#2130,0.00212132034355965,0.0015);
#14=ELLIPSE('',#2132,0.00212132034355965,0.0015);
#15=ELLIPSE('',#2134,0.00212132034355965,0.0015);
#16=ELLIPSE('',#2137,0.00212132034355965,0.0015);
#17=ELLIPSE('',#2138,0.00212132034355965,0.0015);
#18=ELLIPSE('',#2140,0.00212132034355965,0.0015);
#19=ELLIPSE('',#2142,0.00212132034355965,0.0015);
#20=ELLIPSE('',#2145,0.00212132034355965,0.0015);
#21=ELLIPSE('',#2146,0.00212132034355965,0.0015);
#22=ELLIPSE('',#2148,0.00212132034355965,0.0015);
#23=ELLIPSE('',#2150,0.00212132034355965,0.0015);
#24=ELLIPSE('',#2153,0.00212132034355965,0.0015);
#25=ELLIPSE('',#2154,0.00212132034355965,0.0015);
#26=ELLIPSE('',#2156,0.00212132034355965,0.0015);
#27=ELLIPSE('',#2158,0.00212132034355965,0.0015);
#28=ELLIPSE('',#2161,0.00106066017177982,0.00075);
#29=ELLIPSE('',#2163,0.00106066017177982,0.00075);
#30=ELLIPSE('',#2165,0.00106066017177982,0.00075);
#31=ELLIPSE('',#2167,0.00106066017177982,0.00075);
#32=B_SPLINE_CURVE_WITH_KNOTS('',3,(#3011,#3012,#3013,#3014,#3015),
 .UNSPECIFIED.,.F.,.F.,(4,1,4),(0.,0.000986246888404945,0.00197249377680989),
 .UNSPECIFIED.);
#33=B_SPLINE_CURVE_WITH_KNOTS('',3,(#3016,#3017,#3018,#3019,#3020),
 .UNSPECIFIED.,.F.,.F.,(4,1,4),(0.,0.000986246888404953,0.00197249377680991),
 .UNSPECIFIED.);
#34=B_SPLINE_CURVE_WITH_KNOTS('',3,(#3022,#3023,#3024,#3025,#3026),
 .UNSPECIFIED.,.F.,.F.,(4,1,4),(0.,0.000986246888404951,0.0019724937768099),
 .UNSPECIFIED.);
#35=B_SPLINE_CURVE_WITH_KNOTS('',3,(#3027,#3028,#3029,#3030,#3031),
 .UNSPECIFIED.,.F.,.F.,(4,1,4),(0.,0.000986246888404945,0.00197249377680989),
 .UNSPECIFIED.);
#36=B_SPLINE_CURVE_WITH_KNOTS('',3,(#3266,#3267,#3268,#3269),
 .UNSPECIFIED.,.F.,.F.,(4,4),(0.,0.00119242214891061),.UNSPECIFIED.);
#37=CYLINDRICAL_SURFACE('',#2046,0.001);
#38=CYLINDRICAL_SURFACE('',#2047,0.001);
#39=CYLINDRICAL_SURFACE('',#2084,0.005);
#40=CYLINDRICAL_SURFACE('',#2087,0.005);
#41=CYLINDRICAL_SURFACE('',#2090,0.005);
#42=CYLINDRICAL_SURFACE('',#2093,0.0045);
#43=CYLINDRICAL_SURFACE('',#2096,0.0045);
#44=CYLINDRICAL_SURFACE('',#2099,0.0045);
#45=CYLINDRICAL_SURFACE('',#2102,0.0045);
#46=CYLINDRICAL_SURFACE('',#2105,0.0045);
#47=CYLINDRICAL_SURFACE('',#2107,0.0045);
#48=CYLINDRICAL_SURFACE('',#2110,0.0045);
#49=CYLINDRICAL_SURFACE('',#2113,0.0045);
#50=CYLINDRICAL_SURFACE('',#2117,0.005);
#51=CYLINDRICAL_SURFACE('',#2120,0.0015);
#52=CYLINDRICAL_SURFACE('',#2121,0.0015);
#53=CYLINDRICAL_SURFACE('',#2122,0.0015);
#54=CYLINDRICAL_SURFACE('',#2123,0.0015);
#55=CYLINDRICAL_SURFACE('',#2124,0.0015);
#56=CYLINDRICAL_SURFACE('',#2125,0.0015);
#57=CYLINDRICAL_SURFACE('',#2126,0.0015);
#58=CYLINDRICAL_SURFACE('',#2127,0.0015);
#59=CYLINDRICAL_SURFACE('',#2128,0.0015);
#60=CYLINDRICAL_SURFACE('',#2131,0.0015);
#61=CYLINDRICAL_SURFACE('',#2133,0.0015);
#62=CYLINDRICAL_SURFACE('',#2135,0.0015);
#63=CYLINDRICAL_SURFACE('',#2136,0.0015);
#64=CYLINDRICAL_SURFACE('',#2139,0.0015);
#65=CYLINDRICAL_SURFACE('',#2141,0.0015);
#66=CYLINDRICAL_SURFACE('',#2143,0.0015);
#67=CYLINDRICAL_SURFACE('',#2144,0.0015);
#68=CYLINDRICAL_SURFACE('',#2147,0.0015);
#69=CYLINDRICAL_SURFACE('',#2149,0.0015);
#70=CYLINDRICAL_SURFACE('',#2151,0.0015);
#71=CYLINDRICAL_SURFACE('',#2152,0.0015);
#72=CYLINDRICAL_SURFACE('',#2155,0.0015);
#73=CYLINDRICAL_SURFACE('',#2157,0.0015);
#74=CYLINDRICAL_SURFACE('',#2159,0.0015);
#75=CYLINDRICAL_SURFACE('',#2160,0.00075);
#76=CYLINDRICAL_SURFACE('',#2162,0.00075);
#77=CYLINDRICAL_SURFACE('',#2164,0.00075);
#78=CYLINDRICAL_SURFACE('',#2166,0.00075);
#79=CYLINDRICAL_SURFACE('',#2168,0.00075);
#80=CYLINDRICAL_SURFACE('',#2169,0.00075);
#81=CIRCLE('',#1997,0.001);
#82=CIRCLE('',#1999,0.001);
#83=CIRCLE('',#2001,0.0015);
#84=CIRCLE('',#2002,0.0015);
#85=CIRCLE('',#2004,0.0015);
#86=CIRCLE('',#2006,0.0015);
#87=CIRCLE('',#2008,0.0015);
#88=CIRCLE('',#2009,0.0015);
#89=CIRCLE('',#2011,0.0015);
#90=CIRCLE('',#2013,0.0015);
#91=CIRCLE('',#2015,0.0015);
#92=CIRCLE('',#2018,0.0015);
#93=CIRCLE('',#2022,0.0015);
#94=CIRCLE('',#2025,0.0015);
#95=CIRCLE('',#2027,0.001);
#96=CIRCLE('',#2030,0.001);
#97=CIRCLE('',#2032,0.00075);
#98=CIRCLE('',#2033,0.001);
#99=CIRCLE('',#2034,0.001);
#100=CIRCLE('',#2037,0.0015);
#101=CIRCLE('',#2038,0.0015);
#102=CIRCLE('',#2042,0.00075);
#103=CIRCLE('',#2043,0.00075);
#104=CIRCLE('',#2044,0.0015);
#105=CIRCLE('',#2061,0.0015);
#106=CIRCLE('',#2062,0.0015);
#107=CIRCLE('',#2066,0.0015);
#108=CIRCLE('',#2067,0.0015);
#109=CIRCLE('',#2071,0.0045);
#110=CIRCLE('',#2072,0.0045);
#111=CIRCLE('',#2073,0.0045);
#112=CIRCLE('',#2074,0.0045);
#113=CIRCLE('',#2075,0.0045);
#114=CIRCLE('',#2076,0.0045);
#115=CIRCLE('',#2077,0.0045);
#116=CIRCLE('',#2078,0.0045);
#117=CIRCLE('',#2079,0.005);
#118=CIRCLE('',#2080,0.005);
#119=CIRCLE('',#2081,0.005);
#120=CIRCLE('',#2082,0.005);
#121=CIRCLE('',#2085,0.005);
#122=CIRCLE('',#2088,0.005);
#123=CIRCLE('',#2091,0.005);
#124=CIRCLE('',#2094,0.0045);
#125=CIRCLE('',#2097,0.0045);
#126=CIRCLE('',#2100,0.0045);
#127=CIRCLE('',#2103,0.0045);
#128=CIRCLE('',#2106,0.0045);
#129=CIRCLE('',#2108,0.0045);
#130=CIRCLE('',#2111,0.0045);
#131=CIRCLE('',#2114,0.0045);
#132=CIRCLE('',#2118,0.005);
#133=ORIENTED_EDGE('',*,*,#707,.T.);
#134=ORIENTED_EDGE('',*,*,#708,.T.);
#135=ORIENTED_EDGE('',*,*,#709,.F.);
#136=ORIENTED_EDGE('',*,*,#710,.T.);
#137=ORIENTED_EDGE('',*,*,#711,.F.);
#138=ORIENTED_EDGE('',*,*,#712,.T.);
#139=ORIENTED_EDGE('',*,*,#713,.T.);
#140=ORIENTED_EDGE('',*,*,#714,.T.);
#141=ORIENTED_EDGE('',*,*,#715,.F.);
#142=ORIENTED_EDGE('',*,*,#716,.T.);
#143=ORIENTED_EDGE('',*,*,#717,.T.);
#144=ORIENTED_EDGE('',*,*,#718,.F.);
#145=ORIENTED_EDGE('',*,*,#719,.F.);
#146=ORIENTED_EDGE('',*,*,#720,.F.);
#147=ORIENTED_EDGE('',*,*,#721,.T.);
#148=ORIENTED_EDGE('',*,*,#722,.F.);
#149=ORIENTED_EDGE('',*,*,#723,.F.);
#150=ORIENTED_EDGE('',*,*,#724,.T.);
#151=ORIENTED_EDGE('',*,*,#725,.T.);
#152=ORIENTED_EDGE('',*,*,#726,.T.);
#153=ORIENTED_EDGE('',*,*,#711,.T.);
#154=ORIENTED_EDGE('',*,*,#727,.T.);
#155=ORIENTED_EDGE('',*,*,#728,.F.);
#156=ORIENTED_EDGE('',*,*,#729,.T.);
#157=ORIENTED_EDGE('',*,*,#723,.T.);
#158=ORIENTED_EDGE('',*,*,#730,.F.);
#159=ORIENTED_EDGE('',*,*,#731,.F.);
#160=ORIENTED_EDGE('',*,*,#732,.F.);
#161=ORIENTED_EDGE('',*,*,#733,.F.);
#162=ORIENTED_EDGE('',*,*,#734,.T.);
#163=ORIENTED_EDGE('',*,*,#735,.F.);
#164=ORIENTED_EDGE('',*,*,#736,.T.);
#165=ORIENTED_EDGE('',*,*,#737,.T.);
#166=ORIENTED_EDGE('',*,*,#738,.T.);
#167=ORIENTED_EDGE('',*,*,#739,.T.);
#168=ORIENTED_EDGE('',*,*,#740,.F.);
#169=ORIENTED_EDGE('',*,*,#741,.T.);
#170=ORIENTED_EDGE('',*,*,#742,.T.);
#171=ORIENTED_EDGE('',*,*,#743,.F.);
#172=ORIENTED_EDGE('',*,*,#744,.T.);
#173=ORIENTED_EDGE('',*,*,#745,.T.);
#174=ORIENTED_EDGE('',*,*,#746,.T.);
#175=ORIENTED_EDGE('',*,*,#747,.F.);
#176=ORIENTED_EDGE('',*,*,#748,.T.);
#177=ORIENTED_EDGE('',*,*,#749,.F.);
#178=ORIENTED_EDGE('',*,*,#750,.T.);
#179=ORIENTED_EDGE('',*,*,#735,.T.);
#180=ORIENTED_EDGE('',*,*,#751,.T.);
#181=ORIENTED_EDGE('',*,*,#752,.F.);
#182=ORIENTED_EDGE('',*,*,#753,.T.);
#183=ORIENTED_EDGE('',*,*,#754,.T.);
#184=ORIENTED_EDGE('',*,*,#755,.T.);
#185=ORIENTED_EDGE('',*,*,#756,.F.);
#186=ORIENTED_EDGE('',*,*,#757,.T.);
#187=ORIENTED_EDGE('',*,*,#743,.T.);
#188=ORIENTED_EDGE('',*,*,#758,.F.);
#189=ORIENTED_EDGE('',*,*,#759,.F.);
#190=ORIENTED_EDGE('',*,*,#760,.T.);
#191=ORIENTED_EDGE('',*,*,#761,.F.);
#192=ORIENTED_EDGE('',*,*,#762,.T.);
#193=ORIENTED_EDGE('',*,*,#717,.F.);
#194=ORIENTED_EDGE('',*,*,#763,.T.);
#195=ORIENTED_EDGE('',*,*,#764,.T.);
#196=ORIENTED_EDGE('',*,*,#765,.T.);
#197=ORIENTED_EDGE('',*,*,#766,.T.);
#198=ORIENTED_EDGE('',*,*,#767,.F.);
#199=ORIENTED_EDGE('',*,*,#768,.T.);
#200=ORIENTED_EDGE('',*,*,#769,.T.);
#201=ORIENTED_EDGE('',*,*,#749,.T.);
#202=ORIENTED_EDGE('',*,*,#770,.T.);
#203=ORIENTED_EDGE('',*,*,#771,.F.);
#204=ORIENTED_EDGE('',*,*,#772,.F.);
#205=ORIENTED_EDGE('',*,*,#773,.T.);
#206=ORIENTED_EDGE('',*,*,#774,.F.);
#207=ORIENTED_EDGE('',*,*,#775,.T.);
#208=ORIENTED_EDGE('',*,*,#774,.T.);
#209=ORIENTED_EDGE('',*,*,#776,.T.);
#210=ORIENTED_EDGE('',*,*,#737,.F.);
#211=ORIENTED_EDGE('',*,*,#777,.T.);
#212=ORIENTED_EDGE('',*,*,#715,.T.);
#213=ORIENTED_EDGE('',*,*,#778,.T.);
#214=ORIENTED_EDGE('',*,*,#779,.F.);
#215=ORIENTED_EDGE('',*,*,#780,.F.);
#216=ORIENTED_EDGE('',*,*,#781,.T.);
#217=ORIENTED_EDGE('',*,*,#782,.F.);
#218=ORIENTED_EDGE('',*,*,#783,.T.);
#219=ORIENTED_EDGE('',*,*,#782,.T.);
#220=ORIENTED_EDGE('',*,*,#784,.T.);
#221=ORIENTED_EDGE('',*,*,#764,.F.);
#222=ORIENTED_EDGE('',*,*,#785,.T.);
#223=ORIENTED_EDGE('',*,*,#728,.T.);
#224=ORIENTED_EDGE('',*,*,#786,.T.);
#225=ORIENTED_EDGE('',*,*,#787,.F.);
#226=ORIENTED_EDGE('',*,*,#788,.T.);
#227=ORIENTED_EDGE('',*,*,#789,.T.);
#228=ORIENTED_EDGE('',*,*,#790,.T.);
#229=ORIENTED_EDGE('',*,*,#725,.F.);
#230=ORIENTED_EDGE('',*,*,#791,.T.);
#231=ORIENTED_EDGE('',*,*,#787,.T.);
#232=ORIENTED_EDGE('',*,*,#792,.T.);
#233=ORIENTED_EDGE('',*,*,#793,.F.);
#234=ORIENTED_EDGE('',*,*,#756,.T.);
#235=ORIENTED_EDGE('',*,*,#794,.T.);
#236=ORIENTED_EDGE('',*,*,#795,.F.);
#237=ORIENTED_EDGE('',*,*,#796,.T.);
#238=ORIENTED_EDGE('',*,*,#797,.T.);
#239=ORIENTED_EDGE('',*,*,#798,.T.);
#240=ORIENTED_EDGE('',*,*,#745,.F.);
#241=ORIENTED_EDGE('',*,*,#799,.T.);
#242=ORIENTED_EDGE('',*,*,#795,.T.);
#243=ORIENTED_EDGE('',*,*,#800,.T.);
#244=ORIENTED_EDGE('',*,*,#801,.F.);
#245=ORIENTED_EDGE('',*,*,#802,.F.);
#246=ORIENTED_EDGE('',*,*,#803,.T.);
#247=ORIENTED_EDGE('',*,*,#747,.T.);
#248=ORIENTED_EDGE('',*,*,#804,.T.);
#249=ORIENTED_EDGE('',*,*,#805,.F.);
#250=ORIENTED_EDGE('',*,*,#806,.T.);
#251=ORIENTED_EDGE('',*,*,#807,.T.);
#252=ORIENTED_EDGE('',*,*,#808,.F.);
#253=ORIENTED_EDGE('',*,*,#809,.T.);
#254=ORIENTED_EDGE('',*,*,#810,.T.);
#255=ORIENTED_EDGE('',*,*,#811,.F.);
#256=ORIENTED_EDGE('',*,*,#812,.T.);
#257=ORIENTED_EDGE('',*,*,#813,.F.);
#258=ORIENTED_EDGE('',*,*,#814,.T.);
#259=ORIENTED_EDGE('',*,*,#815,.T.);
#260=ORIENTED_EDGE('',*,*,#816,.T.);
#261=ORIENTED_EDGE('',*,*,#760,.F.);
#262=ORIENTED_EDGE('',*,*,#817,.T.);
#263=ORIENTED_EDGE('',*,*,#818,.F.);
#264=ORIENTED_EDGE('',*,*,#753,.F.);
#265=ORIENTED_EDGE('',*,*,#819,.T.);
#266=ORIENTED_EDGE('',*,*,#820,.T.);
#267=ORIENTED_EDGE('',*,*,#740,.T.);
#268=ORIENTED_EDGE('',*,*,#821,.T.);
#269=ORIENTED_EDGE('',*,*,#822,.T.);
#270=ORIENTED_EDGE('',*,*,#823,.F.);
#271=ORIENTED_EDGE('',*,*,#732,.T.);
#272=ORIENTED_EDGE('',*,*,#824,.F.);
#273=ORIENTED_EDGE('',*,*,#825,.F.);
#274=ORIENTED_EDGE('',*,*,#720,.T.);
#275=ORIENTED_EDGE('',*,*,#826,.T.);
#276=ORIENTED_EDGE('',*,*,#827,.F.);
#277=ORIENTED_EDGE('',*,*,#767,.T.);
#278=ORIENTED_EDGE('',*,*,#828,.F.);
#279=ORIENTED_EDGE('',*,*,#829,.T.);
#280=ORIENTED_EDGE('',*,*,#823,.T.);
#281=ORIENTED_EDGE('',*,*,#830,.F.);
#282=ORIENTED_EDGE('',*,*,#831,.T.);
#283=ORIENTED_EDGE('',*,*,#733,.T.);
#284=ORIENTED_EDGE('',*,*,#832,.T.);
#285=ORIENTED_EDGE('',*,*,#833,.T.);
#286=ORIENTED_EDGE('',*,*,#834,.T.);
#287=ORIENTED_EDGE('',*,*,#830,.T.);
#288=ORIENTED_EDGE('',*,*,#822,.F.);
#289=ORIENTED_EDGE('',*,*,#835,.F.);
#290=ORIENTED_EDGE('',*,*,#836,.T.);
#291=ORIENTED_EDGE('',*,*,#837,.T.);
#292=ORIENTED_EDGE('',*,*,#821,.F.);
#293=ORIENTED_EDGE('',*,*,#739,.F.);
#294=ORIENTED_EDGE('',*,*,#838,.T.);
#295=ORIENTED_EDGE('',*,*,#835,.T.);
#296=ORIENTED_EDGE('',*,*,#816,.F.);
#297=ORIENTED_EDGE('',*,*,#839,.F.);
#298=ORIENTED_EDGE('',*,*,#840,.T.);
#299=ORIENTED_EDGE('',*,*,#761,.T.);
#300=ORIENTED_EDGE('',*,*,#841,.T.);
#301=ORIENTED_EDGE('',*,*,#842,.T.);
#302=ORIENTED_EDGE('',*,*,#843,.T.);
#303=ORIENTED_EDGE('',*,*,#808,.T.);
#304=ORIENTED_EDGE('',*,*,#844,.F.);
#305=ORIENTED_EDGE('',*,*,#845,.T.);
#306=ORIENTED_EDGE('',*,*,#846,.T.);
#307=ORIENTED_EDGE('',*,*,#839,.T.);
#308=ORIENTED_EDGE('',*,*,#815,.F.);
#309=ORIENTED_EDGE('',*,*,#847,.T.);
#310=ORIENTED_EDGE('',*,*,#848,.T.);
#311=ORIENTED_EDGE('',*,*,#813,.T.);
#312=ORIENTED_EDGE('',*,*,#766,.F.);
#313=ORIENTED_EDGE('',*,*,#713,.F.);
#314=ORIENTED_EDGE('',*,*,#849,.T.);
#315=ORIENTED_EDGE('',*,*,#809,.F.);
#316=ORIENTED_EDGE('',*,*,#850,.T.);
#317=ORIENTED_EDGE('',*,*,#828,.T.);
#318=ORIENTED_EDGE('',*,*,#802,.T.);
#319=ORIENTED_EDGE('',*,*,#851,.T.);
#320=ORIENTED_EDGE('',*,*,#709,.T.);
#321=ORIENTED_EDGE('',*,*,#852,.T.);
#322=ORIENTED_EDGE('',*,*,#829,.F.);
#323=ORIENTED_EDGE('',*,*,#853,.T.);
#324=ORIENTED_EDGE('',*,*,#751,.F.);
#325=ORIENTED_EDGE('',*,*,#742,.F.);
#326=ORIENTED_EDGE('',*,*,#854,.T.);
#327=ORIENTED_EDGE('',*,*,#820,.F.);
#328=ORIENTED_EDGE('',*,*,#855,.T.);
#329=ORIENTED_EDGE('',*,*,#854,.F.);
#330=ORIENTED_EDGE('',*,*,#741,.F.);
#331=ORIENTED_EDGE('',*,*,#819,.F.);
#332=ORIENTED_EDGE('',*,*,#752,.T.);
#333=ORIENTED_EDGE('',*,*,#853,.F.);
#334=ORIENTED_EDGE('',*,*,#855,.F.);
#335=ORIENTED_EDGE('',*,*,#856,.T.);
#336=ORIENTED_EDGE('',*,*,#718,.T.);
#337=ORIENTED_EDGE('',*,*,#769,.F.);
#338=ORIENTED_EDGE('',*,*,#857,.F.);
#339=ORIENTED_EDGE('',*,*,#768,.F.);
#340=ORIENTED_EDGE('',*,*,#827,.T.);
#341=ORIENTED_EDGE('',*,*,#858,.T.);
#342=ORIENTED_EDGE('',*,*,#857,.T.);
#343=ORIENTED_EDGE('',*,*,#826,.F.);
#344=ORIENTED_EDGE('',*,*,#719,.T.);
#345=ORIENTED_EDGE('',*,*,#856,.F.);
#346=ORIENTED_EDGE('',*,*,#858,.F.);
#347=ORIENTED_EDGE('',*,*,#730,.T.);
#348=ORIENTED_EDGE('',*,*,#722,.T.);
#349=ORIENTED_EDGE('',*,*,#859,.F.);
#350=ORIENTED_EDGE('',*,*,#860,.F.);
#351=ORIENTED_EDGE('',*,*,#721,.F.);
#352=ORIENTED_EDGE('',*,*,#825,.T.);
#353=ORIENTED_EDGE('',*,*,#861,.T.);
#354=ORIENTED_EDGE('',*,*,#859,.T.);
#355=ORIENTED_EDGE('',*,*,#861,.F.);
#356=ORIENTED_EDGE('',*,*,#824,.T.);
#357=ORIENTED_EDGE('',*,*,#731,.T.);
#358=ORIENTED_EDGE('',*,*,#860,.T.);
#359=ORIENTED_EDGE('',*,*,#862,.T.);
#360=ORIENTED_EDGE('',*,*,#758,.T.);
#361=ORIENTED_EDGE('',*,*,#755,.F.);
#362=ORIENTED_EDGE('',*,*,#863,.F.);
#363=ORIENTED_EDGE('',*,*,#754,.F.);
#364=ORIENTED_EDGE('',*,*,#818,.T.);
#365=ORIENTED_EDGE('',*,*,#864,.T.);
#366=ORIENTED_EDGE('',*,*,#863,.T.);
#367=ORIENTED_EDGE('',*,*,#817,.F.);
#368=ORIENTED_EDGE('',*,*,#759,.T.);
#369=ORIENTED_EDGE('',*,*,#862,.F.);
#370=ORIENTED_EDGE('',*,*,#864,.F.);
#371=ORIENTED_EDGE('',*,*,#811,.T.);
#372=ORIENTED_EDGE('',*,*,#865,.T.);
#373=ORIENTED_EDGE('',*,*,#789,.F.);
#374=ORIENTED_EDGE('',*,*,#866,.T.);
#375=ORIENTED_EDGE('',*,*,#779,.T.);
#376=ORIENTED_EDGE('',*,*,#867,.T.);
#377=ORIENTED_EDGE('',*,*,#843,.F.);
#378=ORIENTED_EDGE('',*,*,#868,.T.);
#379=ORIENTED_EDGE('',*,*,#869,.T.);
#380=ORIENTED_EDGE('',*,*,#805,.T.);
#381=ORIENTED_EDGE('',*,*,#793,.T.);
#382=ORIENTED_EDGE('',*,*,#870,.T.);
#383=ORIENTED_EDGE('',*,*,#780,.T.);
#384=ORIENTED_EDGE('',*,*,#866,.F.);
#385=ORIENTED_EDGE('',*,*,#771,.T.);
#386=ORIENTED_EDGE('',*,*,#871,.T.);
#387=ORIENTED_EDGE('',*,*,#707,.F.);
#388=ORIENTED_EDGE('',*,*,#872,.T.);
#389=ORIENTED_EDGE('',*,*,#797,.F.);
#390=ORIENTED_EDGE('',*,*,#873,.F.);
#391=ORIENTED_EDGE('',*,*,#874,.T.);
#392=ORIENTED_EDGE('',*,*,#875,.T.);
#393=ORIENTED_EDGE('',*,*,#844,.T.);
#394=ORIENTED_EDGE('',*,*,#807,.F.);
#395=ORIENTED_EDGE('',*,*,#801,.T.);
#396=ORIENTED_EDGE('',*,*,#876,.T.);
#397=ORIENTED_EDGE('',*,*,#772,.T.);
#398=ORIENTED_EDGE('',*,*,#873,.T.);
#399=ORIENTED_EDGE('',*,*,#877,.T.);
#400=ORIENTED_EDGE('',*,*,#878,.T.);
#401=ORIENTED_EDGE('',*,*,#879,.T.);
#402=ORIENTED_EDGE('',*,*,#880,.F.);
#403=ORIENTED_EDGE('',*,*,#881,.F.);
#404=ORIENTED_EDGE('',*,*,#882,.F.);
#405=ORIENTED_EDGE('',*,*,#883,.T.);
#406=ORIENTED_EDGE('',*,*,#884,.T.);
#407=ORIENTED_EDGE('',*,*,#885,.T.);
#408=ORIENTED_EDGE('',*,*,#886,.T.);
#409=ORIENTED_EDGE('',*,*,#887,.F.);
#410=ORIENTED_EDGE('',*,*,#888,.T.);
#411=ORIENTED_EDGE('',*,*,#889,.T.);
#412=ORIENTED_EDGE('',*,*,#890,.T.);
#413=ORIENTED_EDGE('',*,*,#891,.F.);
#414=ORIENTED_EDGE('',*,*,#892,.T.);
#415=ORIENTED_EDGE('',*,*,#893,.T.);
#416=ORIENTED_EDGE('',*,*,#894,.T.);
#417=ORIENTED_EDGE('',*,*,#895,.T.);
#418=ORIENTED_EDGE('',*,*,#896,.F.);
#419=ORIENTED_EDGE('',*,*,#897,.F.);
#420=ORIENTED_EDGE('',*,*,#898,.F.);
#421=ORIENTED_EDGE('',*,*,#899,.T.);
#422=ORIENTED_EDGE('',*,*,#900,.T.);
#423=ORIENTED_EDGE('',*,*,#901,.F.);
#424=ORIENTED_EDGE('',*,*,#902,.T.);
#425=ORIENTED_EDGE('',*,*,#903,.T.);
#426=ORIENTED_EDGE('',*,*,#904,.T.);
#427=ORIENTED_EDGE('',*,*,#905,.F.);
#428=ORIENTED_EDGE('',*,*,#906,.T.);
#429=ORIENTED_EDGE('',*,*,#907,.T.);
#430=ORIENTED_EDGE('',*,*,#908,.T.);
#431=ORIENTED_EDGE('',*,*,#909,.T.);
#432=ORIENTED_EDGE('',*,*,#910,.F.);
#433=ORIENTED_EDGE('',*,*,#911,.F.);
#434=ORIENTED_EDGE('',*,*,#912,.F.);
#435=ORIENTED_EDGE('',*,*,#913,.F.);
#436=ORIENTED_EDGE('',*,*,#914,.F.);
#437=ORIENTED_EDGE('',*,*,#915,.T.);
#438=ORIENTED_EDGE('',*,*,#916,.F.);
#439=ORIENTED_EDGE('',*,*,#917,.T.);
#440=ORIENTED_EDGE('',*,*,#918,.F.);
#441=ORIENTED_EDGE('',*,*,#909,.F.);
#442=ORIENTED_EDGE('',*,*,#919,.T.);
#443=ORIENTED_EDGE('',*,*,#920,.F.);
#444=ORIENTED_EDGE('',*,*,#919,.F.);
#445=ORIENTED_EDGE('',*,*,#916,.T.);
#446=ORIENTED_EDGE('',*,*,#921,.T.);
#447=ORIENTED_EDGE('',*,*,#922,.T.);
#448=ORIENTED_EDGE('',*,*,#921,.F.);
#449=ORIENTED_EDGE('',*,*,#915,.F.);
#450=ORIENTED_EDGE('',*,*,#923,.T.);
#451=ORIENTED_EDGE('',*,*,#924,.F.);
#452=ORIENTED_EDGE('',*,*,#923,.F.);
#453=ORIENTED_EDGE('',*,*,#914,.T.);
#454=ORIENTED_EDGE('',*,*,#925,.T.);
#455=ORIENTED_EDGE('',*,*,#926,.F.);
#456=ORIENTED_EDGE('',*,*,#925,.F.);
#457=ORIENTED_EDGE('',*,*,#913,.T.);
#458=ORIENTED_EDGE('',*,*,#927,.T.);
#459=ORIENTED_EDGE('',*,*,#928,.F.);
#460=ORIENTED_EDGE('',*,*,#927,.F.);
#461=ORIENTED_EDGE('',*,*,#912,.T.);
#462=ORIENTED_EDGE('',*,*,#929,.T.);
#463=ORIENTED_EDGE('',*,*,#930,.F.);
#464=ORIENTED_EDGE('',*,*,#929,.F.);
#465=ORIENTED_EDGE('',*,*,#911,.T.);
#466=ORIENTED_EDGE('',*,*,#931,.T.);
#467=ORIENTED_EDGE('',*,*,#932,.T.);
#468=ORIENTED_EDGE('',*,*,#933,.F.);
#469=ORIENTED_EDGE('',*,*,#908,.F.);
#470=ORIENTED_EDGE('',*,*,#934,.T.);
#471=ORIENTED_EDGE('',*,*,#935,.T.);
#472=ORIENTED_EDGE('',*,*,#934,.F.);
#473=ORIENTED_EDGE('',*,*,#907,.F.);
#474=ORIENTED_EDGE('',*,*,#936,.T.);
#475=ORIENTED_EDGE('',*,*,#937,.T.);
#476=ORIENTED_EDGE('',*,*,#936,.F.);
#477=ORIENTED_EDGE('',*,*,#906,.F.);
#478=ORIENTED_EDGE('',*,*,#938,.T.);
#479=ORIENTED_EDGE('',*,*,#939,.F.);
#480=ORIENTED_EDGE('',*,*,#940,.F.);
#481=ORIENTED_EDGE('',*,*,#897,.T.);
#482=ORIENTED_EDGE('',*,*,#941,.T.);
#483=ORIENTED_EDGE('',*,*,#942,.F.);
#484=ORIENTED_EDGE('',*,*,#941,.F.);
#485=ORIENTED_EDGE('',*,*,#896,.T.);
#486=ORIENTED_EDGE('',*,*,#943,.T.);
#487=ORIENTED_EDGE('',*,*,#944,.T.);
#488=ORIENTED_EDGE('',*,*,#943,.F.);
#489=ORIENTED_EDGE('',*,*,#895,.F.);
#490=ORIENTED_EDGE('',*,*,#945,.F.);
#491=ORIENTED_EDGE('',*,*,#899,.F.);
#492=ORIENTED_EDGE('',*,*,#946,.T.);
#493=ORIENTED_EDGE('',*,*,#947,.T.);
#494=ORIENTED_EDGE('',*,*,#948,.F.);
#495=ORIENTED_EDGE('',*,*,#888,.F.);
#496=ORIENTED_EDGE('',*,*,#949,.T.);
#497=ORIENTED_EDGE('',*,*,#950,.F.);
#498=ORIENTED_EDGE('',*,*,#949,.F.);
#499=ORIENTED_EDGE('',*,*,#887,.T.);
#500=ORIENTED_EDGE('',*,*,#951,.T.);
#501=ORIENTED_EDGE('',*,*,#891,.T.);
#502=ORIENTED_EDGE('',*,*,#952,.T.);
#503=ORIENTED_EDGE('',*,*,#953,.T.);
#504=ORIENTED_EDGE('',*,*,#952,.F.);
#505=ORIENTED_EDGE('',*,*,#890,.F.);
#506=ORIENTED_EDGE('',*,*,#954,.T.);
#507=ORIENTED_EDGE('',*,*,#955,.F.);
#508=ORIENTED_EDGE('',*,*,#956,.F.);
#509=ORIENTED_EDGE('',*,*,#882,.T.);
#510=ORIENTED_EDGE('',*,*,#957,.T.);
#511=ORIENTED_EDGE('',*,*,#958,.F.);
#512=ORIENTED_EDGE('',*,*,#957,.F.);
#513=ORIENTED_EDGE('',*,*,#881,.T.);
#514=ORIENTED_EDGE('',*,*,#959,.T.);
#515=ORIENTED_EDGE('',*,*,#960,.F.);
#516=ORIENTED_EDGE('',*,*,#959,.F.);
#517=ORIENTED_EDGE('',*,*,#880,.T.);
#518=ORIENTED_EDGE('',*,*,#961,.T.);
#519=ORIENTED_EDGE('',*,*,#962,.F.);
#520=ORIENTED_EDGE('',*,*,#938,.F.);
#521=ORIENTED_EDGE('',*,*,#905,.T.);
#522=ORIENTED_EDGE('',*,*,#963,.T.);
#523=ORIENTED_EDGE('',*,*,#901,.T.);
#524=ORIENTED_EDGE('',*,*,#933,.T.);
#525=ORIENTED_EDGE('',*,*,#964,.F.);
#526=ORIENTED_EDGE('',*,*,#946,.F.);
#527=ORIENTED_EDGE('',*,*,#898,.T.);
#528=ORIENTED_EDGE('',*,*,#940,.T.);
#529=ORIENTED_EDGE('',*,*,#965,.T.);
#530=ORIENTED_EDGE('',*,*,#954,.F.);
#531=ORIENTED_EDGE('',*,*,#889,.F.);
#532=ORIENTED_EDGE('',*,*,#948,.T.);
#533=ORIENTED_EDGE('',*,*,#966,.T.);
#534=ORIENTED_EDGE('',*,*,#961,.F.);
#535=ORIENTED_EDGE('',*,*,#879,.F.);
#536=ORIENTED_EDGE('',*,*,#967,.F.);
#537=ORIENTED_EDGE('',*,*,#883,.F.);
#538=ORIENTED_EDGE('',*,*,#956,.T.);
#539=ORIENTED_EDGE('',*,*,#968,.F.);
#540=ORIENTED_EDGE('',*,*,#931,.F.);
#541=ORIENTED_EDGE('',*,*,#910,.T.);
#542=ORIENTED_EDGE('',*,*,#918,.T.);
#543=ORIENTED_EDGE('',*,*,#917,.F.);
#544=ORIENTED_EDGE('',*,*,#920,.T.);
#545=ORIENTED_EDGE('',*,*,#922,.F.);
#546=ORIENTED_EDGE('',*,*,#924,.T.);
#547=ORIENTED_EDGE('',*,*,#926,.T.);
#548=ORIENTED_EDGE('',*,*,#928,.T.);
#549=ORIENTED_EDGE('',*,*,#930,.T.);
#550=ORIENTED_EDGE('',*,*,#968,.T.);
#551=ORIENTED_EDGE('',*,*,#932,.F.);
#552=ORIENTED_EDGE('',*,*,#935,.F.);
#553=ORIENTED_EDGE('',*,*,#937,.F.);
#554=ORIENTED_EDGE('',*,*,#962,.T.);
#555=ORIENTED_EDGE('',*,*,#939,.T.);
#556=ORIENTED_EDGE('',*,*,#942,.T.);
#557=ORIENTED_EDGE('',*,*,#944,.F.);
#558=ORIENTED_EDGE('',*,*,#964,.T.);
#559=ORIENTED_EDGE('',*,*,#947,.F.);
#560=ORIENTED_EDGE('',*,*,#950,.T.);
#561=ORIENTED_EDGE('',*,*,#953,.F.);
#562=ORIENTED_EDGE('',*,*,#965,.F.);
#563=ORIENTED_EDGE('',*,*,#955,.T.);
#564=ORIENTED_EDGE('',*,*,#958,.T.);
#565=ORIENTED_EDGE('',*,*,#960,.T.);
#566=ORIENTED_EDGE('',*,*,#966,.F.);
#567=ORIENTED_EDGE('',*,*,#834,.F.);
#568=ORIENTED_EDGE('',*,*,#969,.F.);
#569=ORIENTED_EDGE('',*,*,#792,.F.);
#570=ORIENTED_EDGE('',*,*,#786,.F.);
#571=ORIENTED_EDGE('',*,*,#734,.F.);
#572=ORIENTED_EDGE('',*,*,#831,.F.);
#573=ORIENTED_EDGE('',*,*,#970,.F.);
#574=ORIENTED_EDGE('',*,*,#971,.T.);
#575=ORIENTED_EDGE('',*,*,#847,.F.);
#576=ORIENTED_EDGE('',*,*,#765,.F.);
#577=ORIENTED_EDGE('',*,*,#784,.F.);
#578=ORIENTED_EDGE('',*,*,#781,.F.);
#579=ORIENTED_EDGE('',*,*,#800,.F.);
#580=ORIENTED_EDGE('',*,*,#794,.F.);
#581=ORIENTED_EDGE('',*,*,#762,.F.);
#582=ORIENTED_EDGE('',*,*,#840,.F.);
#583=ORIENTED_EDGE('',*,*,#846,.F.);
#584=ORIENTED_EDGE('',*,*,#972,.F.);
#585=ORIENTED_EDGE('',*,*,#738,.F.);
#586=ORIENTED_EDGE('',*,*,#776,.F.);
#587=ORIENTED_EDGE('',*,*,#773,.F.);
#588=ORIENTED_EDGE('',*,*,#973,.F.);
#589=ORIENTED_EDGE('',*,*,#836,.F.);
#590=ORIENTED_EDGE('',*,*,#838,.F.);
#591=ORIENTED_EDGE('',*,*,#726,.F.);
#592=ORIENTED_EDGE('',*,*,#790,.F.);
#593=ORIENTED_EDGE('',*,*,#865,.F.);
#594=ORIENTED_EDGE('',*,*,#810,.F.);
#595=ORIENTED_EDGE('',*,*,#849,.F.);
#596=ORIENTED_EDGE('',*,*,#712,.F.);
#597=ORIENTED_EDGE('',*,*,#850,.F.);
#598=ORIENTED_EDGE('',*,*,#812,.F.);
#599=ORIENTED_EDGE('',*,*,#867,.F.);
#600=ORIENTED_EDGE('',*,*,#778,.F.);
#601=ORIENTED_EDGE('',*,*,#727,.F.);
#602=ORIENTED_EDGE('',*,*,#714,.F.);
#603=ORIENTED_EDGE('',*,*,#852,.F.);
#604=ORIENTED_EDGE('',*,*,#708,.F.);
#605=ORIENTED_EDGE('',*,*,#871,.F.);
#606=ORIENTED_EDGE('',*,*,#770,.F.);
#607=ORIENTED_EDGE('',*,*,#748,.F.);
#608=ORIENTED_EDGE('',*,*,#803,.F.);
#609=ORIENTED_EDGE('',*,*,#746,.F.);
#610=ORIENTED_EDGE('',*,*,#798,.F.);
#611=ORIENTED_EDGE('',*,*,#872,.F.);
#612=ORIENTED_EDGE('',*,*,#710,.F.);
#613=ORIENTED_EDGE('',*,*,#851,.F.);
#614=ORIENTED_EDGE('',*,*,#804,.F.);
#615=ORIENTED_EDGE('',*,*,#974,.F.);
#616=ORIENTED_EDGE('',*,*,#904,.F.);
#617=ORIENTED_EDGE('',*,*,#975,.F.);
#618=ORIENTED_EDGE('',*,*,#744,.F.);
#619=ORIENTED_EDGE('',*,*,#975,.T.);
#620=ORIENTED_EDGE('',*,*,#903,.F.);
#621=ORIENTED_EDGE('',*,*,#976,.F.);
#622=ORIENTED_EDGE('',*,*,#799,.F.);
#623=ORIENTED_EDGE('',*,*,#974,.T.);
#624=ORIENTED_EDGE('',*,*,#757,.F.);
#625=ORIENTED_EDGE('',*,*,#977,.F.);
#626=ORIENTED_EDGE('',*,*,#963,.F.);
#627=ORIENTED_EDGE('',*,*,#976,.T.);
#628=ORIENTED_EDGE('',*,*,#902,.F.);
#629=ORIENTED_EDGE('',*,*,#977,.T.);
#630=ORIENTED_EDGE('',*,*,#796,.F.);
#631=ORIENTED_EDGE('',*,*,#978,.F.);
#632=ORIENTED_EDGE('',*,*,#900,.F.);
#633=ORIENTED_EDGE('',*,*,#979,.F.);
#634=ORIENTED_EDGE('',*,*,#750,.F.);
#635=ORIENTED_EDGE('',*,*,#979,.T.);
#636=ORIENTED_EDGE('',*,*,#945,.T.);
#637=ORIENTED_EDGE('',*,*,#980,.F.);
#638=ORIENTED_EDGE('',*,*,#736,.F.);
#639=ORIENTED_EDGE('',*,*,#978,.T.);
#640=ORIENTED_EDGE('',*,*,#775,.F.);
#641=ORIENTED_EDGE('',*,*,#981,.F.);
#642=ORIENTED_EDGE('',*,*,#893,.F.);
#643=ORIENTED_EDGE('',*,*,#980,.T.);
#644=ORIENTED_EDGE('',*,*,#894,.F.);
#645=ORIENTED_EDGE('',*,*,#981,.T.);
#646=ORIENTED_EDGE('',*,*,#777,.F.);
#647=ORIENTED_EDGE('',*,*,#982,.F.);
#648=ORIENTED_EDGE('',*,*,#716,.F.);
#649=ORIENTED_EDGE('',*,*,#983,.F.);
#650=ORIENTED_EDGE('',*,*,#884,.F.);
#651=ORIENTED_EDGE('',*,*,#983,.T.);
#652=ORIENTED_EDGE('',*,*,#783,.F.);
#653=ORIENTED_EDGE('',*,*,#984,.F.);
#654=ORIENTED_EDGE('',*,*,#877,.F.);
#655=ORIENTED_EDGE('',*,*,#982,.T.);
#656=ORIENTED_EDGE('',*,*,#967,.T.);
#657=ORIENTED_EDGE('',*,*,#985,.F.);
#658=ORIENTED_EDGE('',*,*,#763,.F.);
#659=ORIENTED_EDGE('',*,*,#984,.T.);
#660=ORIENTED_EDGE('',*,*,#785,.F.);
#661=ORIENTED_EDGE('',*,*,#985,.T.);
#662=ORIENTED_EDGE('',*,*,#878,.F.);
#663=ORIENTED_EDGE('',*,*,#986,.F.);
#664=ORIENTED_EDGE('',*,*,#729,.F.);
#665=ORIENTED_EDGE('',*,*,#987,.F.);
#666=ORIENTED_EDGE('',*,*,#951,.F.);
#667=ORIENTED_EDGE('',*,*,#987,.T.);
#668=ORIENTED_EDGE('',*,*,#788,.F.);
#669=ORIENTED_EDGE('',*,*,#988,.F.);
#670=ORIENTED_EDGE('',*,*,#892,.F.);
#671=ORIENTED_EDGE('',*,*,#986,.T.);
#672=ORIENTED_EDGE('',*,*,#886,.F.);
#673=ORIENTED_EDGE('',*,*,#989,.F.);
#674=ORIENTED_EDGE('',*,*,#724,.F.);
#675=ORIENTED_EDGE('',*,*,#988,.T.);
#676=ORIENTED_EDGE('',*,*,#791,.F.);
#677=ORIENTED_EDGE('',*,*,#989,.T.);
#678=ORIENTED_EDGE('',*,*,#885,.F.);
#679=ORIENTED_EDGE('',*,*,#845,.F.);
#680=ORIENTED_EDGE('',*,*,#875,.F.);
#681=ORIENTED_EDGE('',*,*,#990,.F.);
#682=ORIENTED_EDGE('',*,*,#973,.T.);
#683=ORIENTED_EDGE('',*,*,#876,.F.);
#684=ORIENTED_EDGE('',*,*,#972,.T.);
#685=ORIENTED_EDGE('',*,*,#990,.T.);
#686=ORIENTED_EDGE('',*,*,#874,.F.);
#687=ORIENTED_EDGE('',*,*,#991,.F.);
#688=ORIENTED_EDGE('',*,*,#837,.F.);
#689=ORIENTED_EDGE('',*,*,#991,.T.);
#690=ORIENTED_EDGE('',*,*,#806,.F.);
#691=ORIENTED_EDGE('',*,*,#992,.F.);
#692=ORIENTED_EDGE('',*,*,#832,.F.);
#693=ORIENTED_EDGE('',*,*,#992,.T.);
#694=ORIENTED_EDGE('',*,*,#869,.F.);
#695=ORIENTED_EDGE('',*,*,#993,.F.);
#696=ORIENTED_EDGE('',*,*,#833,.F.);
#697=ORIENTED_EDGE('',*,*,#870,.F.);
#698=ORIENTED_EDGE('',*,*,#969,.T.);
#699=ORIENTED_EDGE('',*,*,#993,.T.);
#700=ORIENTED_EDGE('',*,*,#868,.F.);
#701=ORIENTED_EDGE('',*,*,#842,.F.);
#702=ORIENTED_EDGE('',*,*,#970,.T.);
#703=ORIENTED_EDGE('',*,*,#971,.F.);
#704=ORIENTED_EDGE('',*,*,#841,.F.);
#705=ORIENTED_EDGE('',*,*,#814,.F.);
#706=ORIENTED_EDGE('',*,*,#848,.F.);
#707=EDGE_CURVE('',#994,#995,#1175,.T.);
#708=EDGE_CURVE('',#995,#996,#1176,.F.);
#709=EDGE_CURVE('',#997,#996,#81,.T.);
#710=EDGE_CURVE('',#997,#994,#1177,.T.);
#711=EDGE_CURVE('',#998,#999,#1178,.T.);
#712=EDGE_CURVE('',#998,#1000,#1179,.T.);
#713=EDGE_CURVE('',#1000,#1001,#82,.T.);
#714=EDGE_CURVE('',#1001,#999,#1180,.F.);
#715=EDGE_CURVE('',#1002,#1003,#1181,.T.);
#716=EDGE_CURVE('',#1002,#1004,#1182,.T.);
#717=EDGE_CURVE('',#1004,#1005,#1183,.T.);
#718=EDGE_CURVE('',#1006,#1005,#1184,.T.);
#719=EDGE_CURVE('',#1007,#1006,#1185,.T.);
#720=EDGE_CURVE('',#1008,#1007,#1186,.T.);
#721=EDGE_CURVE('',#1008,#1009,#1187,.T.);
#722=EDGE_CURVE('',#1010,#1009,#1188,.T.);
#723=EDGE_CURVE('',#1011,#1010,#1189,.T.);
#724=EDGE_CURVE('',#1011,#1012,#1190,.T.);
#725=EDGE_CURVE('',#1012,#1013,#1191,.T.);
#726=EDGE_CURVE('',#1013,#998,#83,.F.);
#727=EDGE_CURVE('',#999,#1003,#84,.F.);
#728=EDGE_CURVE('',#1014,#1015,#1192,.T.);
#729=EDGE_CURVE('',#1014,#1011,#1193,.T.);
#730=EDGE_CURVE('',#1016,#1010,#1194,.T.);
#731=EDGE_CURVE('',#1017,#1016,#1195,.T.);
#732=EDGE_CURVE('',#1018,#1017,#1196,.T.);
#733=EDGE_CURVE('',#1019,#1018,#1197,.T.);
#734=EDGE_CURVE('',#1019,#1015,#85,.F.);
#735=EDGE_CURVE('',#1020,#1021,#1198,.T.);
#736=EDGE_CURVE('',#1020,#1022,#1199,.T.);
#737=EDGE_CURVE('',#1022,#1023,#1200,.T.);
#738=EDGE_CURVE('',#1023,#1024,#86,.F.);
#739=EDGE_CURVE('',#1024,#1025,#1201,.T.);
#740=EDGE_CURVE('',#1026,#1025,#1202,.T.);
#741=EDGE_CURVE('',#1026,#1027,#1203,.T.);
#742=EDGE_CURVE('',#1027,#1021,#1204,.T.);
#743=EDGE_CURVE('',#1028,#1029,#1205,.T.);
#744=EDGE_CURVE('',#1028,#1030,#1206,.F.);
#745=EDGE_CURVE('',#1030,#1031,#1207,.T.);
#746=EDGE_CURVE('',#1031,#1032,#87,.T.);
#747=EDGE_CURVE('',#1033,#1032,#1208,.T.);
#748=EDGE_CURVE('',#1033,#1034,#88,.T.);
#749=EDGE_CURVE('',#1035,#1034,#1209,.T.);
#750=EDGE_CURVE('',#1035,#1020,#1210,.F.);
#751=EDGE_CURVE('',#1021,#1036,#1211,.T.);
#752=EDGE_CURVE('',#1037,#1036,#1212,.T.);
#753=EDGE_CURVE('',#1037,#1038,#1213,.T.);
#754=EDGE_CURVE('',#1038,#1039,#1214,.T.);
#755=EDGE_CURVE('',#1039,#1029,#1215,.T.);
#756=EDGE_CURVE('',#1040,#1041,#1216,.T.);
#757=EDGE_CURVE('',#1040,#1028,#1217,.F.);
#758=EDGE_CURVE('',#1042,#1029,#1218,.T.);
#759=EDGE_CURVE('',#1043,#1042,#1219,.T.);
#760=EDGE_CURVE('',#1043,#1044,#1220,.T.);
#761=EDGE_CURVE('',#1045,#1044,#1221,.T.);
#762=EDGE_CURVE('',#1045,#1041,#89,.T.);
#763=EDGE_CURVE('',#1004,#1046,#1222,.F.);
#764=EDGE_CURVE('',#1046,#1047,#1223,.T.);
#765=EDGE_CURVE('',#1047,#1048,#90,.F.);
#766=EDGE_CURVE('',#1048,#1049,#1224,.T.);
#767=EDGE_CURVE('',#1050,#1049,#1225,.T.);
#768=EDGE_CURVE('',#1050,#1051,#1226,.T.);
#769=EDGE_CURVE('',#1051,#1005,#1227,.T.);
#770=EDGE_CURVE('',#1034,#1052,#1228,.T.);
#771=EDGE_CURVE('',#1053,#1052,#1229,.T.);
#772=EDGE_CURVE('',#1054,#1053,#1230,.T.);
#773=EDGE_CURVE('',#1054,#1055,#91,.F.);
#774=EDGE_CURVE('',#1056,#1055,#1231,.T.);
#775=EDGE_CURVE('',#1056,#1035,#1232,.T.);
#776=EDGE_CURVE('',#1055,#1023,#1233,.F.);
#777=EDGE_CURVE('',#1022,#1056,#1234,.T.);
#778=EDGE_CURVE('',#1003,#1057,#1235,.T.);
#779=EDGE_CURVE('',#1058,#1057,#1236,.T.);
#780=EDGE_CURVE('',#1059,#1058,#1237,.T.);
#781=EDGE_CURVE('',#1059,#1060,#92,.F.);
#782=EDGE_CURVE('',#1061,#1060,#1238,.T.);
#783=EDGE_CURVE('',#1061,#1002,#1239,.T.);
#784=EDGE_CURVE('',#1060,#1047,#1240,.T.);
#785=EDGE_CURVE('',#1046,#1061,#1241,.F.);
#786=EDGE_CURVE('',#1015,#1062,#1242,.T.);
#787=EDGE_CURVE('',#1063,#1062,#1243,.T.);
#788=EDGE_CURVE('',#1063,#1014,#1244,.F.);
#789=EDGE_CURVE('',#1064,#1065,#1245,.T.);
#790=EDGE_CURVE('',#1065,#1013,#1246,.F.);
#791=EDGE_CURVE('',#1012,#1063,#1247,.F.);
#792=EDGE_CURVE('',#1062,#1066,#93,.T.);
#793=EDGE_CURVE('',#1064,#1066,#1248,.T.);
#794=EDGE_CURVE('',#1041,#1067,#1249,.F.);
#795=EDGE_CURVE('',#1068,#1067,#1250,.T.);
#796=EDGE_CURVE('',#1068,#1040,#1251,.T.);
#797=EDGE_CURVE('',#1069,#1070,#1252,.T.);
#798=EDGE_CURVE('',#1070,#1031,#1253,.F.);
#799=EDGE_CURVE('',#1030,#1068,#1254,.F.);
#800=EDGE_CURVE('',#1067,#1071,#94,.T.);
#801=EDGE_CURVE('',#1069,#1071,#1255,.T.);
#802=EDGE_CURVE('',#1072,#1073,#95,.T.);
#803=EDGE_CURVE('',#1072,#1033,#1256,.F.);
#804=EDGE_CURVE('',#1032,#1073,#1257,.T.);
#805=EDGE_CURVE('',#1074,#1075,#1258,.T.);
#806=EDGE_CURVE('',#1074,#1076,#1259,.F.);
#807=EDGE_CURVE('',#1076,#1077,#1260,.T.);
#808=EDGE_CURVE('',#1075,#1077,#1261,.T.);
#809=EDGE_CURVE('',#1078,#1079,#96,.T.);
#810=EDGE_CURVE('',#1079,#1080,#1262,.T.);
#811=EDGE_CURVE('',#1081,#1080,#1263,.T.);
#812=EDGE_CURVE('',#1081,#1078,#1264,.F.);
#813=EDGE_CURVE('',#1082,#1049,#1265,.T.);
#814=EDGE_CURVE('',#1082,#1083,#97,.F.);
#815=EDGE_CURVE('',#1083,#1084,#1266,.T.);
#816=EDGE_CURVE('',#1084,#1044,#1267,.T.);
#817=EDGE_CURVE('',#1043,#1085,#1268,.T.);
#818=EDGE_CURVE('',#1038,#1085,#1269,.T.);
#819=EDGE_CURVE('',#1037,#1086,#1270,.T.);
#820=EDGE_CURVE('',#1086,#1026,#1271,.T.);
#821=EDGE_CURVE('',#1025,#1087,#1272,.T.);
#822=EDGE_CURVE('',#1087,#1088,#1273,.T.);
#823=EDGE_CURVE('',#1018,#1088,#1274,.T.);
#824=EDGE_CURVE('',#1089,#1017,#1275,.T.);
#825=EDGE_CURVE('',#1008,#1089,#1276,.T.);
#826=EDGE_CURVE('',#1007,#1090,#1277,.T.);
#827=EDGE_CURVE('',#1050,#1090,#1278,.T.);
#828=EDGE_CURVE('',#1091,#1091,#98,.T.);
#829=EDGE_CURVE('',#1092,#1092,#99,.T.);
#830=EDGE_CURVE('',#1093,#1088,#1279,.T.);
#831=EDGE_CURVE('',#1093,#1019,#1280,.T.);
#832=EDGE_CURVE('',#1094,#1095,#1281,.T.);
#833=EDGE_CURVE('',#1095,#1096,#1282,.F.);
#834=EDGE_CURVE('',#1096,#1093,#100,.F.);
#835=EDGE_CURVE('',#1097,#1087,#1283,.T.);
#836=EDGE_CURVE('',#1097,#1098,#101,.F.);
#837=EDGE_CURVE('',#1098,#1094,#1284,.T.);
#838=EDGE_CURVE('',#1024,#1097,#1285,.T.);
#839=EDGE_CURVE('',#1099,#1084,#1286,.T.);
#840=EDGE_CURVE('',#1099,#1045,#1287,.T.);
#841=EDGE_CURVE('',#1083,#1100,#1288,.F.);
#842=EDGE_CURVE('',#1100,#1101,#102,.T.);
#843=EDGE_CURVE('',#1101,#1075,#1289,.T.);
#844=EDGE_CURVE('',#1102,#1077,#1290,.T.);
#845=EDGE_CURVE('',#1102,#1103,#103,.T.);
#846=EDGE_CURVE('',#1103,#1099,#104,.F.);
#847=EDGE_CURVE('',#1048,#1104,#1291,.T.);
#848=EDGE_CURVE('',#1104,#1082,#1292,.T.);
#849=EDGE_CURVE('',#1000,#1079,#32,.T.);
#850=EDGE_CURVE('',#1078,#1001,#33,.T.);
#851=EDGE_CURVE('',#1073,#997,#34,.T.);
#852=EDGE_CURVE('',#996,#1072,#35,.T.);
#853=EDGE_CURVE('',#1105,#1036,#1293,.T.);
#854=EDGE_CURVE('',#1027,#1105,#1294,.T.);
#855=EDGE_CURVE('',#1086,#1105,#1295,.T.);
#856=EDGE_CURVE('',#1106,#1006,#1296,.T.);
#857=EDGE_CURVE('',#1106,#1051,#1297,.T.);
#858=EDGE_CURVE('',#1090,#1106,#1298,.T.);
#859=EDGE_CURVE('',#1107,#1009,#1299,.T.);
#860=EDGE_CURVE('',#1016,#1107,#1300,.T.);
#861=EDGE_CURVE('',#1089,#1107,#1301,.T.);
#862=EDGE_CURVE('',#1108,#1042,#1302,.T.);
#863=EDGE_CURVE('',#1108,#1039,#1303,.T.);
#864=EDGE_CURVE('',#1085,#1108,#1304,.T.);
#865=EDGE_CURVE('',#1080,#1065,#105,.T.);
#866=EDGE_CURVE('',#1064,#1058,#1305,.T.);
#867=EDGE_CURVE('',#1057,#1081,#106,.T.);
#868=EDGE_CURVE('',#1101,#1109,#1306,.T.);
#869=EDGE_CURVE('',#1109,#1074,#1307,.T.);
#870=EDGE_CURVE('',#1066,#1059,#1308,.F.);
#871=EDGE_CURVE('',#1052,#995,#107,.F.);
#872=EDGE_CURVE('',#994,#1070,#108,.F.);
#873=EDGE_CURVE('',#1053,#1069,#1309,.T.);
#874=EDGE_CURVE('',#1076,#1110,#1310,.F.);
#875=EDGE_CURVE('',#1110,#1102,#1311,.F.);
#876=EDGE_CURVE('',#1071,#1054,#1312,.T.);
#877=EDGE_CURVE('',#1111,#1112,#1313,.F.);
#878=EDGE_CURVE('',#1112,#1113,#1314,.T.);
#879=EDGE_CURVE('',#1113,#1114,#1315,.T.);
#880=EDGE_CURVE('',#1115,#1114,#109,.T.);
#881=EDGE_CURVE('',#1116,#1115,#1316,.T.);
#882=EDGE_CURVE('',#1117,#1116,#110,.T.);
#883=EDGE_CURVE('',#1117,#1118,#1317,.T.);
#884=EDGE_CURVE('',#1118,#1111,#1318,.F.);
#885=EDGE_CURVE('',#1119,#1120,#1319,.T.);
#886=EDGE_CURVE('',#1120,#1121,#1320,.F.);
#887=EDGE_CURVE('',#1122,#1121,#1321,.T.);
#888=EDGE_CURVE('',#1122,#1123,#111,.T.);
#889=EDGE_CURVE('',#1123,#1124,#1322,.T.);
#890=EDGE_CURVE('',#1124,#1125,#112,.T.);
#891=EDGE_CURVE('',#1126,#1125,#1323,.T.);
#892=EDGE_CURVE('',#1126,#1119,#1324,.T.);
#893=EDGE_CURVE('',#1127,#1128,#1325,.F.);
#894=EDGE_CURVE('',#1128,#1129,#1326,.F.);
#895=EDGE_CURVE('',#1129,#1130,#1327,.T.);
#896=EDGE_CURVE('',#1131,#1130,#113,.T.);
#897=EDGE_CURVE('',#1132,#1131,#1328,.T.);
#898=EDGE_CURVE('',#1133,#1132,#114,.T.);
#899=EDGE_CURVE('',#1133,#1134,#1329,.T.);
#900=EDGE_CURVE('',#1134,#1127,#1330,.T.);
#901=EDGE_CURVE('',#1135,#1136,#1331,.T.);
#902=EDGE_CURVE('',#1135,#1137,#1332,.F.);
#903=EDGE_CURVE('',#1137,#1138,#1333,.T.);
#904=EDGE_CURVE('',#1138,#1139,#1334,.T.);
#905=EDGE_CURVE('',#1140,#1139,#1335,.T.);
#906=EDGE_CURVE('',#1140,#1141,#115,.T.);
#907=EDGE_CURVE('',#1141,#1142,#1336,.T.);
#908=EDGE_CURVE('',#1142,#1136,#116,.T.);
#909=EDGE_CURVE('',#1143,#1144,#1337,.T.);
#910=EDGE_CURVE('',#1145,#1144,#117,.T.);
#911=EDGE_CURVE('',#1146,#1145,#1338,.T.);
#912=EDGE_CURVE('',#1147,#1146,#118,.T.);
#913=EDGE_CURVE('',#1148,#1147,#1339,.T.);
#914=EDGE_CURVE('',#1149,#1148,#119,.T.);
#915=EDGE_CURVE('',#1149,#1150,#1340,.T.);
#916=EDGE_CURVE('',#1143,#1150,#120,.T.);
#917=EDGE_CURVE('',#1151,#1152,#1341,.T.);
#918=EDGE_CURVE('',#1144,#1152,#1342,.T.);
#919=EDGE_CURVE('',#1143,#1151,#1343,.T.);
#920=EDGE_CURVE('',#1151,#1153,#121,.T.);
#921=EDGE_CURVE('',#1150,#1153,#1344,.T.);
#922=EDGE_CURVE('',#1154,#1153,#1345,.T.);
#923=EDGE_CURVE('',#1149,#1154,#1346,.T.);
#924=EDGE_CURVE('',#1154,#1155,#122,.T.);
#925=EDGE_CURVE('',#1148,#1155,#1347,.T.);
#926=EDGE_CURVE('',#1155,#1156,#1348,.T.);
#927=EDGE_CURVE('',#1147,#1156,#1349,.T.);
#928=EDGE_CURVE('',#1156,#1157,#123,.T.);
#929=EDGE_CURVE('',#1146,#1157,#1350,.T.);
#930=EDGE_CURVE('',#1157,#1158,#1351,.T.);
#931=EDGE_CURVE('',#1145,#1158,#1352,.T.);
#932=EDGE_CURVE('',#1159,#1160,#124,.T.);
#933=EDGE_CURVE('',#1136,#1160,#1353,.T.);
#934=EDGE_CURVE('',#1142,#1159,#1354,.T.);
#935=EDGE_CURVE('',#1161,#1159,#1355,.T.);
#936=EDGE_CURVE('',#1141,#1161,#1356,.T.);
#937=EDGE_CURVE('',#1162,#1161,#125,.T.);
#938=EDGE_CURVE('',#1140,#1162,#1357,.T.);
#939=EDGE_CURVE('',#1163,#1164,#1358,.T.);
#940=EDGE_CURVE('',#1132,#1163,#1359,.T.);
#941=EDGE_CURVE('',#1131,#1164,#1360,.T.);
#942=EDGE_CURVE('',#1164,#1165,#126,.T.);
#943=EDGE_CURVE('',#1130,#1165,#1361,.T.);
#944=EDGE_CURVE('',#1166,#1165,#1362,.T.);
#945=EDGE_CURVE('',#1134,#1129,#1363,.T.);
#946=EDGE_CURVE('',#1133,#1166,#1364,.T.);
#947=EDGE_CURVE('',#1167,#1168,#127,.T.);
#948=EDGE_CURVE('',#1123,#1168,#1365,.T.);
#949=EDGE_CURVE('',#1122,#1167,#1366,.T.);
#950=EDGE_CURVE('',#1167,#1169,#1367,.T.);
#951=EDGE_CURVE('',#1121,#1126,#1368,.T.);
#952=EDGE_CURVE('',#1125,#1169,#1369,.T.);
#953=EDGE_CURVE('',#1170,#1169,#128,.T.);
#954=EDGE_CURVE('',#1124,#1170,#1370,.T.);
#955=EDGE_CURVE('',#1171,#1172,#129,.T.);
#956=EDGE_CURVE('',#1117,#1171,#1371,.T.);
#957=EDGE_CURVE('',#1116,#1172,#1372,.T.);
#958=EDGE_CURVE('',#1172,#1173,#1373,.T.);
#959=EDGE_CURVE('',#1115,#1173,#1374,.T.);
#960=EDGE_CURVE('',#1173,#1174,#130,.T.);
#961=EDGE_CURVE('',#1114,#1174,#1375,.T.);
#962=EDGE_CURVE('',#1162,#1160,#1376,.T.);
#963=EDGE_CURVE('',#1139,#1135,#1377,.T.);
#964=EDGE_CURVE('',#1166,#1163,#131,.T.);
#965=EDGE_CURVE('',#1168,#1170,#1378,.T.);
#966=EDGE_CURVE('',#1171,#1174,#1379,.T.);
#967=EDGE_CURVE('',#1118,#1113,#1380,.T.);
#968=EDGE_CURVE('',#1158,#1152,#132,.T.);
#969=EDGE_CURVE('',#1066,#1096,#1381,.F.);
#970=EDGE_CURVE('',#1100,#1059,#1382,.F.);
#971=EDGE_CURVE('',#1100,#1104,#36,.T.);
#972=EDGE_CURVE('',#1071,#1103,#1383,.T.);
#973=EDGE_CURVE('',#1098,#1054,#1384,.T.);
#974=EDGE_CURVE('',#1139,#1028,#12,.T.);
#975=EDGE_CURVE('',#1030,#1138,#13,.F.);
#976=EDGE_CURVE('',#1068,#1137,#14,.F.);
#977=EDGE_CURVE('',#1135,#1040,#15,.T.);
#978=EDGE_CURVE('',#1127,#1035,#16,.T.);
#979=EDGE_CURVE('',#1020,#1134,#17,.F.);
#980=EDGE_CURVE('',#1022,#1129,#18,.F.);
#981=EDGE_CURVE('',#1128,#1056,#19,.T.);
#982=EDGE_CURVE('',#1004,#1118,#20,.F.);
#983=EDGE_CURVE('',#1111,#1002,#21,.T.);
#984=EDGE_CURVE('',#1112,#1061,#22,.T.);
#985=EDGE_CURVE('',#1046,#1113,#23,.T.);
#986=EDGE_CURVE('',#1011,#1121,#24,.F.);
#987=EDGE_CURVE('',#1126,#1014,#25,.T.);
#988=EDGE_CURVE('',#1119,#1063,#26,.T.);
#989=EDGE_CURVE('',#1012,#1120,#27,.F.);
#990=EDGE_CURVE('',#1098,#1110,#28,.F.);
#991=EDGE_CURVE('',#1094,#1076,#29,.T.);
#992=EDGE_CURVE('',#1095,#1074,#30,.F.);
#993=EDGE_CURVE('',#1096,#1109,#31,.F.);
#994=VERTEX_POINT('',#2733);
#995=VERTEX_POINT('',#2734);
#996=VERTEX_POINT('',#2736);
#997=VERTEX_POINT('',#2738);
#998=VERTEX_POINT('',#2742);
#999=VERTEX_POINT('',#2743);
#1000=VERTEX_POINT('',#2745);
#1001=VERTEX_POINT('',#2747);
#1002=VERTEX_POINT('',#2751);
#1003=VERTEX_POINT('',#2752);
#1004=VERTEX_POINT('',#2754);
#1005=VERTEX_POINT('',#2756);
#1006=VERTEX_POINT('',#2758);
#1007=VERTEX_POINT('',#2760);
#1008=VERTEX_POINT('',#2762);
#1009=VERTEX_POINT('',#2764);
#1010=VERTEX_POINT('',#2766);
#1011=VERTEX_POINT('',#2768);
#1012=VERTEX_POINT('',#2770);
#1013=VERTEX_POINT('',#2772);
#1014=VERTEX_POINT('',#2777);
#1015=VERTEX_POINT('',#2778);
#1016=VERTEX_POINT('',#2781);
#1017=VERTEX_POINT('',#2783);
#1018=VERTEX_POINT('',#2785);
#1019=VERTEX_POINT('',#2787);
#1020=VERTEX_POINT('',#2791);
#1021=VERTEX_POINT('',#2792);
#1022=VERTEX_POINT('',#2794);
#1023=VERTEX_POINT('',#2796);
#1024=VERTEX_POINT('',#2798);
#1025=VERTEX_POINT('',#2800);
#1026=VERTEX_POINT('',#2802);
#1027=VERTEX_POINT('',#2804);
#1028=VERTEX_POINT('',#2808);
#1029=VERTEX_POINT('',#2809);
#1030=VERTEX_POINT('',#2811);
#1031=VERTEX_POINT('',#2813);
#1032=VERTEX_POINT('',#2815);
#1033=VERTEX_POINT('',#2817);
#1034=VERTEX_POINT('',#2819);
#1035=VERTEX_POINT('',#2821);
#1036=VERTEX_POINT('',#2824);
#1037=VERTEX_POINT('',#2826);
#1038=VERTEX_POINT('',#2828);
#1039=VERTEX_POINT('',#2830);
#1040=VERTEX_POINT('',#2834);
#1041=VERTEX_POINT('',#2835);
#1042=VERTEX_POINT('',#2838);
#1043=VERTEX_POINT('',#2840);
#1044=VERTEX_POINT('',#2842);
#1045=VERTEX_POINT('',#2844);
#1046=VERTEX_POINT('',#2848);
#1047=VERTEX_POINT('',#2850);
#1048=VERTEX_POINT('',#2852);
#1049=VERTEX_POINT('',#2854);
#1050=VERTEX_POINT('',#2856);
#1051=VERTEX_POINT('',#2858);
#1052=VERTEX_POINT('',#2862);
#1053=VERTEX_POINT('',#2864);
#1054=VERTEX_POINT('',#2866);
#1055=VERTEX_POINT('',#2868);
#1056=VERTEX_POINT('',#2870);
#1057=VERTEX_POINT('',#2877);
#1058=VERTEX_POINT('',#2879);
#1059=VERTEX_POINT('',#2881);
#1060=VERTEX_POINT('',#2883);
#1061=VERTEX_POINT('',#2885);
#1062=VERTEX_POINT('',#2892);
#1063=VERTEX_POINT('',#2894);
#1064=VERTEX_POINT('',#2898);
#1065=VERTEX_POINT('',#2899);
#1066=VERTEX_POINT('',#2903);
#1067=VERTEX_POINT('',#2907);
#1068=VERTEX_POINT('',#2909);
#1069=VERTEX_POINT('',#2913);
#1070=VERTEX_POINT('',#2914);
#1071=VERTEX_POINT('',#2918);
#1072=VERTEX_POINT('',#2922);
#1073=VERTEX_POINT('',#2923);
#1074=VERTEX_POINT('',#2928);
#1075=VERTEX_POINT('',#2929);
#1076=VERTEX_POINT('',#2931);
#1077=VERTEX_POINT('',#2933);
#1078=VERTEX_POINT('',#2937);
#1079=VERTEX_POINT('',#2938);
#1080=VERTEX_POINT('',#2940);
#1081=VERTEX_POINT('',#2942);
#1082=VERTEX_POINT('',#2946);
#1083=VERTEX_POINT('',#2948);
#1084=VERTEX_POINT('',#2950);
#1085=VERTEX_POINT('',#2953);
#1086=VERTEX_POINT('',#2956);
#1087=VERTEX_POINT('',#2959);
#1088=VERTEX_POINT('',#2961);
#1089=VERTEX_POINT('',#2964);
#1090=VERTEX_POINT('',#2967);
#1091=VERTEX_POINT('',#2970);
#1092=VERTEX_POINT('',#2972);
#1093=VERTEX_POINT('',#2975);
#1094=VERTEX_POINT('',#2979);
#1095=VERTEX_POINT('',#2980);
#1096=VERTEX_POINT('',#2982);
#1097=VERTEX_POINT('',#2985);
#1098=VERTEX_POINT('',#2987);
#1099=VERTEX_POINT('',#2993);
#1100=VERTEX_POINT('',#2997);
#1101=VERTEX_POINT('',#2999);
#1102=VERTEX_POINT('',#3002);
#1103=VERTEX_POINT('',#3004);
#1104=VERTEX_POINT('',#3008);
#1105=VERTEX_POINT('',#3034);
#1106=VERTEX_POINT('',#3041);
#1107=VERTEX_POINT('',#3048);
#1108=VERTEX_POINT('',#3055);
#1109=VERTEX_POINT('',#3066);
#1110=VERTEX_POINT('',#3076);
#1111=VERTEX_POINT('',#3082);
#1112=VERTEX_POINT('',#3083);
#1113=VERTEX_POINT('',#3085);
#1114=VERTEX_POINT('',#3087);
#1115=VERTEX_POINT('',#3089);
#1116=VERTEX_POINT('',#3091);
#1117=VERTEX_POINT('',#3093);
#1118=VERTEX_POINT('',#3095);
#1119=VERTEX_POINT('',#3098);
#1120=VERTEX_POINT('',#3099);
#1121=VERTEX_POINT('',#3101);
#1122=VERTEX_POINT('',#3103);
#1123=VERTEX_POINT('',#3105);
#1124=VERTEX_POINT('',#3107);
#1125=VERTEX_POINT('',#3109);
#1126=VERTEX_POINT('',#3111);
#1127=VERTEX_POINT('',#3114);
#1128=VERTEX_POINT('',#3115);
#1129=VERTEX_POINT('',#3117);
#1130=VERTEX_POINT('',#3119);
#1131=VERTEX_POINT('',#3121);
#1132=VERTEX_POINT('',#3123);
#1133=VERTEX_POINT('',#3125);
#1134=VERTEX_POINT('',#3127);
#1135=VERTEX_POINT('',#3130);
#1136=VERTEX_POINT('',#3131);
#1137=VERTEX_POINT('',#3133);
#1138=VERTEX_POINT('',#3135);
#1139=VERTEX_POINT('',#3137);
#1140=VERTEX_POINT('',#3139);
#1141=VERTEX_POINT('',#3141);
#1142=VERTEX_POINT('',#3143);
#1143=VERTEX_POINT('',#3146);
#1144=VERTEX_POINT('',#3147);
#1145=VERTEX_POINT('',#3149);
#1146=VERTEX_POINT('',#3151);
#1147=VERTEX_POINT('',#3153);
#1148=VERTEX_POINT('',#3155);
#1149=VERTEX_POINT('',#3157);
#1150=VERTEX_POINT('',#3159);
#1151=VERTEX_POINT('',#3163);
#1152=VERTEX_POINT('',#3164);
#1153=VERTEX_POINT('',#3169);
#1154=VERTEX_POINT('',#3173);
#1155=VERTEX_POINT('',#3177);
#1156=VERTEX_POINT('',#3181);
#1157=VERTEX_POINT('',#3185);
#1158=VERTEX_POINT('',#3189);
#1159=VERTEX_POINT('',#3193);
#1160=VERTEX_POINT('',#3194);
#1161=VERTEX_POINT('',#3199);
#1162=VERTEX_POINT('',#3203);
#1163=VERTEX_POINT('',#3207);
#1164=VERTEX_POINT('',#3208);
#1165=VERTEX_POINT('',#3213);
#1166=VERTEX_POINT('',#3217);
#1167=VERTEX_POINT('',#3222);
#1168=VERTEX_POINT('',#3223);
#1169=VERTEX_POINT('',#3228);
#1170=VERTEX_POINT('',#3233);
#1171=VERTEX_POINT('',#3237);
#1172=VERTEX_POINT('',#3238);
#1173=VERTEX_POINT('',#3243);
#1174=VERTEX_POINT('',#3247);
#1175=LINE('',#2732,#1385);
#1176=LINE('',#2735,#1386);
#1177=LINE('',#2739,#1387);
#1178=LINE('',#2741,#1388);
#1179=LINE('',#2744,#1389);
#1180=LINE('',#2748,#1390);
#1181=LINE('',#2750,#1391);
#1182=LINE('',#2753,#1392);
#1183=LINE('',#2755,#1393);
#1184=LINE('',#2757,#1394);
#1185=LINE('',#2759,#1395);
#1186=LINE('',#2761,#1396);
#1187=LINE('',#2763,#1397);
#1188=LINE('',#2765,#1398);
#1189=LINE('',#2767,#1399);
#1190=LINE('',#2769,#1400);
#1191=LINE('',#2771,#1401);
#1192=LINE('',#2776,#1402);
#1193=LINE('',#2779,#1403);
#1194=LINE('',#2780,#1404);
#1195=LINE('',#2782,#1405);
#1196=LINE('',#2784,#1406);
#1197=LINE('',#2786,#1407);
#1198=LINE('',#2790,#1408);
#1199=LINE('',#2793,#1409);
#1200=LINE('',#2795,#1410);
#1201=LINE('',#2799,#1411);
#1202=LINE('',#2801,#1412);
#1203=LINE('',#2803,#1413);
#1204=LINE('',#2805,#1414);
#1205=LINE('',#2807,#1415);
#1206=LINE('',#2810,#1416);
#1207=LINE('',#2812,#1417);
#1208=LINE('',#2816,#1418);
#1209=LINE('',#2820,#1419);
#1210=LINE('',#2822,#1420);
#1211=LINE('',#2823,#1421);
#1212=LINE('',#2825,#1422);
#1213=LINE('',#2827,#1423);
#1214=LINE('',#2829,#1424);
#1215=LINE('',#2831,#1425);
#1216=LINE('',#2833,#1426);
#1217=LINE('',#2836,#1427);
#1218=LINE('',#2837,#1428);
#1219=LINE('',#2839,#1429);
#1220=LINE('',#2841,#1430);
#1221=LINE('',#2843,#1431);
#1222=LINE('',#2847,#1432);
#1223=LINE('',#2849,#1433);
#1224=LINE('',#2853,#1434);
#1225=LINE('',#2855,#1435);
#1226=LINE('',#2857,#1436);
#1227=LINE('',#2859,#1437);
#1228=LINE('',#2861,#1438);
#1229=LINE('',#2863,#1439);
#1230=LINE('',#2865,#1440);
#1231=LINE('',#2869,#1441);
#1232=LINE('',#2871,#1442);
#1233=LINE('',#2873,#1443);
#1234=LINE('',#2874,#1444);
#1235=LINE('',#2876,#1445);
#1236=LINE('',#2878,#1446);
#1237=LINE('',#2880,#1447);
#1238=LINE('',#2884,#1448);
#1239=LINE('',#2886,#1449);
#1240=LINE('',#2888,#1450);
#1241=LINE('',#2889,#1451);
#1242=LINE('',#2891,#1452);
#1243=LINE('',#2893,#1453);
#1244=LINE('',#2895,#1454);
#1245=LINE('',#2897,#1455);
#1246=LINE('',#2900,#1456);
#1247=LINE('',#2901,#1457);
#1248=LINE('',#2904,#1458);
#1249=LINE('',#2906,#1459);
#1250=LINE('',#2908,#1460);
#1251=LINE('',#2910,#1461);
#1252=LINE('',#2912,#1462);
#1253=LINE('',#2915,#1463);
#1254=LINE('',#2916,#1464);
#1255=LINE('',#2919,#1465);
#1256=LINE('',#2924,#1466);
#1257=LINE('',#2925,#1467);
#1258=LINE('',#2927,#1468);
#1259=LINE('',#2930,#1469);
#1260=LINE('',#2932,#1470);
#1261=LINE('',#2934,#1471);
#1262=LINE('',#2939,#1472);
#1263=LINE('',#2941,#1473);
#1264=LINE('',#2943,#1474);
#1265=LINE('',#2945,#1475);
#1266=LINE('',#2949,#1476);
#1267=LINE('',#2951,#1477);
#1268=LINE('',#2952,#1478);
#1269=LINE('',#2954,#1479);
#1270=LINE('',#2955,#1480);
#1271=LINE('',#2957,#1481);
#1272=LINE('',#2958,#1482);
#1273=LINE('',#2960,#1483);
#1274=LINE('',#2962,#1484);
#1275=LINE('',#2963,#1485);
#1276=LINE('',#2965,#1486);
#1277=LINE('',#2966,#1487);
#1278=LINE('',#2968,#1488);
#1279=LINE('',#2974,#1489);
#1280=LINE('',#2976,#1490);
#1281=LINE('',#2978,#1491);
#1282=LINE('',#2981,#1492);
#1283=LINE('',#2984,#1493);
#1284=LINE('',#2988,#1494);
#1285=LINE('',#2990,#1495);
#1286=LINE('',#2992,#1496);
#1287=LINE('',#2994,#1497);
#1288=LINE('',#2996,#1498);
#1289=LINE('',#3000,#1499);
#1290=LINE('',#3001,#1500);
#1291=LINE('',#3007,#1501);
#1292=LINE('',#3009,#1502);
#1293=LINE('',#3033,#1503);
#1294=LINE('',#3035,#1504);
#1295=LINE('',#3037,#1505);
#1296=LINE('',#3040,#1506);
#1297=LINE('',#3042,#1507);
#1298=LINE('',#3044,#1508);
#1299=LINE('',#3047,#1509);
#1300=LINE('',#3049,#1510);
#1301=LINE('',#3051,#1511);
#1302=LINE('',#3054,#1512);
#1303=LINE('',#3056,#1513);
#1304=LINE('',#3058,#1514);
#1305=LINE('',#3062,#1515);
#1306=LINE('',#3065,#1516);
#1307=LINE('',#3067,#1517);
#1308=LINE('',#3069,#1518);
#1309=LINE('',#3073,#1519);
#1310=LINE('',#3075,#1520);
#1311=LINE('',#3077,#1521);
#1312=LINE('',#3079,#1522);
#1313=LINE('',#3081,#1523);
#1314=LINE('',#3084,#1524);
#1315=LINE('',#3086,#1525);
#1316=LINE('',#3090,#1526);
#1317=LINE('',#3094,#1527);
#1318=LINE('',#3096,#1528);
#1319=LINE('',#3097,#1529);
#1320=LINE('',#3100,#1530);
#1321=LINE('',#3102,#1531);
#1322=LINE('',#3106,#1532);
#1323=LINE('',#3110,#1533);
#1324=LINE('',#3112,#1534);
#1325=LINE('',#3113,#1535);
#1326=LINE('',#3116,#1536);
#1327=LINE('',#3118,#1537);
#1328=LINE('',#3122,#1538);
#1329=LINE('',#3126,#1539);
#1330=LINE('',#3128,#1540);
#1331=LINE('',#3129,#1541);
#1332=LINE('',#3132,#1542);
#1333=LINE('',#3134,#1543);
#1334=LINE('',#3136,#1544);
#1335=LINE('',#3138,#1545);
#1336=LINE('',#3142,#1546);
#1337=LINE('',#3145,#1547);
#1338=LINE('',#3150,#1548);
#1339=LINE('',#3154,#1549);
#1340=LINE('',#3158,#1550);
#1341=LINE('',#3162,#1551);
#1342=LINE('',#3165,#1552);
#1343=LINE('',#3166,#1553);
#1344=LINE('',#3170,#1554);
#1345=LINE('',#3172,#1555);
#1346=LINE('',#3174,#1556);
#1347=LINE('',#3178,#1557);
#1348=LINE('',#3180,#1558);
#1349=LINE('',#3182,#1559);
#1350=LINE('',#3186,#1560);
#1351=LINE('',#3188,#1561);
#1352=LINE('',#3190,#1562);
#1353=LINE('',#3195,#1563);
#1354=LINE('',#3196,#1564);
#1355=LINE('',#3198,#1565);
#1356=LINE('',#3200,#1566);
#1357=LINE('',#3204,#1567);
#1358=LINE('',#3206,#1568);
#1359=LINE('',#3209,#1569);
#1360=LINE('',#3210,#1570);
#1361=LINE('',#3214,#1571);
#1362=LINE('',#3216,#1572);
#1363=LINE('',#3218,#1573);
#1364=LINE('',#3219,#1574);
#1365=LINE('',#3224,#1575);
#1366=LINE('',#3225,#1576);
#1367=LINE('',#3227,#1577);
#1368=LINE('',#3229,#1578);
#1369=LINE('',#3230,#1579);
#1370=LINE('',#3234,#1580);
#1371=LINE('',#3239,#1581);
#1372=LINE('',#3240,#1582);
#1373=LINE('',#3242,#1583);
#1374=LINE('',#3244,#1584);
#1375=LINE('',#3248,#1585);
#1376=LINE('',#3250,#1586);
#1377=LINE('',#3251,#1587);
#1378=LINE('',#3255,#1588);
#1379=LINE('',#3257,#1589);
#1380=LINE('',#3258,#1590);
#1381=LINE('',#3263,#1591);
#1382=LINE('',#3265,#1592);
#1383=LINE('',#3271,#1593);
#1384=LINE('',#3273,#1594);
#1385=VECTOR('',#2174,1.);
#1386=VECTOR('',#2175,1.);
#1387=VECTOR('',#2178,1.);
#1388=VECTOR('',#2181,1.);
#1389=VECTOR('',#2182,1.);
#1390=VECTOR('',#2185,1.);
#1391=VECTOR('',#2188,1.);
#1392=VECTOR('',#2189,1.);
#1393=VECTOR('',#2190,1.);
#1394=VECTOR('',#2191,1.);
#1395=VECTOR('',#2192,1.);
#1396=VECTOR('',#2193,1.);
#1397=VECTOR('',#2194,1.);
#1398=VECTOR('',#2195,1.);
#1399=VECTOR('',#2196,1.);
#1400=VECTOR('',#2197,1.);
#1401=VECTOR('',#2198,1.);
#1402=VECTOR('',#2205,1.);
#1403=VECTOR('',#2206,1.);
#1404=VECTOR('',#2207,1.);
#1405=VECTOR('',#2208,1.);
#1406=VECTOR('',#2209,1.);
#1407=VECTOR('',#2210,1.);
#1408=VECTOR('',#2215,1.);
#1409=VECTOR('',#2216,1.);
#1410=VECTOR('',#2217,1.);
#1411=VECTOR('',#2220,1.);
#1412=VECTOR('',#2221,1.);
#1413=VECTOR('',#2222,1.);
#1414=VECTOR('',#2223,1.);
#1415=VECTOR('',#2226,1.);
#1416=VECTOR('',#2227,1.);
#1417=VECTOR('',#2228,1.);
#1418=VECTOR('',#2231,1.);
#1419=VECTOR('',#2234,1.);
#1420=VECTOR('',#2235,1.);
#1421=VECTOR('',#2236,1.);
#1422=VECTOR('',#2237,1.);
#1423=VECTOR('',#2238,1.);
#1424=VECTOR('',#2239,1.);
#1425=VECTOR('',#2240,1.);
#1426=VECTOR('',#2243,1.);
#1427=VECTOR('',#2244,1.);
#1428=VECTOR('',#2245,1.);
#1429=VECTOR('',#2246,1.);
#1430=VECTOR('',#2247,1.);
#1431=VECTOR('',#2248,1.);
#1432=VECTOR('',#2253,1.);
#1433=VECTOR('',#2254,1.);
#1434=VECTOR('',#2257,1.);
#1435=VECTOR('',#2258,1.);
#1436=VECTOR('',#2259,1.);
#1437=VECTOR('',#2260,1.);
#1438=VECTOR('',#2263,1.);
#1439=VECTOR('',#2264,1.);
#1440=VECTOR('',#2265,1.);
#1441=VECTOR('',#2268,1.);
#1442=VECTOR('',#2269,1.);
#1443=VECTOR('',#2272,1.);
#1444=VECTOR('',#2273,1.);
#1445=VECTOR('',#2276,1.);
#1446=VECTOR('',#2277,1.);
#1447=VECTOR('',#2278,1.);
#1448=VECTOR('',#2281,1.);
#1449=VECTOR('',#2282,1.);
#1450=VECTOR('',#2285,1.);
#1451=VECTOR('',#2286,1.);
#1452=VECTOR('',#2289,1.);
#1453=VECTOR('',#2290,1.);
#1454=VECTOR('',#2291,1.);
#1455=VECTOR('',#2294,1.);
#1456=VECTOR('',#2295,1.);
#1457=VECTOR('',#2296,1.);
#1458=VECTOR('',#2299,1.);
#1459=VECTOR('',#2302,1.);
#1460=VECTOR('',#2303,1.);
#1461=VECTOR('',#2304,1.);
#1462=VECTOR('',#2307,1.);
#1463=VECTOR('',#2308,1.);
#1464=VECTOR('',#2309,1.);
#1465=VECTOR('',#2312,1.);
#1466=VECTOR('',#2317,1.);
#1467=VECTOR('',#2318,1.);
#1468=VECTOR('',#2321,1.);
#1469=VECTOR('',#2322,1.);
#1470=VECTOR('',#2323,1.);
#1471=VECTOR('',#2324,1.);
#1472=VECTOR('',#2329,1.);
#1473=VECTOR('',#2330,1.);
#1474=VECTOR('',#2331,1.);
#1475=VECTOR('',#2334,1.);
#1476=VECTOR('',#2337,1.);
#1477=VECTOR('',#2338,1.);
#1478=VECTOR('',#2339,1.);
#1479=VECTOR('',#2340,1.);
#1480=VECTOR('',#2341,1.);
#1481=VECTOR('',#2342,1.);
#1482=VECTOR('',#2343,1.);
#1483=VECTOR('',#2344,1.);
#1484=VECTOR('',#2345,1.);
#1485=VECTOR('',#2346,1.);
#1486=VECTOR('',#2347,1.);
#1487=VECTOR('',#2348,1.);
#1488=VECTOR('',#2349,1.);
#1489=VECTOR('',#2356,1.);
#1490=VECTOR('',#2357,1.);
#1491=VECTOR('',#2360,1.);
#1492=VECTOR('',#2361,1.);
#1493=VECTOR('',#2364,1.);
#1494=VECTOR('',#2367,1.);
#1495=VECTOR('',#2370,1.);
#1496=VECTOR('',#2373,1.);
#1497=VECTOR('',#2374,1.);
#1498=VECTOR('',#2377,1.);
#1499=VECTOR('',#2380,1.);
#1500=VECTOR('',#2381,1.);
#1501=VECTOR('',#2388,1.);
#1502=VECTOR('',#2389,1.);
#1503=VECTOR('',#2396,1.);
#1504=VECTOR('',#2397,1.);
#1505=VECTOR('',#2400,1.);
#1506=VECTOR('',#2405,1.);
#1507=VECTOR('',#2406,1.);
#1508=VECTOR('',#2409,1.);
#1509=VECTOR('',#2414,1.);
#1510=VECTOR('',#2415,1.);
#1511=VECTOR('',#2418,1.);
#1512=VECTOR('',#2423,1.);
#1513=VECTOR('',#2424,1.);
#1514=VECTOR('',#2427,1.);
#1515=VECTOR('',#2434,1.);
#1516=VECTOR('',#2439,1.);
#1517=VECTOR('',#2440,1.);
#1518=VECTOR('',#2443,1.);
#1519=VECTOR('',#2450,1.);
#1520=VECTOR('',#2453,1.);
#1521=VECTOR('',#2454,1.);
#1522=VECTOR('',#2457,1.);
#1523=VECTOR('',#2460,1.);
#1524=VECTOR('',#2461,1.);
#1525=VECTOR('',#2462,1.);
#1526=VECTOR('',#2465,1.);
#1527=VECTOR('',#2468,1.);
#1528=VECTOR('',#2469,1.);
#1529=VECTOR('',#2470,1.);
#1530=VECTOR('',#2471,1.);
#1531=VECTOR('',#2472,1.);
#1532=VECTOR('',#2475,1.);
#1533=VECTOR('',#2478,1.);
#1534=VECTOR('',#2479,1.);
#1535=VECTOR('',#2480,1.);
#1536=VECTOR('',#2481,1.);
#1537=VECTOR('',#2482,1.);
#1538=VECTOR('',#2485,1.);
#1539=VECTOR('',#2488,1.);
#1540=VECTOR('',#2489,1.);
#1541=VECTOR('',#2490,1.);
#1542=VECTOR('',#2491,1.);
#1543=VECTOR('',#2492,1.);
#1544=VECTOR('',#2493,1.);
#1545=VECTOR('',#2494,1.);
#1546=VECTOR('',#2497,1.);
#1547=VECTOR('',#2500,1.);
#1548=VECTOR('',#2503,1.);
#1549=VECTOR('',#2506,1.);
#1550=VECTOR('',#2509,1.);
#1551=VECTOR('',#2514,1.);
#1552=VECTOR('',#2515,1.);
#1553=VECTOR('',#2516,1.);
#1554=VECTOR('',#2521,1.);
#1555=VECTOR('',#2524,1.);
#1556=VECTOR('',#2525,1.);
#1557=VECTOR('',#2530,1.);
#1558=VECTOR('',#2533,1.);
#1559=VECTOR('',#2534,1.);
#1560=VECTOR('',#2539,1.);
#1561=VECTOR('',#2542,1.);
#1562=VECTOR('',#2543,1.);
#1563=VECTOR('',#2548,1.);
#1564=VECTOR('',#2549,1.);
#1565=VECTOR('',#2552,1.);
#1566=VECTOR('',#2553,1.);
#1567=VECTOR('',#2558,1.);
#1568=VECTOR('',#2561,1.);
#1569=VECTOR('',#2562,1.);
#1570=VECTOR('',#2563,1.);
#1571=VECTOR('',#2568,1.);
#1572=VECTOR('',#2571,1.);
#1573=VECTOR('',#2572,1.);
#1574=VECTOR('',#2573,1.);
#1575=VECTOR('',#2578,1.);
#1576=VECTOR('',#2579,1.);
#1577=VECTOR('',#2582,1.);
#1578=VECTOR('',#2583,1.);
#1579=VECTOR('',#2584,1.);
#1580=VECTOR('',#2589,1.);
#1581=VECTOR('',#2594,1.);
#1582=VECTOR('',#2595,1.);
#1583=VECTOR('',#2598,1.);
#1584=VECTOR('',#2599,1.);
#1585=VECTOR('',#2604,1.);
#1586=VECTOR('',#2607,1.);
#1587=VECTOR('',#2608,1.);
#1588=VECTOR('',#2615,1.);
#1589=VECTOR('',#2618,1.);
#1590=VECTOR('',#2619,1.);
#1591=VECTOR('',#2628,1.);
#1592=VECTOR('',#2631,1.);
#1593=VECTOR('',#2634,1.);
#1594=VECTOR('',#2637,1.);
#1595=EDGE_LOOP('',(#133,#134,#135,#136));
#1596=EDGE_LOOP('',(#137,#138,#139,#140));
#1597=EDGE_LOOP('',(#141,#142,#143,#144,#145,#146,#147,#148,#149,#150,#151,
#152,#153,#154));
#1598=EDGE_LOOP('',(#155,#156,#157,#158,#159,#160,#161,#162));
#1599=EDGE_LOOP('',(#163,#164,#165,#166,#167,#168,#169,#170));
#1600=EDGE_LOOP('',(#171,#172,#173,#174,#175,#176,#177,#178,#179,#180,#181,
#182,#183,#184));
#1601=EDGE_LOOP('',(#185,#186,#187,#188,#189,#190,#191,#192));
#1602=EDGE_LOOP('',(#193,#194,#195,#196,#197,#198,#199,#200));
#1603=EDGE_LOOP('',(#201,#202,#203,#204,#205,#206,#207));
#1604=EDGE_LOOP('',(#208,#209,#210,#211));
#1605=EDGE_LOOP('',(#212,#213,#214,#215,#216,#217,#218));
#1606=EDGE_LOOP('',(#219,#220,#221,#222));
#1607=EDGE_LOOP('',(#223,#224,#225,#226));
#1608=EDGE_LOOP('',(#227,#228,#229,#230,#231,#232,#233));
#1609=EDGE_LOOP('',(#234,#235,#236,#237));
#1610=EDGE_LOOP('',(#238,#239,#240,#241,#242,#243,#244));
#1611=EDGE_LOOP('',(#245,#246,#247,#248));
#1612=EDGE_LOOP('',(#249,#250,#251,#252));
#1613=EDGE_LOOP('',(#253,#254,#255,#256));
#1614=EDGE_LOOP('',(#257,#258,#259,#260,#261,#262,#263,#264,#265,#266,#267,
#268,#269,#270,#271,#272,#273,#274,#275,#276,#277));
#1615=EDGE_LOOP('',(#278));
#1616=EDGE_LOOP('',(#279));
#1617=EDGE_LOOP('',(#280,#281,#282,#283));
#1618=EDGE_LOOP('',(#284,#285,#286,#287,#288,#289,#290,#291));
#1619=EDGE_LOOP('',(#292,#293,#294,#295));
#1620=EDGE_LOOP('',(#296,#297,#298,#299));
#1621=EDGE_LOOP('',(#300,#301,#302,#303,#304,#305,#306,#307,#308));
#1622=EDGE_LOOP('',(#309,#310,#311,#312));
#1623=EDGE_LOOP('',(#313,#314,#315,#316));
#1624=EDGE_LOOP('',(#317));
#1625=EDGE_LOOP('',(#318,#319,#320,#321));
#1626=EDGE_LOOP('',(#322));
#1627=EDGE_LOOP('',(#323,#324,#325,#326));
#1628=EDGE_LOOP('',(#327,#328,#329,#330));
#1629=EDGE_LOOP('',(#331,#332,#333,#334));
#1630=EDGE_LOOP('',(#335,#336,#337,#338));
#1631=EDGE_LOOP('',(#339,#340,#341,#342));
#1632=EDGE_LOOP('',(#343,#344,#345,#346));
#1633=EDGE_LOOP('',(#347,#348,#349,#350));
#1634=EDGE_LOOP('',(#351,#352,#353,#354));
#1635=EDGE_LOOP('',(#355,#356,#357,#358));
#1636=EDGE_LOOP('',(#359,#360,#361,#362));
#1637=EDGE_LOOP('',(#363,#364,#365,#366));
#1638=EDGE_LOOP('',(#367,#368,#369,#370));
#1639=EDGE_LOOP('',(#371,#372,#373,#374,#375,#376));
#1640=EDGE_LOOP('',(#377,#378,#379,#380));
#1641=EDGE_LOOP('',(#381,#382,#383,#384));
#1642=EDGE_LOOP('',(#385,#386,#387,#388,#389,#390));
#1643=EDGE_LOOP('',(#391,#392,#393,#394));
#1644=EDGE_LOOP('',(#395,#396,#397,#398));
#1645=EDGE_LOOP('',(#399,#400,#401,#402,#403,#404,#405,#406));
#1646=EDGE_LOOP('',(#407,#408,#409,#410,#411,#412,#413,#414));
#1647=EDGE_LOOP('',(#415,#416,#417,#418,#419,#420,#421,#422));
#1648=EDGE_LOOP('',(#423,#424,#425,#426,#427,#428,#429,#430));
#1649=EDGE_LOOP('',(#431,#432,#433,#434,#435,#436,#437,#438));
#1650=EDGE_LOOP('',(#439,#440,#441,#442));
#1651=EDGE_LOOP('',(#443,#444,#445,#446));
#1652=EDGE_LOOP('',(#447,#448,#449,#450));
#1653=EDGE_LOOP('',(#451,#452,#453,#454));
#1654=EDGE_LOOP('',(#455,#456,#457,#458));
#1655=EDGE_LOOP('',(#459,#460,#461,#462));
#1656=EDGE_LOOP('',(#463,#464,#465,#466));
#1657=EDGE_LOOP('',(#467,#468,#469,#470));
#1658=EDGE_LOOP('',(#471,#472,#473,#474));
#1659=EDGE_LOOP('',(#475,#476,#477,#478));
#1660=EDGE_LOOP('',(#479,#480,#481,#482));
#1661=EDGE_LOOP('',(#483,#484,#485,#486));
#1662=EDGE_LOOP('',(#487,#488,#489,#490,#491,#492));
#1663=EDGE_LOOP('',(#493,#494,#495,#496));
#1664=EDGE_LOOP('',(#497,#498,#499,#500,#501,#502));
#1665=EDGE_LOOP('',(#503,#504,#505,#506));
#1666=EDGE_LOOP('',(#507,#508,#509,#510));
#1667=EDGE_LOOP('',(#511,#512,#513,#514));
#1668=EDGE_LOOP('',(#515,#516,#517,#518));
#1669=EDGE_LOOP('',(#519,#520,#521,#522,#523,#524));
#1670=EDGE_LOOP('',(#525,#526,#527,#528));
#1671=EDGE_LOOP('',(#529,#530,#531,#532));
#1672=EDGE_LOOP('',(#533,#534,#535,#536,#537,#538));
#1673=EDGE_LOOP('',(#539,#540,#541,#542));
#1674=EDGE_LOOP('',(#543,#544,#545,#546,#547,#548,#549,#550));
#1675=EDGE_LOOP('',(#551,#552,#553,#554));
#1676=EDGE_LOOP('',(#555,#556,#557,#558));
#1677=EDGE_LOOP('',(#559,#560,#561,#562));
#1678=EDGE_LOOP('',(#563,#564,#565,#566));
#1679=EDGE_LOOP('',(#567,#568,#569,#570,#571,#572));
#1680=EDGE_LOOP('',(#573,#574,#575,#576,#577,#578));
#1681=EDGE_LOOP('',(#579,#580,#581,#582,#583,#584));
#1682=EDGE_LOOP('',(#585,#586,#587,#588,#589,#590));
#1683=EDGE_LOOP('',(#591,#592,#593,#594,#595,#596));
#1684=EDGE_LOOP('',(#597,#598,#599,#600,#601,#602));
#1685=EDGE_LOOP('',(#603,#604,#605,#606,#607,#608));
#1686=EDGE_LOOP('',(#609,#610,#611,#612,#613,#614));
#1687=EDGE_LOOP('',(#615,#616,#617,#618));
#1688=EDGE_LOOP('',(#619,#620,#621,#622));
#1689=EDGE_LOOP('',(#623,#624,#625,#626));
#1690=EDGE_LOOP('',(#627,#628,#629,#630));
#1691=EDGE_LOOP('',(#631,#632,#633,#634));
#1692=EDGE_LOOP('',(#635,#636,#637,#638));
#1693=EDGE_LOOP('',(#639,#640,#641,#642));
#1694=EDGE_LOOP('',(#643,#644,#645,#646));
#1695=EDGE_LOOP('',(#647,#648,#649,#650));
#1696=EDGE_LOOP('',(#651,#652,#653,#654));
#1697=EDGE_LOOP('',(#655,#656,#657,#658));
#1698=EDGE_LOOP('',(#659,#660,#661,#662));
#1699=EDGE_LOOP('',(#663,#664,#665,#666));
#1700=EDGE_LOOP('',(#667,#668,#669,#670));
#1701=EDGE_LOOP('',(#671,#672,#673,#674));
#1702=EDGE_LOOP('',(#675,#676,#677,#678));
#1703=EDGE_LOOP('',(#679,#680,#681,#682,#683,#684));
#1704=EDGE_LOOP('',(#685,#686,#687,#688));
#1705=EDGE_LOOP('',(#689,#690,#691,#692));
#1706=EDGE_LOOP('',(#693,#694,#695,#696));
#1707=EDGE_LOOP('',(#697,#698,#699,#700,#701,#702));
#1708=EDGE_LOOP('',(#703,#704,#705,#706));
#1709=FACE_BOUND('',#1595,.T.);
#1710=FACE_BOUND('',#1596,.T.);
#1711=FACE_BOUND('',#1597,.T.);
#1712=FACE_BOUND('',#1598,.T.);
#1713=FACE_BOUND('',#1599,.T.);
#1714=FACE_BOUND('',#1600,.T.);
#1715=FACE_BOUND('',#1601,.T.);
#1716=FACE_BOUND('',#1602,.T.);
#1717=FACE_BOUND('',#1603,.T.);
#1718=FACE_BOUND('',#1604,.T.);
#1719=FACE_BOUND('',#1605,.T.);
#1720=FACE_BOUND('',#1606,.T.);
#1721=FACE_BOUND('',#1607,.T.);
#1722=FACE_BOUND('',#1608,.T.);
#1723=FACE_BOUND('',#1609,.T.);
#1724=FACE_BOUND('',#1610,.T.);
#1725=FACE_BOUND('',#1611,.T.);
#1726=FACE_BOUND('',#1612,.T.);
#1727=FACE_BOUND('',#1613,.T.);
#1728=FACE_BOUND('',#1614,.T.);
#1729=FACE_BOUND('',#1615,.T.);
#1730=FACE_BOUND('',#1616,.T.);
#1731=FACE_BOUND('',#1617,.T.);
#1732=FACE_BOUND('',#1618,.T.);
#1733=FACE_BOUND('',#1619,.T.);
#1734=FACE_BOUND('',#1620,.T.);
#1735=FACE_BOUND('',#1621,.T.);
#1736=FACE_BOUND('',#1622,.T.);
#1737=FACE_BOUND('',#1623,.T.);
#1738=FACE_BOUND('',#1624,.T.);
#1739=FACE_BOUND('',#1625,.T.);
#1740=FACE_BOUND('',#1626,.T.);
#1741=FACE_BOUND('',#1627,.T.);
#1742=FACE_BOUND('',#1628,.T.);
#1743=FACE_BOUND('',#1629,.T.);
#1744=FACE_BOUND('',#1630,.T.);
#1745=FACE_BOUND('',#1631,.T.);
#1746=FACE_BOUND('',#1632,.T.);
#1747=FACE_BOUND('',#1633,.T.);
#1748=FACE_BOUND('',#1634,.T.);
#1749=FACE_BOUND('',#1635,.T.);
#1750=FACE_BOUND('',#1636,.T.);
#1751=FACE_BOUND('',#1637,.T.);
#1752=FACE_BOUND('',#1638,.T.);
#1753=FACE_BOUND('',#1639,.T.);
#1754=FACE_BOUND('',#1640,.T.);
#1755=FACE_BOUND('',#1641,.T.);
#1756=FACE_BOUND('',#1642,.T.);
#1757=FACE_BOUND('',#1643,.T.);
#1758=FACE_BOUND('',#1644,.T.);
#1759=FACE_BOUND('',#1645,.T.);
#1760=FACE_BOUND('',#1646,.T.);
#1761=FACE_BOUND('',#1647,.T.);
#1762=FACE_BOUND('',#1648,.T.);
#1763=FACE_BOUND('',#1649,.T.);
#1764=FACE_BOUND('',#1650,.T.);
#1765=FACE_BOUND('',#1651,.T.);
#1766=FACE_BOUND('',#1652,.T.);
#1767=FACE_BOUND('',#1653,.T.);
#1768=FACE_BOUND('',#1654,.T.);
#1769=FACE_BOUND('',#1655,.T.);
#1770=FACE_BOUND('',#1656,.T.);
#1771=FACE_BOUND('',#1657,.T.);
#1772=FACE_BOUND('',#1658,.T.);
#1773=FACE_BOUND('',#1659,.T.);
#1774=FACE_BOUND('',#1660,.T.);
#1775=FACE_BOUND('',#1661,.T.);
#1776=FACE_BOUND('',#1662,.T.);
#1777=FACE_BOUND('',#1663,.T.);
#1778=FACE_BOUND('',#1664,.T.);
#1779=FACE_BOUND('',#1665,.T.);
#1780=FACE_BOUND('',#1666,.T.);
#1781=FACE_BOUND('',#1667,.T.);
#1782=FACE_BOUND('',#1668,.T.);
#1783=FACE_BOUND('',#1669,.T.);
#1784=FACE_BOUND('',#1670,.T.);
#1785=FACE_BOUND('',#1671,.T.);
#1786=FACE_BOUND('',#1672,.T.);
#1787=FACE_BOUND('',#1673,.T.);
#1788=FACE_BOUND('',#1674,.T.);
#1789=FACE_BOUND('',#1675,.T.);
#1790=FACE_BOUND('',#1676,.T.);
#1791=FACE_BOUND('',#1677,.T.);
#1792=FACE_BOUND('',#1678,.T.);
#1793=FACE_BOUND('',#1679,.T.);
#1794=FACE_BOUND('',#1680,.T.);
#1795=FACE_BOUND('',#1681,.T.);
#1796=FACE_BOUND('',#1682,.T.);
#1797=FACE_BOUND('',#1683,.T.);
#1798=FACE_BOUND('',#1684,.T.);
#1799=FACE_BOUND('',#1685,.T.);
#1800=FACE_BOUND('',#1686,.T.);
#1801=FACE_BOUND('',#1687,.T.);
#1802=FACE_BOUND('',#1688,.T.);
#1803=FACE_BOUND('',#1689,.T.);
#1804=FACE_BOUND('',#1690,.T.);
#1805=FACE_BOUND('',#1691,.T.);
#1806=FACE_BOUND('',#1692,.T.);
#1807=FACE_BOUND('',#1693,.T.);
#1808=FACE_BOUND('',#1694,.T.);
#1809=FACE_BOUND('',#1695,.T.);
#1810=FACE_BOUND('',#1696,.T.);
#1811=FACE_BOUND('',#1697,.T.);
#1812=FACE_BOUND('',#1698,.T.);
#1813=FACE_BOUND('',#1699,.T.);
#1814=FACE_BOUND('',#1700,.T.);
#1815=FACE_BOUND('',#1701,.T.);
#1816=FACE_BOUND('',#1702,.T.);
#1817=FACE_BOUND('',#1703,.T.);
#1818=FACE_BOUND('',#1704,.T.);
#1819=FACE_BOUND('',#1705,.T.);
#1820=FACE_BOUND('',#1706,.T.);
#1821=FACE_BOUND('',#1707,.T.);
#1822=FACE_BOUND('',#1708,.T.);
#1823=PLANE('',#1996);
#1824=PLANE('',#1998);
#1825=PLANE('',#2000);
#1826=PLANE('',#2003);
#1827=PLANE('',#2005);
#1828=PLANE('',#2007);
#1829=PLANE('',#2010);
#1830=PLANE('',#2012);
#1831=PLANE('',#2014);
#1832=PLANE('',#2016);
#1833=PLANE('',#2017);
#1834=PLANE('',#2019);
#1835=PLANE('',#2020);
#1836=PLANE('',#2021);
#1837=PLANE('',#2023);
#1838=PLANE('',#2024);
#1839=PLANE('',#2026);
#1840=PLANE('',#2028);
#1841=PLANE('',#2029);
#1842=PLANE('',#2031);
#1843=PLANE('',#2035);
#1844=PLANE('',#2036);
#1845=PLANE('',#2039);
#1846=PLANE('',#2040);
#1847=PLANE('',#2041);
#1848=PLANE('',#2045);
#1849=PLANE('',#2048);
#1850=PLANE('',#2049);
#1851=PLANE('',#2050);
#1852=PLANE('',#2051);
#1853=PLANE('',#2052);
#1854=PLANE('',#2053);
#1855=PLANE('',#2054);
#1856=PLANE('',#2055);
#1857=PLANE('',#2056);
#1858=PLANE('',#2057);
#1859=PLANE('',#2058);
#1860=PLANE('',#2059);
#1861=PLANE('',#2060);
#1862=PLANE('',#2063);
#1863=PLANE('',#2064);
#1864=PLANE('',#2065);
#1865=PLANE('',#2068);
#1866=PLANE('',#2069);
#1867=PLANE('',#2070);
#1868=PLANE('',#2083);
#1869=PLANE('',#2086);
#1870=PLANE('',#2089);
#1871=PLANE('',#2092);
#1872=PLANE('',#2095);
#1873=PLANE('',#2098);
#1874=PLANE('',#2101);
#1875=PLANE('',#2104);
#1876=PLANE('',#2109);
#1877=PLANE('',#2112);
#1878=PLANE('',#2115);
#1879=PLANE('',#2116);
#1880=PLANE('',#2119);
#1881=ADVANCED_FACE('',(#1709),#1823,.T.);
#1882=ADVANCED_FACE('',(#1710),#1824,.T.);
#1883=ADVANCED_FACE('',(#1711),#1825,.T.);
#1884=ADVANCED_FACE('',(#1712),#1826,.T.);
#1885=ADVANCED_FACE('',(#1713),#1827,.T.);
#1886=ADVANCED_FACE('',(#1714),#1828,.F.);
#1887=ADVANCED_FACE('',(#1715),#1829,.F.);
#1888=ADVANCED_FACE('',(#1716),#1830,.T.);
#1889=ADVANCED_FACE('',(#1717),#1831,.T.);
#1890=ADVANCED_FACE('',(#1718),#1832,.T.);
#1891=ADVANCED_FACE('',(#1719),#1833,.T.);
#1892=ADVANCED_FACE('',(#1720),#1834,.F.);
#1893=ADVANCED_FACE('',(#1721),#1835,.F.);
#1894=ADVANCED_FACE('',(#1722),#1836,.F.);
#1895=ADVANCED_FACE('',(#1723),#1837,.T.);
#1896=ADVANCED_FACE('',(#1724),#1838,.F.);
#1897=ADVANCED_FACE('',(#1725),#1839,.T.);
#1898=ADVANCED_FACE('',(#1726),#1840,.T.);
#1899=ADVANCED_FACE('',(#1727),#1841,.T.);
#1900=ADVANCED_FACE('',(#1728,#1729,#1730),#1842,.F.);
#1901=ADVANCED_FACE('',(#1731),#1843,.F.);
#1902=ADVANCED_FACE('',(#1732),#1844,.T.);
#1903=ADVANCED_FACE('',(#1733),#1845,.T.);
#1904=ADVANCED_FACE('',(#1734),#1846,.T.);
#1905=ADVANCED_FACE('',(#1735),#1847,.T.);
#1906=ADVANCED_FACE('',(#1736),#1848,.F.);
#1907=ADVANCED_FACE('',(#1737,#1738),#37,.F.);
#1908=ADVANCED_FACE('',(#1739,#1740),#38,.F.);
#1909=ADVANCED_FACE('',(#1741),#1849,.F.);
#1910=ADVANCED_FACE('',(#1742),#1850,.T.);
#1911=ADVANCED_FACE('',(#1743),#1851,.T.);
#1912=ADVANCED_FACE('',(#1744),#1852,.F.);
#1913=ADVANCED_FACE('',(#1745),#1853,.F.);
#1914=ADVANCED_FACE('',(#1746),#1854,.T.);
#1915=ADVANCED_FACE('',(#1747),#1855,.F.);
#1916=ADVANCED_FACE('',(#1748),#1856,.F.);
#1917=ADVANCED_FACE('',(#1749),#1857,.F.);
#1918=ADVANCED_FACE('',(#1750),#1858,.F.);
#1919=ADVANCED_FACE('',(#1751),#1859,.F.);
#1920=ADVANCED_FACE('',(#1752),#1860,.T.);
#1921=ADVANCED_FACE('',(#1753),#1861,.T.);
#1922=ADVANCED_FACE('',(#1754),#1862,.T.);
#1923=ADVANCED_FACE('',(#1755),#1863,.T.);
#1924=ADVANCED_FACE('',(#1756),#1864,.F.);
#1925=ADVANCED_FACE('',(#1757),#1865,.F.);
#1926=ADVANCED_FACE('',(#1758),#1866,.T.);
#1927=ADVANCED_FACE('',(#1759,#1760,#1761,#1762,#1763),#1867,.F.);
#1928=ADVANCED_FACE('',(#1764),#1868,.F.);
#1929=ADVANCED_FACE('',(#1765),#39,.T.);
#1930=ADVANCED_FACE('',(#1766),#1869,.F.);
#1931=ADVANCED_FACE('',(#1767),#40,.T.);
#1932=ADVANCED_FACE('',(#1768),#1870,.T.);
#1933=ADVANCED_FACE('',(#1769),#41,.T.);
#1934=ADVANCED_FACE('',(#1770),#1871,.T.);
#1935=ADVANCED_FACE('',(#1771),#42,.F.);
#1936=ADVANCED_FACE('',(#1772),#1872,.F.);
#1937=ADVANCED_FACE('',(#1773),#43,.F.);
#1938=ADVANCED_FACE('',(#1774),#1873,.T.);
#1939=ADVANCED_FACE('',(#1775),#44,.F.);
#1940=ADVANCED_FACE('',(#1776),#1874,.F.);
#1941=ADVANCED_FACE('',(#1777),#45,.F.);
#1942=ADVANCED_FACE('',(#1778),#1875,.T.);
#1943=ADVANCED_FACE('',(#1779),#46,.F.);
#1944=ADVANCED_FACE('',(#1780),#47,.F.);
#1945=ADVANCED_FACE('',(#1781),#1876,.T.);
#1946=ADVANCED_FACE('',(#1782),#48,.F.);
#1947=ADVANCED_FACE('',(#1783),#1877,.T.);
#1948=ADVANCED_FACE('',(#1784),#49,.F.);
#1949=ADVANCED_FACE('',(#1785),#1878,.F.);
#1950=ADVANCED_FACE('',(#1786),#1879,.F.);
#1951=ADVANCED_FACE('',(#1787),#50,.T.);
#1952=ADVANCED_FACE('',(#1788,#1789,#1790,#1791,#1792),#1880,.T.);
#1953=ADVANCED_FACE('',(#1793),#51,.F.);
#1954=ADVANCED_FACE('',(#1794),#52,.F.);
#1955=ADVANCED_FACE('',(#1795),#53,.F.);
#1956=ADVANCED_FACE('',(#1796),#54,.F.);
#1957=ADVANCED_FACE('',(#1797),#55,.F.);
#1958=ADVANCED_FACE('',(#1798),#56,.F.);
#1959=ADVANCED_FACE('',(#1799),#57,.F.);
#1960=ADVANCED_FACE('',(#1800),#58,.F.);
#1961=ADVANCED_FACE('',(#1801),#59,.F.);
#1962=ADVANCED_FACE('',(#1802),#60,.F.);
#1963=ADVANCED_FACE('',(#1803),#61,.F.);
#1964=ADVANCED_FACE('',(#1804),#62,.F.);
#1965=ADVANCED_FACE('',(#1805),#63,.F.);
#1966=ADVANCED_FACE('',(#1806),#64,.F.);
#1967=ADVANCED_FACE('',(#1807),#65,.F.);
#1968=ADVANCED_FACE('',(#1808),#66,.F.);
#1969=ADVANCED_FACE('',(#1809),#67,.F.);
#1970=ADVANCED_FACE('',(#1810),#68,.F.);
#1971=ADVANCED_FACE('',(#1811),#69,.F.);
#1972=ADVANCED_FACE('',(#1812),#70,.F.);
#1973=ADVANCED_FACE('',(#1813),#71,.F.);
#1974=ADVANCED_FACE('',(#1814),#72,.F.);
#1975=ADVANCED_FACE('',(#1815),#73,.F.);
#1976=ADVANCED_FACE('',(#1816),#74,.F.);
#1977=ADVANCED_FACE('',(#1817),#75,.T.);
#1978=ADVANCED_FACE('',(#1818),#76,.T.);
#1979=ADVANCED_FACE('',(#1819),#77,.T.);
#1980=ADVANCED_FACE('',(#1820),#78,.T.);
#1981=ADVANCED_FACE('',(#1821),#79,.T.);
#1982=ADVANCED_FACE('',(#1822),#80,.T.);
#1983=CLOSED_SHELL('',(#1881,#1882,#1883,#1884,#1885,#1886,#1887,#1888,
#1889,#1890,#1891,#1892,#1893,#1894,#1895,#1896,#1897,#1898,#1899,#1900,
#1901,#1902,#1903,#1904,#1905,#1906,#1907,#1908,#1909,#1910,#1911,#1912,
#1913,#1914,#1915,#1916,#1917,#1918,#1919,#1920,#1921,#1922,#1923,#1924,
#1925,#1926,#1927,#1928,#1929,#1930,#1931,#1932,#1933,#1934,#1935,#1936,
#1937,#1938,#1939,#1940,#1941,#1942,#1943,#1944,#1945,#1946,#1947,#1948,
#1949,#1950,#1951,#1952,#1953,#1954,#1955,#1956,#1957,#1958,#1959,#1960,
#1961,#1962,#1963,#1964,#1965,#1966,#1967,#1968,#1969,#1970,#1971,#1972,
#1973,#1974,#1975,#1976,#1977,#1978,#1979,#1980,#1981,#1982));
#1984=STYLED_ITEM('',(#1985),#1992);
#1985=PRESENTATION_STYLE_ASSIGNMENT((#1986));
#1986=SURFACE_STYLE_USAGE(.BOTH.,#1987);
#1987=SURFACE_SIDE_STYLE('',(#1988));
#1988=SURFACE_STYLE_FILL_AREA(#1989);
#1989=FILL_AREA_STYLE('',(#1990));
#1990=FILL_AREA_STYLE_COLOUR('',#1991);
#1991=COLOUR_RGB('',0.615686274509804,0.811764705882353,0.929411764705882);
#1992=MANIFOLD_SOLID_BREP('Part 1',#1983);
#1993=SHAPE_DEFINITION_REPRESENTATION(#3326,#1994);
#1994=SHAPE_REPRESENTATION('Part 1',(#1995),#3321);
#1995=AXIS2_PLACEMENT_3D('',#2730,#2170,#2171);
#1996=AXIS2_PLACEMENT_3D('',#2731,#2172,#2173);
#1997=AXIS2_PLACEMENT_3D('',#2737,#2176,#2177);
#1998=AXIS2_PLACEMENT_3D('',#2740,#2179,#2180);
#1999=AXIS2_PLACEMENT_3D('',#2746,#2183,#2184);
#2000=AXIS2_PLACEMENT_3D('',#2749,#2186,#2187);
#2001=AXIS2_PLACEMENT_3D('',#2773,#2199,#2200);
#2002=AXIS2_PLACEMENT_3D('',#2774,#2201,#2202);
#2003=AXIS2_PLACEMENT_3D('',#2775,#2203,#2204);
#2004=AXIS2_PLACEMENT_3D('',#2788,#2211,#2212);
#2005=AXIS2_PLACEMENT_3D('',#2789,#2213,#2214);
#2006=AXIS2_PLACEMENT_3D('',#2797,#2218,#2219);
#2007=AXIS2_PLACEMENT_3D('',#2806,#2224,#2225);
#2008=AXIS2_PLACEMENT_3D('',#2814,#2229,#2230);
#2009=AXIS2_PLACEMENT_3D('',#2818,#2232,#2233);
#2010=AXIS2_PLACEMENT_3D('',#2832,#2241,#2242);
#2011=AXIS2_PLACEMENT_3D('',#2845,#2249,#2250);
#2012=AXIS2_PLACEMENT_3D('',#2846,#2251,#2252);
#2013=AXIS2_PLACEMENT_3D('',#2851,#2255,#2256);
#2014=AXIS2_PLACEMENT_3D('',#2860,#2261,#2262);
#2015=AXIS2_PLACEMENT_3D('',#2867,#2266,#2267);
#2016=AXIS2_PLACEMENT_3D('',#2872,#2270,#2271);
#2017=AXIS2_PLACEMENT_3D('',#2875,#2274,#2275);
#2018=AXIS2_PLACEMENT_3D('',#2882,#2279,#2280);
#2019=AXIS2_PLACEMENT_3D('',#2887,#2283,#2284);
#2020=AXIS2_PLACEMENT_3D('',#2890,#2287,#2288);
#2021=AXIS2_PLACEMENT_3D('',#2896,#2292,#2293);
#2022=AXIS2_PLACEMENT_3D('',#2902,#2297,#2298);
#2023=AXIS2_PLACEMENT_3D('',#2905,#2300,#2301);
#2024=AXIS2_PLACEMENT_3D('',#2911,#2305,#2306);
#2025=AXIS2_PLACEMENT_3D('',#2917,#2310,#2311);
#2026=AXIS2_PLACEMENT_3D('',#2920,#2313,#2314);
#2027=AXIS2_PLACEMENT_3D('',#2921,#2315,#2316);
#2028=AXIS2_PLACEMENT_3D('',#2926,#2319,#2320);
#2029=AXIS2_PLACEMENT_3D('',#2935,#2325,#2326);
#2030=AXIS2_PLACEMENT_3D('',#2936,#2327,#2328);
#2031=AXIS2_PLACEMENT_3D('',#2944,#2332,#2333);
#2032=AXIS2_PLACEMENT_3D('',#2947,#2335,#2336);
#2033=AXIS2_PLACEMENT_3D('',#2969,#2350,#2351);
#2034=AXIS2_PLACEMENT_3D('',#2971,#2352,#2353);
#2035=AXIS2_PLACEMENT_3D('',#2973,#2354,#2355);
#2036=AXIS2_PLACEMENT_3D('',#2977,#2358,#2359);
#2037=AXIS2_PLACEMENT_3D('',#2983,#2362,#2363);
#2038=AXIS2_PLACEMENT_3D('',#2986,#2365,#2366);
#2039=AXIS2_PLACEMENT_3D('',#2989,#2368,#2369);
#2040=AXIS2_PLACEMENT_3D('',#2991,#2371,#2372);
#2041=AXIS2_PLACEMENT_3D('',#2995,#2375,#2376);
#2042=AXIS2_PLACEMENT_3D('',#2998,#2378,#2379);
#2043=AXIS2_PLACEMENT_3D('',#3003,#2382,#2383);
#2044=AXIS2_PLACEMENT_3D('',#3005,#2384,#2385);
#2045=AXIS2_PLACEMENT_3D('',#3006,#2386,#2387);
#2046=AXIS2_PLACEMENT_3D('',#3010,#2390,#2391);
#2047=AXIS2_PLACEMENT_3D('',#3021,#2392,#2393);
#2048=AXIS2_PLACEMENT_3D('',#3032,#2394,#2395);
#2049=AXIS2_PLACEMENT_3D('',#3036,#2398,#2399);
#2050=AXIS2_PLACEMENT_3D('',#3038,#2401,#2402);
#2051=AXIS2_PLACEMENT_3D('',#3039,#2403,#2404);
#2052=AXIS2_PLACEMENT_3D('',#3043,#2407,#2408);
#2053=AXIS2_PLACEMENT_3D('',#3045,#2410,#2411);
#2054=AXIS2_PLACEMENT_3D('',#3046,#2412,#2413);
#2055=AXIS2_PLACEMENT_3D('',#3050,#2416,#2417);
#2056=AXIS2_PLACEMENT_3D('',#3052,#2419,#2420);
#2057=AXIS2_PLACEMENT_3D('',#3053,#2421,#2422);
#2058=AXIS2_PLACEMENT_3D('',#3057,#2425,#2426);
#2059=AXIS2_PLACEMENT_3D('',#3059,#2428,#2429);
#2060=AXIS2_PLACEMENT_3D('',#3060,#2430,#2431);
#2061=AXIS2_PLACEMENT_3D('',#3061,#2432,#2433);
#2062=AXIS2_PLACEMENT_3D('',#3063,#2435,#2436);
#2063=AXIS2_PLACEMENT_3D('',#3064,#2437,#2438);
#2064=AXIS2_PLACEMENT_3D('',#3068,#2441,#2442);
#2065=AXIS2_PLACEMENT_3D('',#3070,#2444,#2445);
#2066=AXIS2_PLACEMENT_3D('',#3071,#2446,#2447);
#2067=AXIS2_PLACEMENT_3D('',#3072,#2448,#2449);
#2068=AXIS2_PLACEMENT_3D('',#3074,#2451,#2452);
#2069=AXIS2_PLACEMENT_3D('',#3078,#2455,#2456);
#2070=AXIS2_PLACEMENT_3D('',#3080,#2458,#2459);
#2071=AXIS2_PLACEMENT_3D('',#3088,#2463,#2464);
#2072=AXIS2_PLACEMENT_3D('',#3092,#2466,#2467);
#2073=AXIS2_PLACEMENT_3D('',#3104,#2473,#2474);
#2074=AXIS2_PLACEMENT_3D('',#3108,#2476,#2477);
#2075=AXIS2_PLACEMENT_3D('',#3120,#2483,#2484);
#2076=AXIS2_PLACEMENT_3D('',#3124,#2486,#2487);
#2077=AXIS2_PLACEMENT_3D('',#3140,#2495,#2496);
#2078=AXIS2_PLACEMENT_3D('',#3144,#2498,#2499);
#2079=AXIS2_PLACEMENT_3D('',#3148,#2501,#2502);
#2080=AXIS2_PLACEMENT_3D('',#3152,#2504,#2505);
#2081=AXIS2_PLACEMENT_3D('',#3156,#2507,#2508);
#2082=AXIS2_PLACEMENT_3D('',#3160,#2510,#2511);
#2083=AXIS2_PLACEMENT_3D('',#3161,#2512,#2513);
#2084=AXIS2_PLACEMENT_3D('',#3167,#2517,#2518);
#2085=AXIS2_PLACEMENT_3D('',#3168,#2519,#2520);
#2086=AXIS2_PLACEMENT_3D('',#3171,#2522,#2523);
#2087=AXIS2_PLACEMENT_3D('',#3175,#2526,#2527);
#2088=AXIS2_PLACEMENT_3D('',#3176,#2528,#2529);
#2089=AXIS2_PLACEMENT_3D('',#3179,#2531,#2532);
#2090=AXIS2_PLACEMENT_3D('',#3183,#2535,#2536);
#2091=AXIS2_PLACEMENT_3D('',#3184,#2537,#2538);
#2092=AXIS2_PLACEMENT_3D('',#3187,#2540,#2541);
#2093=AXIS2_PLACEMENT_3D('',#3191,#2544,#2545);
#2094=AXIS2_PLACEMENT_3D('',#3192,#2546,#2547);
#2095=AXIS2_PLACEMENT_3D('',#3197,#2550,#2551);
#2096=AXIS2_PLACEMENT_3D('',#3201,#2554,#2555);
#2097=AXIS2_PLACEMENT_3D('',#3202,#2556,#2557);
#2098=AXIS2_PLACEMENT_3D('',#3205,#2559,#2560);
#2099=AXIS2_PLACEMENT_3D('',#3211,#2564,#2565);
#2100=AXIS2_PLACEMENT_3D('',#3212,#2566,#2567);
#2101=AXIS2_PLACEMENT_3D('',#3215,#2569,#2570);
#2102=AXIS2_PLACEMENT_3D('',#3220,#2574,#2575);
#2103=AXIS2_PLACEMENT_3D('',#3221,#2576,#2577);
#2104=AXIS2_PLACEMENT_3D('',#3226,#2580,#2581);
#2105=AXIS2_PLACEMENT_3D('',#3231,#2585,#2586);
#2106=AXIS2_PLACEMENT_3D('',#3232,#2587,#2588);
#2107=AXIS2_PLACEMENT_3D('',#3235,#2590,#2591);
#2108=AXIS2_PLACEMENT_3D('',#3236,#2592,#2593);
#2109=AXIS2_PLACEMENT_3D('',#3241,#2596,#2597);
#2110=AXIS2_PLACEMENT_3D('',#3245,#2600,#2601);
#2111=AXIS2_PLACEMENT_3D('',#3246,#2602,#2603);
#2112=AXIS2_PLACEMENT_3D('',#3249,#2605,#2606);
#2113=AXIS2_PLACEMENT_3D('',#3252,#2609,#2610);
#2114=AXIS2_PLACEMENT_3D('',#3253,#2611,#2612);
#2115=AXIS2_PLACEMENT_3D('',#3254,#2613,#2614);
#2116=AXIS2_PLACEMENT_3D('',#3256,#2616,#2617);
#2117=AXIS2_PLACEMENT_3D('',#3259,#2620,#2621);
#2118=AXIS2_PLACEMENT_3D('',#3260,#2622,#2623);
#2119=AXIS2_PLACEMENT_3D('',#3261,#2624,#2625);
#2120=AXIS2_PLACEMENT_3D('',#3262,#2626,#2627);
#2121=AXIS2_PLACEMENT_3D('',#3264,#2629,#2630);
#2122=AXIS2_PLACEMENT_3D('',#3270,#2632,#2633);
#2123=AXIS2_PLACEMENT_3D('',#3272,#2635,#2636);
#2124=AXIS2_PLACEMENT_3D('',#3274,#2638,#2639);
#2125=AXIS2_PLACEMENT_3D('',#3275,#2640,#2641);
#2126=AXIS2_PLACEMENT_3D('',#3276,#2642,#2643);
#2127=AXIS2_PLACEMENT_3D('',#3277,#2644,#2645);
#2128=AXIS2_PLACEMENT_3D('',#3278,#2646,#2647);
#2129=AXIS2_PLACEMENT_3D('',#3279,#2648,#2649);
#2130=AXIS2_PLACEMENT_3D('',#3280,#2650,#2651);
#2131=AXIS2_PLACEMENT_3D('',#3281,#2652,#2653);
#2132=AXIS2_PLACEMENT_3D('',#3282,#2654,#2655);
#2133=AXIS2_PLACEMENT_3D('',#3283,#2656,#2657);
#2134=AXIS2_PLACEMENT_3D('',#3284,#2658,#2659);
#2135=AXIS2_PLACEMENT_3D('',#3285,#2660,#2661);
#2136=AXIS2_PLACEMENT_3D('',#3286,#2662,#2663);
#2137=AXIS2_PLACEMENT_3D('',#3287,#2664,#2665);
#2138=AXIS2_PLACEMENT_3D('',#3288,#2666,#2667);
#2139=AXIS2_PLACEMENT_3D('',#3289,#2668,#2669);
#2140=AXIS2_PLACEMENT_3D('',#3290,#2670,#2671);
#2141=AXIS2_PLACEMENT_3D('',#3291,#2672,#2673);
#2142=AXIS2_PLACEMENT_3D('',#3292,#2674,#2675);
#2143=AXIS2_PLACEMENT_3D('',#3293,#2676,#2677);
#2144=AXIS2_PLACEMENT_3D('',#3294,#2678,#2679);
#2145=AXIS2_PLACEMENT_3D('',#3295,#2680,#2681);
#2146=AXIS2_PLACEMENT_3D('',#3296,#2682,#2683);
#2147=AXIS2_PLACEMENT_3D('',#3297,#2684,#2685);
#2148=AXIS2_PLACEMENT_3D('',#3298,#2686,#2687);
#2149=AXIS2_PLACEMENT_3D('',#3299,#2688,#2689);
#2150=AXIS2_PLACEMENT_3D('',#3300,#2690,#2691);
#2151=AXIS2_PLACEMENT_3D('',#3301,#2692,#2693);
#2152=AXIS2_PLACEMENT_3D('',#3302,#2694,#2695);
#2153=AXIS2_PLACEMENT_3D('',#3303,#2696,#2697);
#2154=AXIS2_PLACEMENT_3D('',#3304,#2698,#2699);
#2155=AXIS2_PLACEMENT_3D('',#3305,#2700,#2701);
#2156=AXIS2_PLACEMENT_3D('',#3306,#2702,#2703);
#2157=AXIS2_PLACEMENT_3D('',#3307,#2704,#2705);
#2158=AXIS2_PLACEMENT_3D('',#3308,#2706,#2707);
#2159=AXIS2_PLACEMENT_3D('',#3309,#2708,#2709);
#2160=AXIS2_PLACEMENT_3D('',#3310,#2710,#2711);
#2161=AXIS2_PLACEMENT_3D('',#3311,#2712,#2713);
#2162=AXIS2_PLACEMENT_3D('',#3312,#2714,#2715);
#2163=AXIS2_PLACEMENT_3D('',#3313,#2716,#2717);
#2164=AXIS2_PLACEMENT_3D('',#3314,#2718,#2719);
#2165=AXIS2_PLACEMENT_3D('',#3315,#2720,#2721);
#2166=AXIS2_PLACEMENT_3D('',#3316,#2722,#2723);
#2167=AXIS2_PLACEMENT_3D('',#3317,#2724,#2725);
#2168=AXIS2_PLACEMENT_3D('',#3318,#2726,#2727);
#2169=AXIS2_PLACEMENT_3D('',#3319,#2728,#2729);
#2170=DIRECTION('',(0.,0.,1.));
#2171=DIRECTION('',(1.,0.,0.));
#2172=DIRECTION('',(0.,0.,1.));
#2173=DIRECTION('',(1.,0.,0.));
#2174=DIRECTION('',(0.,-1.,0.));
#2175=DIRECTION('',(-1.,1.0842021724855E-16,0.));
#2176=DIRECTION('',(0.,0.,1.));
#2177=DIRECTION('',(1.,0.,0.));
#2178=DIRECTION('',(-1.,1.0842021724855E-16,0.));
#2179=DIRECTION('',(0.,0.,1.));
#2180=DIRECTION('',(1.,0.,0.));
#2181=DIRECTION('',(0.,1.,0.));
#2182=DIRECTION('',(1.,1.0842021724855E-16,0.));
#2183=DIRECTION('',(0.,0.,-1.));
#2184=DIRECTION('',(1.,0.,0.));
#2185=DIRECTION('',(1.,1.0842021724855E-16,0.));
#2186=DIRECTION('',(-1.,0.,0.));
#2187=DIRECTION('',(0.,0.,1.));
#2188=DIRECTION('',(0.,0.,-1.));
#2189=DIRECTION('',(0.,1.,0.));
#2190=DIRECTION('',(0.,0.,-1.));
#2191=DIRECTION('',(0.,1.,0.));
#2192=DIRECTION('',(0.,0.,-1.));
#2193=DIRECTION('',(0.,1.,0.));
#2194=DIRECTION('',(0.,0.,-1.));
#2195=DIRECTION('',(0.,1.,0.));
#2196=DIRECTION('',(0.,0.,-1.));
#2197=DIRECTION('',(0.,1.,0.));
#2198=DIRECTION('',(0.,0.,-1.));
#2199=DIRECTION('',(-1.,0.,0.));
#2200=DIRECTION('',(0.,0.,1.));
#2201=DIRECTION('',(-1.,0.,0.));
#2202=DIRECTION('',(0.,0.,1.));
#2203=DIRECTION('',(2.16840434497101E-16,-1.,0.));
#2204=DIRECTION('',(1.,2.16840434497101E-16,0.));
#2205=DIRECTION('',(0.,0.,-1.));
#2206=DIRECTION('',(-1.,-2.16840434497101E-16,0.));
#2207=DIRECTION('',(-1.,-2.16840434497101E-16,0.));
#2208=DIRECTION('',(0.,0.,-1.));
#2209=DIRECTION('',(-1.,-2.16840434497101E-16,0.));
#2210=DIRECTION('',(0.,0.,-1.));
#2211=DIRECTION('',(2.16840434497101E-16,-1.,0.));
#2212=DIRECTION('',(1.,2.16840434497101E-16,0.));
#2213=DIRECTION('',(0.,-1.,0.));
#2214=DIRECTION('',(0.,0.,-1.));
#2215=DIRECTION('',(0.,0.,-1.));
#2216=DIRECTION('',(-1.,0.,0.));
#2217=DIRECTION('',(0.,0.,-1.));
#2218=DIRECTION('',(0.,-1.,0.));
#2219=DIRECTION('',(0.,0.,-1.));
#2220=DIRECTION('',(0.,0.,-1.));
#2221=DIRECTION('',(-1.,0.,0.));
#2222=DIRECTION('',(0.,0.,-1.));
#2223=DIRECTION('',(1.,-2.16840434497101E-16,0.));
#2224=DIRECTION('',(-1.,0.,0.));
#2225=DIRECTION('',(0.,0.,1.));
#2226=DIRECTION('',(0.,0.,-1.));
#2227=DIRECTION('',(0.,1.,0.));
#2228=DIRECTION('',(0.,0.,-1.));
#2229=DIRECTION('',(-1.,0.,0.));
#2230=DIRECTION('',(0.,0.,1.));
#2231=DIRECTION('',(0.,1.,0.));
#2232=DIRECTION('',(-1.,0.,0.));
#2233=DIRECTION('',(0.,0.,1.));
#2234=DIRECTION('',(0.,0.,-1.));
#2235=DIRECTION('',(0.,1.,0.));
#2236=DIRECTION('',(0.,1.,0.));
#2237=DIRECTION('',(0.,0.,-1.));
#2238=DIRECTION('',(0.,1.,0.));
#2239=DIRECTION('',(0.,0.,-1.));
#2240=DIRECTION('',(0.,1.,0.));
#2241=DIRECTION('',(0.,-1.,0.));
#2242=DIRECTION('',(0.,0.,-1.));
#2243=DIRECTION('',(0.,0.,-1.));
#2244=DIRECTION('',(-1.,0.,0.));
#2245=DIRECTION('',(1.,-2.16840434497101E-16,0.));
#2246=DIRECTION('',(0.,0.,-1.));
#2247=DIRECTION('',(-1.,0.,0.));
#2248=DIRECTION('',(0.,0.,-1.));
#2249=DIRECTION('',(0.,-1.,0.));
#2250=DIRECTION('',(0.,0.,-1.));
#2251=DIRECTION('',(0.,1.,0.));
#2252=DIRECTION('',(0.,0.,1.));
#2253=DIRECTION('',(-1.,0.,0.));
#2254=DIRECTION('',(0.,0.,-1.));
#2255=DIRECTION('',(0.,1.,0.));
#2256=DIRECTION('',(0.,0.,1.));
#2257=DIRECTION('',(0.,0.,-1.));
#2258=DIRECTION('',(1.,0.,0.));
#2259=DIRECTION('',(0.,0.,-1.));
#2260=DIRECTION('',(-1.,-2.16840434497101E-16,0.));
#2261=DIRECTION('',(1.0842021724855E-16,1.,0.));
#2262=DIRECTION('',(-1.,1.0842021724855E-16,0.));
#2263=DIRECTION('',(-1.,1.0842021724855E-16,0.));
#2264=DIRECTION('',(0.,0.,-1.));
#2265=DIRECTION('',(1.,-1.0842021724855E-16,0.));
#2266=DIRECTION('',(1.0842021724855E-16,1.,0.));
#2267=DIRECTION('',(-1.,1.0842021724855E-16,0.));
#2268=DIRECTION('',(0.,0.,-1.));
#2269=DIRECTION('',(1.,-1.0842021724855E-16,0.));
#2270=DIRECTION('',(-1.,0.,0.));
#2271=DIRECTION('',(0.,0.,1.));
#2272=DIRECTION('',(0.,1.,0.));
#2273=DIRECTION('',(0.,1.,0.));
#2274=DIRECTION('',(1.0842021724855E-16,-1.,0.));
#2275=DIRECTION('',(1.,1.0842021724855E-16,0.));
#2276=DIRECTION('',(1.,1.0842021724855E-16,0.));
#2277=DIRECTION('',(0.,0.,-1.));
#2278=DIRECTION('',(-1.,-1.0842021724855E-16,0.));
#2279=DIRECTION('',(1.0842021724855E-16,-1.,0.));
#2280=DIRECTION('',(1.,1.0842021724855E-16,0.));
#2281=DIRECTION('',(0.,0.,-1.));
#2282=DIRECTION('',(-1.,-1.0842021724855E-16,0.));
#2283=DIRECTION('',(-1.,0.,0.));
#2284=DIRECTION('',(0.,0.,1.));
#2285=DIRECTION('',(0.,1.,0.));
#2286=DIRECTION('',(0.,1.,0.));
#2287=DIRECTION('',(-1.,0.,0.));
#2288=DIRECTION('',(0.,0.,1.));
#2289=DIRECTION('',(0.,1.,0.));
#2290=DIRECTION('',(0.,0.,-1.));
#2291=DIRECTION('',(0.,1.,0.));
#2292=DIRECTION('',(1.0842021724855E-16,-1.,0.));
#2293=DIRECTION('',(1.,1.0842021724855E-16,0.));
#2294=DIRECTION('',(0.,0.,-1.));
#2295=DIRECTION('',(1.,1.0842021724855E-16,0.));
#2296=DIRECTION('',(-1.,-1.0842021724855E-16,0.));
#2297=DIRECTION('',(1.0842021724855E-16,-1.,0.));
#2298=DIRECTION('',(1.,1.0842021724855E-16,0.));
#2299=DIRECTION('',(1.,1.0842021724855E-16,0.));
#2300=DIRECTION('',(-1.,0.,0.));
#2301=DIRECTION('',(0.,0.,1.));
#2302=DIRECTION('',(0.,1.,0.));
#2303=DIRECTION('',(0.,0.,-1.));
#2304=DIRECTION('',(0.,1.,0.));
#2305=DIRECTION('',(1.0842021724855E-16,1.,0.));
#2306=DIRECTION('',(-1.,1.0842021724855E-16,0.));
#2307=DIRECTION('',(0.,0.,-1.));
#2308=DIRECTION('',(-1.,1.0842021724855E-16,0.));
#2309=DIRECTION('',(1.,-1.0842021724855E-16,0.));
#2310=DIRECTION('',(1.0842021724855E-16,1.,0.));
#2311=DIRECTION('',(-1.,1.0842021724855E-16,0.));
#2312=DIRECTION('',(-1.,1.0842021724855E-16,0.));
#2313=DIRECTION('',(0.,0.,1.));
#2314=DIRECTION('',(1.,0.,0.));
#2315=DIRECTION('',(0.,0.,1.));
#2316=DIRECTION('',(1.,0.,0.));
#2317=DIRECTION('',(-1.,1.0842021724855E-16,0.));
#2318=DIRECTION('',(-1.,1.0842021724855E-16,0.));
#2319=DIRECTION('',(0.,0.,1.));
#2320=DIRECTION('',(1.,0.,0.));
#2321=DIRECTION('',(0.,1.,0.));
#2322=DIRECTION('',(-1.,0.,0.));
#2323=DIRECTION('',(0.,1.,0.));
#2324=DIRECTION('',(1.,0.,0.));
#2325=DIRECTION('',(0.,0.,1.));
#2326=DIRECTION('',(1.,0.,0.));
#2327=DIRECTION('',(0.,0.,-1.));
#2328=DIRECTION('',(1.,0.,0.));
#2329=DIRECTION('',(1.,1.0842021724855E-16,0.));
#2330=DIRECTION('',(0.,-1.,0.));
#2331=DIRECTION('',(1.,1.0842021724855E-16,0.));
#2332=DIRECTION('',(0.,0.,1.));
#2333=DIRECTION('',(1.,0.,0.));
#2334=DIRECTION('',(1.5770213417971E-16,-1.,0.));
#2335=DIRECTION('',(0.,0.,1.));
#2336=DIRECTION('',(1.,0.,0.));
#2337=DIRECTION('',(1.,0.,0.));
#2338=DIRECTION('',(-1.5770213417971E-16,-1.,0.));
#2339=DIRECTION('',(0.,-1.,0.));
#2340=DIRECTION('',(-1.,1.0842021724855E-16,0.));
#2341=DIRECTION('',(-1.,1.0842021724855E-16,0.));
#2342=DIRECTION('',(0.,-1.,0.));
#2343=DIRECTION('',(-7.2280144832367E-17,-1.,0.));
#2344=DIRECTION('',(-1.,0.,0.));
#2345=DIRECTION('',(7.2280144832367E-17,-1.,0.));
#2346=DIRECTION('',(0.,-1.,0.));
#2347=DIRECTION('',(1.,1.0842021724855E-16,0.));
#2348=DIRECTION('',(1.,1.0842021724855E-16,0.));
#2349=DIRECTION('',(0.,-1.,0.));
#2350=DIRECTION('',(0.,0.,-1.));
#2351=DIRECTION('',(1.,0.,0.));
#2352=DIRECTION('',(0.,0.,1.));
#2353=DIRECTION('',(1.,0.,0.));
#2354=DIRECTION('',(1.,7.2280144832367E-17,0.));
#2355=DIRECTION('',(-7.2280144832367E-17,1.,0.));
#2356=DIRECTION('',(0.,0.,-1.));
#2357=DIRECTION('',(0.,1.,0.));
#2358=DIRECTION('',(0.,-1.,0.));
#2359=DIRECTION('',(0.,0.,-1.));
#2360=DIRECTION('',(-1.,0.,0.));
#2361=DIRECTION('',(0.,0.,-1.));
#2362=DIRECTION('',(0.,-1.,0.));
#2363=DIRECTION('',(0.,0.,-1.));
#2364=DIRECTION('',(0.,0.,-1.));
#2365=DIRECTION('',(0.,-1.,0.));
#2366=DIRECTION('',(0.,0.,-1.));
#2367=DIRECTION('',(0.,0.,-1.));
#2368=DIRECTION('',(1.,-7.2280144832367E-17,0.));
#2369=DIRECTION('',(7.2280144832367E-17,1.,0.));
#2370=DIRECTION('',(0.,-1.,0.));
#2371=DIRECTION('',(1.,-1.5770213417971E-16,0.));
#2372=DIRECTION('',(1.5770213417971E-16,1.,0.));
#2373=DIRECTION('',(0.,0.,-1.));
#2374=DIRECTION('',(0.,-1.,0.));
#2375=DIRECTION('',(0.,1.,0.));
#2376=DIRECTION('',(0.,0.,1.));
#2377=DIRECTION('',(0.,0.,-1.));
#2378=DIRECTION('',(0.,1.,0.));
#2379=DIRECTION('',(0.,0.,1.));
#2380=DIRECTION('',(0.,0.,-1.));
#2381=DIRECTION('',(0.,0.,-1.));
#2382=DIRECTION('',(0.,1.,0.));
#2383=DIRECTION('',(0.,0.,1.));
#2384=DIRECTION('',(0.,1.,0.));
#2385=DIRECTION('',(0.,0.,1.));
#2386=DIRECTION('',(1.,1.5770213417971E-16,0.));
#2387=DIRECTION('',(-1.5770213417971E-16,1.,0.));
#2388=DIRECTION('',(0.,1.,0.));
#2389=DIRECTION('',(0.,0.,-1.));
#2390=DIRECTION('',(0.,0.,-1.));
#2391=DIRECTION('',(-1.,0.,0.));
#2392=DIRECTION('',(0.,0.,-1.));
#2393=DIRECTION('',(-1.,0.,0.));
#2394=DIRECTION('',(0.,0.,1.));
#2395=DIRECTION('',(1.,0.,0.));
#2396=DIRECTION('',(1.,-1.0842021724855E-16,0.));
#2397=DIRECTION('',(0.,1.,0.));
#2398=DIRECTION('',(-1.,0.,0.));
#2399=DIRECTION('',(0.,0.,1.));
#2400=DIRECTION('',(0.,0.,-1.));
#2401=DIRECTION('',(1.0842021724855E-16,1.,0.));
#2402=DIRECTION('',(-1.,1.0842021724855E-16,0.));
#2403=DIRECTION('',(0.,0.,1.));
#2404=DIRECTION('',(1.,0.,0.));
#2405=DIRECTION('',(-1.,-1.0842021724855E-16,0.));
#2406=DIRECTION('',(0.,1.,0.));
#2407=DIRECTION('',(-1.,0.,0.));
#2408=DIRECTION('',(0.,0.,1.));
#2409=DIRECTION('',(0.,0.,-1.));
#2410=DIRECTION('',(1.0842021724855E-16,-1.,0.));
#2411=DIRECTION('',(1.,1.0842021724855E-16,0.));
#2412=DIRECTION('',(0.,0.,1.));
#2413=DIRECTION('',(1.,0.,0.));
#2414=DIRECTION('',(-1.,-1.0842021724855E-16,0.));
#2415=DIRECTION('',(0.,1.,0.));
#2416=DIRECTION('',(1.0842021724855E-16,-1.,0.));
#2417=DIRECTION('',(1.,1.0842021724855E-16,0.));
#2418=DIRECTION('',(0.,0.,-1.));
#2419=DIRECTION('',(-1.,0.,0.));
#2420=DIRECTION('',(0.,0.,1.));
#2421=DIRECTION('',(0.,0.,1.));
#2422=DIRECTION('',(1.,0.,0.));
#2423=DIRECTION('',(0.,1.,0.));
#2424=DIRECTION('',(1.,-1.0842021724855E-16,0.));
#2425=DIRECTION('',(1.0842021724855E-16,1.,0.));
#2426=DIRECTION('',(-1.,1.0842021724855E-16,0.));
#2427=DIRECTION('',(0.,0.,-1.));
#2428=DIRECTION('',(-1.,0.,0.));
#2429=DIRECTION('',(0.,0.,1.));
#2430=DIRECTION('',(-1.,0.,0.));
#2431=DIRECTION('',(0.,0.,1.));
#2432=DIRECTION('',(-1.,0.,0.));
#2433=DIRECTION('',(0.,0.,1.));
#2434=DIRECTION('',(0.,1.,0.));
#2435=DIRECTION('',(-1.,0.,0.));
#2436=DIRECTION('',(0.,0.,1.));
#2437=DIRECTION('',(1.,0.,0.));
#2438=DIRECTION('',(0.,0.,-1.));
#2439=DIRECTION('',(0.,-1.,0.));
#2440=DIRECTION('',(0.,0.,-1.));
#2441=DIRECTION('',(0.,0.,1.));
#2442=DIRECTION('',(1.,0.,0.));
#2443=DIRECTION('',(0.,-1.,0.));
#2444=DIRECTION('',(-1.,0.,0.));
#2445=DIRECTION('',(0.,0.,1.));
#2446=DIRECTION('',(-1.,0.,0.));
#2447=DIRECTION('',(0.,0.,1.));
#2448=DIRECTION('',(-1.,0.,0.));
#2449=DIRECTION('',(0.,0.,1.));
#2450=DIRECTION('',(0.,1.,0.));
#2451=DIRECTION('',(1.,0.,0.));
#2452=DIRECTION('',(0.,0.,-1.));
#2453=DIRECTION('',(0.,0.,-1.));
#2454=DIRECTION('',(0.,-1.,0.));
#2455=DIRECTION('',(0.,0.,1.));
#2456=DIRECTION('',(1.,0.,0.));
#2457=DIRECTION('',(0.,-1.,0.));
#2458=DIRECTION('',(0.,0.,1.));
#2459=DIRECTION('',(1.,0.,0.));
#2460=DIRECTION('',(-1.,-1.0842021724855E-16,0.));
#2461=DIRECTION('',(0.,1.,0.));
#2462=DIRECTION('',(1.,0.,0.));
#2463=DIRECTION('',(0.,0.,-1.));
#2464=DIRECTION('',(1.,0.,0.));
#2465=DIRECTION('',(1.,0.,0.));
#2466=DIRECTION('',(0.,0.,-1.));
#2467=DIRECTION('',(1.,0.,0.));
#2468=DIRECTION('',(1.,0.,0.));
#2469=DIRECTION('',(0.,1.,0.));
#2470=DIRECTION('',(-1.,-1.0842021724855E-16,0.));
#2471=DIRECTION('',(0.,1.,0.));
#2472=DIRECTION('',(1.,0.,0.));
#2473=DIRECTION('',(0.,0.,1.));
#2474=DIRECTION('',(1.,0.,0.));
#2475=DIRECTION('',(1.,0.,0.));
#2476=DIRECTION('',(0.,0.,1.));
#2477=DIRECTION('',(1.,0.,0.));
#2478=DIRECTION('',(1.,0.,0.));
#2479=DIRECTION('',(0.,1.,0.));
#2480=DIRECTION('',(1.,-1.0842021724855E-16,0.));
#2481=DIRECTION('',(0.,1.,0.));
#2482=DIRECTION('',(-1.,0.,0.));
#2483=DIRECTION('',(0.,0.,-1.));
#2484=DIRECTION('',(1.,0.,0.));
#2485=DIRECTION('',(-1.,0.,0.));
#2486=DIRECTION('',(0.,0.,-1.));
#2487=DIRECTION('',(1.,0.,0.));
#2488=DIRECTION('',(-1.,0.,0.));
#2489=DIRECTION('',(0.,1.,0.));
#2490=DIRECTION('',(-1.,0.,0.));
#2491=DIRECTION('',(0.,1.,0.));
#2492=DIRECTION('',(1.,-1.0842021724855E-16,0.));
#2493=DIRECTION('',(0.,1.,0.));
#2494=DIRECTION('',(-1.,0.,0.));
#2495=DIRECTION('',(0.,0.,1.));
#2496=DIRECTION('',(1.,0.,0.));
#2497=DIRECTION('',(-1.,0.,0.));
#2498=DIRECTION('',(0.,0.,1.));
#2499=DIRECTION('',(1.,0.,0.));
#2500=DIRECTION('',(1.,0.,0.));
#2501=DIRECTION('',(0.,0.,1.));
#2502=DIRECTION('',(1.,0.,0.));
#2503=DIRECTION('',(0.,1.,0.));
#2504=DIRECTION('',(0.,0.,1.));
#2505=DIRECTION('',(1.,0.,0.));
#2506=DIRECTION('',(1.,0.,0.));
#2507=DIRECTION('',(0.,0.,1.));
#2508=DIRECTION('',(1.,0.,0.));
#2509=DIRECTION('',(0.,1.,0.));
#2510=DIRECTION('',(0.,0.,1.));
#2511=DIRECTION('',(1.,0.,0.));
#2512=DIRECTION('',(0.,-1.,0.));
#2513=DIRECTION('',(0.,0.,-1.));
#2514=DIRECTION('',(1.,0.,0.));
#2515=DIRECTION('',(0.,0.,1.));
#2516=DIRECTION('',(0.,0.,1.));
#2517=DIRECTION('',(0.,0.,1.));
#2518=DIRECTION('',(1.,0.,0.));
#2519=DIRECTION('',(0.,0.,1.));
#2520=DIRECTION('',(1.,0.,0.));
#2521=DIRECTION('',(0.,0.,1.));
#2522=DIRECTION('',(1.,0.,0.));
#2523=DIRECTION('',(0.,0.,-1.));
#2524=DIRECTION('',(0.,1.,0.));
#2525=DIRECTION('',(0.,0.,1.));
#2526=DIRECTION('',(0.,0.,1.));
#2527=DIRECTION('',(1.,0.,0.));
#2528=DIRECTION('',(0.,0.,1.));
#2529=DIRECTION('',(1.,0.,0.));
#2530=DIRECTION('',(0.,0.,1.));
#2531=DIRECTION('',(0.,-1.,0.));
#2532=DIRECTION('',(0.,0.,-1.));
#2533=DIRECTION('',(1.,0.,0.));
#2534=DIRECTION('',(0.,0.,1.));
#2535=DIRECTION('',(0.,0.,1.));
#2536=DIRECTION('',(1.,0.,0.));
#2537=DIRECTION('',(0.,0.,1.));
#2538=DIRECTION('',(1.,0.,0.));
#2539=DIRECTION('',(0.,0.,1.));
#2540=DIRECTION('',(1.,0.,0.));
#2541=DIRECTION('',(0.,0.,-1.));
#2542=DIRECTION('',(0.,1.,0.));
#2543=DIRECTION('',(0.,0.,1.));
#2544=DIRECTION('',(0.,0.,1.));
#2545=DIRECTION('',(1.,0.,0.));
#2546=DIRECTION('',(0.,0.,1.));
#2547=DIRECTION('',(1.,0.,0.));
#2548=DIRECTION('',(0.,0.,1.));
#2549=DIRECTION('',(0.,0.,1.));
#2550=DIRECTION('',(0.,1.,0.));
#2551=DIRECTION('',(0.,0.,1.));
#2552=DIRECTION('',(-1.,0.,0.));
#2553=DIRECTION('',(0.,0.,1.));
#2554=DIRECTION('',(0.,0.,1.));
#2555=DIRECTION('',(1.,0.,0.));
#2556=DIRECTION('',(0.,0.,1.));
#2557=DIRECTION('',(1.,0.,0.));
#2558=DIRECTION('',(0.,0.,1.));
#2559=DIRECTION('',(0.,1.,0.));
#2560=DIRECTION('',(0.,0.,1.));
#2561=DIRECTION('',(-1.,0.,0.));
#2562=DIRECTION('',(0.,0.,1.));
#2563=DIRECTION('',(0.,0.,1.));
#2564=DIRECTION('',(0.,0.,1.));
#2565=DIRECTION('',(1.,0.,0.));
#2566=DIRECTION('',(0.,0.,-1.));
#2567=DIRECTION('',(1.,0.,0.));
#2568=DIRECTION('',(0.,0.,1.));
#2569=DIRECTION('',(0.,1.,0.));
#2570=DIRECTION('',(0.,0.,1.));
#2571=DIRECTION('',(-1.,0.,0.));
#2572=DIRECTION('',(-1.,0.,0.));
#2573=DIRECTION('',(0.,0.,1.));
#2574=DIRECTION('',(0.,0.,1.));
#2575=DIRECTION('',(1.,0.,0.));
#2576=DIRECTION('',(0.,0.,1.));
#2577=DIRECTION('',(1.,0.,0.));
#2578=DIRECTION('',(0.,0.,1.));
#2579=DIRECTION('',(0.,0.,1.));
#2580=DIRECTION('',(0.,-1.,0.));
#2581=DIRECTION('',(0.,0.,-1.));
#2582=DIRECTION('',(1.,0.,0.));
#2583=DIRECTION('',(1.,0.,0.));
#2584=DIRECTION('',(0.,0.,1.));
#2585=DIRECTION('',(0.,0.,1.));
#2586=DIRECTION('',(1.,0.,0.));
#2587=DIRECTION('',(0.,0.,1.));
#2588=DIRECTION('',(1.,0.,0.));
#2589=DIRECTION('',(0.,0.,1.));
#2590=DIRECTION('',(0.,0.,1.));
#2591=DIRECTION('',(1.,0.,0.));
#2592=DIRECTION('',(0.,0.,-1.));
#2593=DIRECTION('',(1.,0.,0.));
#2594=DIRECTION('',(0.,0.,1.));
#2595=DIRECTION('',(0.,0.,1.));
#2596=DIRECTION('',(0.,-1.,0.));
#2597=DIRECTION('',(0.,0.,-1.));
#2598=DIRECTION('',(1.,0.,0.));
#2599=DIRECTION('',(0.,0.,1.));
#2600=DIRECTION('',(0.,0.,1.));
#2601=DIRECTION('',(1.,0.,0.));
#2602=DIRECTION('',(0.,0.,-1.));
#2603=DIRECTION('',(1.,0.,0.));
#2604=DIRECTION('',(0.,0.,1.));
#2605=DIRECTION('',(0.,1.,0.));
#2606=DIRECTION('',(0.,0.,1.));
#2607=DIRECTION('',(-1.,0.,0.));
#2608=DIRECTION('',(-1.,0.,0.));
#2609=DIRECTION('',(0.,0.,1.));
#2610=DIRECTION('',(1.,0.,0.));
#2611=DIRECTION('',(0.,0.,-1.));
#2612=DIRECTION('',(1.,0.,0.));
#2613=DIRECTION('',(0.,-1.,0.));
#2614=DIRECTION('',(0.,0.,-1.));
#2615=DIRECTION('',(1.,0.,0.));
#2616=DIRECTION('',(0.,-1.,0.));
#2617=DIRECTION('',(0.,0.,-1.));
#2618=DIRECTION('',(1.,0.,0.));
#2619=DIRECTION('',(1.,0.,0.));
#2620=DIRECTION('',(0.,0.,1.));
#2621=DIRECTION('',(1.,0.,0.));
#2622=DIRECTION('',(0.,0.,1.));
#2623=DIRECTION('',(1.,0.,0.));
#2624=DIRECTION('',(0.,0.,1.));
#2625=DIRECTION('',(1.,0.,0.));
#2626=DIRECTION('',(0.,1.,0.));
#2627=DIRECTION('',(0.,0.,1.));
#2628=DIRECTION('',(0.,1.,0.));
#2629=DIRECTION('',(0.,1.,0.));
#2630=DIRECTION('',(0.,0.,1.));
#2631=DIRECTION('',(0.,1.,0.));
#2632=DIRECTION('',(0.,-1.,0.));
#2633=DIRECTION('',(0.,0.,-1.));
#2634=DIRECTION('',(0.,1.,0.));
#2635=DIRECTION('',(0.,-1.,0.));
#2636=DIRECTION('',(0.,0.,-1.));
#2637=DIRECTION('',(0.,1.,0.));
#2638=DIRECTION('',(1.,1.0842021724855E-16,0.));
#2639=DIRECTION('',(-1.0842021724855E-16,1.,0.));
#2640=DIRECTION('',(-1.,-1.0842021724855E-16,0.));
#2641=DIRECTION('',(1.0842021724855E-16,-1.,0.));
#2642=DIRECTION('',(1.,-1.0842021724855E-16,0.));
#2643=DIRECTION('',(1.0842021724855E-16,1.,0.));
#2644=DIRECTION('',(-1.,1.0842021724855E-16,0.));
#2645=DIRECTION('',(-1.0842021724855E-16,-1.,0.));
#2646=DIRECTION('',(0.,-1.,0.));
#2647=DIRECTION('',(0.,0.,-1.));
#2648=DIRECTION('',(0.707106781186548,-0.707106781186548,0.));
#2649=DIRECTION('',(-0.707106781186548,-0.707106781186548,0.));
#2650=DIRECTION('',(-0.707106781186548,-0.707106781186548,0.));
#2651=DIRECTION('',(0.707106781186548,-0.707106781186548,0.));
#2652=DIRECTION('',(-1.,1.0842021724855E-16,0.));
#2653=DIRECTION('',(-1.0842021724855E-16,-1.,0.));
#2654=DIRECTION('',(-0.707106781186548,0.707106781186548,0.));
#2655=DIRECTION('',(-0.707106781186548,-0.707106781186548,0.));
#2656=DIRECTION('',(1.,0.,0.));
#2657=DIRECTION('',(0.,0.,-1.));
#2658=DIRECTION('',(0.707106781186548,0.707106781186548,0.));
#2659=DIRECTION('',(0.707106781186548,-0.707106781186548,0.));
#2660=DIRECTION('',(0.,1.,0.));
#2661=DIRECTION('',(0.,0.,1.));
#2662=DIRECTION('',(0.,-1.,0.));
#2663=DIRECTION('',(0.,0.,-1.));
#2664=DIRECTION('',(0.707106781186548,-0.707106781186548,0.));
#2665=DIRECTION('',(-0.707106781186548,-0.707106781186548,0.));
#2666=DIRECTION('',(-0.707106781186548,-0.707106781186548,0.));
#2667=DIRECTION('',(0.707106781186548,-0.707106781186548,0.));
#2668=DIRECTION('',(-1.,0.,0.));
#2669=DIRECTION('',(0.,0.,1.));
#2670=DIRECTION('',(-0.707106781186548,0.707106781186548,0.));
#2671=DIRECTION('',(-0.707106781186548,-0.707106781186548,0.));
#2672=DIRECTION('',(1.,-1.0842021724855E-16,0.));
#2673=DIRECTION('',(1.0842021724855E-16,1.,0.));
#2674=DIRECTION('',(0.707106781186548,0.707106781186548,0.));
#2675=DIRECTION('',(0.707106781186548,-0.707106781186548,0.));
#2676=DIRECTION('',(0.,1.,0.));
#2677=DIRECTION('',(0.,0.,1.));
#2678=DIRECTION('',(0.,1.,0.));
#2679=DIRECTION('',(0.,0.,1.));
#2680=DIRECTION('',(0.707106781186548,0.707106781186548,0.));
#2681=DIRECTION('',(-0.707106781186548,0.707106781186548,0.));
#2682=DIRECTION('',(-0.707106781186548,0.707106781186548,0.));
#2683=DIRECTION('',(0.707106781186548,0.707106781186548,0.));
#2684=DIRECTION('',(-1.,-1.0842021724855E-16,0.));
#2685=DIRECTION('',(1.0842021724855E-16,-1.,0.));
#2686=DIRECTION('',(-0.707106781186548,-0.707106781186548,0.));
#2687=DIRECTION('',(-0.707106781186548,0.707106781186548,0.));
#2688=DIRECTION('',(-1.,0.,0.));
#2689=DIRECTION('',(0.,0.,1.));
#2690=DIRECTION('',(-0.707106781186548,0.707106781186548,0.));
#2691=DIRECTION('',(-0.707106781186548,-0.707106781186548,0.));
#2692=DIRECTION('',(0.,-1.,0.));
#2693=DIRECTION('',(0.,0.,-1.));
#2694=DIRECTION('',(-1.,-2.16840434497101E-16,0.));
#2695=DIRECTION('',(2.16840434497101E-16,-1.,0.));
#2696=DIRECTION('',(-0.707106781186548,0.707106781186548,0.));
#2697=DIRECTION('',(-0.707106781186548,-0.707106781186548,0.));
#2698=DIRECTION('',(-0.707106781186548,-0.707106781186548,0.));
#2699=DIRECTION('',(-0.707106781186548,0.707106781186548,0.));
#2700=DIRECTION('',(0.,-1.,0.));
#2701=DIRECTION('',(0.,0.,-1.));
#2702=DIRECTION('',(0.707106781186548,-0.707106781186548,0.));
#2703=DIRECTION('',(-0.707106781186548,-0.707106781186548,0.));
#2704=DIRECTION('',(0.,1.,0.));
#2705=DIRECTION('',(0.,0.,1.));
#2706=DIRECTION('',(0.707106781186548,0.707106781186548,0.));
#2707=DIRECTION('',(-0.707106781186548,0.707106781186548,0.));
#2708=DIRECTION('',(1.,1.0842021724855E-16,0.));
#2709=DIRECTION('',(-1.0842021724855E-16,1.,0.));
#2710=DIRECTION('',(0.,1.,0.));
#2711=DIRECTION('',(0.,0.,1.));
#2712=DIRECTION('',(0.,0.707106781186548,0.707106781186548));
#2713=DIRECTION('',(0.,-0.707106781186548,0.707106781186548));
#2714=DIRECTION('',(0.,0.,1.));
#2715=DIRECTION('',(1.,0.,0.));
#2716=DIRECTION('',(-0.707106781186548,0.,-0.707106781186548));
#2717=DIRECTION('',(-0.707106781186548,0.,0.707106781186548));
#2718=DIRECTION('',(-1.,0.,0.));
#2719=DIRECTION('',(0.,0.,1.));
#2720=DIRECTION('',(0.707106781186548,0.,-0.707106781186548));
#2721=DIRECTION('',(-0.707106781186548,0.,-0.707106781186548));
#2722=DIRECTION('',(0.,0.,-1.));
#2723=DIRECTION('',(-1.,0.,0.));
#2724=DIRECTION('',(0.,-0.707106781186548,-0.707106781186548));
#2725=DIRECTION('',(0.,0.707106781186548,-0.707106781186548));
#2726=DIRECTION('',(0.,-1.,0.));
#2727=DIRECTION('',(0.,0.,-1.));
#2728=DIRECTION('',(0.,0.,1.));
#2729=DIRECTION('',(1.,0.,0.));
#2730=CARTESIAN_POINT('',(0.,0.,0.));
#2731=CARTESIAN_POINT('',(0.,-0.0065,0.0015));
#2732=CARTESIAN_POINT('',(0.0115,-0.0065,0.0015));
#2733=CARTESIAN_POINT('',(0.0115,0.00055,0.0015));
#2734=CARTESIAN_POINT('',(0.0115,-0.00055,0.0015));
#2735=CARTESIAN_POINT('',(0.0155,-0.00055,0.0015));
#2736=CARTESIAN_POINT('',(0.0126648353455755,-0.00055,0.0015));
#2737=CARTESIAN_POINT('',(0.0135,1.46805348792545E-18,0.0015));
#2738=CARTESIAN_POINT('',(0.0126648353455755,0.00055,0.0015));
#2739=CARTESIAN_POINT('',(7.64362531602281E-19,0.00055,0.0015));
#2740=CARTESIAN_POINT('',(0.,-0.0065,0.0015));
#2741=CARTESIAN_POINT('',(-0.0155,-1.7347234759768E-18,0.0015));
#2742=CARTESIAN_POINT('',(-0.0155,-0.00055,0.0015));
#2743=CARTESIAN_POINT('',(-0.0155,0.00055,0.0015));
#2744=CARTESIAN_POINT('',(-6.45100292628876E-19,-0.00055,0.0015));
#2745=CARTESIAN_POINT('',(-0.0143351646544245,-0.00055,0.0015));
#2746=CARTESIAN_POINT('',(-0.0135,1.46805348792545E-18,0.0015));
#2747=CARTESIAN_POINT('',(-0.0143351646544245,0.00055,0.0015));
#2748=CARTESIAN_POINT('',(-0.0155,0.00055,0.0015));
#2749=CARTESIAN_POINT('',(-0.0155,-1.7347234759768E-18,0.0015));
#2750=CARTESIAN_POINT('',(-0.0155,0.00205,0.04));
#2751=CARTESIAN_POINT('',(-0.0155,0.00205,0.037));
#2752=CARTESIAN_POINT('',(-0.0155,0.00205,0.003));
#2753=CARTESIAN_POINT('',(-0.0155,-1.7347234759768E-18,0.037));
#2754=CARTESIAN_POINT('',(-0.0155,0.004,0.037));
#2755=CARTESIAN_POINT('',(-0.0155,0.004,0.0015));
#2756=CARTESIAN_POINT('',(-0.0155,0.004,-0.002));
#2757=CARTESIAN_POINT('',(-0.0155,0.003025,-0.002));
#2758=CARTESIAN_POINT('',(-0.0155,0.00205,-0.002));
#2759=CARTESIAN_POINT('',(-0.0155,0.00205,0.04));
#2760=CARTESIAN_POINT('',(-0.0155,0.00205,0.));
#2761=CARTESIAN_POINT('',(-0.0155,-1.7347234759768E-18,0.));
#2762=CARTESIAN_POINT('',(-0.0155,-0.00205,0.));
#2763=CARTESIAN_POINT('',(-0.0155,-0.00205,0.04));
#2764=CARTESIAN_POINT('',(-0.0155,-0.00205,-0.002));
#2765=CARTESIAN_POINT('',(-0.0155,-0.003025,-0.002));
#2766=CARTESIAN_POINT('',(-0.0155,-0.004,-0.002));
#2767=CARTESIAN_POINT('',(-0.0155,-0.004,0.0015));
#2768=CARTESIAN_POINT('',(-0.0155,-0.004,0.037));
#2769=CARTESIAN_POINT('',(-0.0155,-1.7347234759768E-18,0.037));
#2770=CARTESIAN_POINT('',(-0.0155,-0.00205,0.037));
#2771=CARTESIAN_POINT('',(-0.0155,-0.00205,0.04));
#2772=CARTESIAN_POINT('',(-0.0155,-0.00205,0.003));
#2773=CARTESIAN_POINT('',(-0.0155,-0.00055,0.003));
#2774=CARTESIAN_POINT('',(-0.0155,0.00055,0.003));
#2775=CARTESIAN_POINT('',(-0.0135,-0.004,0.0015));
#2776=CARTESIAN_POINT('',(-0.0115,-0.004,0.04));
#2777=CARTESIAN_POINT('',(-0.0115,-0.004,0.037));
#2778=CARTESIAN_POINT('',(-0.0115,-0.004,0.0215));
#2779=CARTESIAN_POINT('',(-0.0135,-0.004,0.037));
#2780=CARTESIAN_POINT('',(-0.0135,-0.004,-0.002));
#2781=CARTESIAN_POINT('',(-0.0115,-0.004,-0.002));
#2782=CARTESIAN_POINT('',(-0.0115,-0.004,0.04));
#2783=CARTESIAN_POINT('',(-0.0115,-0.004,0.));
#2784=CARTESIAN_POINT('',(-0.0135,-0.004,0.));
#2785=CARTESIAN_POINT('',(-0.01075,-0.004,0.));
#2786=CARTESIAN_POINT('',(-0.01075,-0.004,0.0015));
#2787=CARTESIAN_POINT('',(-0.01075,-0.004,0.0202009618943234));
#2788=CARTESIAN_POINT('',(-0.01,-0.004,0.0215));
#2789=CARTESIAN_POINT('',(0.011125,-0.004,0.0015));
#2790=CARTESIAN_POINT('',(0.0155,-0.004,0.0015));
#2791=CARTESIAN_POINT('',(0.0155,-0.004,0.037));
#2792=CARTESIAN_POINT('',(0.0155,-0.004,-0.002));
#2793=CARTESIAN_POINT('',(0.011125,-0.004,0.037));
#2794=CARTESIAN_POINT('',(0.0115,-0.004,0.037));
#2795=CARTESIAN_POINT('',(0.0115,-0.004,0.04));
#2796=CARTESIAN_POINT('',(0.0115,-0.004,0.0215));
#2797=CARTESIAN_POINT('',(0.01,-0.004,0.0215));
#2798=CARTESIAN_POINT('',(0.01075,-0.004,0.0202009618943234));
#2799=CARTESIAN_POINT('',(0.01075,-0.004,0.0015));
#2800=CARTESIAN_POINT('',(0.01075,-0.004,0.));
#2801=CARTESIAN_POINT('',(0.011125,-0.004,0.));
#2802=CARTESIAN_POINT('',(0.0115,-0.004,1.38777878078145E-17));
#2803=CARTESIAN_POINT('',(0.0115,-0.004,0.04));
#2804=CARTESIAN_POINT('',(0.0115,-0.004,-0.002));
#2805=CARTESIAN_POINT('',(0.0135,-0.004,-0.002));
#2806=CARTESIAN_POINT('',(0.0155,0.003025,0.0015));
#2807=CARTESIAN_POINT('',(0.0155,0.004,0.0015));
#2808=CARTESIAN_POINT('',(0.0155,0.004,0.037));
#2809=CARTESIAN_POINT('',(0.0155,0.004,-0.002));
#2810=CARTESIAN_POINT('',(0.0155,0.00205,0.037));
#2811=CARTESIAN_POINT('',(0.0155,0.00205,0.037));
#2812=CARTESIAN_POINT('',(0.0155,0.00205,0.04));
#2813=CARTESIAN_POINT('',(0.0155,0.00205,0.003));
#2814=CARTESIAN_POINT('',(0.0155,0.00055,0.003));
#2815=CARTESIAN_POINT('',(0.0155,0.00055,0.0015));
#2816=CARTESIAN_POINT('',(0.0155,0.003025,0.0015));
#2817=CARTESIAN_POINT('',(0.0155,-0.00055,0.0015));
#2818=CARTESIAN_POINT('',(0.0155,-0.00055,0.003));
#2819=CARTESIAN_POINT('',(0.0155,-0.00205,0.003));
#2820=CARTESIAN_POINT('',(0.0155,-0.00205,0.04));
#2821=CARTESIAN_POINT('',(0.0155,-0.00205,0.037));
#2822=CARTESIAN_POINT('',(0.0155,-0.004,0.037));
#2823=CARTESIAN_POINT('',(0.0155,-0.003025,-0.002));
#2824=CARTESIAN_POINT('',(0.0155,-0.00205,-0.002));
#2825=CARTESIAN_POINT('',(0.0155,-0.00205,0.04));
#2826=CARTESIAN_POINT('',(0.0155,-0.00205,0.));
#2827=CARTESIAN_POINT('',(0.0155,0.003025,0.));
#2828=CARTESIAN_POINT('',(0.0155,0.00205,1.38777878078145E-17));
#2829=CARTESIAN_POINT('',(0.0155,0.00205,0.04));
#2830=CARTESIAN_POINT('',(0.0155,0.00205,-0.002));
#2831=CARTESIAN_POINT('',(0.0155,0.003025,-0.002));
#2832=CARTESIAN_POINT('',(0.011125,0.004,0.0015));
#2833=CARTESIAN_POINT('',(0.0115,0.004,0.04));
#2834=CARTESIAN_POINT('',(0.0115,0.004,0.037));
#2835=CARTESIAN_POINT('',(0.0115,0.004,0.0215));
#2836=CARTESIAN_POINT('',(0.0155,0.004,0.037));
#2837=CARTESIAN_POINT('',(0.0135,0.004,-0.002));
#2838=CARTESIAN_POINT('',(0.0115,0.004,-0.002));
#2839=CARTESIAN_POINT('',(0.0115,0.004,0.04));
#2840=CARTESIAN_POINT('',(0.0115,0.004,0.));
#2841=CARTESIAN_POINT('',(0.011125,0.004,0.));
#2842=CARTESIAN_POINT('',(0.01075,0.004,0.));
#2843=CARTESIAN_POINT('',(0.01075,0.004,0.0015));
#2844=CARTESIAN_POINT('',(0.01075,0.004,0.0202009618943234));
#2845=CARTESIAN_POINT('',(0.01,0.004,0.0215));
#2846=CARTESIAN_POINT('',(-0.011125,0.004,0.0015));
#2847=CARTESIAN_POINT('',(-0.011125,0.004,0.037));
#2848=CARTESIAN_POINT('',(-0.0115,0.004,0.037));
#2849=CARTESIAN_POINT('',(-0.0115,0.004,0.04));
#2850=CARTESIAN_POINT('',(-0.0115,0.004,0.0215));
#2851=CARTESIAN_POINT('',(-0.01,0.004,0.0215));
#2852=CARTESIAN_POINT('',(-0.01075,0.004,0.0202009618943234));
#2853=CARTESIAN_POINT('',(-0.01075,0.004,0.0015));
#2854=CARTESIAN_POINT('',(-0.01075,0.004,0.));
#2855=CARTESIAN_POINT('',(-0.011125,0.004,0.));
#2856=CARTESIAN_POINT('',(-0.0115,0.004,1.38777878078145E-17));
#2857=CARTESIAN_POINT('',(-0.0115,0.004,0.04));
#2858=CARTESIAN_POINT('',(-0.0115,0.004,-0.002));
#2859=CARTESIAN_POINT('',(-0.0135,0.004,-0.002));
#2860=CARTESIAN_POINT('',(0.0135,-0.00205,0.04));
#2861=CARTESIAN_POINT('',(0.0115,-0.00205,0.003));
#2862=CARTESIAN_POINT('',(0.0115,-0.00205,0.003));
#2863=CARTESIAN_POINT('',(0.0115,-0.00205,0.04));
#2864=CARTESIAN_POINT('',(0.0115,-0.00205,0.02));
#2865=CARTESIAN_POINT('',(0.0135,-0.00205,0.02));
#2866=CARTESIAN_POINT('',(0.01,-0.00205,0.02));
#2867=CARTESIAN_POINT('',(0.01,-0.00205,0.0215));
#2868=CARTESIAN_POINT('',(0.0115,-0.00205,0.0215));
#2869=CARTESIAN_POINT('',(0.0115,-0.00205,0.04));
#2870=CARTESIAN_POINT('',(0.0115,-0.00205,0.037));
#2871=CARTESIAN_POINT('',(0.0135,-0.00205,0.037));
#2872=CARTESIAN_POINT('',(0.0115,-0.003025,0.04));
#2873=CARTESIAN_POINT('',(0.0115,-0.004,0.0215));
#2874=CARTESIAN_POINT('',(0.0115,-0.003025,0.037));
#2875=CARTESIAN_POINT('',(-0.0135,0.00205,0.04));
#2876=CARTESIAN_POINT('',(-0.0115,0.00205,0.003));
#2877=CARTESIAN_POINT('',(-0.0115,0.00205,0.003));
#2878=CARTESIAN_POINT('',(-0.0115,0.00205,0.04));
#2879=CARTESIAN_POINT('',(-0.0115,0.00205,0.02));
#2880=CARTESIAN_POINT('',(-0.0135,0.00205,0.02));
#2881=CARTESIAN_POINT('',(-0.01,0.00205,0.02));
#2882=CARTESIAN_POINT('',(-0.01,0.00205,0.0215));
#2883=CARTESIAN_POINT('',(-0.0115,0.00205,0.0215));
#2884=CARTESIAN_POINT('',(-0.0115,0.00205,0.04));
#2885=CARTESIAN_POINT('',(-0.0115,0.00205,0.037));
#2886=CARTESIAN_POINT('',(-0.0135,0.00205,0.037));
#2887=CARTESIAN_POINT('',(-0.0115,0.003025,0.04));
#2888=CARTESIAN_POINT('',(-0.0115,0.003025,0.0215));
#2889=CARTESIAN_POINT('',(-0.0115,0.00205,0.037));
#2890=CARTESIAN_POINT('',(-0.0115,-0.003025,0.04));
#2891=CARTESIAN_POINT('',(-0.0115,-0.003025,0.0215));
#2892=CARTESIAN_POINT('',(-0.0115,-0.00205,0.0215));
#2893=CARTESIAN_POINT('',(-0.0115,-0.00205,0.04));
#2894=CARTESIAN_POINT('',(-0.0115,-0.00205,0.037));
#2895=CARTESIAN_POINT('',(-0.0115,-0.004,0.037));
#2896=CARTESIAN_POINT('',(-0.0135,-0.00205,0.04));
#2897=CARTESIAN_POINT('',(-0.0115,-0.00205,0.04));
#2898=CARTESIAN_POINT('',(-0.0115,-0.00205,0.02));
#2899=CARTESIAN_POINT('',(-0.0115,-0.00205,0.003));
#2900=CARTESIAN_POINT('',(-0.0135,-0.00205,0.003));
#2901=CARTESIAN_POINT('',(-0.0115,-0.00205,0.037));
#2902=CARTESIAN_POINT('',(-0.01,-0.00205,0.0215));
#2903=CARTESIAN_POINT('',(-0.01,-0.00205,0.02));
#2904=CARTESIAN_POINT('',(-4.8246996675605E-19,-0.00205,0.02));
#2905=CARTESIAN_POINT('',(0.0115,0.003025,0.04));
#2906=CARTESIAN_POINT('',(0.0115,0.00205,0.0215));
#2907=CARTESIAN_POINT('',(0.0115,0.00205,0.0215));
#2908=CARTESIAN_POINT('',(0.0115,0.00205,0.04));
#2909=CARTESIAN_POINT('',(0.0115,0.00205,0.037));
#2910=CARTESIAN_POINT('',(0.0115,0.003025,0.037));
#2911=CARTESIAN_POINT('',(0.0135,0.00205,0.04));
#2912=CARTESIAN_POINT('',(0.0115,0.00205,0.04));
#2913=CARTESIAN_POINT('',(0.0115,0.00205,0.02));
#2914=CARTESIAN_POINT('',(0.0115,0.00205,0.003));
#2915=CARTESIAN_POINT('',(0.0135,0.00205,0.003));
#2916=CARTESIAN_POINT('',(0.0115,0.00205,0.037));
#2917=CARTESIAN_POINT('',(0.01,0.00205,0.0215));
#2918=CARTESIAN_POINT('',(0.01,0.00205,0.02));
#2919=CARTESIAN_POINT('',(9.26992857475106E-19,0.00205,0.02));
#2920=CARTESIAN_POINT('',(0.,-0.0065,0.0015));
#2921=CARTESIAN_POINT('',(0.0135,1.46805348792545E-18,0.0015));
#2922=CARTESIAN_POINT('',(0.0143351646544245,-0.00055,0.0015));
#2923=CARTESIAN_POINT('',(0.0143351646544245,0.00055,0.0015));
#2924=CARTESIAN_POINT('',(0.0155,-0.00055,0.0015));
#2925=CARTESIAN_POINT('',(7.64362531602281E-19,0.00055,0.0015));
#2926=CARTESIAN_POINT('',(0.,-0.0065,0.0015));
#2927=CARTESIAN_POINT('',(-0.00925,-0.0065,0.0015));
#2928=CARTESIAN_POINT('',(-0.00925,-0.02725,0.0015));
#2929=CARTESIAN_POINT('',(-0.00925,0.015,0.0015));
#2930=CARTESIAN_POINT('',(0.,-0.02725,0.0015));
#2931=CARTESIAN_POINT('',(0.00925,-0.02725,0.0015));
#2932=CARTESIAN_POINT('',(0.00925,-0.0065,0.0015));
#2933=CARTESIAN_POINT('',(0.00925,0.015,0.0015));
#2934=CARTESIAN_POINT('',(-0.01,0.015,0.0015));
#2935=CARTESIAN_POINT('',(0.,-0.0065,0.0015));
#2936=CARTESIAN_POINT('',(-0.0135,1.46805348792545E-18,0.0015));
#2937=CARTESIAN_POINT('',(-0.0126648353455755,0.00055,0.0015));
#2938=CARTESIAN_POINT('',(-0.0126648353455755,-0.00055,0.0015));
#2939=CARTESIAN_POINT('',(-6.45100292628876E-19,-0.00055,0.0015));
#2940=CARTESIAN_POINT('',(-0.0115,-0.00055,0.0015));
#2941=CARTESIAN_POINT('',(-0.0115,-0.0065,0.0015));
#2942=CARTESIAN_POINT('',(-0.0115,0.00055,0.0015));
#2943=CARTESIAN_POINT('',(-0.0155,0.00055,0.0015));
#2944=CARTESIAN_POINT('',(0.,-0.0065,0.));
#2945=CARTESIAN_POINT('',(-0.01075,0.0095,0.));
#2946=CARTESIAN_POINT('',(-0.01075,0.01425,0.));
#2947=CARTESIAN_POINT('',(-0.01,0.01425,0.));
#2948=CARTESIAN_POINT('',(-0.01,0.015,0.));
#2949=CARTESIAN_POINT('',(-0.01,0.015,0.));
#2950=CARTESIAN_POINT('',(0.01075,0.015,0.));
#2951=CARTESIAN_POINT('',(0.01075,0.0095,0.));
#2952=CARTESIAN_POINT('',(0.0115,-0.0065,0.));
#2953=CARTESIAN_POINT('',(0.0115,0.00205,1.38777878078145E-17));
#2954=CARTESIAN_POINT('',(9.26992857475106E-19,0.00205,0.));
#2955=CARTESIAN_POINT('',(4.8246996675605E-19,-0.00205,0.));
#2956=CARTESIAN_POINT('',(0.0115,-0.00205,0.));
#2957=CARTESIAN_POINT('',(0.0115,-0.0065,0.));
#2958=CARTESIAN_POINT('',(0.01075,-0.016,0.));
#2959=CARTESIAN_POINT('',(0.01075,-0.028,0.));
#2960=CARTESIAN_POINT('',(0.01,-0.028,0.));
#2961=CARTESIAN_POINT('',(-0.01075,-0.028,0.));
#2962=CARTESIAN_POINT('',(-0.01075,-0.016,0.));
#2963=CARTESIAN_POINT('',(-0.0115,-0.0065,0.));
#2964=CARTESIAN_POINT('',(-0.0115,-0.00205,1.38777878078145E-17));
#2965=CARTESIAN_POINT('',(-4.8246996675605E-19,-0.00205,0.));
#2966=CARTESIAN_POINT('',(-9.26992857475107E-19,0.00205,0.));
#2967=CARTESIAN_POINT('',(-0.0115,0.00205,0.));
#2968=CARTESIAN_POINT('',(-0.0115,-0.0065,0.));
#2969=CARTESIAN_POINT('',(-0.0135,1.46805348792545E-18,0.));
#2970=CARTESIAN_POINT('',(-0.0125,1.46805348792545E-18,0.));
#2971=CARTESIAN_POINT('',(0.0135,1.46805348792545E-18,0.));
#2972=CARTESIAN_POINT('',(0.0145,1.46805348792545E-18,0.));
#2973=CARTESIAN_POINT('',(-0.01075,-0.016,0.0015));
#2974=CARTESIAN_POINT('',(-0.01075,-0.028,0.0015));
#2975=CARTESIAN_POINT('',(-0.01075,-0.028,0.0202009618943234));
#2976=CARTESIAN_POINT('',(-0.01075,-0.028,0.0202009618943234));
#2977=CARTESIAN_POINT('',(0.01,-0.028,0.0015));
#2978=CARTESIAN_POINT('',(0.01,-0.028,0.00075));
#2979=CARTESIAN_POINT('',(0.01,-0.028,0.00075));
#2980=CARTESIAN_POINT('',(-0.01,-0.028,0.00075));
#2981=CARTESIAN_POINT('',(-0.01,-0.028,0.0015));
#2982=CARTESIAN_POINT('',(-0.01,-0.028,0.02));
#2983=CARTESIAN_POINT('',(-0.01,-0.028,0.0215));
#2984=CARTESIAN_POINT('',(0.01075,-0.028,0.0015));
#2985=CARTESIAN_POINT('',(0.01075,-0.028,0.0202009618943234));
#2986=CARTESIAN_POINT('',(0.01,-0.028,0.0215));
#2987=CARTESIAN_POINT('',(0.01,-0.028,0.02));
#2988=CARTESIAN_POINT('',(0.01,-0.028,0.0015));
#2989=CARTESIAN_POINT('',(0.01075,-0.016,0.0015));
#2990=CARTESIAN_POINT('',(0.01075,-0.004,0.0202009618943234));
#2991=CARTESIAN_POINT('',(0.01075,0.0095,0.0015));
#2992=CARTESIAN_POINT('',(0.01075,0.015,0.0015));
#2993=CARTESIAN_POINT('',(0.01075,0.015,0.0202009618943234));
#2994=CARTESIAN_POINT('',(0.01075,0.015,0.0202009618943234));
#2995=CARTESIAN_POINT('',(-0.01,0.015,0.0015));
#2996=CARTESIAN_POINT('',(-0.01,0.015,0.0202009618943234));
#2997=CARTESIAN_POINT('',(-0.01,0.015,0.02));
#2998=CARTESIAN_POINT('',(-0.01,0.015,0.01925));
#2999=CARTESIAN_POINT('',(-0.00925,0.015,0.01925));
#3000=CARTESIAN_POINT('',(-0.00925,0.015,0.02));
#3001=CARTESIAN_POINT('',(0.00925,0.015,0.02));
#3002=CARTESIAN_POINT('',(0.00925,0.015,0.01925));
#3003=CARTESIAN_POINT('',(0.01,0.015,0.01925));
#3004=CARTESIAN_POINT('',(0.01,0.015,0.02));
#3005=CARTESIAN_POINT('',(0.01,0.015,0.0215));
#3006=CARTESIAN_POINT('',(-0.01075,0.0095,0.0015));
#3007=CARTESIAN_POINT('',(-0.01075,0.004,0.0202009618943234));
#3008=CARTESIAN_POINT('',(-0.01075,0.01425,0.0202009618943234));
#3009=CARTESIAN_POINT('',(-0.01075,0.01425,0.));
#3010=CARTESIAN_POINT('',(-0.0135,1.46805348792545E-18,0.0015));
#3011=CARTESIAN_POINT('',(-0.0143351646544245,-0.00055,0.0015));
#3012=CARTESIAN_POINT('',(-0.0141515297948704,-0.000828846080036001,0.0015));
#3013=CARTESIAN_POINT('',(-0.0135006784927179,-0.00117115181035634,0.00163818235941531));
#3014=CARTESIAN_POINT('',(-0.0128484728315351,-0.000828850068183274,0.0015));
#3015=CARTESIAN_POINT('',(-0.0126648353455755,-0.00055,0.0015));
#3016=CARTESIAN_POINT('',(-0.0126648353455755,0.00055,0.0015));
#3017=CARTESIAN_POINT('',(-0.0128484702051296,0.000828846080036002,0.0015));
#3018=CARTESIAN_POINT('',(-0.0134993215072821,0.00117115181035634,0.00163818235941532));
#3019=CARTESIAN_POINT('',(-0.0141515271684649,0.000828850068183275,0.0015));
#3020=CARTESIAN_POINT('',(-0.0143351646544245,0.00055,0.0015));
#3021=CARTESIAN_POINT('',(0.0135,1.46805348792545E-18,0.0015));
#3022=CARTESIAN_POINT('',(0.0143351646544245,0.00055,0.0015));
#3023=CARTESIAN_POINT('',(0.0141515297948704,0.000828846080036002,0.0015));
#3024=CARTESIAN_POINT('',(0.0135006784927179,0.00117115181035634,0.00163818235941532));
#3025=CARTESIAN_POINT('',(0.0128484728315351,0.000828850068183275,0.0015));
#3026=CARTESIAN_POINT('',(0.0126648353455755,0.00055,0.0015));
#3027=CARTESIAN_POINT('',(0.0126648353455755,-0.00055,0.0015));
#3028=CARTESIAN_POINT('',(0.0128484702051296,-0.000828846080036002,0.0015));
#3029=CARTESIAN_POINT('',(0.0134993215072821,-0.00117115181035634,0.00163818235941531));
#3030=CARTESIAN_POINT('',(0.0141515271684649,-0.000828850068183274,0.0015));
#3031=CARTESIAN_POINT('',(0.0143351646544245,-0.00055,0.0015));
#3032=CARTESIAN_POINT('',(0.,-0.0065,-0.002));
#3033=CARTESIAN_POINT('',(0.0135,-0.00205,-0.002));
#3034=CARTESIAN_POINT('',(0.0115,-0.00205,-0.002));
#3035=CARTESIAN_POINT('',(0.0115,-0.003025,-0.002));
#3036=CARTESIAN_POINT('',(0.0115,-0.003025,0.04));
#3037=CARTESIAN_POINT('',(0.0115,-0.00205,0.04));
#3038=CARTESIAN_POINT('',(0.0135,-0.00205,0.04));
#3039=CARTESIAN_POINT('',(0.,-0.0065,-0.002));
#3040=CARTESIAN_POINT('',(-0.0135,0.00205,-0.002));
#3041=CARTESIAN_POINT('',(-0.0115,0.00205,-0.002));
#3042=CARTESIAN_POINT('',(-0.0115,0.003025,-0.002));
#3043=CARTESIAN_POINT('',(-0.0115,0.003025,0.04));
#3044=CARTESIAN_POINT('',(-0.0115,0.00205,0.04));
#3045=CARTESIAN_POINT('',(-0.0135,0.00205,0.04));
#3046=CARTESIAN_POINT('',(0.,-0.0065,-0.002));
#3047=CARTESIAN_POINT('',(-0.0135,-0.00205,-0.002));
#3048=CARTESIAN_POINT('',(-0.0115,-0.00205,-0.002));
#3049=CARTESIAN_POINT('',(-0.0115,-0.003025,-0.002));
#3050=CARTESIAN_POINT('',(-0.0135,-0.00205,0.04));
#3051=CARTESIAN_POINT('',(-0.0115,-0.00205,0.04));
#3052=CARTESIAN_POINT('',(-0.0115,-0.003025,0.04));
#3053=CARTESIAN_POINT('',(0.,-0.0065,-0.002));
#3054=CARTESIAN_POINT('',(0.0115,0.003025,-0.002));
#3055=CARTESIAN_POINT('',(0.0115,0.00205,-0.002));
#3056=CARTESIAN_POINT('',(0.0135,0.00205,-0.002));
#3057=CARTESIAN_POINT('',(0.0135,0.00205,0.04));
#3058=CARTESIAN_POINT('',(0.0115,0.00205,0.04));
#3059=CARTESIAN_POINT('',(0.0115,0.003025,0.04));
#3060=CARTESIAN_POINT('',(-0.0115,0.003025,0.02));
#3061=CARTESIAN_POINT('',(-0.0115,-0.00055,0.003));
#3062=CARTESIAN_POINT('',(-0.0115,0.003025,0.02));
#3063=CARTESIAN_POINT('',(-0.0115,0.00055,0.003));
#3064=CARTESIAN_POINT('',(-0.00925,-0.02725,0.02));
#3065=CARTESIAN_POINT('',(-0.00925,-0.02725,0.01925));
#3066=CARTESIAN_POINT('',(-0.00925,-0.02725,0.01925));
#3067=CARTESIAN_POINT('',(-0.00925,-0.02725,0.02));
#3068=CARTESIAN_POINT('',(0.,-0.0065,0.02));
#3069=CARTESIAN_POINT('',(-0.01,-0.0065,0.02));
#3070=CARTESIAN_POINT('',(0.0115,8.67361737988404E-19,0.02));
#3071=CARTESIAN_POINT('',(0.0115,-0.00055,0.003));
#3072=CARTESIAN_POINT('',(0.0115,0.00055,0.003));
#3073=CARTESIAN_POINT('',(0.0115,8.67361737988404E-19,0.02));
#3074=CARTESIAN_POINT('',(0.00925,-0.01525,0.02));
#3075=CARTESIAN_POINT('',(0.00925,-0.02725,0.02));
#3076=CARTESIAN_POINT('',(0.00925,-0.02725,0.01925));
#3077=CARTESIAN_POINT('',(0.00925,0.015,0.01925));
#3078=CARTESIAN_POINT('',(0.,-0.0065,0.02));
#3079=CARTESIAN_POINT('',(0.01,-0.028,0.02));
#3080=CARTESIAN_POINT('',(-6.93889390390723E-18,3.46944695195361E-18,0.0385));
#3081=CARTESIAN_POINT('',(-6.99852502339393E-18,0.00055,0.0385));
#3082=CARTESIAN_POINT('',(-0.017,0.00055,0.0385));
#3083=CARTESIAN_POINT('',(-0.01,0.00055,0.0385));
#3084=CARTESIAN_POINT('',(-0.01,0.004,0.0385));
#3085=CARTESIAN_POINT('',(-0.01,0.0055,0.0385));
#3086=CARTESIAN_POINT('',(-0.014,0.0055,0.0385));
#3087=CARTESIAN_POINT('',(-0.0065,0.0055,0.0385));
#3088=CARTESIAN_POINT('',(-0.0065,0.01,0.0385));
#3089=CARTESIAN_POINT('',(-0.0065,0.0145,0.0385));
#3090=CARTESIAN_POINT('',(-0.014,0.0145,0.0385));
#3091=CARTESIAN_POINT('',(-0.0215,0.0145,0.0385));
#3092=CARTESIAN_POINT('',(-0.0215,0.01,0.0385));
#3093=CARTESIAN_POINT('',(-0.0215,0.0055,0.0385));
#3094=CARTESIAN_POINT('',(-0.014,0.0055,0.0385));
#3095=CARTESIAN_POINT('',(-0.017,0.0055,0.0385));
#3096=CARTESIAN_POINT('',(-0.017,3.46944695195361E-18,0.0385));
#3097=CARTESIAN_POINT('',(-0.0155,-0.00055,0.0385));
#3098=CARTESIAN_POINT('',(-0.01,-0.00055,0.0385));
#3099=CARTESIAN_POINT('',(-0.017,-0.00055,0.0385));
#3100=CARTESIAN_POINT('',(-0.017,3.46944695195361E-18,0.0385));
#3101=CARTESIAN_POINT('',(-0.017,-0.0055,0.0385));
#3102=CARTESIAN_POINT('',(-0.014,-0.0055,0.0385));
#3103=CARTESIAN_POINT('',(-0.0215,-0.0055,0.0385));
#3104=CARTESIAN_POINT('',(-0.0215,-0.01,0.0385));
#3105=CARTESIAN_POINT('',(-0.0215,-0.0145,0.0385));
#3106=CARTESIAN_POINT('',(-0.014,-0.0145,0.0385));
#3107=CARTESIAN_POINT('',(-0.0065,-0.0145,0.0385));
#3108=CARTESIAN_POINT('',(-0.0065,-0.01,0.0385));
#3109=CARTESIAN_POINT('',(-0.0065,-0.0055,0.0385));
#3110=CARTESIAN_POINT('',(-0.014,-0.0055,0.0385));
#3111=CARTESIAN_POINT('',(-0.01,-0.0055,0.0385));
#3112=CARTESIAN_POINT('',(-0.01,-0.00205,0.0385));
#3113=CARTESIAN_POINT('',(-6.99852502339393E-18,-0.00055,0.0385));
#3114=CARTESIAN_POINT('',(0.017,-0.00055,0.0385));
#3115=CARTESIAN_POINT('',(0.01,-0.00055,0.0385));
#3116=CARTESIAN_POINT('',(0.01,3.46944695195361E-18,0.0385));
#3117=CARTESIAN_POINT('',(0.01,-0.0055,0.0385));
#3118=CARTESIAN_POINT('',(0.014,-0.0055,0.0385));
#3119=CARTESIAN_POINT('',(0.0065,-0.0055,0.0385));
#3120=CARTESIAN_POINT('',(0.0065,-0.01,0.0385));
#3121=CARTESIAN_POINT('',(0.0065,-0.0145,0.0385));
#3122=CARTESIAN_POINT('',(0.014,-0.0145,0.0385));
#3123=CARTESIAN_POINT('',(0.0215,-0.0145,0.0385));
#3124=CARTESIAN_POINT('',(0.0215,-0.01,0.0385));
#3125=CARTESIAN_POINT('',(0.0215,-0.0055,0.0385));
#3126=CARTESIAN_POINT('',(0.014,-0.0055,0.0385));
#3127=CARTESIAN_POINT('',(0.017,-0.0055,0.0385));
#3128=CARTESIAN_POINT('',(0.017,-0.00205,0.0385));
#3129=CARTESIAN_POINT('',(0.014,0.0055,0.0385));
#3130=CARTESIAN_POINT('',(0.01,0.0055,0.0385));
#3131=CARTESIAN_POINT('',(0.0065,0.0055,0.0385));
#3132=CARTESIAN_POINT('',(0.01,3.46944695195361E-18,0.0385));
#3133=CARTESIAN_POINT('',(0.01,0.00055,0.0385));
#3134=CARTESIAN_POINT('',(0.0155,0.00055,0.0385));
#3135=CARTESIAN_POINT('',(0.017,0.00055,0.0385));
#3136=CARTESIAN_POINT('',(0.017,0.004,0.0385));
#3137=CARTESIAN_POINT('',(0.017,0.0055,0.0385));
#3138=CARTESIAN_POINT('',(0.014,0.0055,0.0385));
#3139=CARTESIAN_POINT('',(0.0215,0.0055,0.0385));
#3140=CARTESIAN_POINT('',(0.0215,0.01,0.0385));
#3141=CARTESIAN_POINT('',(0.0215,0.0145,0.0385));
#3142=CARTESIAN_POINT('',(0.014,0.0145,0.0385));
#3143=CARTESIAN_POINT('',(0.0065,0.0145,0.0385));
#3144=CARTESIAN_POINT('',(0.0065,0.01,0.0385));
#3145=CARTESIAN_POINT('',(-3.46944695195361E-18,0.0175,0.0385));
#3146=CARTESIAN_POINT('',(-0.0245,0.0175,0.0385));
#3147=CARTESIAN_POINT('',(0.0245,0.0175,0.0385));
#3148=CARTESIAN_POINT('',(0.0245,0.0125,0.0385));
#3149=CARTESIAN_POINT('',(0.0295,0.0125,0.0385));
#3150=CARTESIAN_POINT('',(0.0295,1.7347234759768E-18,0.0385));
#3151=CARTESIAN_POINT('',(0.0295,-0.0125,0.0385));
#3152=CARTESIAN_POINT('',(0.0245,-0.0125,0.0385));
#3153=CARTESIAN_POINT('',(0.0245,-0.0175,0.0385));
#3154=CARTESIAN_POINT('',(0.,-0.0175,0.0385));
#3155=CARTESIAN_POINT('',(-0.0245,-0.0175,0.0385));
#3156=CARTESIAN_POINT('',(-0.0245,-0.0125,0.0385));
#3157=CARTESIAN_POINT('',(-0.0295,-0.0125,0.0385));
#3158=CARTESIAN_POINT('',(-0.0295,0.,0.0385));
#3159=CARTESIAN_POINT('',(-0.0295,0.0125,0.0385));
#3160=CARTESIAN_POINT('',(-0.0245,0.0125,0.0385));
#3161=CARTESIAN_POINT('',(-3.46944695195361E-18,0.0175,0.0385));
#3162=CARTESIAN_POINT('',(-3.46944695195361E-18,0.0175,0.04));
#3163=CARTESIAN_POINT('',(-0.0245,0.0175,0.04));
#3164=CARTESIAN_POINT('',(0.0245,0.0175,0.04));
#3165=CARTESIAN_POINT('',(0.0245,0.0175,0.0385));
#3166=CARTESIAN_POINT('',(-0.0245,0.0175,0.0385));
#3167=CARTESIAN_POINT('',(-0.0245,0.0125,0.0385));
#3168=CARTESIAN_POINT('',(-0.0245,0.0125,0.04));
#3169=CARTESIAN_POINT('',(-0.0295,0.0125,0.04));
#3170=CARTESIAN_POINT('',(-0.0295,0.0125,0.0385));
#3171=CARTESIAN_POINT('',(-0.0295,0.,0.0385));
#3172=CARTESIAN_POINT('',(-0.0295,0.,0.04));
#3173=CARTESIAN_POINT('',(-0.0295,-0.0125,0.04));
#3174=CARTESIAN_POINT('',(-0.0295,-0.0125,0.0385));
#3175=CARTESIAN_POINT('',(-0.0245,-0.0125,0.0385));
#3176=CARTESIAN_POINT('',(-0.0245,-0.0125,0.04));
#3177=CARTESIAN_POINT('',(-0.0245,-0.0175,0.04));
#3178=CARTESIAN_POINT('',(-0.0245,-0.0175,0.0385));
#3179=CARTESIAN_POINT('',(0.,-0.0175,0.0385));
#3180=CARTESIAN_POINT('',(0.,-0.0175,0.04));
#3181=CARTESIAN_POINT('',(0.0245,-0.0175,0.04));
#3182=CARTESIAN_POINT('',(0.0245,-0.0175,0.0385));
#3183=CARTESIAN_POINT('',(0.0245,-0.0125,0.0385));
#3184=CARTESIAN_POINT('',(0.0245,-0.0125,0.04));
#3185=CARTESIAN_POINT('',(0.0295,-0.0125,0.04));
#3186=CARTESIAN_POINT('',(0.0295,-0.0125,0.0385));
#3187=CARTESIAN_POINT('',(0.0295,1.7347234759768E-18,0.0385));
#3188=CARTESIAN_POINT('',(0.0295,1.7347234759768E-18,0.04));
#3189=CARTESIAN_POINT('',(0.0295,0.0125,0.04));
#3190=CARTESIAN_POINT('',(0.0295,0.0125,0.0385));
#3191=CARTESIAN_POINT('',(0.0065,0.01,0.0385));
#3192=CARTESIAN_POINT('',(0.0065,0.01,0.04));
#3193=CARTESIAN_POINT('',(0.0065,0.0145,0.04));
#3194=CARTESIAN_POINT('',(0.0065,0.0055,0.04));
#3195=CARTESIAN_POINT('',(0.0065,0.0055,0.0385));
#3196=CARTESIAN_POINT('',(0.0065,0.0145,0.0385));
#3197=CARTESIAN_POINT('',(0.014,0.0145,0.0385));
#3198=CARTESIAN_POINT('',(0.014,0.0145,0.04));
#3199=CARTESIAN_POINT('',(0.0215,0.0145,0.04));
#3200=CARTESIAN_POINT('',(0.0215,0.0145,0.0385));
#3201=CARTESIAN_POINT('',(0.0215,0.01,0.0385));
#3202=CARTESIAN_POINT('',(0.0215,0.01,0.04));
#3203=CARTESIAN_POINT('',(0.0215,0.0055,0.04));
#3204=CARTESIAN_POINT('',(0.0215,0.0055,0.0385));
#3205=CARTESIAN_POINT('',(0.014,-0.0145,0.0385));
#3206=CARTESIAN_POINT('',(0.014,-0.0145,0.04));
#3207=CARTESIAN_POINT('',(0.0215,-0.0145,0.04));
#3208=CARTESIAN_POINT('',(0.0065,-0.0145,0.04));
#3209=CARTESIAN_POINT('',(0.0215,-0.0145,0.0385));
#3210=CARTESIAN_POINT('',(0.0065,-0.0145,0.0385));
#3211=CARTESIAN_POINT('',(0.0065,-0.01,0.0385));
#3212=CARTESIAN_POINT('',(0.0065,-0.01,0.04));
#3213=CARTESIAN_POINT('',(0.0065,-0.0055,0.04));
#3214=CARTESIAN_POINT('',(0.0065,-0.0055,0.0385));
#3215=CARTESIAN_POINT('',(0.014,-0.0055,0.0385));
#3216=CARTESIAN_POINT('',(0.014,-0.0055,0.04));
#3217=CARTESIAN_POINT('',(0.0215,-0.0055,0.04));
#3218=CARTESIAN_POINT('',(0.014,-0.0055,0.0385));
#3219=CARTESIAN_POINT('',(0.0215,-0.0055,0.0385));
#3220=CARTESIAN_POINT('',(-0.0215,-0.01,0.0385));
#3221=CARTESIAN_POINT('',(-0.0215,-0.01,0.04));
#3222=CARTESIAN_POINT('',(-0.0215,-0.0055,0.04));
#3223=CARTESIAN_POINT('',(-0.0215,-0.0145,0.04));
#3224=CARTESIAN_POINT('',(-0.0215,-0.0145,0.0385));
#3225=CARTESIAN_POINT('',(-0.0215,-0.0055,0.0385));
#3226=CARTESIAN_POINT('',(-0.014,-0.0055,0.0385));
#3227=CARTESIAN_POINT('',(-0.014,-0.0055,0.04));
#3228=CARTESIAN_POINT('',(-0.0065,-0.0055,0.04));
#3229=CARTESIAN_POINT('',(-0.014,-0.0055,0.0385));
#3230=CARTESIAN_POINT('',(-0.0065,-0.0055,0.0385));
#3231=CARTESIAN_POINT('',(-0.0065,-0.01,0.0385));
#3232=CARTESIAN_POINT('',(-0.0065,-0.01,0.04));
#3233=CARTESIAN_POINT('',(-0.0065,-0.0145,0.04));
#3234=CARTESIAN_POINT('',(-0.0065,-0.0145,0.0385));
#3235=CARTESIAN_POINT('',(-0.0215,0.01,0.0385));
#3236=CARTESIAN_POINT('',(-0.0215,0.01,0.04));
#3237=CARTESIAN_POINT('',(-0.0215,0.0055,0.04));
#3238=CARTESIAN_POINT('',(-0.0215,0.0145,0.04));
#3239=CARTESIAN_POINT('',(-0.0215,0.0055,0.0385));
#3240=CARTESIAN_POINT('',(-0.0215,0.0145,0.0385));
#3241=CARTESIAN_POINT('',(-0.014,0.0145,0.0385));
#3242=CARTESIAN_POINT('',(-0.014,0.0145,0.04));
#3243=CARTESIAN_POINT('',(-0.0065,0.0145,0.04));
#3244=CARTESIAN_POINT('',(-0.0065,0.0145,0.0385));
#3245=CARTESIAN_POINT('',(-0.0065,0.01,0.0385));
#3246=CARTESIAN_POINT('',(-0.0065,0.01,0.04));
#3247=CARTESIAN_POINT('',(-0.0065,0.0055,0.04));
#3248=CARTESIAN_POINT('',(-0.0065,0.0055,0.0385));
#3249=CARTESIAN_POINT('',(0.014,0.0055,0.0385));
#3250=CARTESIAN_POINT('',(0.014,0.0055,0.04));
#3251=CARTESIAN_POINT('',(0.014,0.0055,0.0385));
#3252=CARTESIAN_POINT('',(0.0215,-0.01,0.0385));
#3253=CARTESIAN_POINT('',(0.0215,-0.01,0.04));
#3254=CARTESIAN_POINT('',(-0.014,-0.0145,0.0385));
#3255=CARTESIAN_POINT('',(-0.014,-0.0145,0.04));
#3256=CARTESIAN_POINT('',(-0.014,0.0055,0.0385));
#3257=CARTESIAN_POINT('',(-0.014,0.0055,0.04));
#3258=CARTESIAN_POINT('',(-0.014,0.0055,0.0385));
#3259=CARTESIAN_POINT('',(0.0245,0.0125,0.0385));
#3260=CARTESIAN_POINT('',(0.0245,0.0125,0.04));
#3261=CARTESIAN_POINT('',(0.,-0.0065,0.04));
#3262=CARTESIAN_POINT('',(-0.01,-0.003025,0.0215));
#3263=CARTESIAN_POINT('',(-0.01,-0.0065,0.02));
#3264=CARTESIAN_POINT('',(-0.01,0.003025,0.0215));
#3265=CARTESIAN_POINT('',(-0.01,-0.0065,0.02));
#3266=CARTESIAN_POINT('',(-0.01,0.015,0.02));
#3267=CARTESIAN_POINT('',(-0.0104036349626668,0.015,0.02));
#3268=CARTESIAN_POINT('',(-0.01075,0.0146538505485245,0.0202009618943234));
#3269=CARTESIAN_POINT('',(-0.01075,0.01425,0.0202009618943234));
#3270=CARTESIAN_POINT('',(0.01,-0.0065,0.0215));
#3271=CARTESIAN_POINT('',(0.01,0.004,0.02));
#3272=CARTESIAN_POINT('',(0.01,-0.0065,0.0215));
#3273=CARTESIAN_POINT('',(0.01,-0.00205,0.02));
#3274=CARTESIAN_POINT('',(-6.45100292628876E-19,-0.00055,0.003));
#3275=CARTESIAN_POINT('',(-0.0135,0.00055,0.003));
#3276=CARTESIAN_POINT('',(0.0135,-0.00055,0.003));
#3277=CARTESIAN_POINT('',(7.64362531602281E-19,0.00055,0.003));
#3278=CARTESIAN_POINT('',(0.017,3.46944695195361E-18,0.037));
#3279=CARTESIAN_POINT('',(0.017,0.0055,0.037));
#3280=CARTESIAN_POINT('',(0.017,0.00055,0.037));
#3281=CARTESIAN_POINT('',(-6.87926278442053E-18,0.00055,0.037));
#3282=CARTESIAN_POINT('',(0.01,0.00055,0.037));
#3283=CARTESIAN_POINT('',(-6.93889390390723E-18,0.0055,0.037));
#3284=CARTESIAN_POINT('',(0.01,0.0055,0.037));
#3285=CARTESIAN_POINT('',(0.01,0.003025,0.037));
#3286=CARTESIAN_POINT('',(0.017,3.46944695195361E-18,0.037));
#3287=CARTESIAN_POINT('',(0.017,-0.00055,0.037));
#3288=CARTESIAN_POINT('',(0.017,-0.0055,0.037));
#3289=CARTESIAN_POINT('',(0.011125,-0.0055,0.037));
#3290=CARTESIAN_POINT('',(0.01,-0.0055,0.037));
#3291=CARTESIAN_POINT('',(0.0135,-0.00055,0.037));
#3292=CARTESIAN_POINT('',(0.01,-0.00055,0.037));
#3293=CARTESIAN_POINT('',(0.01,-0.003025,0.037));
#3294=CARTESIAN_POINT('',(-0.017,-1.7347234759768E-18,0.037));
#3295=CARTESIAN_POINT('',(-0.017,0.0055,0.037));
#3296=CARTESIAN_POINT('',(-0.017,0.00055,0.037));
#3297=CARTESIAN_POINT('',(-0.0135,0.00055,0.037));
#3298=CARTESIAN_POINT('',(-0.01,0.00055,0.037));
#3299=CARTESIAN_POINT('',(-6.93889390390723E-18,0.0055,0.037));
#3300=CARTESIAN_POINT('',(-0.01,0.0055,0.037));
#3301=CARTESIAN_POINT('',(-0.01,3.46944695195361E-18,0.037));
#3302=CARTESIAN_POINT('',(-0.0135,-0.0055,0.037));
#3303=CARTESIAN_POINT('',(-0.017,-0.0055,0.037));
#3304=CARTESIAN_POINT('',(-0.01,-0.0055,0.037));
#3305=CARTESIAN_POINT('',(-0.01,3.46944695195361E-18,0.037));
#3306=CARTESIAN_POINT('',(-0.01,-0.00055,0.037));
#3307=CARTESIAN_POINT('',(-0.017,-1.7347234759768E-18,0.037));
#3308=CARTESIAN_POINT('',(-0.017,-0.00055,0.037));
#3309=CARTESIAN_POINT('',(-6.87926278442053E-18,-0.00055,0.037));
#3310=CARTESIAN_POINT('',(0.01,-0.0065,0.01925));
#3311=CARTESIAN_POINT('',(0.01,-0.02725,0.01925));
#3312=CARTESIAN_POINT('',(0.01,-0.02725,0.0015));
#3313=CARTESIAN_POINT('',(0.01,-0.02725,0.00075));
#3314=CARTESIAN_POINT('',(0.01,-0.02725,0.00075));
#3315=CARTESIAN_POINT('',(-0.01,-0.02725,0.00075));
#3316=CARTESIAN_POINT('',(-0.01,-0.02725,0.02));
#3317=CARTESIAN_POINT('',(-0.01,-0.02725,0.01925));
#3318=CARTESIAN_POINT('',(-0.01,-0.02725,0.01925));
#3319=CARTESIAN_POINT('',(-0.01,0.01425,0.0015));
#3320=MECHANICAL_DESIGN_GEOMETRIC_PRESENTATION_REPRESENTATION('',(#1984),
#3321);
#3321=(
GEOMETRIC_REPRESENTATION_CONTEXT(3)
GLOBAL_UNCERTAINTY_ASSIGNED_CONTEXT((#3322))
GLOBAL_UNIT_ASSIGNED_CONTEXT((#3325,#3324,#3323))
REPRESENTATION_CONTEXT('Part 1','TOP_LEVEL_ASSEMBLY_PART')
);
#3322=UNCERTAINTY_MEASURE_WITH_UNIT(LENGTH_MEASURE(2.E-5),#3325,
'DISTANCE_ACCURACY_VALUE','Maximum Tolerance applied to model');
#3323=(
NAMED_UNIT(*)
SI_UNIT($,.STERADIAN.)
SOLID_ANGLE_UNIT()
);
#3324=(
NAMED_UNIT(*)
PLANE_ANGLE_UNIT()
SI_UNIT($,.RADIAN.)
);
#3325=(
LENGTH_UNIT()
NAMED_UNIT(*)
SI_UNIT($,.METRE.)
);
#3326=PRODUCT_DEFINITION_SHAPE('','',#3327);
#3327=PRODUCT_DEFINITION('','',#3329,#3328);
#3328=PRODUCT_DEFINITION_CONTEXT('',#3335,'design');
#3329=PRODUCT_DEFINITION_FORMATION_WITH_SPECIFIED_SOURCE('','',#3331,
 .NOT_KNOWN.);
#3330=PRODUCT_RELATED_PRODUCT_CATEGORY('','',(#3331));
#3331=PRODUCT('Part 1','Part 1','Part 1',(#3333));
#3332=PRODUCT_CATEGORY('','');
#3333=PRODUCT_CONTEXT('',#3335,'mechanical');
#3334=APPLICATION_PROTOCOL_DEFINITION('international standard',
'ap242_managed_model_based_3d_engineering',2020,#3335);
#3335=APPLICATION_CONTEXT('managed model based 3d engineering');
ENDSEC;
END-ISO-10303-21;
