ISO-10303-21;
HEADER;
/* Generated by software containing ST-Developer
 * from STEP Tools, Inc. (www.steptools.com) 
 */
/* OPTION: using custom renumber hook */

FILE_DESCRIPTION(
/* description */ ('STEP AP242 Edition 2',
'CAx-IF Rec.Pracs.---Representation and Presentation of Product Manufa
cturing Information (PMI)---4.0---2014-10-13',
'CAx-IF Rec.Pracs.---3D Tessellated Geometry---0.4---2014-09-14','2;1',
'CAx-IF Rec.Pracs.---User Defined Attributes---1.5---2016-08-15'),
/* implementation_level */ '2;1');

FILE_NAME(
/* name */ 'Small Battery Holder',
/* time_stamp */ '2026-09-06T00:52:30Z',
/* author */ (''),
/* organization */ (''),
/* preprocessor_version */ 'ST-DEVELOPER v20',
/* originating_system */ 'ONSHAPE BY PTC INC, 1.220',
/* authorisation */ '  ');

FILE_SCHEMA (('AP242_MANAGED_MODEL_BASED_3D_ENGINEERING_MIM_LF { 1 0 10303 442 3 1 4 }'));
ENDSEC;

DATA;
#10=SHAPE_REPRESENTATION_RELATIONSHIP('','',#2375,#11);
#11=ADVANCED_BREP_SHAPE_REPRESENTATION('',(#2373),#3969);
#12=ELLIPSE('',#2516,0.00212132034355965,0.0015);
#13=ELLIPSE('',#2518,0.00212132034355965,0.0015);
#14=ELLIPSE('',#2520,0.00212132034355965,0.0015);
#15=ELLIPSE('',#2522,0.00212132034355965,0.0015);
#16=ELLIPSE('',#2524,0.00212132034355965,0.0015);
#17=ELLIPSE('',#2525,0.00212132034355965,0.0015);
#18=ELLIPSE('',#2527,0.00212132034355965,0.0015);
#19=ELLIPSE('',#2529,0.00212132034355965,0.0015);
#20=ELLIPSE('',#2532,0.00212132034355965,0.0015);
#21=ELLIPSE('',#2533,0.00212132034355965,0.0015);
#22=ELLIPSE('',#2535,0.00212132034355965,0.0015);
#23=ELLIPSE('',#2537,0.00212132034355965,0.0015);
#24=ELLIPSE('',#2540,0.00212132034355965,0.0015);
#25=ELLIPSE('',#2541,0.00212132034355965,0.0015);
#26=ELLIPSE('',#2543,0.00212132034355965,0.0015);
#27=ELLIPSE('',#2545,0.00212132034355965,0.0015);
#28=ELLIPSE('',#2548,0.00212132034355965,0.0015);
#29=ELLIPSE('',#2549,0.00212132034355965,0.0015);
#30=ELLIPSE('',#2551,0.00212132034355965,0.0015);
#31=ELLIPSE('',#2553,0.00212132034355965,0.0015);
#32=ELLIPSE('',#2560,0.00212132034355965,0.0015);
#33=ELLIPSE('',#2563,0.00212132034355965,0.0015);
#34=ELLIPSE('',#2566,0.00212132034355965,0.0015);
#35=ELLIPSE('',#2569,0.00212132034355965,0.0015);
#36=ELLIPSE('',#2572,0.00106066017177982,0.00075);
#37=ELLIPSE('',#2574,0.00106066017177982,0.00075);
#38=ELLIPSE('',#2576,0.00106066017177982,0.00075);
#39=ELLIPSE('',#2579,0.00106066017177982,0.00075);
#40=ELLIPSE('',#2581,0.00106066017177982,0.00075);
#41=ELLIPSE('',#2583,0.00106066017177982,0.00075);
#42=ELLIPSE('',#2586,0.00106066017177982,0.00075);
#43=ELLIPSE('',#2587,0.00106066017177982,0.00075);
#44=ELLIPSE('',#2589,0.00106066017177982,0.00075);
#45=ELLIPSE('',#2591,0.00106066017177982,0.00075);
#46=B_SPLINE_CURVE_WITH_KNOTS('',3,(#3641,#3642,#3643,#3644,#3645),
 .UNSPECIFIED.,.F.,.F.,(4,1,4),(0.,0.000986246888404945,0.00197249377680989),
 .UNSPECIFIED.);
#47=B_SPLINE_CURVE_WITH_KNOTS('',3,(#3646,#3647,#3648,#3649,#3650),
 .UNSPECIFIED.,.F.,.F.,(4,1,4),(0.,0.000986246888404951,0.0019724937768099),
 .UNSPECIFIED.);
#48=B_SPLINE_CURVE_WITH_KNOTS('',3,(#3652,#3653,#3654,#3655,#3656),
 .UNSPECIFIED.,.F.,.F.,(4,1,4),(0.,0.000986246888404951,0.0019724937768099),
 .UNSPECIFIED.);
#49=B_SPLINE_CURVE_WITH_KNOTS('',3,(#3657,#3658,#3659,#3660,#3661),
 .UNSPECIFIED.,.F.,.F.,(4,1,4),(0.,0.000986246888404945,0.00197249377680989),
 .UNSPECIFIED.);
#50=CYLINDRICAL_SURFACE('',#2443,0.001);
#51=CYLINDRICAL_SURFACE('',#2444,0.001);
#52=CYLINDRICAL_SURFACE('',#2446,0.001);
#53=CYLINDRICAL_SURFACE('',#2450,0.001);
#54=CYLINDRICAL_SURFACE('',#2479,0.005);
#55=CYLINDRICAL_SURFACE('',#2482,0.005);
#56=CYLINDRICAL_SURFACE('',#2485,0.005);
#57=CYLINDRICAL_SURFACE('',#2488,0.004);
#58=CYLINDRICAL_SURFACE('',#2491,0.004);
#59=CYLINDRICAL_SURFACE('',#2494,0.004);
#60=CYLINDRICAL_SURFACE('',#2497,0.004);
#61=CYLINDRICAL_SURFACE('',#2500,0.004);
#62=CYLINDRICAL_SURFACE('',#2502,0.004);
#63=CYLINDRICAL_SURFACE('',#2505,0.004);
#64=CYLINDRICAL_SURFACE('',#2508,0.004);
#65=CYLINDRICAL_SURFACE('',#2512,0.005);
#66=CYLINDRICAL_SURFACE('',#2515,0.0015);
#67=CYLINDRICAL_SURFACE('',#2517,0.0015);
#68=CYLINDRICAL_SURFACE('',#2519,0.0015);
#69=CYLINDRICAL_SURFACE('',#2521,0.0015);
#70=CYLINDRICAL_SURFACE('',#2523,0.0015);
#71=CYLINDRICAL_SURFACE('',#2526,0.0015);
#72=CYLINDRICAL_SURFACE('',#2528,0.0015);
#73=CYLINDRICAL_SURFACE('',#2530,0.0015);
#74=CYLINDRICAL_SURFACE('',#2531,0.0015);
#75=CYLINDRICAL_SURFACE('',#2534,0.0015);
#76=CYLINDRICAL_SURFACE('',#2536,0.0015);
#77=CYLINDRICAL_SURFACE('',#2538,0.0015);
#78=CYLINDRICAL_SURFACE('',#2539,0.0015);
#79=CYLINDRICAL_SURFACE('',#2542,0.0015);
#80=CYLINDRICAL_SURFACE('',#2544,0.0015);
#81=CYLINDRICAL_SURFACE('',#2546,0.0015);
#82=CYLINDRICAL_SURFACE('',#2547,0.0015);
#83=CYLINDRICAL_SURFACE('',#2550,0.0015);
#84=CYLINDRICAL_SURFACE('',#2552,0.0015);
#85=CYLINDRICAL_SURFACE('',#2554,0.0015);
#86=CYLINDRICAL_SURFACE('',#2555,0.0015);
#87=CYLINDRICAL_SURFACE('',#2556,0.0015);
#88=CYLINDRICAL_SURFACE('',#2557,0.0015);
#89=CYLINDRICAL_SURFACE('',#2558,0.0015);
#90=CYLINDRICAL_SURFACE('',#2559,0.0015);
#91=CYLINDRICAL_SURFACE('',#2561,0.0015);
#92=CYLINDRICAL_SURFACE('',#2562,0.0015);
#93=CYLINDRICAL_SURFACE('',#2564,0.0015);
#94=CYLINDRICAL_SURFACE('',#2565,0.0015);
#95=CYLINDRICAL_SURFACE('',#2567,0.0015);
#96=CYLINDRICAL_SURFACE('',#2568,0.0015);
#97=CYLINDRICAL_SURFACE('',#2570,0.0015);
#98=CYLINDRICAL_SURFACE('',#2571,0.00075);
#99=CYLINDRICAL_SURFACE('',#2573,0.00075);
#100=CYLINDRICAL_SURFACE('',#2575,0.00075);
#101=CYLINDRICAL_SURFACE('',#2577,0.00075);
#102=CYLINDRICAL_SURFACE('',#2578,0.00075);
#103=CYLINDRICAL_SURFACE('',#2580,0.00075);
#104=CYLINDRICAL_SURFACE('',#2582,0.00075);
#105=CYLINDRICAL_SURFACE('',#2584,0.00075);
#106=CYLINDRICAL_SURFACE('',#2585,0.00075);
#107=CYLINDRICAL_SURFACE('',#2588,0.00075);
#108=CYLINDRICAL_SURFACE('',#2590,0.00075);
#109=CYLINDRICAL_SURFACE('',#2592,0.00075);
#110=LINE('',#3276,#354);
#111=LINE('',#3278,#355);
#112=LINE('',#3280,#356);
#113=LINE('',#3285,#357);
#114=LINE('',#3287,#358);
#115=LINE('',#3289,#359);
#116=LINE('',#3291,#360);
#117=LINE('',#3295,#361);
#118=LINE('',#3297,#362);
#119=LINE('',#3302,#363);
#120=LINE('',#3304,#364);
#121=LINE('',#3306,#365);
#122=LINE('',#3311,#366);
#123=LINE('',#3313,#367);
#124=LINE('',#3315,#368);
#125=LINE('',#3317,#369);
#126=LINE('',#3321,#370);
#127=LINE('',#3324,#371);
#128=LINE('',#3328,#372);
#129=LINE('',#3330,#373);
#130=LINE('',#3333,#374);
#131=LINE('',#3337,#375);
#132=LINE('',#3339,#376);
#133=LINE('',#3342,#377);
#134=LINE('',#3344,#378);
#135=LINE('',#3346,#379);
#136=LINE('',#3348,#380);
#137=LINE('',#3350,#381);
#138=LINE('',#3352,#382);
#139=LINE('',#3354,#383);
#140=LINE('',#3356,#384);
#141=LINE('',#3359,#385);
#142=LINE('',#3360,#386);
#143=LINE('',#3362,#387);
#144=LINE('',#3364,#388);
#145=LINE('',#3366,#389);
#146=LINE('',#3368,#390);
#147=LINE('',#3370,#391);
#148=LINE('',#3372,#392);
#149=LINE('',#3374,#393);
#150=LINE('',#3379,#394);
#151=LINE('',#3382,#395);
#152=LINE('',#3384,#396);
#153=LINE('',#3386,#397);
#154=LINE('',#3387,#398);
#155=LINE('',#3389,#399);
#156=LINE('',#3391,#400);
#157=LINE('',#3393,#401);
#158=LINE('',#3396,#402);
#159=LINE('',#3398,#403);
#160=LINE('',#3400,#404);
#161=LINE('',#3402,#405);
#162=LINE('',#3404,#406);
#163=LINE('',#3406,#407);
#164=LINE('',#3408,#408);
#165=LINE('',#3410,#409);
#166=LINE('',#3413,#410);
#167=LINE('',#3414,#411);
#168=LINE('',#3416,#412);
#169=LINE('',#3418,#413);
#170=LINE('',#3420,#414);
#171=LINE('',#3422,#415);
#172=LINE('',#3424,#416);
#173=LINE('',#3426,#417);
#174=LINE('',#3428,#418);
#175=LINE('',#3432,#419);
#176=LINE('',#3436,#420);
#177=LINE('',#3439,#421);
#178=LINE('',#3441,#422);
#179=LINE('',#3443,#423);
#180=LINE('',#3444,#424);
#181=LINE('',#3446,#425);
#182=LINE('',#3448,#426);
#183=LINE('',#3450,#427);
#184=LINE('',#3452,#428);
#185=LINE('',#3454,#429);
#186=LINE('',#3456,#430);
#187=LINE('',#3459,#431);
#188=LINE('',#3460,#432);
#189=LINE('',#3463,#433);
#190=LINE('',#3465,#434);
#191=LINE('',#3468,#435);
#192=LINE('',#3469,#436);
#193=LINE('',#3471,#437);
#194=LINE('',#3473,#438);
#195=LINE('',#3475,#439);
#196=LINE('',#3478,#440);
#197=LINE('',#3480,#441);
#198=LINE('',#3482,#442);
#199=LINE('',#3484,#443);
#200=LINE('',#3486,#444);
#201=LINE('',#3489,#445);
#202=LINE('',#3490,#446);
#203=LINE('',#3493,#447);
#204=LINE('',#3495,#448);
#205=LINE('',#3498,#449);
#206=LINE('',#3499,#450);
#207=LINE('',#3501,#451);
#208=LINE('',#3503,#452);
#209=LINE('',#3505,#453);
#210=LINE('',#3508,#454);
#211=LINE('',#3513,#455);
#212=LINE('',#3515,#456);
#213=LINE('',#3517,#457);
#214=LINE('',#3522,#458);
#215=LINE('',#3523,#459);
#216=LINE('',#3527,#460);
#217=LINE('',#3529,#461);
#218=LINE('',#3532,#462);
#219=LINE('',#3533,#463);
#220=LINE('',#3535,#464);
#221=LINE('',#3537,#465);
#222=LINE('',#3539,#466);
#223=LINE('',#3542,#467);
#224=LINE('',#3543,#468);
#225=LINE('',#3546,#469);
#226=LINE('',#3549,#470);
#227=LINE('',#3552,#471);
#228=LINE('',#3554,#472);
#229=LINE('',#3556,#473);
#230=LINE('',#3561,#474);
#231=LINE('',#3563,#475);
#232=LINE('',#3566,#476);
#233=LINE('',#3568,#477);
#234=LINE('',#3570,#478);
#235=LINE('',#3573,#479);
#236=LINE('',#3575,#480);
#237=LINE('',#3576,#481);
#238=LINE('',#3578,#482);
#239=LINE('',#3580,#483);
#240=LINE('',#3582,#484);
#241=LINE('',#3584,#485);
#242=LINE('',#3586,#486);
#243=LINE('',#3589,#487);
#244=LINE('',#3591,#488);
#245=LINE('',#3593,#489);
#246=LINE('',#3594,#490);
#247=LINE('',#3599,#491);
#248=LINE('',#3601,#492);
#249=LINE('',#3605,#493);
#250=LINE('',#3609,#494);
#251=LINE('',#3613,#495);
#252=LINE('',#3615,#496);
#253=LINE('',#3619,#497);
#254=LINE('',#3623,#498);
#255=LINE('',#3624,#499);
#256=LINE('',#3626,#500);
#257=LINE('',#3628,#501);
#258=LINE('',#3630,#502);
#259=LINE('',#3633,#503);
#260=LINE('',#3634,#504);
#261=LINE('',#3635,#505);
#262=LINE('',#3637,#506);
#263=LINE('',#3639,#507);
#264=LINE('',#3663,#508);
#265=LINE('',#3664,#509);
#266=LINE('',#3665,#510);
#267=LINE('',#3666,#511);
#268=LINE('',#3667,#512);
#269=LINE('',#3669,#513);
#270=LINE('',#3671,#514);
#271=LINE('',#3674,#515);
#272=LINE('',#3675,#516);
#273=LINE('',#3676,#517);
#274=LINE('',#3677,#518);
#275=LINE('',#3678,#519);
#276=LINE('',#3680,#520);
#277=LINE('',#3682,#521);
#278=LINE('',#3685,#522);
#279=LINE('',#3687,#523);
#280=LINE('',#3689,#524);
#281=LINE('',#3692,#525);
#282=LINE('',#3694,#526);
#283=LINE('',#3696,#527);
#284=LINE('',#3699,#528);
#285=LINE('',#3701,#529);
#286=LINE('',#3703,#530);
#287=LINE('',#3706,#531);
#288=LINE('',#3708,#532);
#289=LINE('',#3710,#533);
#290=LINE('',#3713,#534);
#291=LINE('',#3716,#535);
#292=LINE('',#3718,#536);
#293=LINE('',#3720,#537);
#294=LINE('',#3721,#538);
#295=LINE('',#3724,#539);
#296=LINE('',#3726,#540);
#297=LINE('',#3728,#541);
#298=LINE('',#3729,#542);
#299=LINE('',#3732,#543);
#300=LINE('',#3734,#544);
#301=LINE('',#3736,#545);
#302=LINE('',#3737,#546);
#303=LINE('',#3740,#547);
#304=LINE('',#3742,#548);
#305=LINE('',#3744,#549);
#306=LINE('',#3748,#550);
#307=LINE('',#3752,#551);
#308=LINE('',#3756,#552);
#309=LINE('',#3760,#553);
#310=LINE('',#3761,#554);
#311=LINE('',#3766,#555);
#312=LINE('',#3772,#556);
#313=LINE('',#3776,#557);
#314=LINE('',#3777,#558);
#315=LINE('',#3782,#559);
#316=LINE('',#3786,#560);
#317=LINE('',#3790,#561);
#318=LINE('',#3794,#562);
#319=LINE('',#3797,#563);
#320=LINE('',#3798,#564);
#321=LINE('',#3802,#565);
#322=LINE('',#3804,#566);
#323=LINE('',#3806,#567);
#324=LINE('',#3810,#568);
#325=LINE('',#3812,#569);
#326=LINE('',#3814,#570);
#327=LINE('',#3818,#571);
#328=LINE('',#3820,#572);
#329=LINE('',#3822,#573);
#330=LINE('',#3827,#574);
#331=LINE('',#3828,#575);
#332=LINE('',#3830,#576);
#333=LINE('',#3832,#577);
#334=LINE('',#3836,#578);
#335=LINE('',#3838,#579);
#336=LINE('',#3841,#580);
#337=LINE('',#3842,#581);
#338=LINE('',#3846,#582);
#339=LINE('',#3848,#583);
#340=LINE('',#3850,#584);
#341=LINE('',#3855,#585);
#342=LINE('',#3856,#586);
#343=LINE('',#3858,#587);
#344=LINE('',#3860,#588);
#345=LINE('',#3864,#589);
#346=LINE('',#3869,#590);
#347=LINE('',#3870,#591);
#348=LINE('',#3872,#592);
#349=LINE('',#3874,#593);
#350=LINE('',#3878,#594);
#351=LINE('',#3880,#595);
#352=LINE('',#3884,#596);
#353=LINE('',#3886,#597);
#354=VECTOR('',#2599,1.);
#355=VECTOR('',#2600,1.);
#356=VECTOR('',#2601,1.);
#357=VECTOR('',#2606,1.);
#358=VECTOR('',#2607,1.);
#359=VECTOR('',#2608,1.);
#360=VECTOR('',#2609,1.);
#361=VECTOR('',#2612,1.);
#362=VECTOR('',#2615,1.);
#363=VECTOR('',#2618,1.);
#364=VECTOR('',#2619,1.);
#365=VECTOR('',#2622,1.);
#366=VECTOR('',#2625,1.);
#367=VECTOR('',#2626,1.);
#368=VECTOR('',#2627,1.);
#369=VECTOR('',#2628,1.);
#370=VECTOR('',#2633,1.);
#371=VECTOR('',#2634,1.);
#372=VECTOR('',#2637,1.);
#373=VECTOR('',#2640,1.);
#374=VECTOR('',#2641,1.);
#375=VECTOR('',#2644,1.);
#376=VECTOR('',#2647,1.);
#377=VECTOR('',#2648,1.);
#378=VECTOR('',#2649,1.);
#379=VECTOR('',#2650,1.);
#380=VECTOR('',#2651,1.);
#381=VECTOR('',#2652,1.);
#382=VECTOR('',#2653,1.);
#383=VECTOR('',#2654,1.);
#384=VECTOR('',#2657,1.);
#385=VECTOR('',#2658,1.);
#386=VECTOR('',#2659,1.);
#387=VECTOR('',#2660,1.);
#388=VECTOR('',#2661,1.);
#389=VECTOR('',#2662,1.);
#390=VECTOR('',#2663,1.);
#391=VECTOR('',#2664,1.);
#392=VECTOR('',#2665,1.);
#393=VECTOR('',#2666,1.);
#394=VECTOR('',#2673,1.);
#395=VECTOR('',#2674,1.);
#396=VECTOR('',#2675,1.);
#397=VECTOR('',#2676,1.);
#398=VECTOR('',#2677,1.);
#399=VECTOR('',#2678,1.);
#400=VECTOR('',#2679,1.);
#401=VECTOR('',#2682,1.);
#402=VECTOR('',#2683,1.);
#403=VECTOR('',#2684,1.);
#404=VECTOR('',#2685,1.);
#405=VECTOR('',#2686,1.);
#406=VECTOR('',#2687,1.);
#407=VECTOR('',#2688,1.);
#408=VECTOR('',#2689,1.);
#409=VECTOR('',#2692,1.);
#410=VECTOR('',#2693,1.);
#411=VECTOR('',#2694,1.);
#412=VECTOR('',#2695,1.);
#413=VECTOR('',#2696,1.);
#414=VECTOR('',#2697,1.);
#415=VECTOR('',#2698,1.);
#416=VECTOR('',#2699,1.);
#417=VECTOR('',#2700,1.);
#418=VECTOR('',#2701,1.);
#419=VECTOR('',#2704,1.);
#420=VECTOR('',#2709,1.);
#421=VECTOR('',#2710,1.);
#422=VECTOR('',#2711,1.);
#423=VECTOR('',#2712,1.);
#424=VECTOR('',#2713,1.);
#425=VECTOR('',#2714,1.);
#426=VECTOR('',#2715,1.);
#427=VECTOR('',#2718,1.);
#428=VECTOR('',#2719,1.);
#429=VECTOR('',#2720,1.);
#430=VECTOR('',#2723,1.);
#431=VECTOR('',#2724,1.);
#432=VECTOR('',#2725,1.);
#433=VECTOR('',#2728,1.);
#434=VECTOR('',#2731,1.);
#435=VECTOR('',#2732,1.);
#436=VECTOR('',#2733,1.);
#437=VECTOR('',#2736,1.);
#438=VECTOR('',#2737,1.);
#439=VECTOR('',#2738,1.);
#440=VECTOR('',#2741,1.);
#441=VECTOR('',#2744,1.);
#442=VECTOR('',#2745,1.);
#443=VECTOR('',#2746,1.);
#444=VECTOR('',#2749,1.);
#445=VECTOR('',#2750,1.);
#446=VECTOR('',#2751,1.);
#447=VECTOR('',#2754,1.);
#448=VECTOR('',#2757,1.);
#449=VECTOR('',#2758,1.);
#450=VECTOR('',#2759,1.);
#451=VECTOR('',#2762,1.);
#452=VECTOR('',#2763,1.);
#453=VECTOR('',#2764,1.);
#454=VECTOR('',#2767,1.);
#455=VECTOR('',#2772,1.);
#456=VECTOR('',#2773,1.);
#457=VECTOR('',#2774,1.);
#458=VECTOR('',#2779,1.);
#459=VECTOR('',#2780,1.);
#460=VECTOR('',#2787,1.);
#461=VECTOR('',#2790,1.);
#462=VECTOR('',#2791,1.);
#463=VECTOR('',#2792,1.);
#464=VECTOR('',#2793,1.);
#465=VECTOR('',#2794,1.);
#466=VECTOR('',#2797,1.);
#467=VECTOR('',#2798,1.);
#468=VECTOR('',#2799,1.);
#469=VECTOR('',#2804,1.);
#470=VECTOR('',#2809,1.);
#471=VECTOR('',#2810,1.);
#472=VECTOR('',#2811,1.);
#473=VECTOR('',#2812,1.);
#474=VECTOR('',#2817,1.);
#475=VECTOR('',#2818,1.);
#476=VECTOR('',#2821,1.);
#477=VECTOR('',#2822,1.);
#478=VECTOR('',#2823,1.);
#479=VECTOR('',#2826,1.);
#480=VECTOR('',#2827,1.);
#481=VECTOR('',#2828,1.);
#482=VECTOR('',#2829,1.);
#483=VECTOR('',#2832,1.);
#484=VECTOR('',#2835,1.);
#485=VECTOR('',#2836,1.);
#486=VECTOR('',#2839,1.);
#487=VECTOR('',#2840,1.);
#488=VECTOR('',#2841,1.);
#489=VECTOR('',#2842,1.);
#490=VECTOR('',#2843,1.);
#491=VECTOR('',#2846,1.);
#492=VECTOR('',#2847,1.);
#493=VECTOR('',#2850,1.);
#494=VECTOR('',#2853,1.);
#495=VECTOR('',#2856,1.);
#496=VECTOR('',#2857,1.);
#497=VECTOR('',#2860,1.);
#498=VECTOR('',#2865,1.);
#499=VECTOR('',#2866,1.);
#500=VECTOR('',#2869,1.);
#501=VECTOR('',#2870,1.);
#502=VECTOR('',#2873,1.);
#503=VECTOR('',#2874,1.);
#504=VECTOR('',#2875,1.);
#505=VECTOR('',#2876,1.);
#506=VECTOR('',#2879,1.);
#507=VECTOR('',#2880,1.);
#508=VECTOR('',#2887,1.);
#509=VECTOR('',#2888,1.);
#510=VECTOR('',#2889,1.);
#511=VECTOR('',#2890,1.);
#512=VECTOR('',#2891,1.);
#513=VECTOR('',#2894,1.);
#514=VECTOR('',#2897,1.);
#515=VECTOR('',#2902,1.);
#516=VECTOR('',#2903,1.);
#517=VECTOR('',#2904,1.);
#518=VECTOR('',#2905,1.);
#519=VECTOR('',#2906,1.);
#520=VECTOR('',#2909,1.);
#521=VECTOR('',#2912,1.);
#522=VECTOR('',#2917,1.);
#523=VECTOR('',#2918,1.);
#524=VECTOR('',#2921,1.);
#525=VECTOR('',#2926,1.);
#526=VECTOR('',#2927,1.);
#527=VECTOR('',#2930,1.);
#528=VECTOR('',#2935,1.);
#529=VECTOR('',#2936,1.);
#530=VECTOR('',#2939,1.);
#531=VECTOR('',#2944,1.);
#532=VECTOR('',#2945,1.);
#533=VECTOR('',#2948,1.);
#534=VECTOR('',#2953,1.);
#535=VECTOR('',#2954,1.);
#536=VECTOR('',#2955,1.);
#537=VECTOR('',#2956,1.);
#538=VECTOR('',#2957,1.);
#539=VECTOR('',#2958,1.);
#540=VECTOR('',#2959,1.);
#541=VECTOR('',#2960,1.);
#542=VECTOR('',#2961,1.);
#543=VECTOR('',#2962,1.);
#544=VECTOR('',#2963,1.);
#545=VECTOR('',#2964,1.);
#546=VECTOR('',#2965,1.);
#547=VECTOR('',#2966,1.);
#548=VECTOR('',#2967,1.);
#549=VECTOR('',#2968,1.);
#550=VECTOR('',#2971,1.);
#551=VECTOR('',#2974,1.);
#552=VECTOR('',#2977,1.);
#553=VECTOR('',#2980,1.);
#554=VECTOR('',#2981,1.);
#555=VECTOR('',#2984,1.);
#556=VECTOR('',#2989,1.);
#557=VECTOR('',#2992,1.);
#558=VECTOR('',#2993,1.);
#559=VECTOR('',#2996,1.);
#560=VECTOR('',#2999,1.);
#561=VECTOR('',#3002,1.);
#562=VECTOR('',#3007,1.);
#563=VECTOR('',#3008,1.);
#564=VECTOR('',#3009,1.);
#565=VECTOR('',#3014,1.);
#566=VECTOR('',#3017,1.);
#567=VECTOR('',#3018,1.);
#568=VECTOR('',#3023,1.);
#569=VECTOR('',#3026,1.);
#570=VECTOR('',#3027,1.);
#571=VECTOR('',#3032,1.);
#572=VECTOR('',#3035,1.);
#573=VECTOR('',#3036,1.);
#574=VECTOR('',#3041,1.);
#575=VECTOR('',#3042,1.);
#576=VECTOR('',#3045,1.);
#577=VECTOR('',#3046,1.);
#578=VECTOR('',#3051,1.);
#579=VECTOR('',#3054,1.);
#580=VECTOR('',#3055,1.);
#581=VECTOR('',#3056,1.);
#582=VECTOR('',#3061,1.);
#583=VECTOR('',#3064,1.);
#584=VECTOR('',#3065,1.);
#585=VECTOR('',#3070,1.);
#586=VECTOR('',#3071,1.);
#587=VECTOR('',#3074,1.);
#588=VECTOR('',#3075,1.);
#589=VECTOR('',#3080,1.);
#590=VECTOR('',#3085,1.);
#591=VECTOR('',#3086,1.);
#592=VECTOR('',#3089,1.);
#593=VECTOR('',#3090,1.);
#594=VECTOR('',#3095,1.);
#595=VECTOR('',#3098,1.);
#596=VECTOR('',#3105,1.);
#597=VECTOR('',#3108,1.);
#598=ORIENTED_EDGE('',*,*,#1278,.T.);
#599=ORIENTED_EDGE('',*,*,#1279,.T.);
#600=ORIENTED_EDGE('',*,*,#1280,.T.);
#601=ORIENTED_EDGE('',*,*,#1281,.F.);
#602=ORIENTED_EDGE('',*,*,#1282,.T.);
#603=ORIENTED_EDGE('',*,*,#1283,.F.);
#604=ORIENTED_EDGE('',*,*,#1284,.F.);
#605=ORIENTED_EDGE('',*,*,#1285,.T.);
#606=ORIENTED_EDGE('',*,*,#1286,.T.);
#607=ORIENTED_EDGE('',*,*,#1287,.F.);
#608=ORIENTED_EDGE('',*,*,#1288,.T.);
#609=ORIENTED_EDGE('',*,*,#1289,.T.);
#610=ORIENTED_EDGE('',*,*,#1290,.T.);
#611=ORIENTED_EDGE('',*,*,#1291,.F.);
#612=ORIENTED_EDGE('',*,*,#1292,.T.);
#613=ORIENTED_EDGE('',*,*,#1293,.F.);
#614=ORIENTED_EDGE('',*,*,#1294,.T.);
#615=ORIENTED_EDGE('',*,*,#1295,.T.);
#616=ORIENTED_EDGE('',*,*,#1296,.T.);
#617=ORIENTED_EDGE('',*,*,#1297,.T.);
#618=ORIENTED_EDGE('',*,*,#1298,.F.);
#619=ORIENTED_EDGE('',*,*,#1299,.F.);
#620=ORIENTED_EDGE('',*,*,#1300,.T.);
#621=ORIENTED_EDGE('',*,*,#1301,.T.);
#622=ORIENTED_EDGE('',*,*,#1302,.F.);
#623=ORIENTED_EDGE('',*,*,#1303,.T.);
#624=ORIENTED_EDGE('',*,*,#1304,.F.);
#625=ORIENTED_EDGE('',*,*,#1305,.T.);
#626=ORIENTED_EDGE('',*,*,#1306,.T.);
#627=ORIENTED_EDGE('',*,*,#1307,.T.);
#628=ORIENTED_EDGE('',*,*,#1308,.T.);
#629=ORIENTED_EDGE('',*,*,#1309,.T.);
#630=ORIENTED_EDGE('',*,*,#1310,.T.);
#631=ORIENTED_EDGE('',*,*,#1311,.T.);
#632=ORIENTED_EDGE('',*,*,#1312,.T.);
#633=ORIENTED_EDGE('',*,*,#1313,.F.);
#634=ORIENTED_EDGE('',*,*,#1314,.F.);
#635=ORIENTED_EDGE('',*,*,#1315,.T.);
#636=ORIENTED_EDGE('',*,*,#1316,.F.);
#637=ORIENTED_EDGE('',*,*,#1317,.T.);
#638=ORIENTED_EDGE('',*,*,#1314,.T.);
#639=ORIENTED_EDGE('',*,*,#1318,.T.);
#640=ORIENTED_EDGE('',*,*,#1319,.F.);
#641=ORIENTED_EDGE('',*,*,#1320,.T.);
#642=ORIENTED_EDGE('',*,*,#1321,.T.);
#643=ORIENTED_EDGE('',*,*,#1322,.T.);
#644=ORIENTED_EDGE('',*,*,#1323,.F.);
#645=ORIENTED_EDGE('',*,*,#1324,.T.);
#646=ORIENTED_EDGE('',*,*,#1325,.T.);
#647=ORIENTED_EDGE('',*,*,#1326,.T.);
#648=ORIENTED_EDGE('',*,*,#1300,.F.);
#649=ORIENTED_EDGE('',*,*,#1327,.T.);
#650=ORIENTED_EDGE('',*,*,#1328,.T.);
#651=ORIENTED_EDGE('',*,*,#1329,.T.);
#652=ORIENTED_EDGE('',*,*,#1330,.F.);
#653=ORIENTED_EDGE('',*,*,#1331,.T.);
#654=ORIENTED_EDGE('',*,*,#1323,.T.);
#655=ORIENTED_EDGE('',*,*,#1332,.T.);
#656=ORIENTED_EDGE('',*,*,#1333,.F.);
#657=ORIENTED_EDGE('',*,*,#1334,.T.);
#658=ORIENTED_EDGE('',*,*,#1335,.T.);
#659=ORIENTED_EDGE('',*,*,#1336,.T.);
#660=ORIENTED_EDGE('',*,*,#1337,.T.);
#661=ORIENTED_EDGE('',*,*,#1338,.T.);
#662=ORIENTED_EDGE('',*,*,#1339,.T.);
#663=ORIENTED_EDGE('',*,*,#1340,.F.);
#664=ORIENTED_EDGE('',*,*,#1341,.F.);
#665=ORIENTED_EDGE('',*,*,#1342,.T.);
#666=ORIENTED_EDGE('',*,*,#1343,.F.);
#667=ORIENTED_EDGE('',*,*,#1344,.T.);
#668=ORIENTED_EDGE('',*,*,#1341,.T.);
#669=ORIENTED_EDGE('',*,*,#1345,.F.);
#670=ORIENTED_EDGE('',*,*,#1346,.F.);
#671=ORIENTED_EDGE('',*,*,#1347,.F.);
#672=ORIENTED_EDGE('',*,*,#1348,.T.);
#673=ORIENTED_EDGE('',*,*,#1349,.F.);
#674=ORIENTED_EDGE('',*,*,#1350,.F.);
#675=ORIENTED_EDGE('',*,*,#1351,.T.);
#676=ORIENTED_EDGE('',*,*,#1352,.T.);
#677=ORIENTED_EDGE('',*,*,#1353,.T.);
#678=ORIENTED_EDGE('',*,*,#1354,.T.);
#679=ORIENTED_EDGE('',*,*,#1355,.T.);
#680=ORIENTED_EDGE('',*,*,#1356,.T.);
#681=ORIENTED_EDGE('',*,*,#1357,.T.);
#682=ORIENTED_EDGE('',*,*,#1358,.F.);
#683=ORIENTED_EDGE('',*,*,#1359,.T.);
#684=ORIENTED_EDGE('',*,*,#1350,.T.);
#685=ORIENTED_EDGE('',*,*,#1360,.T.);
#686=ORIENTED_EDGE('',*,*,#1361,.F.);
#687=ORIENTED_EDGE('',*,*,#1362,.T.);
#688=ORIENTED_EDGE('',*,*,#1358,.T.);
#689=ORIENTED_EDGE('',*,*,#1363,.T.);
#690=ORIENTED_EDGE('',*,*,#1364,.F.);
#691=ORIENTED_EDGE('',*,*,#1365,.T.);
#692=ORIENTED_EDGE('',*,*,#1366,.T.);
#693=ORIENTED_EDGE('',*,*,#1367,.T.);
#694=ORIENTED_EDGE('',*,*,#1352,.F.);
#695=ORIENTED_EDGE('',*,*,#1368,.T.);
#696=ORIENTED_EDGE('',*,*,#1364,.T.);
#697=ORIENTED_EDGE('',*,*,#1369,.T.);
#698=ORIENTED_EDGE('',*,*,#1370,.F.);
#699=ORIENTED_EDGE('',*,*,#1371,.T.);
#700=ORIENTED_EDGE('',*,*,#1372,.T.);
#701=ORIENTED_EDGE('',*,*,#1335,.F.);
#702=ORIENTED_EDGE('',*,*,#1373,.T.);
#703=ORIENTED_EDGE('',*,*,#1343,.T.);
#704=ORIENTED_EDGE('',*,*,#1374,.T.);
#705=ORIENTED_EDGE('',*,*,#1375,.F.);
#706=ORIENTED_EDGE('',*,*,#1376,.F.);
#707=ORIENTED_EDGE('',*,*,#1377,.T.);
#708=ORIENTED_EDGE('',*,*,#1371,.F.);
#709=ORIENTED_EDGE('',*,*,#1378,.T.);
#710=ORIENTED_EDGE('',*,*,#1330,.T.);
#711=ORIENTED_EDGE('',*,*,#1379,.T.);
#712=ORIENTED_EDGE('',*,*,#1380,.F.);
#713=ORIENTED_EDGE('',*,*,#1381,.T.);
#714=ORIENTED_EDGE('',*,*,#1382,.T.);
#715=ORIENTED_EDGE('',*,*,#1383,.T.);
#716=ORIENTED_EDGE('',*,*,#1325,.F.);
#717=ORIENTED_EDGE('',*,*,#1384,.T.);
#718=ORIENTED_EDGE('',*,*,#1380,.T.);
#719=ORIENTED_EDGE('',*,*,#1385,.T.);
#720=ORIENTED_EDGE('',*,*,#1386,.F.);
#721=ORIENTED_EDGE('',*,*,#1387,.T.);
#722=ORIENTED_EDGE('',*,*,#1388,.T.);
#723=ORIENTED_EDGE('',*,*,#1308,.F.);
#724=ORIENTED_EDGE('',*,*,#1389,.T.);
#725=ORIENTED_EDGE('',*,*,#1316,.T.);
#726=ORIENTED_EDGE('',*,*,#1390,.T.);
#727=ORIENTED_EDGE('',*,*,#1391,.F.);
#728=ORIENTED_EDGE('',*,*,#1392,.F.);
#729=ORIENTED_EDGE('',*,*,#1393,.T.);
#730=ORIENTED_EDGE('',*,*,#1387,.F.);
#731=ORIENTED_EDGE('',*,*,#1394,.T.);
#732=ORIENTED_EDGE('',*,*,#1395,.F.);
#733=ORIENTED_EDGE('',*,*,#1396,.T.);
#734=ORIENTED_EDGE('',*,*,#1397,.T.);
#735=ORIENTED_EDGE('',*,*,#1398,.T.);
#736=ORIENTED_EDGE('',*,*,#1399,.T.);
#737=ORIENTED_EDGE('',*,*,#1400,.T.);
#738=ORIENTED_EDGE('',*,*,#1354,.F.);
#739=ORIENTED_EDGE('',*,*,#1401,.T.);
#740=ORIENTED_EDGE('',*,*,#1375,.T.);
#741=ORIENTED_EDGE('',*,*,#1402,.T.);
#742=ORIENTED_EDGE('',*,*,#1304,.T.);
#743=ORIENTED_EDGE('',*,*,#1403,.T.);
#744=ORIENTED_EDGE('',*,*,#1366,.F.);
#745=ORIENTED_EDGE('',*,*,#1404,.T.);
#746=ORIENTED_EDGE('',*,*,#1405,.T.);
#747=ORIENTED_EDGE('',*,*,#1406,.T.);
#748=ORIENTED_EDGE('',*,*,#1281,.T.);
#749=ORIENTED_EDGE('',*,*,#1407,.T.);
#750=ORIENTED_EDGE('',*,*,#1408,.F.);
#751=ORIENTED_EDGE('',*,*,#1409,.F.);
#752=ORIENTED_EDGE('',*,*,#1410,.T.);
#753=ORIENTED_EDGE('',*,*,#1411,.T.);
#754=ORIENTED_EDGE('',*,*,#1296,.F.);
#755=ORIENTED_EDGE('',*,*,#1412,.T.);
#756=ORIENTED_EDGE('',*,*,#1397,.F.);
#757=ORIENTED_EDGE('',*,*,#1413,.T.);
#758=ORIENTED_EDGE('',*,*,#1382,.F.);
#759=ORIENTED_EDGE('',*,*,#1414,.F.);
#760=ORIENTED_EDGE('',*,*,#1391,.T.);
#761=ORIENTED_EDGE('',*,*,#1415,.T.);
#762=ORIENTED_EDGE('',*,*,#1416,.T.);
#763=ORIENTED_EDGE('',*,*,#1417,.T.);
#764=ORIENTED_EDGE('',*,*,#1418,.T.);
#765=ORIENTED_EDGE('',*,*,#1419,.T.);
#766=ORIENTED_EDGE('',*,*,#1420,.F.);
#767=ORIENTED_EDGE('',*,*,#1421,.T.);
#768=ORIENTED_EDGE('',*,*,#1347,.T.);
#769=ORIENTED_EDGE('',*,*,#1422,.T.);
#770=ORIENTED_EDGE('',*,*,#1423,.F.);
#771=ORIENTED_EDGE('',*,*,#1338,.F.);
#772=ORIENTED_EDGE('',*,*,#1424,.T.);
#773=ORIENTED_EDGE('',*,*,#1425,.T.);
#774=ORIENTED_EDGE('',*,*,#1426,.T.);
#775=ORIENTED_EDGE('',*,*,#1427,.F.);
#776=ORIENTED_EDGE('',*,*,#1428,.T.);
#777=ORIENTED_EDGE('',*,*,#1334,.F.);
#778=ORIENTED_EDGE('',*,*,#1429,.T.);
#779=ORIENTED_EDGE('',*,*,#1430,.F.);
#780=ORIENTED_EDGE('',*,*,#1320,.F.);
#781=ORIENTED_EDGE('',*,*,#1431,.T.);
#782=ORIENTED_EDGE('',*,*,#1432,.T.);
#783=ORIENTED_EDGE('',*,*,#1311,.F.);
#784=ORIENTED_EDGE('',*,*,#1433,.T.);
#785=ORIENTED_EDGE('',*,*,#1410,.F.);
#786=ORIENTED_EDGE('',*,*,#1434,.F.);
#787=ORIENTED_EDGE('',*,*,#1408,.T.);
#788=ORIENTED_EDGE('',*,*,#1435,.T.);
#789=ORIENTED_EDGE('',*,*,#1362,.F.);
#790=ORIENTED_EDGE('',*,*,#1436,.F.);
#791=ORIENTED_EDGE('',*,*,#1437,.F.);
#792=ORIENTED_EDGE('',*,*,#1438,.T.);
#793=ORIENTED_EDGE('',*,*,#1439,.T.);
#794=ORIENTED_EDGE('',*,*,#1440,.T.);
#795=ORIENTED_EDGE('',*,*,#1441,.T.);
#796=ORIENTED_EDGE('',*,*,#1442,.T.);
#797=ORIENTED_EDGE('',*,*,#1443,.T.);
#798=ORIENTED_EDGE('',*,*,#1444,.T.);
#799=ORIENTED_EDGE('',*,*,#1445,.T.);
#800=ORIENTED_EDGE('',*,*,#1446,.T.);
#801=ORIENTED_EDGE('',*,*,#1447,.F.);
#802=ORIENTED_EDGE('',*,*,#1448,.F.);
#803=ORIENTED_EDGE('',*,*,#1449,.F.);
#804=ORIENTED_EDGE('',*,*,#1450,.T.);
#805=ORIENTED_EDGE('',*,*,#1451,.T.);
#806=ORIENTED_EDGE('',*,*,#1452,.T.);
#807=ORIENTED_EDGE('',*,*,#1453,.T.);
#808=ORIENTED_EDGE('',*,*,#1454,.T.);
#809=ORIENTED_EDGE('',*,*,#1455,.F.);
#810=ORIENTED_EDGE('',*,*,#1425,.F.);
#811=ORIENTED_EDGE('',*,*,#1456,.T.);
#812=ORIENTED_EDGE('',*,*,#1284,.T.);
#813=ORIENTED_EDGE('',*,*,#1457,.T.);
#814=ORIENTED_EDGE('',*,*,#1458,.T.);
#815=ORIENTED_EDGE('',*,*,#1459,.T.);
#816=ORIENTED_EDGE('',*,*,#1409,.T.);
#817=ORIENTED_EDGE('',*,*,#1434,.T.);
#818=ORIENTED_EDGE('',*,*,#1412,.F.);
#819=ORIENTED_EDGE('',*,*,#1295,.F.);
#820=ORIENTED_EDGE('',*,*,#1460,.T.);
#821=ORIENTED_EDGE('',*,*,#1461,.T.);
#822=ORIENTED_EDGE('',*,*,#1289,.F.);
#823=ORIENTED_EDGE('',*,*,#1462,.T.);
#824=ORIENTED_EDGE('',*,*,#1427,.T.);
#825=ORIENTED_EDGE('',*,*,#1463,.F.);
#826=ORIENTED_EDGE('',*,*,#1283,.T.);
#827=ORIENTED_EDGE('',*,*,#1464,.T.);
#828=ORIENTED_EDGE('',*,*,#1465,.T.);
#829=ORIENTED_EDGE('',*,*,#1463,.T.);
#830=ORIENTED_EDGE('',*,*,#1426,.F.);
#831=ORIENTED_EDGE('',*,*,#1457,.F.);
#832=ORIENTED_EDGE('',*,*,#1399,.F.);
#833=ORIENTED_EDGE('',*,*,#1466,.T.);
#834=ORIENTED_EDGE('',*,*,#1306,.F.);
#835=ORIENTED_EDGE('',*,*,#1467,.T.);
#836=ORIENTED_EDGE('',*,*,#1420,.T.);
#837=ORIENTED_EDGE('',*,*,#1302,.T.);
#838=ORIENTED_EDGE('',*,*,#1468,.T.);
#839=ORIENTED_EDGE('',*,*,#1395,.T.);
#840=ORIENTED_EDGE('',*,*,#1469,.T.);
#841=ORIENTED_EDGE('',*,*,#1421,.F.);
#842=ORIENTED_EDGE('',*,*,#1291,.T.);
#843=ORIENTED_EDGE('',*,*,#1470,.T.);
#844=ORIENTED_EDGE('',*,*,#1449,.T.);
#845=ORIENTED_EDGE('',*,*,#1471,.F.);
#846=ORIENTED_EDGE('',*,*,#1298,.T.);
#847=ORIENTED_EDGE('',*,*,#1472,.T.);
#848=ORIENTED_EDGE('',*,*,#1473,.T.);
#849=ORIENTED_EDGE('',*,*,#1474,.T.);
#850=ORIENTED_EDGE('',*,*,#1471,.T.);
#851=ORIENTED_EDGE('',*,*,#1448,.T.);
#852=ORIENTED_EDGE('',*,*,#1475,.F.);
#853=ORIENTED_EDGE('',*,*,#1299,.T.);
#854=ORIENTED_EDGE('',*,*,#1447,.T.);
#855=ORIENTED_EDGE('',*,*,#1476,.T.);
#856=ORIENTED_EDGE('',*,*,#1293,.T.);
#857=ORIENTED_EDGE('',*,*,#1475,.T.);
#858=ORIENTED_EDGE('',*,*,#1414,.T.);
#859=ORIENTED_EDGE('',*,*,#1386,.T.);
#860=ORIENTED_EDGE('',*,*,#1473,.F.);
#861=ORIENTED_EDGE('',*,*,#1392,.T.);
#862=ORIENTED_EDGE('',*,*,#1279,.F.);
#863=ORIENTED_EDGE('',*,*,#1477,.T.);
#864=ORIENTED_EDGE('',*,*,#1442,.F.);
#865=ORIENTED_EDGE('',*,*,#1478,.F.);
#866=ORIENTED_EDGE('',*,*,#1286,.F.);
#867=ORIENTED_EDGE('',*,*,#1479,.F.);
#868=ORIENTED_EDGE('',*,*,#1480,.F.);
#869=ORIENTED_EDGE('',*,*,#1481,.F.);
#870=ORIENTED_EDGE('',*,*,#1478,.T.);
#871=ORIENTED_EDGE('',*,*,#1455,.T.);
#872=ORIENTED_EDGE('',*,*,#1482,.F.);
#873=ORIENTED_EDGE('',*,*,#1287,.T.);
#874=ORIENTED_EDGE('',*,*,#1454,.F.);
#875=ORIENTED_EDGE('',*,*,#1483,.T.);
#876=ORIENTED_EDGE('',*,*,#1288,.F.);
#877=ORIENTED_EDGE('',*,*,#1482,.T.);
#878=ORIENTED_EDGE('',*,*,#1404,.F.);
#879=ORIENTED_EDGE('',*,*,#1370,.T.);
#880=ORIENTED_EDGE('',*,*,#1480,.T.);
#881=ORIENTED_EDGE('',*,*,#1376,.T.);
#882=ORIENTED_EDGE('',*,*,#1349,.T.);
#883=ORIENTED_EDGE('',*,*,#1484,.F.);
#884=ORIENTED_EDGE('',*,*,#1485,.F.);
#885=ORIENTED_EDGE('',*,*,#1360,.F.);
#886=ORIENTED_EDGE('',*,*,#1348,.F.);
#887=ORIENTED_EDGE('',*,*,#1437,.T.);
#888=ORIENTED_EDGE('',*,*,#1486,.T.);
#889=ORIENTED_EDGE('',*,*,#1484,.T.);
#890=ORIENTED_EDGE('',*,*,#1486,.F.);
#891=ORIENTED_EDGE('',*,*,#1436,.T.);
#892=ORIENTED_EDGE('',*,*,#1361,.T.);
#893=ORIENTED_EDGE('',*,*,#1485,.T.);
#894=ORIENTED_EDGE('',*,*,#1322,.F.);
#895=ORIENTED_EDGE('',*,*,#1487,.F.);
#896=ORIENTED_EDGE('',*,*,#1488,.T.);
#897=ORIENTED_EDGE('',*,*,#1332,.F.);
#898=ORIENTED_EDGE('',*,*,#1321,.F.);
#899=ORIENTED_EDGE('',*,*,#1430,.T.);
#900=ORIENTED_EDGE('',*,*,#1489,.T.);
#901=ORIENTED_EDGE('',*,*,#1487,.T.);
#902=ORIENTED_EDGE('',*,*,#1429,.F.);
#903=ORIENTED_EDGE('',*,*,#1333,.T.);
#904=ORIENTED_EDGE('',*,*,#1488,.F.);
#905=ORIENTED_EDGE('',*,*,#1489,.F.);
#906=ORIENTED_EDGE('',*,*,#1313,.T.);
#907=ORIENTED_EDGE('',*,*,#1490,.T.);
#908=ORIENTED_EDGE('',*,*,#1491,.T.);
#909=ORIENTED_EDGE('',*,*,#1318,.F.);
#910=ORIENTED_EDGE('',*,*,#1432,.F.);
#911=ORIENTED_EDGE('',*,*,#1492,.T.);
#912=ORIENTED_EDGE('',*,*,#1490,.F.);
#913=ORIENTED_EDGE('',*,*,#1312,.F.);
#914=ORIENTED_EDGE('',*,*,#1431,.F.);
#915=ORIENTED_EDGE('',*,*,#1319,.T.);
#916=ORIENTED_EDGE('',*,*,#1491,.F.);
#917=ORIENTED_EDGE('',*,*,#1492,.F.);
#918=ORIENTED_EDGE('',*,*,#1493,.T.);
#919=ORIENTED_EDGE('',*,*,#1345,.T.);
#920=ORIENTED_EDGE('',*,*,#1340,.T.);
#921=ORIENTED_EDGE('',*,*,#1494,.F.);
#922=ORIENTED_EDGE('',*,*,#1339,.F.);
#923=ORIENTED_EDGE('',*,*,#1423,.T.);
#924=ORIENTED_EDGE('',*,*,#1495,.T.);
#925=ORIENTED_EDGE('',*,*,#1494,.T.);
#926=ORIENTED_EDGE('',*,*,#1422,.F.);
#927=ORIENTED_EDGE('',*,*,#1346,.T.);
#928=ORIENTED_EDGE('',*,*,#1493,.F.);
#929=ORIENTED_EDGE('',*,*,#1495,.F.);
#930=ORIENTED_EDGE('',*,*,#1496,.T.);
#931=ORIENTED_EDGE('',*,*,#1497,.T.);
#932=ORIENTED_EDGE('',*,*,#1498,.T.);
#933=ORIENTED_EDGE('',*,*,#1499,.T.);
#934=ORIENTED_EDGE('',*,*,#1500,.T.);
#935=ORIENTED_EDGE('',*,*,#1501,.T.);
#936=ORIENTED_EDGE('',*,*,#1502,.T.);
#937=ORIENTED_EDGE('',*,*,#1503,.T.);
#938=ORIENTED_EDGE('',*,*,#1504,.T.);
#939=ORIENTED_EDGE('',*,*,#1505,.T.);
#940=ORIENTED_EDGE('',*,*,#1506,.T.);
#941=ORIENTED_EDGE('',*,*,#1507,.T.);
#942=ORIENTED_EDGE('',*,*,#1508,.T.);
#943=ORIENTED_EDGE('',*,*,#1509,.T.);
#944=ORIENTED_EDGE('',*,*,#1510,.T.);
#945=ORIENTED_EDGE('',*,*,#1511,.T.);
#946=ORIENTED_EDGE('',*,*,#1512,.F.);
#947=ORIENTED_EDGE('',*,*,#1513,.T.);
#948=ORIENTED_EDGE('',*,*,#1514,.F.);
#949=ORIENTED_EDGE('',*,*,#1515,.F.);
#950=ORIENTED_EDGE('',*,*,#1516,.T.);
#951=ORIENTED_EDGE('',*,*,#1517,.F.);
#952=ORIENTED_EDGE('',*,*,#1518,.T.);
#953=ORIENTED_EDGE('',*,*,#1519,.T.);
#954=ORIENTED_EDGE('',*,*,#1520,.T.);
#955=ORIENTED_EDGE('',*,*,#1521,.F.);
#956=ORIENTED_EDGE('',*,*,#1522,.F.);
#957=ORIENTED_EDGE('',*,*,#1523,.F.);
#958=ORIENTED_EDGE('',*,*,#1524,.T.);
#959=ORIENTED_EDGE('',*,*,#1525,.F.);
#960=ORIENTED_EDGE('',*,*,#1526,.T.);
#961=ORIENTED_EDGE('',*,*,#1527,.T.);
#962=ORIENTED_EDGE('',*,*,#1528,.T.);
#963=ORIENTED_EDGE('',*,*,#1529,.F.);
#964=ORIENTED_EDGE('',*,*,#1530,.F.);
#965=ORIENTED_EDGE('',*,*,#1531,.F.);
#966=ORIENTED_EDGE('',*,*,#1532,.F.);
#967=ORIENTED_EDGE('',*,*,#1533,.F.);
#968=ORIENTED_EDGE('',*,*,#1534,.T.);
#969=ORIENTED_EDGE('',*,*,#1535,.F.);
#970=ORIENTED_EDGE('',*,*,#1536,.T.);
#971=ORIENTED_EDGE('',*,*,#1537,.F.);
#972=ORIENTED_EDGE('',*,*,#1528,.F.);
#973=ORIENTED_EDGE('',*,*,#1538,.T.);
#974=ORIENTED_EDGE('',*,*,#1539,.F.);
#975=ORIENTED_EDGE('',*,*,#1538,.F.);
#976=ORIENTED_EDGE('',*,*,#1535,.T.);
#977=ORIENTED_EDGE('',*,*,#1540,.T.);
#978=ORIENTED_EDGE('',*,*,#1541,.T.);
#979=ORIENTED_EDGE('',*,*,#1540,.F.);
#980=ORIENTED_EDGE('',*,*,#1534,.F.);
#981=ORIENTED_EDGE('',*,*,#1542,.T.);
#982=ORIENTED_EDGE('',*,*,#1543,.F.);
#983=ORIENTED_EDGE('',*,*,#1542,.F.);
#984=ORIENTED_EDGE('',*,*,#1533,.T.);
#985=ORIENTED_EDGE('',*,*,#1544,.T.);
#986=ORIENTED_EDGE('',*,*,#1545,.F.);
#987=ORIENTED_EDGE('',*,*,#1544,.F.);
#988=ORIENTED_EDGE('',*,*,#1532,.T.);
#989=ORIENTED_EDGE('',*,*,#1546,.T.);
#990=ORIENTED_EDGE('',*,*,#1547,.F.);
#991=ORIENTED_EDGE('',*,*,#1546,.F.);
#992=ORIENTED_EDGE('',*,*,#1531,.T.);
#993=ORIENTED_EDGE('',*,*,#1548,.T.);
#994=ORIENTED_EDGE('',*,*,#1549,.F.);
#995=ORIENTED_EDGE('',*,*,#1548,.F.);
#996=ORIENTED_EDGE('',*,*,#1530,.T.);
#997=ORIENTED_EDGE('',*,*,#1550,.T.);
#998=ORIENTED_EDGE('',*,*,#1551,.T.);
#999=ORIENTED_EDGE('',*,*,#1552,.F.);
#1000=ORIENTED_EDGE('',*,*,#1524,.F.);
#1001=ORIENTED_EDGE('',*,*,#1553,.T.);
#1002=ORIENTED_EDGE('',*,*,#1554,.T.);
#1003=ORIENTED_EDGE('',*,*,#1553,.F.);
#1004=ORIENTED_EDGE('',*,*,#1527,.F.);
#1005=ORIENTED_EDGE('',*,*,#1555,.T.);
#1006=ORIENTED_EDGE('',*,*,#1556,.T.);
#1007=ORIENTED_EDGE('',*,*,#1555,.F.);
#1008=ORIENTED_EDGE('',*,*,#1526,.F.);
#1009=ORIENTED_EDGE('',*,*,#1557,.T.);
#1010=ORIENTED_EDGE('',*,*,#1558,.T.);
#1011=ORIENTED_EDGE('',*,*,#1559,.F.);
#1012=ORIENTED_EDGE('',*,*,#1520,.F.);
#1013=ORIENTED_EDGE('',*,*,#1560,.T.);
#1014=ORIENTED_EDGE('',*,*,#1561,.F.);
#1015=ORIENTED_EDGE('',*,*,#1560,.F.);
#1016=ORIENTED_EDGE('',*,*,#1523,.T.);
#1017=ORIENTED_EDGE('',*,*,#1562,.T.);
#1018=ORIENTED_EDGE('',*,*,#1563,.F.);
#1019=ORIENTED_EDGE('',*,*,#1562,.F.);
#1020=ORIENTED_EDGE('',*,*,#1522,.T.);
#1021=ORIENTED_EDGE('',*,*,#1564,.T.);
#1022=ORIENTED_EDGE('',*,*,#1565,.T.);
#1023=ORIENTED_EDGE('',*,*,#1566,.F.);
#1024=ORIENTED_EDGE('',*,*,#1516,.F.);
#1025=ORIENTED_EDGE('',*,*,#1567,.T.);
#1026=ORIENTED_EDGE('',*,*,#1568,.T.);
#1027=ORIENTED_EDGE('',*,*,#1567,.F.);
#1028=ORIENTED_EDGE('',*,*,#1519,.F.);
#1029=ORIENTED_EDGE('',*,*,#1569,.T.);
#1030=ORIENTED_EDGE('',*,*,#1570,.T.);
#1031=ORIENTED_EDGE('',*,*,#1569,.F.);
#1032=ORIENTED_EDGE('',*,*,#1518,.F.);
#1033=ORIENTED_EDGE('',*,*,#1571,.T.);
#1034=ORIENTED_EDGE('',*,*,#1572,.F.);
#1035=ORIENTED_EDGE('',*,*,#1573,.F.);
#1036=ORIENTED_EDGE('',*,*,#1512,.T.);
#1037=ORIENTED_EDGE('',*,*,#1574,.T.);
#1038=ORIENTED_EDGE('',*,*,#1575,.F.);
#1039=ORIENTED_EDGE('',*,*,#1574,.F.);
#1040=ORIENTED_EDGE('',*,*,#1515,.T.);
#1041=ORIENTED_EDGE('',*,*,#1576,.T.);
#1042=ORIENTED_EDGE('',*,*,#1577,.F.);
#1043=ORIENTED_EDGE('',*,*,#1576,.F.);
#1044=ORIENTED_EDGE('',*,*,#1514,.T.);
#1045=ORIENTED_EDGE('',*,*,#1578,.T.);
#1046=ORIENTED_EDGE('',*,*,#1579,.F.);
#1047=ORIENTED_EDGE('',*,*,#1557,.F.);
#1048=ORIENTED_EDGE('',*,*,#1525,.T.);
#1049=ORIENTED_EDGE('',*,*,#1552,.T.);
#1050=ORIENTED_EDGE('',*,*,#1580,.F.);
#1051=ORIENTED_EDGE('',*,*,#1564,.F.);
#1052=ORIENTED_EDGE('',*,*,#1521,.T.);
#1053=ORIENTED_EDGE('',*,*,#1559,.T.);
#1054=ORIENTED_EDGE('',*,*,#1581,.F.);
#1055=ORIENTED_EDGE('',*,*,#1571,.F.);
#1056=ORIENTED_EDGE('',*,*,#1517,.T.);
#1057=ORIENTED_EDGE('',*,*,#1566,.T.);
#1058=ORIENTED_EDGE('',*,*,#1582,.T.);
#1059=ORIENTED_EDGE('',*,*,#1578,.F.);
#1060=ORIENTED_EDGE('',*,*,#1513,.F.);
#1061=ORIENTED_EDGE('',*,*,#1573,.T.);
#1062=ORIENTED_EDGE('',*,*,#1583,.F.);
#1063=ORIENTED_EDGE('',*,*,#1550,.F.);
#1064=ORIENTED_EDGE('',*,*,#1529,.T.);
#1065=ORIENTED_EDGE('',*,*,#1537,.T.);
#1066=ORIENTED_EDGE('',*,*,#1536,.F.);
#1067=ORIENTED_EDGE('',*,*,#1539,.T.);
#1068=ORIENTED_EDGE('',*,*,#1541,.F.);
#1069=ORIENTED_EDGE('',*,*,#1543,.T.);
#1070=ORIENTED_EDGE('',*,*,#1545,.T.);
#1071=ORIENTED_EDGE('',*,*,#1547,.T.);
#1072=ORIENTED_EDGE('',*,*,#1549,.T.);
#1073=ORIENTED_EDGE('',*,*,#1583,.T.);
#1074=ORIENTED_EDGE('',*,*,#1551,.F.);
#1075=ORIENTED_EDGE('',*,*,#1554,.F.);
#1076=ORIENTED_EDGE('',*,*,#1556,.F.);
#1077=ORIENTED_EDGE('',*,*,#1579,.T.);
#1078=ORIENTED_EDGE('',*,*,#1558,.F.);
#1079=ORIENTED_EDGE('',*,*,#1561,.T.);
#1080=ORIENTED_EDGE('',*,*,#1563,.T.);
#1081=ORIENTED_EDGE('',*,*,#1580,.T.);
#1082=ORIENTED_EDGE('',*,*,#1565,.F.);
#1083=ORIENTED_EDGE('',*,*,#1568,.F.);
#1084=ORIENTED_EDGE('',*,*,#1570,.F.);
#1085=ORIENTED_EDGE('',*,*,#1581,.T.);
#1086=ORIENTED_EDGE('',*,*,#1572,.T.);
#1087=ORIENTED_EDGE('',*,*,#1575,.T.);
#1088=ORIENTED_EDGE('',*,*,#1577,.T.);
#1089=ORIENTED_EDGE('',*,*,#1582,.F.);
#1090=ORIENTED_EDGE('',*,*,#1462,.F.);
#1091=ORIENTED_EDGE('',*,*,#1584,.T.);
#1092=ORIENTED_EDGE('',*,*,#1328,.F.);
#1093=ORIENTED_EDGE('',*,*,#1428,.F.);
#1094=ORIENTED_EDGE('',*,*,#1310,.F.);
#1095=ORIENTED_EDGE('',*,*,#1585,.T.);
#1096=ORIENTED_EDGE('',*,*,#1411,.F.);
#1097=ORIENTED_EDGE('',*,*,#1433,.F.);
#1098=ORIENTED_EDGE('',*,*,#1407,.F.);
#1099=ORIENTED_EDGE('',*,*,#1586,.T.);
#1100=ORIENTED_EDGE('',*,*,#1356,.F.);
#1101=ORIENTED_EDGE('',*,*,#1435,.F.);
#1102=ORIENTED_EDGE('',*,*,#1337,.F.);
#1103=ORIENTED_EDGE('',*,*,#1587,.T.);
#1104=ORIENTED_EDGE('',*,*,#1456,.F.);
#1105=ORIENTED_EDGE('',*,*,#1424,.F.);
#1106=ORIENTED_EDGE('',*,*,#1588,.F.);
#1107=ORIENTED_EDGE('',*,*,#1359,.F.);
#1108=ORIENTED_EDGE('',*,*,#1589,.F.);
#1109=ORIENTED_EDGE('',*,*,#1503,.F.);
#1110=ORIENTED_EDGE('',*,*,#1589,.T.);
#1111=ORIENTED_EDGE('',*,*,#1365,.F.);
#1112=ORIENTED_EDGE('',*,*,#1590,.F.);
#1113=ORIENTED_EDGE('',*,*,#1500,.F.);
#1114=ORIENTED_EDGE('',*,*,#1588,.T.);
#1115=ORIENTED_EDGE('',*,*,#1502,.F.);
#1116=ORIENTED_EDGE('',*,*,#1591,.F.);
#1117=ORIENTED_EDGE('',*,*,#1351,.F.);
#1118=ORIENTED_EDGE('',*,*,#1590,.T.);
#1119=ORIENTED_EDGE('',*,*,#1368,.F.);
#1120=ORIENTED_EDGE('',*,*,#1591,.T.);
#1121=ORIENTED_EDGE('',*,*,#1501,.F.);
#1122=ORIENTED_EDGE('',*,*,#1592,.F.);
#1123=ORIENTED_EDGE('',*,*,#1344,.F.);
#1124=ORIENTED_EDGE('',*,*,#1593,.F.);
#1125=ORIENTED_EDGE('',*,*,#1499,.F.);
#1126=ORIENTED_EDGE('',*,*,#1593,.T.);
#1127=ORIENTED_EDGE('',*,*,#1378,.F.);
#1128=ORIENTED_EDGE('',*,*,#1594,.F.);
#1129=ORIENTED_EDGE('',*,*,#1496,.F.);
#1130=ORIENTED_EDGE('',*,*,#1592,.T.);
#1131=ORIENTED_EDGE('',*,*,#1498,.F.);
#1132=ORIENTED_EDGE('',*,*,#1595,.F.);
#1133=ORIENTED_EDGE('',*,*,#1342,.F.);
#1134=ORIENTED_EDGE('',*,*,#1594,.T.);
#1135=ORIENTED_EDGE('',*,*,#1373,.F.);
#1136=ORIENTED_EDGE('',*,*,#1595,.T.);
#1137=ORIENTED_EDGE('',*,*,#1497,.F.);
#1138=ORIENTED_EDGE('',*,*,#1596,.F.);
#1139=ORIENTED_EDGE('',*,*,#1507,.F.);
#1140=ORIENTED_EDGE('',*,*,#1597,.F.);
#1141=ORIENTED_EDGE('',*,*,#1317,.F.);
#1142=ORIENTED_EDGE('',*,*,#1597,.T.);
#1143=ORIENTED_EDGE('',*,*,#1506,.F.);
#1144=ORIENTED_EDGE('',*,*,#1598,.F.);
#1145=ORIENTED_EDGE('',*,*,#1315,.F.);
#1146=ORIENTED_EDGE('',*,*,#1596,.T.);
#1147=ORIENTED_EDGE('',*,*,#1394,.F.);
#1148=ORIENTED_EDGE('',*,*,#1599,.F.);
#1149=ORIENTED_EDGE('',*,*,#1504,.F.);
#1150=ORIENTED_EDGE('',*,*,#1598,.T.);
#1151=ORIENTED_EDGE('',*,*,#1505,.F.);
#1152=ORIENTED_EDGE('',*,*,#1599,.T.);
#1153=ORIENTED_EDGE('',*,*,#1389,.F.);
#1154=ORIENTED_EDGE('',*,*,#1600,.F.);
#1155=ORIENTED_EDGE('',*,*,#1511,.F.);
#1156=ORIENTED_EDGE('',*,*,#1601,.F.);
#1157=ORIENTED_EDGE('',*,*,#1324,.F.);
#1158=ORIENTED_EDGE('',*,*,#1601,.T.);
#1159=ORIENTED_EDGE('',*,*,#1510,.F.);
#1160=ORIENTED_EDGE('',*,*,#1602,.F.);
#1161=ORIENTED_EDGE('',*,*,#1384,.F.);
#1162=ORIENTED_EDGE('',*,*,#1600,.T.);
#1163=ORIENTED_EDGE('',*,*,#1331,.F.);
#1164=ORIENTED_EDGE('',*,*,#1603,.F.);
#1165=ORIENTED_EDGE('',*,*,#1508,.F.);
#1166=ORIENTED_EDGE('',*,*,#1602,.T.);
#1167=ORIENTED_EDGE('',*,*,#1509,.F.);
#1168=ORIENTED_EDGE('',*,*,#1603,.T.);
#1169=ORIENTED_EDGE('',*,*,#1381,.F.);
#1170=ORIENTED_EDGE('',*,*,#1467,.F.);
#1171=ORIENTED_EDGE('',*,*,#1305,.F.);
#1172=ORIENTED_EDGE('',*,*,#1402,.F.);
#1173=ORIENTED_EDGE('',*,*,#1374,.F.);
#1174=ORIENTED_EDGE('',*,*,#1355,.F.);
#1175=ORIENTED_EDGE('',*,*,#1400,.F.);
#1176=ORIENTED_EDGE('',*,*,#1353,.F.);
#1177=ORIENTED_EDGE('',*,*,#1367,.F.);
#1178=ORIENTED_EDGE('',*,*,#1403,.F.);
#1179=ORIENTED_EDGE('',*,*,#1307,.F.);
#1180=ORIENTED_EDGE('',*,*,#1466,.F.);
#1181=ORIENTED_EDGE('',*,*,#1401,.F.);
#1182=ORIENTED_EDGE('',*,*,#1326,.F.);
#1183=ORIENTED_EDGE('',*,*,#1383,.F.);
#1184=ORIENTED_EDGE('',*,*,#1413,.F.);
#1185=ORIENTED_EDGE('',*,*,#1396,.F.);
#1186=ORIENTED_EDGE('',*,*,#1468,.F.);
#1187=ORIENTED_EDGE('',*,*,#1301,.F.);
#1188=ORIENTED_EDGE('',*,*,#1469,.F.);
#1189=ORIENTED_EDGE('',*,*,#1398,.F.);
#1190=ORIENTED_EDGE('',*,*,#1415,.F.);
#1191=ORIENTED_EDGE('',*,*,#1390,.F.);
#1192=ORIENTED_EDGE('',*,*,#1327,.F.);
#1193=ORIENTED_EDGE('',*,*,#1303,.F.);
#1194=ORIENTED_EDGE('',*,*,#1385,.F.);
#1195=ORIENTED_EDGE('',*,*,#1379,.F.);
#1196=ORIENTED_EDGE('',*,*,#1604,.F.);
#1197=ORIENTED_EDGE('',*,*,#1474,.F.);
#1198=ORIENTED_EDGE('',*,*,#1584,.F.);
#1199=ORIENTED_EDGE('',*,*,#1292,.F.);
#1200=ORIENTED_EDGE('',*,*,#1604,.T.);
#1201=ORIENTED_EDGE('',*,*,#1329,.F.);
#1202=ORIENTED_EDGE('',*,*,#1393,.F.);
#1203=ORIENTED_EDGE('',*,*,#1472,.F.);
#1204=ORIENTED_EDGE('',*,*,#1605,.F.);
#1205=ORIENTED_EDGE('',*,*,#1388,.F.);
#1206=ORIENTED_EDGE('',*,*,#1605,.T.);
#1207=ORIENTED_EDGE('',*,*,#1297,.F.);
#1208=ORIENTED_EDGE('',*,*,#1585,.F.);
#1209=ORIENTED_EDGE('',*,*,#1309,.F.);
#1210=ORIENTED_EDGE('',*,*,#1369,.F.);
#1211=ORIENTED_EDGE('',*,*,#1363,.F.);
#1212=ORIENTED_EDGE('',*,*,#1606,.F.);
#1213=ORIENTED_EDGE('',*,*,#1481,.T.);
#1214=ORIENTED_EDGE('',*,*,#1586,.F.);
#1215=ORIENTED_EDGE('',*,*,#1280,.F.);
#1216=ORIENTED_EDGE('',*,*,#1606,.T.);
#1217=ORIENTED_EDGE('',*,*,#1357,.F.);
#1218=ORIENTED_EDGE('',*,*,#1377,.F.);
#1219=ORIENTED_EDGE('',*,*,#1479,.T.);
#1220=ORIENTED_EDGE('',*,*,#1607,.F.);
#1221=ORIENTED_EDGE('',*,*,#1372,.F.);
#1222=ORIENTED_EDGE('',*,*,#1607,.T.);
#1223=ORIENTED_EDGE('',*,*,#1285,.F.);
#1224=ORIENTED_EDGE('',*,*,#1587,.F.);
#1225=ORIENTED_EDGE('',*,*,#1336,.F.);
#1226=ORIENTED_EDGE('',*,*,#1477,.F.);
#1227=ORIENTED_EDGE('',*,*,#1278,.F.);
#1228=ORIENTED_EDGE('',*,*,#1406,.F.);
#1229=ORIENTED_EDGE('',*,*,#1608,.F.);
#1230=ORIENTED_EDGE('',*,*,#1443,.F.);
#1231=ORIENTED_EDGE('',*,*,#1608,.T.);
#1232=ORIENTED_EDGE('',*,*,#1405,.F.);
#1233=ORIENTED_EDGE('',*,*,#1609,.F.);
#1234=ORIENTED_EDGE('',*,*,#1444,.F.);
#1235=ORIENTED_EDGE('',*,*,#1609,.T.);
#1236=ORIENTED_EDGE('',*,*,#1459,.F.);
#1237=ORIENTED_EDGE('',*,*,#1610,.F.);
#1238=ORIENTED_EDGE('',*,*,#1445,.F.);
#1239=ORIENTED_EDGE('',*,*,#1458,.F.);
#1240=ORIENTED_EDGE('',*,*,#1294,.F.);
#1241=ORIENTED_EDGE('',*,*,#1476,.F.);
#1242=ORIENTED_EDGE('',*,*,#1446,.F.);
#1243=ORIENTED_EDGE('',*,*,#1610,.T.);
#1244=ORIENTED_EDGE('',*,*,#1470,.F.);
#1245=ORIENTED_EDGE('',*,*,#1290,.F.);
#1246=ORIENTED_EDGE('',*,*,#1461,.F.);
#1247=ORIENTED_EDGE('',*,*,#1611,.F.);
#1248=ORIENTED_EDGE('',*,*,#1450,.F.);
#1249=ORIENTED_EDGE('',*,*,#1611,.T.);
#1250=ORIENTED_EDGE('',*,*,#1460,.F.);
#1251=ORIENTED_EDGE('',*,*,#1612,.F.);
#1252=ORIENTED_EDGE('',*,*,#1451,.F.);
#1253=ORIENTED_EDGE('',*,*,#1483,.F.);
#1254=ORIENTED_EDGE('',*,*,#1453,.F.);
#1255=ORIENTED_EDGE('',*,*,#1613,.T.);
#1256=ORIENTED_EDGE('',*,*,#1464,.F.);
#1257=ORIENTED_EDGE('',*,*,#1282,.F.);
#1258=ORIENTED_EDGE('',*,*,#1612,.T.);
#1259=ORIENTED_EDGE('',*,*,#1465,.F.);
#1260=ORIENTED_EDGE('',*,*,#1613,.F.);
#1261=ORIENTED_EDGE('',*,*,#1452,.F.);
#1262=ORIENTED_EDGE('',*,*,#1614,.F.);
#1263=ORIENTED_EDGE('',*,*,#1440,.F.);
#1264=ORIENTED_EDGE('',*,*,#1615,.F.);
#1265=ORIENTED_EDGE('',*,*,#1419,.F.);
#1266=ORIENTED_EDGE('',*,*,#1441,.F.);
#1267=ORIENTED_EDGE('',*,*,#1614,.T.);
#1268=ORIENTED_EDGE('',*,*,#1418,.F.);
#1269=ORIENTED_EDGE('',*,*,#1616,.F.);
#1270=ORIENTED_EDGE('',*,*,#1615,.T.);
#1271=ORIENTED_EDGE('',*,*,#1439,.F.);
#1272=ORIENTED_EDGE('',*,*,#1617,.F.);
#1273=ORIENTED_EDGE('',*,*,#1416,.F.);
#1274=ORIENTED_EDGE('',*,*,#1438,.F.);
#1275=ORIENTED_EDGE('',*,*,#1616,.T.);
#1276=ORIENTED_EDGE('',*,*,#1417,.F.);
#1277=ORIENTED_EDGE('',*,*,#1617,.T.);
#1278=EDGE_CURVE('',#1618,#1619,#1834,.T.);
#1279=EDGE_CURVE('',#1619,#1620,#110,.T.);
#1280=EDGE_CURVE('',#1620,#1621,#111,.F.);
#1281=EDGE_CURVE('',#1618,#1621,#112,.T.);
#1282=EDGE_CURVE('',#1622,#1623,#1835,.T.);
#1283=EDGE_CURVE('',#1624,#1623,#113,.T.);
#1284=EDGE_CURVE('',#1625,#1624,#114,.T.);
#1285=EDGE_CURVE('',#1625,#1626,#115,.F.);
#1286=EDGE_CURVE('',#1626,#1627,#116,.T.);
#1287=EDGE_CURVE('',#1628,#1627,#1836,.T.);
#1288=EDGE_CURVE('',#1628,#1622,#117,.T.);
#1289=EDGE_CURVE('',#1629,#1630,#118,.T.);
#1290=EDGE_CURVE('',#1630,#1631,#1837,.T.);
#1291=EDGE_CURVE('',#1632,#1631,#119,.T.);
#1292=EDGE_CURVE('',#1632,#1629,#120,.F.);
#1293=EDGE_CURVE('',#1633,#1634,#121,.T.);
#1294=EDGE_CURVE('',#1633,#1635,#1838,.T.);
#1295=EDGE_CURVE('',#1635,#1636,#122,.T.);
#1296=EDGE_CURVE('',#1636,#1637,#123,.T.);
#1297=EDGE_CURVE('',#1637,#1638,#124,.F.);
#1298=EDGE_CURVE('',#1639,#1638,#125,.T.);
#1299=EDGE_CURVE('',#1634,#1639,#1839,.T.);
#1300=EDGE_CURVE('',#1640,#1641,#126,.T.);
#1301=EDGE_CURVE('',#1641,#1642,#127,.T.);
#1302=EDGE_CURVE('',#1643,#1642,#1840,.T.);
#1303=EDGE_CURVE('',#1643,#1640,#128,.F.);
#1304=EDGE_CURVE('',#1644,#1645,#129,.T.);
#1305=EDGE_CURVE('',#1644,#1646,#130,.F.);
#1306=EDGE_CURVE('',#1646,#1647,#1841,.T.);
#1307=EDGE_CURVE('',#1647,#1645,#131,.T.);
#1308=EDGE_CURVE('',#1648,#1649,#132,.T.);
#1309=EDGE_CURVE('',#1649,#1650,#133,.T.);
#1310=EDGE_CURVE('',#1650,#1651,#134,.T.);
#1311=EDGE_CURVE('',#1651,#1652,#135,.T.);
#1312=EDGE_CURVE('',#1652,#1653,#136,.T.);
#1313=EDGE_CURVE('',#1654,#1653,#137,.T.);
#1314=EDGE_CURVE('',#1655,#1654,#138,.T.);
#1315=EDGE_CURVE('',#1655,#1648,#139,.T.);
#1316=EDGE_CURVE('',#1656,#1657,#140,.T.);
#1317=EDGE_CURVE('',#1656,#1655,#141,.F.);
#1318=EDGE_CURVE('',#1654,#1658,#142,.T.);
#1319=EDGE_CURVE('',#1659,#1658,#143,.T.);
#1320=EDGE_CURVE('',#1659,#1660,#144,.T.);
#1321=EDGE_CURVE('',#1660,#1661,#145,.T.);
#1322=EDGE_CURVE('',#1661,#1662,#146,.T.);
#1323=EDGE_CURVE('',#1663,#1662,#147,.T.);
#1324=EDGE_CURVE('',#1663,#1664,#148,.F.);
#1325=EDGE_CURVE('',#1664,#1665,#149,.T.);
#1326=EDGE_CURVE('',#1665,#1641,#1842,.T.);
#1327=EDGE_CURVE('',#1640,#1657,#1843,.T.);
#1328=EDGE_CURVE('',#1666,#1667,#150,.F.);
#1329=EDGE_CURVE('',#1667,#1668,#151,.T.);
#1330=EDGE_CURVE('',#1669,#1668,#152,.T.);
#1331=EDGE_CURVE('',#1669,#1663,#153,.F.);
#1332=EDGE_CURVE('',#1662,#1670,#154,.T.);
#1333=EDGE_CURVE('',#1671,#1670,#155,.T.);
#1334=EDGE_CURVE('',#1671,#1666,#156,.T.);
#1335=EDGE_CURVE('',#1672,#1673,#157,.T.);
#1336=EDGE_CURVE('',#1673,#1674,#158,.T.);
#1337=EDGE_CURVE('',#1674,#1675,#159,.T.);
#1338=EDGE_CURVE('',#1675,#1676,#160,.T.);
#1339=EDGE_CURVE('',#1676,#1677,#161,.T.);
#1340=EDGE_CURVE('',#1678,#1677,#162,.T.);
#1341=EDGE_CURVE('',#1679,#1678,#163,.T.);
#1342=EDGE_CURVE('',#1679,#1672,#164,.T.);
#1343=EDGE_CURVE('',#1680,#1681,#165,.T.);
#1344=EDGE_CURVE('',#1680,#1679,#166,.T.);
#1345=EDGE_CURVE('',#1682,#1678,#167,.T.);
#1346=EDGE_CURVE('',#1683,#1682,#168,.T.);
#1347=EDGE_CURVE('',#1684,#1683,#169,.T.);
#1348=EDGE_CURVE('',#1684,#1685,#170,.T.);
#1349=EDGE_CURVE('',#1686,#1685,#171,.T.);
#1350=EDGE_CURVE('',#1687,#1686,#172,.T.);
#1351=EDGE_CURVE('',#1687,#1688,#173,.T.);
#1352=EDGE_CURVE('',#1688,#1689,#174,.T.);
#1353=EDGE_CURVE('',#1689,#1690,#1844,.F.);
#1354=EDGE_CURVE('',#1690,#1691,#175,.T.);
#1355=EDGE_CURVE('',#1691,#1681,#1845,.F.);
#1356=EDGE_CURVE('',#1692,#1693,#176,.F.);
#1357=EDGE_CURVE('',#1693,#1694,#177,.T.);
#1358=EDGE_CURVE('',#1695,#1694,#178,.T.);
#1359=EDGE_CURVE('',#1695,#1687,#179,.F.);
#1360=EDGE_CURVE('',#1686,#1696,#180,.T.);
#1361=EDGE_CURVE('',#1697,#1696,#181,.T.);
#1362=EDGE_CURVE('',#1697,#1692,#182,.T.);
#1363=EDGE_CURVE('',#1694,#1698,#183,.T.);
#1364=EDGE_CURVE('',#1699,#1698,#184,.T.);
#1365=EDGE_CURVE('',#1699,#1695,#185,.F.);
#1366=EDGE_CURVE('',#1700,#1701,#186,.T.);
#1367=EDGE_CURVE('',#1701,#1689,#187,.F.);
#1368=EDGE_CURVE('',#1688,#1699,#188,.F.);
#1369=EDGE_CURVE('',#1698,#1702,#1846,.T.);
#1370=EDGE_CURVE('',#1700,#1702,#189,.T.);
#1371=EDGE_CURVE('',#1703,#1704,#190,.T.);
#1372=EDGE_CURVE('',#1704,#1673,#191,.T.);
#1373=EDGE_CURVE('',#1672,#1703,#192,.F.);
#1374=EDGE_CURVE('',#1681,#1705,#193,.T.);
#1375=EDGE_CURVE('',#1706,#1705,#194,.T.);
#1376=EDGE_CURVE('',#1707,#1706,#195,.T.);
#1377=EDGE_CURVE('',#1707,#1704,#1847,.F.);
#1378=EDGE_CURVE('',#1703,#1680,#196,.T.);
#1379=EDGE_CURVE('',#1668,#1708,#197,.F.);
#1380=EDGE_CURVE('',#1709,#1708,#198,.T.);
#1381=EDGE_CURVE('',#1709,#1669,#199,.T.);
#1382=EDGE_CURVE('',#1710,#1711,#200,.T.);
#1383=EDGE_CURVE('',#1711,#1665,#201,.F.);
#1384=EDGE_CURVE('',#1664,#1709,#202,.F.);
#1385=EDGE_CURVE('',#1708,#1712,#1848,.T.);
#1386=EDGE_CURVE('',#1710,#1712,#203,.T.);
#1387=EDGE_CURVE('',#1713,#1714,#204,.T.);
#1388=EDGE_CURVE('',#1714,#1649,#205,.F.);
#1389=EDGE_CURVE('',#1648,#1713,#206,.T.);
#1390=EDGE_CURVE('',#1657,#1715,#207,.T.);
#1391=EDGE_CURVE('',#1716,#1715,#208,.T.);
#1392=EDGE_CURVE('',#1717,#1716,#209,.T.);
#1393=EDGE_CURVE('',#1717,#1714,#1849,.F.);
#1394=EDGE_CURVE('',#1713,#1656,#210,.T.);
#1395=EDGE_CURVE('',#1718,#1719,#1850,.T.);
#1396=EDGE_CURVE('',#1718,#1720,#211,.T.);
#1397=EDGE_CURVE('',#1720,#1721,#212,.T.);
#1398=EDGE_CURVE('',#1721,#1719,#213,.F.);
#1399=EDGE_CURVE('',#1722,#1723,#1851,.T.);
#1400=EDGE_CURVE('',#1723,#1691,#214,.F.);
#1401=EDGE_CURVE('',#1690,#1722,#215,.T.);
#1402=EDGE_CURVE('',#1705,#1644,#1852,.T.);
#1403=EDGE_CURVE('',#1645,#1701,#1853,.T.);
#1404=EDGE_CURVE('',#1700,#1706,#216,.T.);
#1405=EDGE_CURVE('',#1724,#1725,#217,.T.);
#1406=EDGE_CURVE('',#1725,#1618,#218,.F.);
#1407=EDGE_CURVE('',#1621,#1726,#219,.T.);
#1408=EDGE_CURVE('',#1727,#1726,#220,.T.);
#1409=EDGE_CURVE('',#1724,#1727,#221,.T.);
#1410=EDGE_CURVE('',#1728,#1729,#222,.T.);
#1411=EDGE_CURVE('',#1729,#1637,#223,.F.);
#1412=EDGE_CURVE('',#1636,#1728,#224,.T.);
#1413=EDGE_CURVE('',#1720,#1711,#1854,.F.);
#1414=EDGE_CURVE('',#1716,#1710,#225,.T.);
#1415=EDGE_CURVE('',#1715,#1721,#1855,.F.);
#1416=EDGE_CURVE('',#1730,#1731,#226,.F.);
#1417=EDGE_CURVE('',#1731,#1732,#227,.F.);
#1418=EDGE_CURVE('',#1732,#1733,#228,.T.);
#1419=EDGE_CURVE('',#1733,#1730,#229,.T.);
#1420=EDGE_CURVE('',#1734,#1734,#1856,.T.);
#1421=EDGE_CURVE('',#1735,#1735,#1857,.T.);
#1422=EDGE_CURVE('',#1683,#1736,#230,.T.);
#1423=EDGE_CURVE('',#1676,#1736,#231,.T.);
#1424=EDGE_CURVE('',#1675,#1737,#1858,.T.);
#1425=EDGE_CURVE('',#1737,#1738,#232,.T.);
#1426=EDGE_CURVE('',#1738,#1739,#233,.T.);
#1427=EDGE_CURVE('',#1740,#1739,#234,.T.);
#1428=EDGE_CURVE('',#1740,#1666,#1859,.T.);
#1429=EDGE_CURVE('',#1671,#1741,#235,.T.);
#1430=EDGE_CURVE('',#1660,#1741,#236,.T.);
#1431=EDGE_CURVE('',#1659,#1742,#237,.T.);
#1432=EDGE_CURVE('',#1742,#1652,#238,.T.);
#1433=EDGE_CURVE('',#1651,#1729,#1860,.T.);
#1434=EDGE_CURVE('',#1727,#1728,#239,.T.);
#1435=EDGE_CURVE('',#1726,#1692,#1861,.T.);
#1436=EDGE_CURVE('',#1743,#1697,#240,.T.);
#1437=EDGE_CURVE('',#1684,#1743,#241,.T.);
#1438=EDGE_CURVE('',#1744,#1745,#242,.T.);
#1439=EDGE_CURVE('',#1745,#1746,#243,.T.);
#1440=EDGE_CURVE('',#1746,#1747,#244,.F.);
#1441=EDGE_CURVE('',#1747,#1744,#245,.F.);
#1442=EDGE_CURVE('',#1748,#1749,#246,.T.);
#1443=EDGE_CURVE('',#1749,#1750,#1862,.F.);
#1444=EDGE_CURVE('',#1750,#1751,#247,.F.);
#1445=EDGE_CURVE('',#1751,#1752,#248,.T.);
#1446=EDGE_CURVE('',#1752,#1753,#1863,.F.);
#1447=EDGE_CURVE('',#1754,#1753,#249,.T.);
#1448=EDGE_CURVE('',#1755,#1754,#1864,.F.);
#1449=EDGE_CURVE('',#1756,#1755,#250,.T.);
#1450=EDGE_CURVE('',#1756,#1757,#1865,.F.);
#1451=EDGE_CURVE('',#1757,#1758,#251,.T.);
#1452=EDGE_CURVE('',#1758,#1759,#252,.F.);
#1453=EDGE_CURVE('',#1759,#1760,#1866,.F.);
#1454=EDGE_CURVE('',#1760,#1761,#253,.T.);
#1455=EDGE_CURVE('',#1748,#1761,#1867,.F.);
#1456=EDGE_CURVE('',#1737,#1625,#254,.F.);
#1457=EDGE_CURVE('',#1624,#1738,#255,.T.);
#1458=EDGE_CURVE('',#1635,#1762,#256,.T.);
#1459=EDGE_CURVE('',#1762,#1724,#257,.F.);
#1460=EDGE_CURVE('',#1763,#1764,#258,.F.);
#1461=EDGE_CURVE('',#1764,#1630,#259,.F.);
#1462=EDGE_CURVE('',#1629,#1740,#260,.T.);
#1463=EDGE_CURVE('',#1763,#1739,#261,.T.);
#1464=EDGE_CURVE('',#1623,#1765,#262,.T.);
#1465=EDGE_CURVE('',#1765,#1763,#263,.T.);
#1466=EDGE_CURVE('',#1722,#1647,#46,.T.);
#1467=EDGE_CURVE('',#1646,#1723,#47,.T.);
#1468=EDGE_CURVE('',#1642,#1718,#48,.T.);
#1469=EDGE_CURVE('',#1719,#1643,#49,.T.);
#1470=EDGE_CURVE('',#1631,#1756,#264,.T.);
#1471=EDGE_CURVE('',#1639,#1755,#265,.T.);
#1472=EDGE_CURVE('',#1638,#1717,#266,.T.);
#1473=EDGE_CURVE('',#1717,#1712,#267,.T.);
#1474=EDGE_CURVE('',#1712,#1632,#268,.T.);
#1475=EDGE_CURVE('',#1634,#1754,#269,.T.);
#1476=EDGE_CURVE('',#1753,#1633,#270,.F.);
#1477=EDGE_CURVE('',#1619,#1749,#271,.T.);
#1478=EDGE_CURVE('',#1627,#1748,#272,.T.);
#1479=EDGE_CURVE('',#1707,#1626,#273,.T.);
#1480=EDGE_CURVE('',#1702,#1707,#274,.T.);
#1481=EDGE_CURVE('',#1620,#1702,#275,.T.);
#1482=EDGE_CURVE('',#1628,#1761,#276,.T.);
#1483=EDGE_CURVE('',#1760,#1622,#277,.F.);
#1484=EDGE_CURVE('',#1766,#1685,#278,.T.);
#1485=EDGE_CURVE('',#1696,#1766,#279,.T.);
#1486=EDGE_CURVE('',#1743,#1766,#280,.T.);
#1487=EDGE_CURVE('',#1767,#1661,#281,.T.);
#1488=EDGE_CURVE('',#1767,#1670,#282,.T.);
#1489=EDGE_CURVE('',#1741,#1767,#283,.T.);
#1490=EDGE_CURVE('',#1653,#1768,#284,.T.);
#1491=EDGE_CURVE('',#1768,#1658,#285,.T.);
#1492=EDGE_CURVE('',#1742,#1768,#286,.T.);
#1493=EDGE_CURVE('',#1769,#1682,#287,.T.);
#1494=EDGE_CURVE('',#1769,#1677,#288,.T.);
#1495=EDGE_CURVE('',#1736,#1769,#289,.T.);
#1496=EDGE_CURVE('',#1770,#1771,#290,.F.);
#1497=EDGE_CURVE('',#1771,#1772,#291,.T.);
#1498=EDGE_CURVE('',#1772,#1773,#292,.F.);
#1499=EDGE_CURVE('',#1773,#1770,#293,.F.);
#1500=EDGE_CURVE('',#1774,#1775,#294,.T.);
#1501=EDGE_CURVE('',#1775,#1776,#295,.T.);
#1502=EDGE_CURVE('',#1776,#1777,#296,.F.);
#1503=EDGE_CURVE('',#1777,#1774,#297,.T.);
#1504=EDGE_CURVE('',#1778,#1779,#298,.F.);
#1505=EDGE_CURVE('',#1779,#1780,#299,.F.);
#1506=EDGE_CURVE('',#1780,#1781,#300,.F.);
#1507=EDGE_CURVE('',#1781,#1778,#301,.T.);
#1508=EDGE_CURVE('',#1782,#1783,#302,.T.);
#1509=EDGE_CURVE('',#1783,#1784,#303,.F.);
#1510=EDGE_CURVE('',#1784,#1785,#304,.T.);
#1511=EDGE_CURVE('',#1785,#1782,#305,.T.);
#1512=EDGE_CURVE('',#1786,#1787,#1868,.T.);
#1513=EDGE_CURVE('',#1786,#1788,#306,.T.);
#1514=EDGE_CURVE('',#1789,#1788,#1869,.T.);
#1515=EDGE_CURVE('',#1787,#1789,#307,.T.);
#1516=EDGE_CURVE('',#1790,#1791,#1870,.T.);
#1517=EDGE_CURVE('',#1792,#1791,#308,.T.);
#1518=EDGE_CURVE('',#1792,#1793,#1871,.T.);
#1519=EDGE_CURVE('',#1793,#1790,#309,.T.);
#1520=EDGE_CURVE('',#1794,#1795,#310,.T.);
#1521=EDGE_CURVE('',#1796,#1795,#1872,.T.);
#1522=EDGE_CURVE('',#1797,#1796,#311,.T.);
#1523=EDGE_CURVE('',#1794,#1797,#1873,.T.);
#1524=EDGE_CURVE('',#1798,#1799,#1874,.T.);
#1525=EDGE_CURVE('',#1800,#1799,#312,.T.);
#1526=EDGE_CURVE('',#1800,#1801,#1875,.T.);
#1527=EDGE_CURVE('',#1801,#1798,#313,.T.);
#1528=EDGE_CURVE('',#1802,#1803,#314,.T.);
#1529=EDGE_CURVE('',#1804,#1803,#1876,.T.);
#1530=EDGE_CURVE('',#1805,#1804,#315,.T.);
#1531=EDGE_CURVE('',#1806,#1805,#1877,.T.);
#1532=EDGE_CURVE('',#1807,#1806,#316,.T.);
#1533=EDGE_CURVE('',#1808,#1807,#1878,.T.);
#1534=EDGE_CURVE('',#1808,#1809,#317,.T.);
#1535=EDGE_CURVE('',#1802,#1809,#1879,.T.);
#1536=EDGE_CURVE('',#1810,#1811,#318,.T.);
#1537=EDGE_CURVE('',#1803,#1811,#319,.T.);
#1538=EDGE_CURVE('',#1802,#1810,#320,.T.);
#1539=EDGE_CURVE('',#1810,#1812,#1880,.T.);
#1540=EDGE_CURVE('',#1809,#1812,#321,.T.);
#1541=EDGE_CURVE('',#1813,#1812,#322,.T.);
#1542=EDGE_CURVE('',#1808,#1813,#323,.T.);
#1543=EDGE_CURVE('',#1813,#1814,#1881,.T.);
#1544=EDGE_CURVE('',#1807,#1814,#324,.T.);
#1545=EDGE_CURVE('',#1814,#1815,#325,.T.);
#1546=EDGE_CURVE('',#1806,#1815,#326,.T.);
#1547=EDGE_CURVE('',#1815,#1816,#1882,.T.);
#1548=EDGE_CURVE('',#1805,#1816,#327,.T.);
#1549=EDGE_CURVE('',#1816,#1817,#328,.T.);
#1550=EDGE_CURVE('',#1804,#1817,#329,.T.);
#1551=EDGE_CURVE('',#1818,#1819,#1883,.T.);
#1552=EDGE_CURVE('',#1799,#1819,#330,.T.);
#1553=EDGE_CURVE('',#1798,#1818,#331,.T.);
#1554=EDGE_CURVE('',#1820,#1818,#332,.T.);
#1555=EDGE_CURVE('',#1801,#1820,#333,.T.);
#1556=EDGE_CURVE('',#1821,#1820,#1884,.T.);
#1557=EDGE_CURVE('',#1800,#1821,#334,.T.);
#1558=EDGE_CURVE('',#1822,#1823,#335,.T.);
#1559=EDGE_CURVE('',#1795,#1823,#336,.T.);
#1560=EDGE_CURVE('',#1794,#1822,#337,.T.);
#1561=EDGE_CURVE('',#1822,#1824,#1885,.T.);
#1562=EDGE_CURVE('',#1797,#1824,#338,.T.);
#1563=EDGE_CURVE('',#1824,#1825,#339,.T.);
#1564=EDGE_CURVE('',#1796,#1825,#340,.T.);
#1565=EDGE_CURVE('',#1826,#1827,#1886,.T.);
#1566=EDGE_CURVE('',#1791,#1827,#341,.T.);
#1567=EDGE_CURVE('',#1790,#1826,#342,.T.);
#1568=EDGE_CURVE('',#1828,#1826,#343,.T.);
#1569=EDGE_CURVE('',#1793,#1828,#344,.T.);
#1570=EDGE_CURVE('',#1829,#1828,#1887,.T.);
#1571=EDGE_CURVE('',#1792,#1829,#345,.T.);
#1572=EDGE_CURVE('',#1830,#1831,#1888,.T.);
#1573=EDGE_CURVE('',#1786,#1830,#346,.T.);
#1574=EDGE_CURVE('',#1787,#1831,#347,.T.);
#1575=EDGE_CURVE('',#1831,#1832,#348,.T.);
#1576=EDGE_CURVE('',#1789,#1832,#349,.T.);
#1577=EDGE_CURVE('',#1832,#1833,#1889,.T.);
#1578=EDGE_CURVE('',#1788,#1833,#350,.T.);
#1579=EDGE_CURVE('',#1821,#1819,#351,.T.);
#1580=EDGE_CURVE('',#1825,#1823,#1890,.T.);
#1581=EDGE_CURVE('',#1829,#1827,#352,.T.);
#1582=EDGE_CURVE('',#1830,#1833,#353,.T.);
#1583=EDGE_CURVE('',#1817,#1811,#1891,.T.);
#1584=EDGE_CURVE('',#1629,#1667,#12,.T.);
#1585=EDGE_CURVE('',#1650,#1637,#13,.F.);
#1586=EDGE_CURVE('',#1621,#1693,#14,.F.);
#1587=EDGE_CURVE('',#1674,#1625,#15,.T.);
#1588=EDGE_CURVE('',#1687,#1777,#16,.F.);
#1589=EDGE_CURVE('',#1774,#1695,#17,.T.);
#1590=EDGE_CURVE('',#1775,#1699,#18,.T.);
#1591=EDGE_CURVE('',#1688,#1776,#19,.F.);
#1592=EDGE_CURVE('',#1679,#1773,#20,.F.);
#1593=EDGE_CURVE('',#1770,#1680,#21,.T.);
#1594=EDGE_CURVE('',#1771,#1703,#22,.T.);
#1595=EDGE_CURVE('',#1672,#1772,#23,.F.);
#1596=EDGE_CURVE('',#1778,#1656,#24,.T.);
#1597=EDGE_CURVE('',#1655,#1781,#25,.F.);
#1598=EDGE_CURVE('',#1648,#1780,#26,.F.);
#1599=EDGE_CURVE('',#1779,#1713,#27,.T.);
#1600=EDGE_CURVE('',#1782,#1663,#28,.T.);
#1601=EDGE_CURVE('',#1664,#1785,#29,.F.);
#1602=EDGE_CURVE('',#1709,#1784,#30,.F.);
#1603=EDGE_CURVE('',#1783,#1669,#31,.T.);
#1604=EDGE_CURVE('',#1632,#1668,#32,.T.);
#1605=EDGE_CURVE('',#1649,#1638,#33,.F.);
#1606=EDGE_CURVE('',#1620,#1694,#34,.T.);
#1607=EDGE_CURVE('',#1673,#1626,#35,.F.);
#1608=EDGE_CURVE('',#1750,#1725,#36,.T.);
#1609=EDGE_CURVE('',#1751,#1724,#37,.F.);
#1610=EDGE_CURVE('',#1752,#1762,#38,.F.);
#1611=EDGE_CURVE('',#1757,#1764,#39,.F.);
#1612=EDGE_CURVE('',#1758,#1763,#40,.F.);
#1613=EDGE_CURVE('',#1759,#1765,#41,.F.);
#1614=EDGE_CURVE('',#1747,#1733,#42,.F.);
#1615=EDGE_CURVE('',#1730,#1746,#43,.T.);
#1616=EDGE_CURVE('',#1744,#1732,#44,.F.);
#1617=EDGE_CURVE('',#1731,#1745,#45,.T.);
#1618=VERTEX_POINT('',#3274);
#1619=VERTEX_POINT('',#3275);
#1620=VERTEX_POINT('',#3277);
#1621=VERTEX_POINT('',#3279);
#1622=VERTEX_POINT('',#3283);
#1623=VERTEX_POINT('',#3284);
#1624=VERTEX_POINT('',#3286);
#1625=VERTEX_POINT('',#3288);
#1626=VERTEX_POINT('',#3290);
#1627=VERTEX_POINT('',#3292);
#1628=VERTEX_POINT('',#3294);
#1629=VERTEX_POINT('',#3298);
#1630=VERTEX_POINT('',#3299);
#1631=VERTEX_POINT('',#3301);
#1632=VERTEX_POINT('',#3303);
#1633=VERTEX_POINT('',#3307);
#1634=VERTEX_POINT('',#3308);
#1635=VERTEX_POINT('',#3310);
#1636=VERTEX_POINT('',#3312);
#1637=VERTEX_POINT('',#3314);
#1638=VERTEX_POINT('',#3316);
#1639=VERTEX_POINT('',#3318);
#1640=VERTEX_POINT('',#3322);
#1641=VERTEX_POINT('',#3323);
#1642=VERTEX_POINT('',#3325);
#1643=VERTEX_POINT('',#3327);
#1644=VERTEX_POINT('',#3331);
#1645=VERTEX_POINT('',#3332);
#1646=VERTEX_POINT('',#3334);
#1647=VERTEX_POINT('',#3336);
#1648=VERTEX_POINT('',#3340);
#1649=VERTEX_POINT('',#3341);
#1650=VERTEX_POINT('',#3343);
#1651=VERTEX_POINT('',#3345);
#1652=VERTEX_POINT('',#3347);
#1653=VERTEX_POINT('',#3349);
#1654=VERTEX_POINT('',#3351);
#1655=VERTEX_POINT('',#3353);
#1656=VERTEX_POINT('',#3357);
#1657=VERTEX_POINT('',#3358);
#1658=VERTEX_POINT('',#3361);
#1659=VERTEX_POINT('',#3363);
#1660=VERTEX_POINT('',#3365);
#1661=VERTEX_POINT('',#3367);
#1662=VERTEX_POINT('',#3369);
#1663=VERTEX_POINT('',#3371);
#1664=VERTEX_POINT('',#3373);
#1665=VERTEX_POINT('',#3375);
#1666=VERTEX_POINT('',#3380);
#1667=VERTEX_POINT('',#3381);
#1668=VERTEX_POINT('',#3383);
#1669=VERTEX_POINT('',#3385);
#1670=VERTEX_POINT('',#3388);
#1671=VERTEX_POINT('',#3390);
#1672=VERTEX_POINT('',#3394);
#1673=VERTEX_POINT('',#3395);
#1674=VERTEX_POINT('',#3397);
#1675=VERTEX_POINT('',#3399);
#1676=VERTEX_POINT('',#3401);
#1677=VERTEX_POINT('',#3403);
#1678=VERTEX_POINT('',#3405);
#1679=VERTEX_POINT('',#3407);
#1680=VERTEX_POINT('',#3411);
#1681=VERTEX_POINT('',#3412);
#1682=VERTEX_POINT('',#3415);
#1683=VERTEX_POINT('',#3417);
#1684=VERTEX_POINT('',#3419);
#1685=VERTEX_POINT('',#3421);
#1686=VERTEX_POINT('',#3423);
#1687=VERTEX_POINT('',#3425);
#1688=VERTEX_POINT('',#3427);
#1689=VERTEX_POINT('',#3429);
#1690=VERTEX_POINT('',#3431);
#1691=VERTEX_POINT('',#3433);
#1692=VERTEX_POINT('',#3437);
#1693=VERTEX_POINT('',#3438);
#1694=VERTEX_POINT('',#3440);
#1695=VERTEX_POINT('',#3442);
#1696=VERTEX_POINT('',#3445);
#1697=VERTEX_POINT('',#3447);
#1698=VERTEX_POINT('',#3451);
#1699=VERTEX_POINT('',#3453);
#1700=VERTEX_POINT('',#3457);
#1701=VERTEX_POINT('',#3458);
#1702=VERTEX_POINT('',#3462);
#1703=VERTEX_POINT('',#3466);
#1704=VERTEX_POINT('',#3467);
#1705=VERTEX_POINT('',#3472);
#1706=VERTEX_POINT('',#3474);
#1707=VERTEX_POINT('',#3476);
#1708=VERTEX_POINT('',#3481);
#1709=VERTEX_POINT('',#3483);
#1710=VERTEX_POINT('',#3487);
#1711=VERTEX_POINT('',#3488);
#1712=VERTEX_POINT('',#3492);
#1713=VERTEX_POINT('',#3496);
#1714=VERTEX_POINT('',#3497);
#1715=VERTEX_POINT('',#3502);
#1716=VERTEX_POINT('',#3504);
#1717=VERTEX_POINT('',#3506);
#1718=VERTEX_POINT('',#3511);
#1719=VERTEX_POINT('',#3512);
#1720=VERTEX_POINT('',#3514);
#1721=VERTEX_POINT('',#3516);
#1722=VERTEX_POINT('',#3520);
#1723=VERTEX_POINT('',#3521);
#1724=VERTEX_POINT('',#3530);
#1725=VERTEX_POINT('',#3531);
#1726=VERTEX_POINT('',#3534);
#1727=VERTEX_POINT('',#3536);
#1728=VERTEX_POINT('',#3540);
#1729=VERTEX_POINT('',#3541);
#1730=VERTEX_POINT('',#3550);
#1731=VERTEX_POINT('',#3551);
#1732=VERTEX_POINT('',#3553);
#1733=VERTEX_POINT('',#3555);
#1734=VERTEX_POINT('',#3558);
#1735=VERTEX_POINT('',#3560);
#1736=VERTEX_POINT('',#3562);
#1737=VERTEX_POINT('',#3565);
#1738=VERTEX_POINT('',#3567);
#1739=VERTEX_POINT('',#3569);
#1740=VERTEX_POINT('',#3571);
#1741=VERTEX_POINT('',#3574);
#1742=VERTEX_POINT('',#3577);
#1743=VERTEX_POINT('',#3583);
#1744=VERTEX_POINT('',#3587);
#1745=VERTEX_POINT('',#3588);
#1746=VERTEX_POINT('',#3590);
#1747=VERTEX_POINT('',#3592);
#1748=VERTEX_POINT('',#3595);
#1749=VERTEX_POINT('',#3596);
#1750=VERTEX_POINT('',#3598);
#1751=VERTEX_POINT('',#3600);
#1752=VERTEX_POINT('',#3602);
#1753=VERTEX_POINT('',#3604);
#1754=VERTEX_POINT('',#3606);
#1755=VERTEX_POINT('',#3608);
#1756=VERTEX_POINT('',#3610);
#1757=VERTEX_POINT('',#3612);
#1758=VERTEX_POINT('',#3614);
#1759=VERTEX_POINT('',#3616);
#1760=VERTEX_POINT('',#3618);
#1761=VERTEX_POINT('',#3620);
#1762=VERTEX_POINT('',#3627);
#1763=VERTEX_POINT('',#3631);
#1764=VERTEX_POINT('',#3632);
#1765=VERTEX_POINT('',#3638);
#1766=VERTEX_POINT('',#3686);
#1767=VERTEX_POINT('',#3693);
#1768=VERTEX_POINT('',#3700);
#1769=VERTEX_POINT('',#3707);
#1770=VERTEX_POINT('',#3714);
#1771=VERTEX_POINT('',#3715);
#1772=VERTEX_POINT('',#3717);
#1773=VERTEX_POINT('',#3719);
#1774=VERTEX_POINT('',#3722);
#1775=VERTEX_POINT('',#3723);
#1776=VERTEX_POINT('',#3725);
#1777=VERTEX_POINT('',#3727);
#1778=VERTEX_POINT('',#3730);
#1779=VERTEX_POINT('',#3731);
#1780=VERTEX_POINT('',#3733);
#1781=VERTEX_POINT('',#3735);
#1782=VERTEX_POINT('',#3738);
#1783=VERTEX_POINT('',#3739);
#1784=VERTEX_POINT('',#3741);
#1785=VERTEX_POINT('',#3743);
#1786=VERTEX_POINT('',#3746);
#1787=VERTEX_POINT('',#3747);
#1788=VERTEX_POINT('',#3749);
#1789=VERTEX_POINT('',#3751);
#1790=VERTEX_POINT('',#3754);
#1791=VERTEX_POINT('',#3755);
#1792=VERTEX_POINT('',#3757);
#1793=VERTEX_POINT('',#3759);
#1794=VERTEX_POINT('',#3762);
#1795=VERTEX_POINT('',#3763);
#1796=VERTEX_POINT('',#3765);
#1797=VERTEX_POINT('',#3767);
#1798=VERTEX_POINT('',#3770);
#1799=VERTEX_POINT('',#3771);
#1800=VERTEX_POINT('',#3773);
#1801=VERTEX_POINT('',#3775);
#1802=VERTEX_POINT('',#3778);
#1803=VERTEX_POINT('',#3779);
#1804=VERTEX_POINT('',#3781);
#1805=VERTEX_POINT('',#3783);
#1806=VERTEX_POINT('',#3785);
#1807=VERTEX_POINT('',#3787);
#1808=VERTEX_POINT('',#3789);
#1809=VERTEX_POINT('',#3791);
#1810=VERTEX_POINT('',#3795);
#1811=VERTEX_POINT('',#3796);
#1812=VERTEX_POINT('',#3801);
#1813=VERTEX_POINT('',#3805);
#1814=VERTEX_POINT('',#3809);
#1815=VERTEX_POINT('',#3813);
#1816=VERTEX_POINT('',#3817);
#1817=VERTEX_POINT('',#3821);
#1818=VERTEX_POINT('',#3825);
#1819=VERTEX_POINT('',#3826);
#1820=VERTEX_POINT('',#3831);
#1821=VERTEX_POINT('',#3835);
#1822=VERTEX_POINT('',#3839);
#1823=VERTEX_POINT('',#3840);
#1824=VERTEX_POINT('',#3845);
#1825=VERTEX_POINT('',#3849);
#1826=VERTEX_POINT('',#3853);
#1827=VERTEX_POINT('',#3854);
#1828=VERTEX_POINT('',#3859);
#1829=VERTEX_POINT('',#3863);
#1830=VERTEX_POINT('',#3867);
#1831=VERTEX_POINT('',#3868);
#1832=VERTEX_POINT('',#3873);
#1833=VERTEX_POINT('',#3877);
#1834=CIRCLE('',#2378,0.00075);
#1835=CIRCLE('',#2380,0.00075);
#1836=CIRCLE('',#2381,0.001);
#1837=CIRCLE('',#2383,0.00075);
#1838=CIRCLE('',#2385,0.00075);
#1839=CIRCLE('',#2386,0.001);
#1840=CIRCLE('',#2388,0.001);
#1841=CIRCLE('',#2390,0.001);
#1842=CIRCLE('',#2393,0.0015);
#1843=CIRCLE('',#2394,0.0015);
#1844=CIRCLE('',#2398,0.0015);
#1845=CIRCLE('',#2399,0.0015);
#1846=CIRCLE('',#2403,0.0015);
#1847=CIRCLE('',#2406,0.0015);
#1848=CIRCLE('',#2409,0.0015);
#1849=CIRCLE('',#2412,0.0015);
#1850=CIRCLE('',#2414,0.001);
#1851=CIRCLE('',#2416,0.001);
#1852=CIRCLE('',#2418,0.0015);
#1853=CIRCLE('',#2419,0.0015);
#1854=CIRCLE('',#2423,0.0015);
#1855=CIRCLE('',#2424,0.0015);
#1856=CIRCLE('',#2426,0.001);
#1857=CIRCLE('',#2427,0.001);
#1858=CIRCLE('',#2428,0.0015);
#1859=CIRCLE('',#2429,0.0015);
#1860=CIRCLE('',#2430,0.0015);
#1861=CIRCLE('',#2431,0.0015);
#1862=CIRCLE('',#2433,0.00075);
#1863=CIRCLE('',#2434,0.00075);
#1864=CIRCLE('',#2435,0.001);
#1865=CIRCLE('',#2436,0.00075);
#1866=CIRCLE('',#2437,0.00075);
#1867=CIRCLE('',#2438,0.001);
#1868=CIRCLE('',#2466,0.004);
#1869=CIRCLE('',#2467,0.004);
#1870=CIRCLE('',#2468,0.004);
#1871=CIRCLE('',#2469,0.004);
#1872=CIRCLE('',#2470,0.004);
#1873=CIRCLE('',#2471,0.004);
#1874=CIRCLE('',#2472,0.004);
#1875=CIRCLE('',#2473,0.004);
#1876=CIRCLE('',#2474,0.005);
#1877=CIRCLE('',#2475,0.005);
#1878=CIRCLE('',#2476,0.005);
#1879=CIRCLE('',#2477,0.005);
#1880=CIRCLE('',#2480,0.005);
#1881=CIRCLE('',#2483,0.005);
#1882=CIRCLE('',#2486,0.005);
#1883=CIRCLE('',#2489,0.004);
#1884=CIRCLE('',#2492,0.004);
#1885=CIRCLE('',#2495,0.004);
#1886=CIRCLE('',#2498,0.004);
#1887=CIRCLE('',#2501,0.004);
#1888=CIRCLE('',#2503,0.004);
#1889=CIRCLE('',#2506,0.004);
#1890=CIRCLE('',#2509,0.004);
#1891=CIRCLE('',#2513,0.005);
#1892=EDGE_LOOP('',(#598,#599,#600,#601));
#1893=EDGE_LOOP('',(#602,#603,#604,#605,#606,#607,#608));
#1894=EDGE_LOOP('',(#609,#610,#611,#612));
#1895=EDGE_LOOP('',(#613,#614,#615,#616,#617,#618,#619));
#1896=EDGE_LOOP('',(#620,#621,#622,#623));
#1897=EDGE_LOOP('',(#624,#625,#626,#627));
#1898=EDGE_LOOP('',(#628,#629,#630,#631,#632,#633,#634,#635));
#1899=EDGE_LOOP('',(#636,#637,#638,#639,#640,#641,#642,#643,#644,#645,#646,
#647,#648,#649));
#1900=EDGE_LOOP('',(#650,#651,#652,#653,#654,#655,#656,#657));
#1901=EDGE_LOOP('',(#658,#659,#660,#661,#662,#663,#664,#665));
#1902=EDGE_LOOP('',(#666,#667,#668,#669,#670,#671,#672,#673,#674,#675,#676,
#677,#678,#679));
#1903=EDGE_LOOP('',(#680,#681,#682,#683,#684,#685,#686,#687));
#1904=EDGE_LOOP('',(#688,#689,#690,#691));
#1905=EDGE_LOOP('',(#692,#693,#694,#695,#696,#697,#698));
#1906=EDGE_LOOP('',(#699,#700,#701,#702));
#1907=EDGE_LOOP('',(#703,#704,#705,#706,#707,#708,#709));
#1908=EDGE_LOOP('',(#710,#711,#712,#713));
#1909=EDGE_LOOP('',(#714,#715,#716,#717,#718,#719,#720));
#1910=EDGE_LOOP('',(#721,#722,#723,#724));
#1911=EDGE_LOOP('',(#725,#726,#727,#728,#729,#730,#731));
#1912=EDGE_LOOP('',(#732,#733,#734,#735));
#1913=EDGE_LOOP('',(#736,#737,#738,#739));
#1914=EDGE_LOOP('',(#740,#741,#742,#743,#744,#745));
#1915=EDGE_LOOP('',(#746,#747,#748,#749,#750,#751));
#1916=EDGE_LOOP('',(#752,#753,#754,#755));
#1917=EDGE_LOOP('',(#756,#757,#758,#759,#760,#761));
#1918=EDGE_LOOP('',(#762,#763,#764,#765));
#1919=EDGE_LOOP('',(#766));
#1920=EDGE_LOOP('',(#767));
#1921=EDGE_LOOP('',(#768,#769,#770,#771,#772,#773,#774,#775,#776,#777,#778,
#779,#780,#781,#782,#783,#784,#785,#786,#787,#788,#789,#790,#791));
#1922=EDGE_LOOP('',(#792,#793,#794,#795));
#1923=EDGE_LOOP('',(#796,#797,#798,#799,#800,#801,#802,#803,#804,#805,#806,
#807,#808,#809));
#1924=EDGE_LOOP('',(#810,#811,#812,#813));
#1925=EDGE_LOOP('',(#814,#815,#816,#817,#818,#819));
#1926=EDGE_LOOP('',(#820,#821,#822,#823,#824,#825));
#1927=EDGE_LOOP('',(#826,#827,#828,#829,#830,#831));
#1928=EDGE_LOOP('',(#832,#833,#834,#835));
#1929=EDGE_LOOP('',(#836));
#1930=EDGE_LOOP('',(#837,#838,#839,#840));
#1931=EDGE_LOOP('',(#841));
#1932=EDGE_LOOP('',(#842,#843,#844,#845,#846,#847,#848,#849));
#1933=EDGE_LOOP('',(#850,#851,#852,#853));
#1934=EDGE_LOOP('',(#854,#855,#856,#857));
#1935=EDGE_LOOP('',(#858,#859,#860,#861));
#1936=EDGE_LOOP('',(#862,#863,#864,#865,#866,#867,#868,#869));
#1937=EDGE_LOOP('',(#870,#871,#872,#873));
#1938=EDGE_LOOP('',(#874,#875,#876,#877));
#1939=EDGE_LOOP('',(#878,#879,#880,#881));
#1940=EDGE_LOOP('',(#882,#883,#884,#885));
#1941=EDGE_LOOP('',(#886,#887,#888,#889));
#1942=EDGE_LOOP('',(#890,#891,#892,#893));
#1943=EDGE_LOOP('',(#894,#895,#896,#897));
#1944=EDGE_LOOP('',(#898,#899,#900,#901));
#1945=EDGE_LOOP('',(#902,#903,#904,#905));
#1946=EDGE_LOOP('',(#906,#907,#908,#909));
#1947=EDGE_LOOP('',(#910,#911,#912,#913));
#1948=EDGE_LOOP('',(#914,#915,#916,#917));
#1949=EDGE_LOOP('',(#918,#919,#920,#921));
#1950=EDGE_LOOP('',(#922,#923,#924,#925));
#1951=EDGE_LOOP('',(#926,#927,#928,#929));
#1952=EDGE_LOOP('',(#930,#931,#932,#933));
#1953=EDGE_LOOP('',(#934,#935,#936,#937));
#1954=EDGE_LOOP('',(#938,#939,#940,#941));
#1955=EDGE_LOOP('',(#942,#943,#944,#945));
#1956=EDGE_LOOP('',(#946,#947,#948,#949));
#1957=EDGE_LOOP('',(#950,#951,#952,#953));
#1958=EDGE_LOOP('',(#954,#955,#956,#957));
#1959=EDGE_LOOP('',(#958,#959,#960,#961));
#1960=EDGE_LOOP('',(#962,#963,#964,#965,#966,#967,#968,#969));
#1961=EDGE_LOOP('',(#970,#971,#972,#973));
#1962=EDGE_LOOP('',(#974,#975,#976,#977));
#1963=EDGE_LOOP('',(#978,#979,#980,#981));
#1964=EDGE_LOOP('',(#982,#983,#984,#985));
#1965=EDGE_LOOP('',(#986,#987,#988,#989));
#1966=EDGE_LOOP('',(#990,#991,#992,#993));
#1967=EDGE_LOOP('',(#994,#995,#996,#997));
#1968=EDGE_LOOP('',(#998,#999,#1000,#1001));
#1969=EDGE_LOOP('',(#1002,#1003,#1004,#1005));
#1970=EDGE_LOOP('',(#1006,#1007,#1008,#1009));
#1971=EDGE_LOOP('',(#1010,#1011,#1012,#1013));
#1972=EDGE_LOOP('',(#1014,#1015,#1016,#1017));
#1973=EDGE_LOOP('',(#1018,#1019,#1020,#1021));
#1974=EDGE_LOOP('',(#1022,#1023,#1024,#1025));
#1975=EDGE_LOOP('',(#1026,#1027,#1028,#1029));
#1976=EDGE_LOOP('',(#1030,#1031,#1032,#1033));
#1977=EDGE_LOOP('',(#1034,#1035,#1036,#1037));
#1978=EDGE_LOOP('',(#1038,#1039,#1040,#1041));
#1979=EDGE_LOOP('',(#1042,#1043,#1044,#1045));
#1980=EDGE_LOOP('',(#1046,#1047,#1048,#1049));
#1981=EDGE_LOOP('',(#1050,#1051,#1052,#1053));
#1982=EDGE_LOOP('',(#1054,#1055,#1056,#1057));
#1983=EDGE_LOOP('',(#1058,#1059,#1060,#1061));
#1984=EDGE_LOOP('',(#1062,#1063,#1064,#1065));
#1985=EDGE_LOOP('',(#1066,#1067,#1068,#1069,#1070,#1071,#1072,#1073));
#1986=EDGE_LOOP('',(#1074,#1075,#1076,#1077));
#1987=EDGE_LOOP('',(#1078,#1079,#1080,#1081));
#1988=EDGE_LOOP('',(#1082,#1083,#1084,#1085));
#1989=EDGE_LOOP('',(#1086,#1087,#1088,#1089));
#1990=EDGE_LOOP('',(#1090,#1091,#1092,#1093));
#1991=EDGE_LOOP('',(#1094,#1095,#1096,#1097));
#1992=EDGE_LOOP('',(#1098,#1099,#1100,#1101));
#1993=EDGE_LOOP('',(#1102,#1103,#1104,#1105));
#1994=EDGE_LOOP('',(#1106,#1107,#1108,#1109));
#1995=EDGE_LOOP('',(#1110,#1111,#1112,#1113));
#1996=EDGE_LOOP('',(#1114,#1115,#1116,#1117));
#1997=EDGE_LOOP('',(#1118,#1119,#1120,#1121));
#1998=EDGE_LOOP('',(#1122,#1123,#1124,#1125));
#1999=EDGE_LOOP('',(#1126,#1127,#1128,#1129));
#2000=EDGE_LOOP('',(#1130,#1131,#1132,#1133));
#2001=EDGE_LOOP('',(#1134,#1135,#1136,#1137));
#2002=EDGE_LOOP('',(#1138,#1139,#1140,#1141));
#2003=EDGE_LOOP('',(#1142,#1143,#1144,#1145));
#2004=EDGE_LOOP('',(#1146,#1147,#1148,#1149));
#2005=EDGE_LOOP('',(#1150,#1151,#1152,#1153));
#2006=EDGE_LOOP('',(#1154,#1155,#1156,#1157));
#2007=EDGE_LOOP('',(#1158,#1159,#1160,#1161));
#2008=EDGE_LOOP('',(#1162,#1163,#1164,#1165));
#2009=EDGE_LOOP('',(#1166,#1167,#1168,#1169));
#2010=EDGE_LOOP('',(#1170,#1171,#1172,#1173,#1174,#1175));
#2011=EDGE_LOOP('',(#1176,#1177,#1178,#1179,#1180,#1181));
#2012=EDGE_LOOP('',(#1182,#1183,#1184,#1185,#1186,#1187));
#2013=EDGE_LOOP('',(#1188,#1189,#1190,#1191,#1192,#1193));
#2014=EDGE_LOOP('',(#1194,#1195,#1196,#1197));
#2015=EDGE_LOOP('',(#1198,#1199,#1200,#1201));
#2016=EDGE_LOOP('',(#1202,#1203,#1204,#1205));
#2017=EDGE_LOOP('',(#1206,#1207,#1208,#1209));
#2018=EDGE_LOOP('',(#1210,#1211,#1212,#1213));
#2019=EDGE_LOOP('',(#1214,#1215,#1216,#1217));
#2020=EDGE_LOOP('',(#1218,#1219,#1220,#1221));
#2021=EDGE_LOOP('',(#1222,#1223,#1224,#1225));
#2022=EDGE_LOOP('',(#1226,#1227,#1228,#1229,#1230));
#2023=EDGE_LOOP('',(#1231,#1232,#1233,#1234));
#2024=EDGE_LOOP('',(#1235,#1236,#1237,#1238));
#2025=EDGE_LOOP('',(#1239,#1240,#1241,#1242,#1243));
#2026=EDGE_LOOP('',(#1244,#1245,#1246,#1247,#1248));
#2027=EDGE_LOOP('',(#1249,#1250,#1251,#1252));
#2028=EDGE_LOOP('',(#1253,#1254,#1255,#1256,#1257));
#2029=EDGE_LOOP('',(#1258,#1259,#1260,#1261));
#2030=EDGE_LOOP('',(#1262,#1263,#1264,#1265));
#2031=EDGE_LOOP('',(#1266,#1267,#1268,#1269));
#2032=EDGE_LOOP('',(#1270,#1271,#1272,#1273));
#2033=EDGE_LOOP('',(#1274,#1275,#1276,#1277));
#2034=FACE_BOUND('',#1892,.T.);
#2035=FACE_BOUND('',#1893,.T.);
#2036=FACE_BOUND('',#1894,.T.);
#2037=FACE_BOUND('',#1895,.T.);
#2038=FACE_BOUND('',#1896,.T.);
#2039=FACE_BOUND('',#1897,.T.);
#2040=FACE_BOUND('',#1898,.T.);
#2041=FACE_BOUND('',#1899,.T.);
#2042=FACE_BOUND('',#1900,.T.);
#2043=FACE_BOUND('',#1901,.T.);
#2044=FACE_BOUND('',#1902,.T.);
#2045=FACE_BOUND('',#1903,.T.);
#2046=FACE_BOUND('',#1904,.T.);
#2047=FACE_BOUND('',#1905,.T.);
#2048=FACE_BOUND('',#1906,.T.);
#2049=FACE_BOUND('',#1907,.T.);
#2050=FACE_BOUND('',#1908,.T.);
#2051=FACE_BOUND('',#1909,.T.);
#2052=FACE_BOUND('',#1910,.T.);
#2053=FACE_BOUND('',#1911,.T.);
#2054=FACE_BOUND('',#1912,.T.);
#2055=FACE_BOUND('',#1913,.T.);
#2056=FACE_BOUND('',#1914,.T.);
#2057=FACE_BOUND('',#1915,.T.);
#2058=FACE_BOUND('',#1916,.T.);
#2059=FACE_BOUND('',#1917,.T.);
#2060=FACE_BOUND('',#1918,.T.);
#2061=FACE_BOUND('',#1919,.T.);
#2062=FACE_BOUND('',#1920,.T.);
#2063=FACE_BOUND('',#1921,.T.);
#2064=FACE_BOUND('',#1922,.T.);
#2065=FACE_BOUND('',#1923,.T.);
#2066=FACE_BOUND('',#1924,.T.);
#2067=FACE_BOUND('',#1925,.T.);
#2068=FACE_BOUND('',#1926,.T.);
#2069=FACE_BOUND('',#1927,.T.);
#2070=FACE_BOUND('',#1928,.T.);
#2071=FACE_BOUND('',#1929,.T.);
#2072=FACE_BOUND('',#1930,.T.);
#2073=FACE_BOUND('',#1931,.T.);
#2074=FACE_BOUND('',#1932,.T.);
#2075=FACE_BOUND('',#1933,.T.);
#2076=FACE_BOUND('',#1934,.T.);
#2077=FACE_BOUND('',#1935,.T.);
#2078=FACE_BOUND('',#1936,.T.);
#2079=FACE_BOUND('',#1937,.T.);
#2080=FACE_BOUND('',#1938,.T.);
#2081=FACE_BOUND('',#1939,.T.);
#2082=FACE_BOUND('',#1940,.T.);
#2083=FACE_BOUND('',#1941,.T.);
#2084=FACE_BOUND('',#1942,.T.);
#2085=FACE_BOUND('',#1943,.T.);
#2086=FACE_BOUND('',#1944,.T.);
#2087=FACE_BOUND('',#1945,.T.);
#2088=FACE_BOUND('',#1946,.T.);
#2089=FACE_BOUND('',#1947,.T.);
#2090=FACE_BOUND('',#1948,.T.);
#2091=FACE_BOUND('',#1949,.T.);
#2092=FACE_BOUND('',#1950,.T.);
#2093=FACE_BOUND('',#1951,.T.);
#2094=FACE_BOUND('',#1952,.T.);
#2095=FACE_BOUND('',#1953,.T.);
#2096=FACE_BOUND('',#1954,.T.);
#2097=FACE_BOUND('',#1955,.T.);
#2098=FACE_BOUND('',#1956,.T.);
#2099=FACE_BOUND('',#1957,.T.);
#2100=FACE_BOUND('',#1958,.T.);
#2101=FACE_BOUND('',#1959,.T.);
#2102=FACE_BOUND('',#1960,.T.);
#2103=FACE_BOUND('',#1961,.T.);
#2104=FACE_BOUND('',#1962,.T.);
#2105=FACE_BOUND('',#1963,.T.);
#2106=FACE_BOUND('',#1964,.T.);
#2107=FACE_BOUND('',#1965,.T.);
#2108=FACE_BOUND('',#1966,.T.);
#2109=FACE_BOUND('',#1967,.T.);
#2110=FACE_BOUND('',#1968,.T.);
#2111=FACE_BOUND('',#1969,.T.);
#2112=FACE_BOUND('',#1970,.T.);
#2113=FACE_BOUND('',#1971,.T.);
#2114=FACE_BOUND('',#1972,.T.);
#2115=FACE_BOUND('',#1973,.T.);
#2116=FACE_BOUND('',#1974,.T.);
#2117=FACE_BOUND('',#1975,.T.);
#2118=FACE_BOUND('',#1976,.T.);
#2119=FACE_BOUND('',#1977,.T.);
#2120=FACE_BOUND('',#1978,.T.);
#2121=FACE_BOUND('',#1979,.T.);
#2122=FACE_BOUND('',#1980,.T.);
#2123=FACE_BOUND('',#1981,.T.);
#2124=FACE_BOUND('',#1982,.T.);
#2125=FACE_BOUND('',#1983,.T.);
#2126=FACE_BOUND('',#1984,.T.);
#2127=FACE_BOUND('',#1985,.T.);
#2128=FACE_BOUND('',#1986,.T.);
#2129=FACE_BOUND('',#1987,.T.);
#2130=FACE_BOUND('',#1988,.T.);
#2131=FACE_BOUND('',#1989,.T.);
#2132=FACE_BOUND('',#1990,.T.);
#2133=FACE_BOUND('',#1991,.T.);
#2134=FACE_BOUND('',#1992,.T.);
#2135=FACE_BOUND('',#1993,.T.);
#2136=FACE_BOUND('',#1994,.T.);
#2137=FACE_BOUND('',#1995,.T.);
#2138=FACE_BOUND('',#1996,.T.);
#2139=FACE_BOUND('',#1997,.T.);
#2140=FACE_BOUND('',#1998,.T.);
#2141=FACE_BOUND('',#1999,.T.);
#2142=FACE_BOUND('',#2000,.T.);
#2143=FACE_BOUND('',#2001,.T.);
#2144=FACE_BOUND('',#2002,.T.);
#2145=FACE_BOUND('',#2003,.T.);
#2146=FACE_BOUND('',#2004,.T.);
#2147=FACE_BOUND('',#2005,.T.);
#2148=FACE_BOUND('',#2006,.T.);
#2149=FACE_BOUND('',#2007,.T.);
#2150=FACE_BOUND('',#2008,.T.);
#2151=FACE_BOUND('',#2009,.T.);
#2152=FACE_BOUND('',#2010,.T.);
#2153=FACE_BOUND('',#2011,.T.);
#2154=FACE_BOUND('',#2012,.T.);
#2155=FACE_BOUND('',#2013,.T.);
#2156=FACE_BOUND('',#2014,.T.);
#2157=FACE_BOUND('',#2015,.T.);
#2158=FACE_BOUND('',#2016,.T.);
#2159=FACE_BOUND('',#2017,.T.);
#2160=FACE_BOUND('',#2018,.T.);
#2161=FACE_BOUND('',#2019,.T.);
#2162=FACE_BOUND('',#2020,.T.);
#2163=FACE_BOUND('',#2021,.T.);
#2164=FACE_BOUND('',#2022,.T.);
#2165=FACE_BOUND('',#2023,.T.);
#2166=FACE_BOUND('',#2024,.T.);
#2167=FACE_BOUND('',#2025,.T.);
#2168=FACE_BOUND('',#2026,.T.);
#2169=FACE_BOUND('',#2027,.T.);
#2170=FACE_BOUND('',#2028,.T.);
#2171=FACE_BOUND('',#2029,.T.);
#2172=FACE_BOUND('',#2030,.T.);
#2173=FACE_BOUND('',#2031,.T.);
#2174=FACE_BOUND('',#2032,.T.);
#2175=FACE_BOUND('',#2033,.T.);
#2176=PLANE('',#2377);
#2177=PLANE('',#2379);
#2178=PLANE('',#2382);
#2179=PLANE('',#2384);
#2180=PLANE('',#2387);
#2181=PLANE('',#2389);
#2182=PLANE('',#2391);
#2183=PLANE('',#2392);
#2184=PLANE('',#2395);
#2185=PLANE('',#2396);
#2186=PLANE('',#2397);
#2187=PLANE('',#2400);
#2188=PLANE('',#2401);
#2189=PLANE('',#2402);
#2190=PLANE('',#2404);
#2191=PLANE('',#2405);
#2192=PLANE('',#2407);
#2193=PLANE('',#2408);
#2194=PLANE('',#2410);
#2195=PLANE('',#2411);
#2196=PLANE('',#2413);
#2197=PLANE('',#2415);
#2198=PLANE('',#2417);
#2199=PLANE('',#2420);
#2200=PLANE('',#2421);
#2201=PLANE('',#2422);
#2202=PLANE('',#2425);
#2203=PLANE('',#2432);
#2204=PLANE('',#2439);
#2205=PLANE('',#2440);
#2206=PLANE('',#2441);
#2207=PLANE('',#2442);
#2208=PLANE('',#2445);
#2209=PLANE('',#2447);
#2210=PLANE('',#2448);
#2211=PLANE('',#2449);
#2212=PLANE('',#2451);
#2213=PLANE('',#2452);
#2214=PLANE('',#2453);
#2215=PLANE('',#2454);
#2216=PLANE('',#2455);
#2217=PLANE('',#2456);
#2218=PLANE('',#2457);
#2219=PLANE('',#2458);
#2220=PLANE('',#2459);
#2221=PLANE('',#2460);
#2222=PLANE('',#2461);
#2223=PLANE('',#2462);
#2224=PLANE('',#2463);
#2225=PLANE('',#2464);
#2226=PLANE('',#2465);
#2227=PLANE('',#2478);
#2228=PLANE('',#2481);
#2229=PLANE('',#2484);
#2230=PLANE('',#2487);
#2231=PLANE('',#2490);
#2232=PLANE('',#2493);
#2233=PLANE('',#2496);
#2234=PLANE('',#2499);
#2235=PLANE('',#2504);
#2236=PLANE('',#2507);
#2237=PLANE('',#2510);
#2238=PLANE('',#2511);
#2239=PLANE('',#2514);
#2240=ADVANCED_FACE('',(#2034),#2176,.T.);
#2241=ADVANCED_FACE('',(#2035),#2177,.T.);
#2242=ADVANCED_FACE('',(#2036),#2178,.T.);
#2243=ADVANCED_FACE('',(#2037),#2179,.T.);
#2244=ADVANCED_FACE('',(#2038),#2180,.T.);
#2245=ADVANCED_FACE('',(#2039),#2181,.T.);
#2246=ADVANCED_FACE('',(#2040),#2182,.T.);
#2247=ADVANCED_FACE('',(#2041),#2183,.F.);
#2248=ADVANCED_FACE('',(#2042),#2184,.F.);
#2249=ADVANCED_FACE('',(#2043),#2185,.T.);
#2250=ADVANCED_FACE('',(#2044),#2186,.T.);
#2251=ADVANCED_FACE('',(#2045),#2187,.F.);
#2252=ADVANCED_FACE('',(#2046),#2188,.F.);
#2253=ADVANCED_FACE('',(#2047),#2189,.F.);
#2254=ADVANCED_FACE('',(#2048),#2190,.F.);
#2255=ADVANCED_FACE('',(#2049),#2191,.T.);
#2256=ADVANCED_FACE('',(#2050),#2192,.T.);
#2257=ADVANCED_FACE('',(#2051),#2193,.F.);
#2258=ADVANCED_FACE('',(#2052),#2194,.T.);
#2259=ADVANCED_FACE('',(#2053),#2195,.T.);
#2260=ADVANCED_FACE('',(#2054),#2196,.T.);
#2261=ADVANCED_FACE('',(#2055),#2197,.T.);
#2262=ADVANCED_FACE('',(#2056),#2198,.T.);
#2263=ADVANCED_FACE('',(#2057),#2199,.T.);
#2264=ADVANCED_FACE('',(#2058),#2200,.F.);
#2265=ADVANCED_FACE('',(#2059),#2201,.F.);
#2266=ADVANCED_FACE('',(#2060,#2061,#2062,#2063),#2202,.F.);
#2267=ADVANCED_FACE('',(#2064,#2065),#2203,.T.);
#2268=ADVANCED_FACE('',(#2066),#2204,.T.);
#2269=ADVANCED_FACE('',(#2067),#2205,.F.);
#2270=ADVANCED_FACE('',(#2068),#2206,.F.);
#2271=ADVANCED_FACE('',(#2069),#2207,.T.);
#2272=ADVANCED_FACE('',(#2070,#2071),#50,.F.);
#2273=ADVANCED_FACE('',(#2072,#2073),#51,.F.);
#2274=ADVANCED_FACE('',(#2074),#2208,.T.);
#2275=ADVANCED_FACE('',(#2075),#52,.F.);
#2276=ADVANCED_FACE('',(#2076),#2209,.T.);
#2277=ADVANCED_FACE('',(#2077),#2210,.T.);
#2278=ADVANCED_FACE('',(#2078),#2211,.F.);
#2279=ADVANCED_FACE('',(#2079),#53,.F.);
#2280=ADVANCED_FACE('',(#2080),#2212,.F.);
#2281=ADVANCED_FACE('',(#2081),#2213,.T.);
#2282=ADVANCED_FACE('',(#2082),#2214,.F.);
#2283=ADVANCED_FACE('',(#2083),#2215,.F.);
#2284=ADVANCED_FACE('',(#2084),#2216,.F.);
#2285=ADVANCED_FACE('',(#2085),#2217,.F.);
#2286=ADVANCED_FACE('',(#2086),#2218,.F.);
#2287=ADVANCED_FACE('',(#2087),#2219,.T.);
#2288=ADVANCED_FACE('',(#2088),#2220,.F.);
#2289=ADVANCED_FACE('',(#2089),#2221,.T.);
#2290=ADVANCED_FACE('',(#2090),#2222,.T.);
#2291=ADVANCED_FACE('',(#2091),#2223,.F.);
#2292=ADVANCED_FACE('',(#2092),#2224,.F.);
#2293=ADVANCED_FACE('',(#2093),#2225,.T.);
#2294=ADVANCED_FACE('',(#2094,#2095,#2096,#2097,#2098,#2099,#2100,#2101,
#2102),#2226,.F.);
#2295=ADVANCED_FACE('',(#2103),#2227,.F.);
#2296=ADVANCED_FACE('',(#2104),#54,.T.);
#2297=ADVANCED_FACE('',(#2105),#2228,.F.);
#2298=ADVANCED_FACE('',(#2106),#55,.T.);
#2299=ADVANCED_FACE('',(#2107),#2229,.T.);
#2300=ADVANCED_FACE('',(#2108),#56,.T.);
#2301=ADVANCED_FACE('',(#2109),#2230,.T.);
#2302=ADVANCED_FACE('',(#2110),#57,.F.);
#2303=ADVANCED_FACE('',(#2111),#2231,.F.);
#2304=ADVANCED_FACE('',(#2112),#58,.F.);
#2305=ADVANCED_FACE('',(#2113),#2232,.F.);
#2306=ADVANCED_FACE('',(#2114),#59,.F.);
#2307=ADVANCED_FACE('',(#2115),#2233,.T.);
#2308=ADVANCED_FACE('',(#2116),#60,.F.);
#2309=ADVANCED_FACE('',(#2117),#2234,.F.);
#2310=ADVANCED_FACE('',(#2118),#61,.F.);
#2311=ADVANCED_FACE('',(#2119),#62,.F.);
#2312=ADVANCED_FACE('',(#2120),#2235,.T.);
#2313=ADVANCED_FACE('',(#2121),#63,.F.);
#2314=ADVANCED_FACE('',(#2122),#2236,.T.);
#2315=ADVANCED_FACE('',(#2123),#64,.F.);
#2316=ADVANCED_FACE('',(#2124),#2237,.T.);
#2317=ADVANCED_FACE('',(#2125),#2238,.F.);
#2318=ADVANCED_FACE('',(#2126),#65,.T.);
#2319=ADVANCED_FACE('',(#2127,#2128,#2129,#2130,#2131),#2239,.T.);
#2320=ADVANCED_FACE('',(#2132),#66,.F.);
#2321=ADVANCED_FACE('',(#2133),#67,.F.);
#2322=ADVANCED_FACE('',(#2134),#68,.F.);
#2323=ADVANCED_FACE('',(#2135),#69,.F.);
#2324=ADVANCED_FACE('',(#2136),#70,.F.);
#2325=ADVANCED_FACE('',(#2137),#71,.F.);
#2326=ADVANCED_FACE('',(#2138),#72,.F.);
#2327=ADVANCED_FACE('',(#2139),#73,.F.);
#2328=ADVANCED_FACE('',(#2140),#74,.F.);
#2329=ADVANCED_FACE('',(#2141),#75,.F.);
#2330=ADVANCED_FACE('',(#2142),#76,.F.);
#2331=ADVANCED_FACE('',(#2143),#77,.F.);
#2332=ADVANCED_FACE('',(#2144),#78,.F.);
#2333=ADVANCED_FACE('',(#2145),#79,.F.);
#2334=ADVANCED_FACE('',(#2146),#80,.F.);
#2335=ADVANCED_FACE('',(#2147),#81,.F.);
#2336=ADVANCED_FACE('',(#2148),#82,.F.);
#2337=ADVANCED_FACE('',(#2149),#83,.F.);
#2338=ADVANCED_FACE('',(#2150),#84,.F.);
#2339=ADVANCED_FACE('',(#2151),#85,.F.);
#2340=ADVANCED_FACE('',(#2152),#86,.F.);
#2341=ADVANCED_FACE('',(#2153),#87,.F.);
#2342=ADVANCED_FACE('',(#2154),#88,.F.);
#2343=ADVANCED_FACE('',(#2155),#89,.F.);
#2344=ADVANCED_FACE('',(#2156),#90,.F.);
#2345=ADVANCED_FACE('',(#2157),#91,.F.);
#2346=ADVANCED_FACE('',(#2158),#92,.F.);
#2347=ADVANCED_FACE('',(#2159),#93,.F.);
#2348=ADVANCED_FACE('',(#2160),#94,.F.);
#2349=ADVANCED_FACE('',(#2161),#95,.F.);
#2350=ADVANCED_FACE('',(#2162),#96,.F.);
#2351=ADVANCED_FACE('',(#2163),#97,.F.);
#2352=ADVANCED_FACE('',(#2164),#98,.T.);
#2353=ADVANCED_FACE('',(#2165),#99,.T.);
#2354=ADVANCED_FACE('',(#2166),#100,.T.);
#2355=ADVANCED_FACE('',(#2167),#101,.T.);
#2356=ADVANCED_FACE('',(#2168),#102,.T.);
#2357=ADVANCED_FACE('',(#2169),#103,.T.);
#2358=ADVANCED_FACE('',(#2170),#104,.T.);
#2359=ADVANCED_FACE('',(#2171),#105,.T.);
#2360=ADVANCED_FACE('',(#2172),#106,.T.);
#2361=ADVANCED_FACE('',(#2173),#107,.T.);
#2362=ADVANCED_FACE('',(#2174),#108,.T.);
#2363=ADVANCED_FACE('',(#2175),#109,.T.);
#2364=CLOSED_SHELL('',(#2240,#2241,#2242,#2243,#2244,#2245,#2246,#2247,
#2248,#2249,#2250,#2251,#2252,#2253,#2254,#2255,#2256,#2257,#2258,#2259,
#2260,#2261,#2262,#2263,#2264,#2265,#2266,#2267,#2268,#2269,#2270,#2271,
#2272,#2273,#2274,#2275,#2276,#2277,#2278,#2279,#2280,#2281,#2282,#2283,
#2284,#2285,#2286,#2287,#2288,#2289,#2290,#2291,#2292,#2293,#2294,#2295,
#2296,#2297,#2298,#2299,#2300,#2301,#2302,#2303,#2304,#2305,#2306,#2307,
#2308,#2309,#2310,#2311,#2312,#2313,#2314,#2315,#2316,#2317,#2318,#2319,
#2320,#2321,#2322,#2323,#2324,#2325,#2326,#2327,#2328,#2329,#2330,#2331,
#2332,#2333,#2334,#2335,#2336,#2337,#2338,#2339,#2340,#2341,#2342,#2343,
#2344,#2345,#2346,#2347,#2348,#2349,#2350,#2351,#2352,#2353,#2354,#2355,
#2356,#2357,#2358,#2359,#2360,#2361,#2362,#2363));
#2365=STYLED_ITEM('',(#2366),#2373);
#2366=PRESENTATION_STYLE_ASSIGNMENT((#2367));
#2367=SURFACE_STYLE_USAGE(.BOTH.,#2368);
#2368=SURFACE_SIDE_STYLE('',(#2369));
#2369=SURFACE_STYLE_FILL_AREA(#2370);
#2370=FILL_AREA_STYLE('',(#2371));
#2371=FILL_AREA_STYLE_COLOUR('',#2372);
#2372=COLOUR_RGB('',0.615686274509804,0.811764705882353,0.929411764705882);
#2373=MANIFOLD_SOLID_BREP('Battery Holder',#2364);
#2374=SHAPE_DEFINITION_REPRESENTATION(#3974,#2375);
#2375=SHAPE_REPRESENTATION('Battery Holder',(#2376),#3969);
#2376=AXIS2_PLACEMENT_3D('',#3271,#2593,#2594);
#2377=AXIS2_PLACEMENT_3D('',#3272,#2595,#2596);
#2378=AXIS2_PLACEMENT_3D('',#3273,#2597,#2598);
#2379=AXIS2_PLACEMENT_3D('',#3281,#2602,#2603);
#2380=AXIS2_PLACEMENT_3D('',#3282,#2604,#2605);
#2381=AXIS2_PLACEMENT_3D('',#3293,#2610,#2611);
#2382=AXIS2_PLACEMENT_3D('',#3296,#2613,#2614);
#2383=AXIS2_PLACEMENT_3D('',#3300,#2616,#2617);
#2384=AXIS2_PLACEMENT_3D('',#3305,#2620,#2621);
#2385=AXIS2_PLACEMENT_3D('',#3309,#2623,#2624);
#2386=AXIS2_PLACEMENT_3D('',#3319,#2629,#2630);
#2387=AXIS2_PLACEMENT_3D('',#3320,#2631,#2632);
#2388=AXIS2_PLACEMENT_3D('',#3326,#2635,#2636);
#2389=AXIS2_PLACEMENT_3D('',#3329,#2638,#2639);
#2390=AXIS2_PLACEMENT_3D('',#3335,#2642,#2643);
#2391=AXIS2_PLACEMENT_3D('',#3338,#2645,#2646);
#2392=AXIS2_PLACEMENT_3D('',#3355,#2655,#2656);
#2393=AXIS2_PLACEMENT_3D('',#3376,#2667,#2668);
#2394=AXIS2_PLACEMENT_3D('',#3377,#2669,#2670);
#2395=AXIS2_PLACEMENT_3D('',#3378,#2671,#2672);
#2396=AXIS2_PLACEMENT_3D('',#3392,#2680,#2681);
#2397=AXIS2_PLACEMENT_3D('',#3409,#2690,#2691);
#2398=AXIS2_PLACEMENT_3D('',#3430,#2702,#2703);
#2399=AXIS2_PLACEMENT_3D('',#3434,#2705,#2706);
#2400=AXIS2_PLACEMENT_3D('',#3435,#2707,#2708);
#2401=AXIS2_PLACEMENT_3D('',#3449,#2716,#2717);
#2402=AXIS2_PLACEMENT_3D('',#3455,#2721,#2722);
#2403=AXIS2_PLACEMENT_3D('',#3461,#2726,#2727);
#2404=AXIS2_PLACEMENT_3D('',#3464,#2729,#2730);
#2405=AXIS2_PLACEMENT_3D('',#3470,#2734,#2735);
#2406=AXIS2_PLACEMENT_3D('',#3477,#2739,#2740);
#2407=AXIS2_PLACEMENT_3D('',#3479,#2742,#2743);
#2408=AXIS2_PLACEMENT_3D('',#3485,#2747,#2748);
#2409=AXIS2_PLACEMENT_3D('',#3491,#2752,#2753);
#2410=AXIS2_PLACEMENT_3D('',#3494,#2755,#2756);
#2411=AXIS2_PLACEMENT_3D('',#3500,#2760,#2761);
#2412=AXIS2_PLACEMENT_3D('',#3507,#2765,#2766);
#2413=AXIS2_PLACEMENT_3D('',#3509,#2768,#2769);
#2414=AXIS2_PLACEMENT_3D('',#3510,#2770,#2771);
#2415=AXIS2_PLACEMENT_3D('',#3518,#2775,#2776);
#2416=AXIS2_PLACEMENT_3D('',#3519,#2777,#2778);
#2417=AXIS2_PLACEMENT_3D('',#3524,#2781,#2782);
#2418=AXIS2_PLACEMENT_3D('',#3525,#2783,#2784);
#2419=AXIS2_PLACEMENT_3D('',#3526,#2785,#2786);
#2420=AXIS2_PLACEMENT_3D('',#3528,#2788,#2789);
#2421=AXIS2_PLACEMENT_3D('',#3538,#2795,#2796);
#2422=AXIS2_PLACEMENT_3D('',#3544,#2800,#2801);
#2423=AXIS2_PLACEMENT_3D('',#3545,#2802,#2803);
#2424=AXIS2_PLACEMENT_3D('',#3547,#2805,#2806);
#2425=AXIS2_PLACEMENT_3D('',#3548,#2807,#2808);
#2426=AXIS2_PLACEMENT_3D('',#3557,#2813,#2814);
#2427=AXIS2_PLACEMENT_3D('',#3559,#2815,#2816);
#2428=AXIS2_PLACEMENT_3D('',#3564,#2819,#2820);
#2429=AXIS2_PLACEMENT_3D('',#3572,#2824,#2825);
#2430=AXIS2_PLACEMENT_3D('',#3579,#2830,#2831);
#2431=AXIS2_PLACEMENT_3D('',#3581,#2833,#2834);
#2432=AXIS2_PLACEMENT_3D('',#3585,#2837,#2838);
#2433=AXIS2_PLACEMENT_3D('',#3597,#2844,#2845);
#2434=AXIS2_PLACEMENT_3D('',#3603,#2848,#2849);
#2435=AXIS2_PLACEMENT_3D('',#3607,#2851,#2852);
#2436=AXIS2_PLACEMENT_3D('',#3611,#2854,#2855);
#2437=AXIS2_PLACEMENT_3D('',#3617,#2858,#2859);
#2438=AXIS2_PLACEMENT_3D('',#3621,#2861,#2862);
#2439=AXIS2_PLACEMENT_3D('',#3622,#2863,#2864);
#2440=AXIS2_PLACEMENT_3D('',#3625,#2867,#2868);
#2441=AXIS2_PLACEMENT_3D('',#3629,#2871,#2872);
#2442=AXIS2_PLACEMENT_3D('',#3636,#2877,#2878);
#2443=AXIS2_PLACEMENT_3D('',#3640,#2881,#2882);
#2444=AXIS2_PLACEMENT_3D('',#3651,#2883,#2884);
#2445=AXIS2_PLACEMENT_3D('',#3662,#2885,#2886);
#2446=AXIS2_PLACEMENT_3D('',#3668,#2892,#2893);
#2447=AXIS2_PLACEMENT_3D('',#3670,#2895,#2896);
#2448=AXIS2_PLACEMENT_3D('',#3672,#2898,#2899);
#2449=AXIS2_PLACEMENT_3D('',#3673,#2900,#2901);
#2450=AXIS2_PLACEMENT_3D('',#3679,#2907,#2908);
#2451=AXIS2_PLACEMENT_3D('',#3681,#2910,#2911);
#2452=AXIS2_PLACEMENT_3D('',#3683,#2913,#2914);
#2453=AXIS2_PLACEMENT_3D('',#3684,#2915,#2916);
#2454=AXIS2_PLACEMENT_3D('',#3688,#2919,#2920);
#2455=AXIS2_PLACEMENT_3D('',#3690,#2922,#2923);
#2456=AXIS2_PLACEMENT_3D('',#3691,#2924,#2925);
#2457=AXIS2_PLACEMENT_3D('',#3695,#2928,#2929);
#2458=AXIS2_PLACEMENT_3D('',#3697,#2931,#2932);
#2459=AXIS2_PLACEMENT_3D('',#3698,#2933,#2934);
#2460=AXIS2_PLACEMENT_3D('',#3702,#2937,#2938);
#2461=AXIS2_PLACEMENT_3D('',#3704,#2940,#2941);
#2462=AXIS2_PLACEMENT_3D('',#3705,#2942,#2943);
#2463=AXIS2_PLACEMENT_3D('',#3709,#2946,#2947);
#2464=AXIS2_PLACEMENT_3D('',#3711,#2949,#2950);
#2465=AXIS2_PLACEMENT_3D('',#3712,#2951,#2952);
#2466=AXIS2_PLACEMENT_3D('',#3745,#2969,#2970);
#2467=AXIS2_PLACEMENT_3D('',#3750,#2972,#2973);
#2468=AXIS2_PLACEMENT_3D('',#3753,#2975,#2976);
#2469=AXIS2_PLACEMENT_3D('',#3758,#2978,#2979);
#2470=AXIS2_PLACEMENT_3D('',#3764,#2982,#2983);
#2471=AXIS2_PLACEMENT_3D('',#3768,#2985,#2986);
#2472=AXIS2_PLACEMENT_3D('',#3769,#2987,#2988);
#2473=AXIS2_PLACEMENT_3D('',#3774,#2990,#2991);
#2474=AXIS2_PLACEMENT_3D('',#3780,#2994,#2995);
#2475=AXIS2_PLACEMENT_3D('',#3784,#2997,#2998);
#2476=AXIS2_PLACEMENT_3D('',#3788,#3000,#3001);
#2477=AXIS2_PLACEMENT_3D('',#3792,#3003,#3004);
#2478=AXIS2_PLACEMENT_3D('',#3793,#3005,#3006);
#2479=AXIS2_PLACEMENT_3D('',#3799,#3010,#3011);
#2480=AXIS2_PLACEMENT_3D('',#3800,#3012,#3013);
#2481=AXIS2_PLACEMENT_3D('',#3803,#3015,#3016);
#2482=AXIS2_PLACEMENT_3D('',#3807,#3019,#3020);
#2483=AXIS2_PLACEMENT_3D('',#3808,#3021,#3022);
#2484=AXIS2_PLACEMENT_3D('',#3811,#3024,#3025);
#2485=AXIS2_PLACEMENT_3D('',#3815,#3028,#3029);
#2486=AXIS2_PLACEMENT_3D('',#3816,#3030,#3031);
#2487=AXIS2_PLACEMENT_3D('',#3819,#3033,#3034);
#2488=AXIS2_PLACEMENT_3D('',#3823,#3037,#3038);
#2489=AXIS2_PLACEMENT_3D('',#3824,#3039,#3040);
#2490=AXIS2_PLACEMENT_3D('',#3829,#3043,#3044);
#2491=AXIS2_PLACEMENT_3D('',#3833,#3047,#3048);
#2492=AXIS2_PLACEMENT_3D('',#3834,#3049,#3050);
#2493=AXIS2_PLACEMENT_3D('',#3837,#3052,#3053);
#2494=AXIS2_PLACEMENT_3D('',#3843,#3057,#3058);
#2495=AXIS2_PLACEMENT_3D('',#3844,#3059,#3060);
#2496=AXIS2_PLACEMENT_3D('',#3847,#3062,#3063);
#2497=AXIS2_PLACEMENT_3D('',#3851,#3066,#3067);
#2498=AXIS2_PLACEMENT_3D('',#3852,#3068,#3069);
#2499=AXIS2_PLACEMENT_3D('',#3857,#3072,#3073);
#2500=AXIS2_PLACEMENT_3D('',#3861,#3076,#3077);
#2501=AXIS2_PLACEMENT_3D('',#3862,#3078,#3079);
#2502=AXIS2_PLACEMENT_3D('',#3865,#3081,#3082);
#2503=AXIS2_PLACEMENT_3D('',#3866,#3083,#3084);
#2504=AXIS2_PLACEMENT_3D('',#3871,#3087,#3088);
#2505=AXIS2_PLACEMENT_3D('',#3875,#3091,#3092);
#2506=AXIS2_PLACEMENT_3D('',#3876,#3093,#3094);
#2507=AXIS2_PLACEMENT_3D('',#3879,#3096,#3097);
#2508=AXIS2_PLACEMENT_3D('',#3881,#3099,#3100);
#2509=AXIS2_PLACEMENT_3D('',#3882,#3101,#3102);
#2510=AXIS2_PLACEMENT_3D('',#3883,#3103,#3104);
#2511=AXIS2_PLACEMENT_3D('',#3885,#3106,#3107);
#2512=AXIS2_PLACEMENT_3D('',#3887,#3109,#3110);
#2513=AXIS2_PLACEMENT_3D('',#3888,#3111,#3112);
#2514=AXIS2_PLACEMENT_3D('',#3889,#3113,#3114);
#2515=AXIS2_PLACEMENT_3D('',#3890,#3115,#3116);
#2516=AXIS2_PLACEMENT_3D('',#3891,#3117,#3118);
#2517=AXIS2_PLACEMENT_3D('',#3892,#3119,#3120);
#2518=AXIS2_PLACEMENT_3D('',#3893,#3121,#3122);
#2519=AXIS2_PLACEMENT_3D('',#3894,#3123,#3124);
#2520=AXIS2_PLACEMENT_3D('',#3895,#3125,#3126);
#2521=AXIS2_PLACEMENT_3D('',#3896,#3127,#3128);
#2522=AXIS2_PLACEMENT_3D('',#3897,#3129,#3130);
#2523=AXIS2_PLACEMENT_3D('',#3898,#3131,#3132);
#2524=AXIS2_PLACEMENT_3D('',#3899,#3133,#3134);
#2525=AXIS2_PLACEMENT_3D('',#3900,#3135,#3136);
#2526=AXIS2_PLACEMENT_3D('',#3901,#3137,#3138);
#2527=AXIS2_PLACEMENT_3D('',#3902,#3139,#3140);
#2528=AXIS2_PLACEMENT_3D('',#3903,#3141,#3142);
#2529=AXIS2_PLACEMENT_3D('',#3904,#3143,#3144);
#2530=AXIS2_PLACEMENT_3D('',#3905,#3145,#3146);
#2531=AXIS2_PLACEMENT_3D('',#3906,#3147,#3148);
#2532=AXIS2_PLACEMENT_3D('',#3907,#3149,#3150);
#2533=AXIS2_PLACEMENT_3D('',#3908,#3151,#3152);
#2534=AXIS2_PLACEMENT_3D('',#3909,#3153,#3154);
#2535=AXIS2_PLACEMENT_3D('',#3910,#3155,#3156);
#2536=AXIS2_PLACEMENT_3D('',#3911,#3157,#3158);
#2537=AXIS2_PLACEMENT_3D('',#3912,#3159,#3160);
#2538=AXIS2_PLACEMENT_3D('',#3913,#3161,#3162);
#2539=AXIS2_PLACEMENT_3D('',#3914,#3163,#3164);
#2540=AXIS2_PLACEMENT_3D('',#3915,#3165,#3166);
#2541=AXIS2_PLACEMENT_3D('',#3916,#3167,#3168);
#2542=AXIS2_PLACEMENT_3D('',#3917,#3169,#3170);
#2543=AXIS2_PLACEMENT_3D('',#3918,#3171,#3172);
#2544=AXIS2_PLACEMENT_3D('',#3919,#3173,#3174);
#2545=AXIS2_PLACEMENT_3D('',#3920,#3175,#3176);
#2546=AXIS2_PLACEMENT_3D('',#3921,#3177,#3178);
#2547=AXIS2_PLACEMENT_3D('',#3922,#3179,#3180);
#2548=AXIS2_PLACEMENT_3D('',#3923,#3181,#3182);
#2549=AXIS2_PLACEMENT_3D('',#3924,#3183,#3184);
#2550=AXIS2_PLACEMENT_3D('',#3925,#3185,#3186);
#2551=AXIS2_PLACEMENT_3D('',#3926,#3187,#3188);
#2552=AXIS2_PLACEMENT_3D('',#3927,#3189,#3190);
#2553=AXIS2_PLACEMENT_3D('',#3928,#3191,#3192);
#2554=AXIS2_PLACEMENT_3D('',#3929,#3193,#3194);
#2555=AXIS2_PLACEMENT_3D('',#3930,#3195,#3196);
#2556=AXIS2_PLACEMENT_3D('',#3931,#3197,#3198);
#2557=AXIS2_PLACEMENT_3D('',#3932,#3199,#3200);
#2558=AXIS2_PLACEMENT_3D('',#3933,#3201,#3202);
#2559=AXIS2_PLACEMENT_3D('',#3934,#3203,#3204);
#2560=AXIS2_PLACEMENT_3D('',#3935,#3205,#3206);
#2561=AXIS2_PLACEMENT_3D('',#3936,#3207,#3208);
#2562=AXIS2_PLACEMENT_3D('',#3937,#3209,#3210);
#2563=AXIS2_PLACEMENT_3D('',#3938,#3211,#3212);
#2564=AXIS2_PLACEMENT_3D('',#3939,#3213,#3214);
#2565=AXIS2_PLACEMENT_3D('',#3940,#3215,#3216);
#2566=AXIS2_PLACEMENT_3D('',#3941,#3217,#3218);
#2567=AXIS2_PLACEMENT_3D('',#3942,#3219,#3220);
#2568=AXIS2_PLACEMENT_3D('',#3943,#3221,#3222);
#2569=AXIS2_PLACEMENT_3D('',#3944,#3223,#3224);
#2570=AXIS2_PLACEMENT_3D('',#3945,#3225,#3226);
#2571=AXIS2_PLACEMENT_3D('',#3946,#3227,#3228);
#2572=AXIS2_PLACEMENT_3D('',#3947,#3229,#3230);
#2573=AXIS2_PLACEMENT_3D('',#3948,#3231,#3232);
#2574=AXIS2_PLACEMENT_3D('',#3949,#3233,#3234);
#2575=AXIS2_PLACEMENT_3D('',#3950,#3235,#3236);
#2576=AXIS2_PLACEMENT_3D('',#3951,#3237,#3238);
#2577=AXIS2_PLACEMENT_3D('',#3952,#3239,#3240);
#2578=AXIS2_PLACEMENT_3D('',#3953,#3241,#3242);
#2579=AXIS2_PLACEMENT_3D('',#3954,#3243,#3244);
#2580=AXIS2_PLACEMENT_3D('',#3955,#3245,#3246);
#2581=AXIS2_PLACEMENT_3D('',#3956,#3247,#3248);
#2582=AXIS2_PLACEMENT_3D('',#3957,#3249,#3250);
#2583=AXIS2_PLACEMENT_3D('',#3958,#3251,#3252);
#2584=AXIS2_PLACEMENT_3D('',#3959,#3253,#3254);
#2585=AXIS2_PLACEMENT_3D('',#3960,#3255,#3256);
#2586=AXIS2_PLACEMENT_3D('',#3961,#3257,#3258);
#2587=AXIS2_PLACEMENT_3D('',#3962,#3259,#3260);
#2588=AXIS2_PLACEMENT_3D('',#3963,#3261,#3262);
#2589=AXIS2_PLACEMENT_3D('',#3964,#3263,#3264);
#2590=AXIS2_PLACEMENT_3D('',#3965,#3265,#3266);
#2591=AXIS2_PLACEMENT_3D('',#3966,#3267,#3268);
#2592=AXIS2_PLACEMENT_3D('',#3967,#3269,#3270);
#2593=DIRECTION('',(0.,0.,1.));
#2594=DIRECTION('',(1.,0.,0.));
#2595=DIRECTION('',(0.,0.,1.));
#2596=DIRECTION('',(1.,0.,0.));
#2597=DIRECTION('',(0.,0.,1.));
#2598=DIRECTION('',(1.,0.,0.));
#2599=DIRECTION('',(2.42054438508392E-16,1.,0.));
#2600=DIRECTION('',(1.,0.,0.));
#2601=DIRECTION('',(0.,1.,0.));
#2602=DIRECTION('',(0.,0.,1.));
#2603=DIRECTION('',(1.,0.,0.));
#2604=DIRECTION('',(0.,0.,1.));
#2605=DIRECTION('',(1.,0.,0.));
#2606=DIRECTION('',(1.,0.,0.));
#2607=DIRECTION('',(0.,1.,0.));
#2608=DIRECTION('',(-1.,0.,0.));
#2609=DIRECTION('',(2.42054438508392E-16,1.,0.));
#2610=DIRECTION('',(0.,0.,1.));
#2611=DIRECTION('',(1.,0.,0.));
#2612=DIRECTION('',(1.,-1.92747052886312E-16,0.));
#2613=DIRECTION('',(0.,0.,1.));
#2614=DIRECTION('',(1.,0.,0.));
#2615=DIRECTION('',(0.,1.,0.));
#2616=DIRECTION('',(0.,0.,1.));
#2617=DIRECTION('',(1.,0.,0.));
#2618=DIRECTION('',(1.61369625672261E-16,1.,0.));
#2619=DIRECTION('',(-1.,0.,0.));
#2620=DIRECTION('',(0.,0.,1.));
#2621=DIRECTION('',(1.,0.,0.));
#2622=DIRECTION('',(1.,-1.92747052886312E-16,0.));
#2623=DIRECTION('',(0.,0.,1.));
#2624=DIRECTION('',(1.,0.,0.));
#2625=DIRECTION('',(1.,0.,0.));
#2626=DIRECTION('',(0.,1.,0.));
#2627=DIRECTION('',(1.,0.,0.));
#2628=DIRECTION('',(1.61369625672261E-16,1.,0.));
#2629=DIRECTION('',(0.,0.,1.));
#2630=DIRECTION('',(1.,0.,0.));
#2631=DIRECTION('',(0.,0.,1.));
#2632=DIRECTION('',(1.,0.,0.));
#2633=DIRECTION('',(0.,1.,0.));
#2634=DIRECTION('',(-1.,0.,0.));
#2635=DIRECTION('',(0.,0.,1.));
#2636=DIRECTION('',(1.,0.,0.));
#2637=DIRECTION('',(-1.,0.,0.));
#2638=DIRECTION('',(0.,0.,1.));
#2639=DIRECTION('',(1.,0.,0.));
#2640=DIRECTION('',(0.,-1.,0.));
#2641=DIRECTION('',(1.,0.,0.));
#2642=DIRECTION('',(0.,0.,-1.));
#2643=DIRECTION('',(1.,0.,0.));
#2644=DIRECTION('',(1.,0.,0.));
#2645=DIRECTION('',(0.,-1.,0.));
#2646=DIRECTION('',(0.,0.,-1.));
#2647=DIRECTION('',(0.,0.,-1.));
#2648=DIRECTION('',(1.,0.,0.));
#2649=DIRECTION('',(0.,0.,-1.));
#2650=DIRECTION('',(-1.,0.,0.));
#2651=DIRECTION('',(0.,0.,-1.));
#2652=DIRECTION('',(-1.,0.,0.));
#2653=DIRECTION('',(0.,0.,-1.));
#2654=DIRECTION('',(-1.,0.,0.));
#2655=DIRECTION('',(-1.,0.,0.));
#2656=DIRECTION('',(0.,0.,1.));
#2657=DIRECTION('',(0.,0.,-1.));
#2658=DIRECTION('',(0.,1.,0.));
#2659=DIRECTION('',(0.,1.,0.));
#2660=DIRECTION('',(0.,0.,-1.));
#2661=DIRECTION('',(0.,1.,0.));
#2662=DIRECTION('',(0.,0.,-1.));
#2663=DIRECTION('',(0.,1.,0.));
#2664=DIRECTION('',(0.,0.,-1.));
#2665=DIRECTION('',(0.,1.,0.));
#2666=DIRECTION('',(0.,0.,-1.));
#2667=DIRECTION('',(-1.,0.,0.));
#2668=DIRECTION('',(0.,0.,1.));
#2669=DIRECTION('',(-1.,0.,0.));
#2670=DIRECTION('',(0.,0.,1.));
#2671=DIRECTION('',(0.,-1.,0.));
#2672=DIRECTION('',(0.,0.,-1.));
#2673=DIRECTION('',(0.,0.,-1.));
#2674=DIRECTION('',(-1.,0.,0.));
#2675=DIRECTION('',(0.,0.,-1.));
#2676=DIRECTION('',(-1.,0.,0.));
#2677=DIRECTION('',(-1.,0.,0.));
#2678=DIRECTION('',(0.,0.,-1.));
#2679=DIRECTION('',(1.,0.,0.));
#2680=DIRECTION('',(0.,1.,0.));
#2681=DIRECTION('',(0.,0.,1.));
#2682=DIRECTION('',(0.,0.,-1.));
#2683=DIRECTION('',(-1.,0.,0.));
#2684=DIRECTION('',(0.,0.,-1.));
#2685=DIRECTION('',(1.,0.,0.));
#2686=DIRECTION('',(0.,0.,-1.));
#2687=DIRECTION('',(1.,0.,0.));
#2688=DIRECTION('',(0.,0.,-1.));
#2689=DIRECTION('',(1.,0.,0.));
#2690=DIRECTION('',(-1.,0.,0.));
#2691=DIRECTION('',(0.,0.,1.));
#2692=DIRECTION('',(0.,0.,-1.));
#2693=DIRECTION('',(0.,1.,0.));
#2694=DIRECTION('',(0.,1.,0.));
#2695=DIRECTION('',(0.,0.,-1.));
#2696=DIRECTION('',(0.,1.,0.));
#2697=DIRECTION('',(0.,0.,-1.));
#2698=DIRECTION('',(0.,1.,0.));
#2699=DIRECTION('',(0.,0.,-1.));
#2700=DIRECTION('',(0.,1.,0.));
#2701=DIRECTION('',(0.,0.,-1.));
#2702=DIRECTION('',(-1.,0.,0.));
#2703=DIRECTION('',(0.,0.,1.));
#2704=DIRECTION('',(0.,1.,0.));
#2705=DIRECTION('',(-1.,0.,0.));
#2706=DIRECTION('',(0.,0.,1.));
#2707=DIRECTION('',(0.,1.,0.));
#2708=DIRECTION('',(0.,0.,1.));
#2709=DIRECTION('',(0.,0.,-1.));
#2710=DIRECTION('',(1.,0.,0.));
#2711=DIRECTION('',(0.,0.,-1.));
#2712=DIRECTION('',(1.,0.,0.));
#2713=DIRECTION('',(1.,0.,0.));
#2714=DIRECTION('',(0.,0.,-1.));
#2715=DIRECTION('',(-1.,0.,0.));
#2716=DIRECTION('',(-1.,0.,0.));
#2717=DIRECTION('',(0.,0.,1.));
#2718=DIRECTION('',(0.,1.,0.));
#2719=DIRECTION('',(0.,0.,-1.));
#2720=DIRECTION('',(0.,1.,0.));
#2721=DIRECTION('',(0.,-1.,0.));
#2722=DIRECTION('',(0.,0.,-1.));
#2723=DIRECTION('',(0.,0.,-1.));
#2724=DIRECTION('',(1.,0.,0.));
#2725=DIRECTION('',(-1.,0.,0.));
#2726=DIRECTION('',(0.,-1.,0.));
#2727=DIRECTION('',(0.,0.,-1.));
#2728=DIRECTION('',(1.,0.,0.));
#2729=DIRECTION('',(-1.,0.,0.));
#2730=DIRECTION('',(0.,0.,1.));
#2731=DIRECTION('',(0.,0.,-1.));
#2732=DIRECTION('',(0.,1.,0.));
#2733=DIRECTION('',(0.,1.,0.));
#2734=DIRECTION('',(0.,-1.,0.));
#2735=DIRECTION('',(0.,0.,-1.));
#2736=DIRECTION('',(1.,0.,0.));
#2737=DIRECTION('',(0.,0.,-1.));
#2738=DIRECTION('',(-1.,0.,0.));
#2739=DIRECTION('',(0.,-1.,0.));
#2740=DIRECTION('',(0.,0.,-1.));
#2741=DIRECTION('',(-1.,0.,0.));
#2742=DIRECTION('',(-1.,0.,0.));
#2743=DIRECTION('',(0.,0.,1.));
#2744=DIRECTION('',(0.,1.,0.));
#2745=DIRECTION('',(0.,0.,-1.));
#2746=DIRECTION('',(0.,1.,0.));
#2747=DIRECTION('',(0.,1.,0.));
#2748=DIRECTION('',(0.,0.,1.));
#2749=DIRECTION('',(0.,0.,-1.));
#2750=DIRECTION('',(-1.,0.,0.));
#2751=DIRECTION('',(1.,0.,0.));
#2752=DIRECTION('',(0.,1.,0.));
#2753=DIRECTION('',(0.,0.,1.));
#2754=DIRECTION('',(-1.,0.,0.));
#2755=DIRECTION('',(-1.,0.,0.));
#2756=DIRECTION('',(0.,0.,1.));
#2757=DIRECTION('',(0.,0.,-1.));
#2758=DIRECTION('',(0.,1.,0.));
#2759=DIRECTION('',(0.,1.,0.));
#2760=DIRECTION('',(0.,1.,0.));
#2761=DIRECTION('',(0.,0.,1.));
#2762=DIRECTION('',(-1.,0.,0.));
#2763=DIRECTION('',(0.,0.,-1.));
#2764=DIRECTION('',(1.,0.,0.));
#2765=DIRECTION('',(0.,1.,0.));
#2766=DIRECTION('',(0.,0.,1.));
#2767=DIRECTION('',(1.,0.,0.));
#2768=DIRECTION('',(0.,0.,1.));
#2769=DIRECTION('',(1.,0.,0.));
#2770=DIRECTION('',(0.,0.,1.));
#2771=DIRECTION('',(1.,0.,0.));
#2772=DIRECTION('',(-1.,0.,0.));
#2773=DIRECTION('',(0.,-1.,0.));
#2774=DIRECTION('',(-1.,0.,0.));
#2775=DIRECTION('',(0.,0.,1.));
#2776=DIRECTION('',(1.,0.,0.));
#2777=DIRECTION('',(0.,0.,-1.));
#2778=DIRECTION('',(1.,0.,0.));
#2779=DIRECTION('',(1.,0.,0.));
#2780=DIRECTION('',(1.,0.,0.));
#2781=DIRECTION('',(-1.,0.,0.));
#2782=DIRECTION('',(0.,0.,1.));
#2783=DIRECTION('',(-1.,0.,0.));
#2784=DIRECTION('',(0.,0.,1.));
#2785=DIRECTION('',(-1.,0.,0.));
#2786=DIRECTION('',(0.,0.,1.));
#2787=DIRECTION('',(0.,1.,0.));
#2788=DIRECTION('',(-1.,0.,0.));
#2789=DIRECTION('',(0.,0.,1.));
#2790=DIRECTION('',(0.,1.,0.));
#2791=DIRECTION('',(0.,0.,-1.));
#2792=DIRECTION('',(0.,0.,-1.));
#2793=DIRECTION('',(0.,1.,0.));
#2794=DIRECTION('',(0.,0.,-1.));
#2795=DIRECTION('',(-1.,0.,0.));
#2796=DIRECTION('',(0.,0.,1.));
#2797=DIRECTION('',(0.,1.,0.));
#2798=DIRECTION('',(0.,0.,-1.));
#2799=DIRECTION('',(0.,0.,-1.));
#2800=DIRECTION('',(-1.,0.,0.));
#2801=DIRECTION('',(0.,0.,1.));
#2802=DIRECTION('',(-1.,0.,0.));
#2803=DIRECTION('',(0.,0.,1.));
#2804=DIRECTION('',(0.,1.,0.));
#2805=DIRECTION('',(-1.,0.,0.));
#2806=DIRECTION('',(0.,0.,1.));
#2807=DIRECTION('',(0.,0.,1.));
#2808=DIRECTION('',(1.,0.,0.));
#2809=DIRECTION('',(1.,0.,0.));
#2810=DIRECTION('',(2.06514699521048E-16,1.,0.));
#2811=DIRECTION('',(1.,-1.23908819712629E-16,0.));
#2812=DIRECTION('',(2.06514699521048E-16,1.,0.));
#2813=DIRECTION('',(0.,0.,-1.));
#2814=DIRECTION('',(1.,0.,0.));
#2815=DIRECTION('',(0.,0.,1.));
#2816=DIRECTION('',(1.,0.,0.));
#2817=DIRECTION('',(1.,0.,0.));
#2818=DIRECTION('',(0.,-1.,0.));
#2819=DIRECTION('',(0.,0.,1.));
#2820=DIRECTION('',(1.,0.,0.));
#2821=DIRECTION('',(0.,1.,0.));
#2822=DIRECTION('',(1.,0.,0.));
#2823=DIRECTION('',(0.,1.,0.));
#2824=DIRECTION('',(0.,0.,1.));
#2825=DIRECTION('',(1.,0.,0.));
#2826=DIRECTION('',(0.,-1.,0.));
#2827=DIRECTION('',(-1.,0.,0.));
#2828=DIRECTION('',(-1.,0.,0.));
#2829=DIRECTION('',(0.,-1.,0.));
#2830=DIRECTION('',(0.,0.,1.));
#2831=DIRECTION('',(1.,0.,0.));
#2832=DIRECTION('',(1.,0.,0.));
#2833=DIRECTION('',(0.,0.,1.));
#2834=DIRECTION('',(1.,0.,0.));
#2835=DIRECTION('',(0.,-1.,0.));
#2836=DIRECTION('',(1.,0.,0.));
#2837=DIRECTION('',(0.,0.,1.));
#2838=DIRECTION('',(1.,0.,0.));
#2839=DIRECTION('',(2.06514699521048E-16,1.,0.));
#2840=DIRECTION('',(1.,0.,0.));
#2841=DIRECTION('',(2.06514699521048E-16,1.,0.));
#2842=DIRECTION('',(1.,-1.23908819712629E-16,0.));
#2843=DIRECTION('',(-2.42054438508392E-16,-1.,0.));
#2844=DIRECTION('',(0.,0.,1.));
#2845=DIRECTION('',(1.,0.,0.));
#2846=DIRECTION('',(0.,1.,0.));
#2847=DIRECTION('',(1.,0.,0.));
#2848=DIRECTION('',(0.,0.,1.));
#2849=DIRECTION('',(1.,0.,0.));
#2850=DIRECTION('',(-1.,1.92747052886312E-16,0.));
#2851=DIRECTION('',(0.,0.,1.));
#2852=DIRECTION('',(1.,0.,0.));
#2853=DIRECTION('',(-1.61369625672261E-16,-1.,0.));
#2854=DIRECTION('',(0.,0.,1.));
#2855=DIRECTION('',(1.,0.,0.));
#2856=DIRECTION('',(0.,1.,0.));
#2857=DIRECTION('',(1.,0.,0.));
#2858=DIRECTION('',(0.,0.,1.));
#2859=DIRECTION('',(1.,0.,0.));
#2860=DIRECTION('',(-1.,1.92747052886312E-16,0.));
#2861=DIRECTION('',(0.,0.,1.));
#2862=DIRECTION('',(1.,0.,0.));
#2863=DIRECTION('',(-1.,0.,0.));
#2864=DIRECTION('',(0.,0.,1.));
#2865=DIRECTION('',(0.,0.,-1.));
#2866=DIRECTION('',(0.,0.,-1.));
#2867=DIRECTION('',(0.,1.,0.));
#2868=DIRECTION('',(0.,0.,1.));
#2869=DIRECTION('',(0.,0.,-1.));
#2870=DIRECTION('',(1.,0.,0.));
#2871=DIRECTION('',(-1.,0.,0.));
#2872=DIRECTION('',(0.,0.,1.));
#2873=DIRECTION('',(0.,1.,0.));
#2874=DIRECTION('',(0.,0.,-1.));
#2875=DIRECTION('',(0.,0.,-1.));
#2876=DIRECTION('',(0.,0.,-1.));
#2877=DIRECTION('',(0.,1.,0.));
#2878=DIRECTION('',(0.,0.,1.));
#2879=DIRECTION('',(0.,0.,-1.));
#2880=DIRECTION('',(1.,0.,0.));
#2881=DIRECTION('',(0.,0.,-1.));
#2882=DIRECTION('',(-1.,0.,0.));
#2883=DIRECTION('',(0.,0.,-1.));
#2884=DIRECTION('',(-1.,0.,0.));
#2885=DIRECTION('',(-1.,1.61369625672261E-16,0.));
#2886=DIRECTION('',(-1.61369625672261E-16,-1.,0.));
#2887=DIRECTION('',(0.,0.,-1.));
#2888=DIRECTION('',(0.,0.,-1.));
#2889=DIRECTION('',(1.61369625672261E-16,1.,0.));
#2890=DIRECTION('',(1.61369625672261E-16,1.,0.));
#2891=DIRECTION('',(1.61369625672261E-16,1.,0.));
#2892=DIRECTION('',(0.,0.,-1.));
#2893=DIRECTION('',(-1.,0.,0.));
#2894=DIRECTION('',(0.,0.,-1.));
#2895=DIRECTION('',(1.92747052886312E-16,1.,0.));
#2896=DIRECTION('',(-1.,1.92747052886312E-16,0.));
#2897=DIRECTION('',(0.,0.,-1.));
#2898=DIRECTION('',(0.,0.,1.));
#2899=DIRECTION('',(1.,0.,0.));
#2900=DIRECTION('',(-1.,2.42054438508392E-16,0.));
#2901=DIRECTION('',(-2.42054438508392E-16,-1.,0.));
#2902=DIRECTION('',(0.,0.,-1.));
#2903=DIRECTION('',(0.,0.,-1.));
#2904=DIRECTION('',(2.42054438508392E-16,1.,0.));
#2905=DIRECTION('',(2.42054438508392E-16,1.,0.));
#2906=DIRECTION('',(2.42054438508392E-16,1.,0.));
#2907=DIRECTION('',(0.,0.,-1.));
#2908=DIRECTION('',(-1.,0.,0.));
#2909=DIRECTION('',(0.,0.,-1.));
#2910=DIRECTION('',(1.92747052886312E-16,1.,0.));
#2911=DIRECTION('',(-1.,1.92747052886312E-16,0.));
#2912=DIRECTION('',(0.,0.,-1.));
#2913=DIRECTION('',(0.,0.,1.));
#2914=DIRECTION('',(1.,0.,0.));
#2915=DIRECTION('',(0.,0.,1.));
#2916=DIRECTION('',(1.,0.,0.));
#2917=DIRECTION('',(-1.,0.,0.));
#2918=DIRECTION('',(0.,1.,0.));
#2919=DIRECTION('',(0.,-1.,0.));
#2920=DIRECTION('',(0.,0.,-1.));
#2921=DIRECTION('',(0.,0.,-1.));
#2922=DIRECTION('',(-1.,0.,0.));
#2923=DIRECTION('',(0.,0.,1.));
#2924=DIRECTION('',(0.,0.,1.));
#2925=DIRECTION('',(1.,0.,0.));
#2926=DIRECTION('',(1.,0.,0.));
#2927=DIRECTION('',(0.,1.,0.));
#2928=DIRECTION('',(0.,1.,0.));
#2929=DIRECTION('',(0.,0.,1.));
#2930=DIRECTION('',(0.,0.,-1.));
#2931=DIRECTION('',(-1.,0.,0.));
#2932=DIRECTION('',(0.,0.,1.));
#2933=DIRECTION('',(0.,0.,1.));
#2934=DIRECTION('',(1.,0.,0.));
#2935=DIRECTION('',(0.,1.,0.));
#2936=DIRECTION('',(1.,0.,0.));
#2937=DIRECTION('',(-1.,0.,0.));
#2938=DIRECTION('',(0.,0.,1.));
#2939=DIRECTION('',(0.,0.,-1.));
#2940=DIRECTION('',(0.,1.,0.));
#2941=DIRECTION('',(0.,0.,1.));
#2942=DIRECTION('',(0.,0.,1.));
#2943=DIRECTION('',(1.,0.,0.));
#2944=DIRECTION('',(-1.,0.,0.));
#2945=DIRECTION('',(0.,1.,0.));
#2946=DIRECTION('',(-1.,0.,0.));
#2947=DIRECTION('',(0.,0.,1.));
#2948=DIRECTION('',(0.,0.,-1.));
#2949=DIRECTION('',(0.,-1.,0.));
#2950=DIRECTION('',(0.,0.,-1.));
#2951=DIRECTION('',(0.,0.,1.));
#2952=DIRECTION('',(1.,0.,0.));
#2953=DIRECTION('',(-1.,0.,0.));
#2954=DIRECTION('',(0.,1.,0.));
#2955=DIRECTION('',(1.,0.,0.));
#2956=DIRECTION('',(0.,1.,0.));
#2957=DIRECTION('',(0.,1.,0.));
#2958=DIRECTION('',(-1.,0.,0.));
#2959=DIRECTION('',(0.,1.,0.));
#2960=DIRECTION('',(1.,0.,0.));
#2961=DIRECTION('',(1.,0.,0.));
#2962=DIRECTION('',(0.,1.,0.));
#2963=DIRECTION('',(-1.,0.,0.));
#2964=DIRECTION('',(0.,1.,0.));
#2965=DIRECTION('',(-1.,0.,0.));
#2966=DIRECTION('',(0.,1.,0.));
#2967=DIRECTION('',(1.,0.,0.));
#2968=DIRECTION('',(0.,1.,0.));
#2969=DIRECTION('',(0.,0.,-1.));
#2970=DIRECTION('',(1.,0.,0.));
#2971=DIRECTION('',(1.,1.15648231731787E-16,0.));
#2972=DIRECTION('',(0.,0.,-1.));
#2973=DIRECTION('',(1.,0.,0.));
#2974=DIRECTION('',(1.,1.15648231731787E-16,0.));
#2975=DIRECTION('',(0.,0.,1.));
#2976=DIRECTION('',(1.,0.,0.));
#2977=DIRECTION('',(1.,-1.15648231731787E-16,0.));
#2978=DIRECTION('',(0.,0.,1.));
#2979=DIRECTION('',(1.,0.,0.));
#2980=DIRECTION('',(1.,-1.15648231731787E-16,0.));
#2981=DIRECTION('',(-1.,-1.15648231731787E-16,0.));
#2982=DIRECTION('',(0.,0.,-1.));
#2983=DIRECTION('',(1.,0.,0.));
#2984=DIRECTION('',(-1.,-1.15648231731787E-16,0.));
#2985=DIRECTION('',(0.,0.,-1.));
#2986=DIRECTION('',(1.,0.,0.));
#2987=DIRECTION('',(0.,0.,1.));
#2988=DIRECTION('',(1.,0.,0.));
#2989=DIRECTION('',(-1.,1.15648231731787E-16,0.));
#2990=DIRECTION('',(0.,0.,1.));
#2991=DIRECTION('',(1.,0.,0.));
#2992=DIRECTION('',(-1.,1.15648231731787E-16,0.));
#2993=DIRECTION('',(1.,0.,0.));
#2994=DIRECTION('',(0.,0.,1.));
#2995=DIRECTION('',(1.,0.,0.));
#2996=DIRECTION('',(0.,1.,0.));
#2997=DIRECTION('',(0.,0.,1.));
#2998=DIRECTION('',(1.,0.,0.));
#2999=DIRECTION('',(1.,0.,0.));
#3000=DIRECTION('',(0.,0.,1.));
#3001=DIRECTION('',(1.,0.,0.));
#3002=DIRECTION('',(0.,1.,0.));
#3003=DIRECTION('',(0.,0.,1.));
#3004=DIRECTION('',(1.,0.,0.));
#3005=DIRECTION('',(0.,-1.,0.));
#3006=DIRECTION('',(0.,0.,-1.));
#3007=DIRECTION('',(1.,0.,0.));
#3008=DIRECTION('',(0.,0.,1.));
#3009=DIRECTION('',(0.,0.,1.));
#3010=DIRECTION('',(0.,0.,1.));
#3011=DIRECTION('',(1.,0.,0.));
#3012=DIRECTION('',(0.,0.,1.));
#3013=DIRECTION('',(1.,0.,0.));
#3014=DIRECTION('',(0.,0.,1.));
#3015=DIRECTION('',(1.,0.,0.));
#3016=DIRECTION('',(0.,0.,-1.));
#3017=DIRECTION('',(0.,1.,0.));
#3018=DIRECTION('',(0.,0.,1.));
#3019=DIRECTION('',(0.,0.,1.));
#3020=DIRECTION('',(1.,0.,0.));
#3021=DIRECTION('',(0.,0.,1.));
#3022=DIRECTION('',(1.,0.,0.));
#3023=DIRECTION('',(0.,0.,1.));
#3024=DIRECTION('',(0.,-1.,0.));
#3025=DIRECTION('',(0.,0.,-1.));
#3026=DIRECTION('',(1.,0.,0.));
#3027=DIRECTION('',(0.,0.,1.));
#3028=DIRECTION('',(0.,0.,1.));
#3029=DIRECTION('',(1.,0.,0.));
#3030=DIRECTION('',(0.,0.,1.));
#3031=DIRECTION('',(1.,0.,0.));
#3032=DIRECTION('',(0.,0.,1.));
#3033=DIRECTION('',(1.,0.,0.));
#3034=DIRECTION('',(0.,0.,-1.));
#3035=DIRECTION('',(0.,1.,0.));
#3036=DIRECTION('',(0.,0.,1.));
#3037=DIRECTION('',(0.,0.,1.));
#3038=DIRECTION('',(1.,0.,0.));
#3039=DIRECTION('',(0.,0.,1.));
#3040=DIRECTION('',(1.,0.,0.));
#3041=DIRECTION('',(0.,0.,1.));
#3042=DIRECTION('',(0.,0.,1.));
#3043=DIRECTION('',(1.15648231731787E-16,1.,0.));
#3044=DIRECTION('',(-1.,1.15648231731787E-16,0.));
#3045=DIRECTION('',(-1.,1.15648231731787E-16,0.));
#3046=DIRECTION('',(0.,0.,1.));
#3047=DIRECTION('',(0.,0.,1.));
#3048=DIRECTION('',(1.,0.,0.));
#3049=DIRECTION('',(0.,0.,1.));
#3050=DIRECTION('',(1.,0.,0.));
#3051=DIRECTION('',(0.,0.,1.));
#3052=DIRECTION('',(-1.15648231731787E-16,1.,0.));
#3053=DIRECTION('',(-1.,-1.15648231731787E-16,0.));
#3054=DIRECTION('',(-1.,-1.15648231731787E-16,0.));
#3055=DIRECTION('',(0.,0.,1.));
#3056=DIRECTION('',(0.,0.,1.));
#3057=DIRECTION('',(0.,0.,1.));
#3058=DIRECTION('',(1.,0.,0.));
#3059=DIRECTION('',(0.,0.,-1.));
#3060=DIRECTION('',(1.,0.,0.));
#3061=DIRECTION('',(0.,0.,1.));
#3062=DIRECTION('',(-1.15648231731787E-16,1.,0.));
#3063=DIRECTION('',(-1.,-1.15648231731787E-16,0.));
#3064=DIRECTION('',(-1.,-1.15648231731787E-16,0.));
#3065=DIRECTION('',(0.,0.,1.));
#3066=DIRECTION('',(0.,0.,1.));
#3067=DIRECTION('',(1.,0.,0.));
#3068=DIRECTION('',(0.,0.,1.));
#3069=DIRECTION('',(1.,0.,0.));
#3070=DIRECTION('',(0.,0.,1.));
#3071=DIRECTION('',(0.,0.,1.));
#3072=DIRECTION('',(-1.15648231731787E-16,-1.,0.));
#3073=DIRECTION('',(1.,-1.15648231731787E-16,0.));
#3074=DIRECTION('',(1.,-1.15648231731787E-16,0.));
#3075=DIRECTION('',(0.,0.,1.));
#3076=DIRECTION('',(0.,0.,1.));
#3077=DIRECTION('',(1.,0.,0.));
#3078=DIRECTION('',(0.,0.,1.));
#3079=DIRECTION('',(1.,0.,0.));
#3080=DIRECTION('',(0.,0.,1.));
#3081=DIRECTION('',(0.,0.,1.));
#3082=DIRECTION('',(1.,0.,0.));
#3083=DIRECTION('',(0.,0.,-1.));
#3084=DIRECTION('',(1.,0.,0.));
#3085=DIRECTION('',(0.,0.,1.));
#3086=DIRECTION('',(0.,0.,1.));
#3087=DIRECTION('',(1.15648231731787E-16,-1.,0.));
#3088=DIRECTION('',(1.,1.15648231731787E-16,0.));
#3089=DIRECTION('',(1.,1.15648231731787E-16,0.));
#3090=DIRECTION('',(0.,0.,1.));
#3091=DIRECTION('',(0.,0.,1.));
#3092=DIRECTION('',(1.,0.,0.));
#3093=DIRECTION('',(0.,0.,-1.));
#3094=DIRECTION('',(1.,0.,0.));
#3095=DIRECTION('',(0.,0.,1.));
#3096=DIRECTION('',(1.15648231731787E-16,1.,0.));
#3097=DIRECTION('',(-1.,1.15648231731787E-16,0.));
#3098=DIRECTION('',(-1.,1.15648231731787E-16,0.));
#3099=DIRECTION('',(0.,0.,1.));
#3100=DIRECTION('',(1.,0.,0.));
#3101=DIRECTION('',(0.,0.,-1.));
#3102=DIRECTION('',(1.,0.,0.));
#3103=DIRECTION('',(-1.15648231731787E-16,-1.,0.));
#3104=DIRECTION('',(1.,-1.15648231731787E-16,0.));
#3105=DIRECTION('',(1.,-1.15648231731787E-16,0.));
#3106=DIRECTION('',(1.15648231731787E-16,-1.,0.));
#3107=DIRECTION('',(1.,1.15648231731787E-16,0.));
#3108=DIRECTION('',(1.,1.15648231731787E-16,0.));
#3109=DIRECTION('',(0.,0.,1.));
#3110=DIRECTION('',(1.,0.,0.));
#3111=DIRECTION('',(0.,0.,1.));
#3112=DIRECTION('',(1.,0.,0.));
#3113=DIRECTION('',(0.,0.,1.));
#3114=DIRECTION('',(1.,0.,0.));
#3115=DIRECTION('',(0.,0.,1.));
#3116=DIRECTION('',(1.,0.,0.));
#3117=DIRECTION('',(-0.707106781186548,0.,0.707106781186548));
#3118=DIRECTION('',(0.707106781186548,0.,0.707106781186548));
#3119=DIRECTION('',(0.,0.,-1.));
#3120=DIRECTION('',(-1.,0.,0.));
#3121=DIRECTION('',(0.707106781186548,0.,-0.707106781186548));
#3122=DIRECTION('',(-0.707106781186548,0.,-0.707106781186548));
#3123=DIRECTION('',(0.,0.,-1.));
#3124=DIRECTION('',(-1.,0.,0.));
#3125=DIRECTION('',(-0.707106781186548,0.,-0.707106781186548));
#3126=DIRECTION('',(0.707106781186548,0.,-0.707106781186548));
#3127=DIRECTION('',(0.,0.,1.));
#3128=DIRECTION('',(1.,0.,0.));
#3129=DIRECTION('',(0.707106781186548,0.,0.707106781186548));
#3130=DIRECTION('',(-0.707106781186548,0.,0.707106781186548));
#3131=DIRECTION('',(-1.,0.,0.));
#3132=DIRECTION('',(0.,0.,1.));
#3133=DIRECTION('',(-0.707106781186548,0.707106781186548,0.));
#3134=DIRECTION('',(-0.707106781186548,-0.707106781186548,0.));
#3135=DIRECTION('',(-0.707106781186548,-0.707106781186548,0.));
#3136=DIRECTION('',(-0.707106781186548,0.707106781186548,0.));
#3137=DIRECTION('',(0.,-1.,0.));
#3138=DIRECTION('',(0.,0.,-1.));
#3139=DIRECTION('',(0.707106781186548,-0.707106781186548,0.));
#3140=DIRECTION('',(-0.707106781186548,-0.707106781186548,0.));
#3141=DIRECTION('',(0.,1.,0.));
#3142=DIRECTION('',(0.,0.,1.));
#3143=DIRECTION('',(0.707106781186548,0.707106781186548,0.));
#3144=DIRECTION('',(-0.707106781186548,0.707106781186548,0.));
#3145=DIRECTION('',(1.,0.,0.));
#3146=DIRECTION('',(0.,0.,-1.));
#3147=DIRECTION('',(0.,1.,0.));
#3148=DIRECTION('',(0.,0.,1.));
#3149=DIRECTION('',(0.707106781186548,0.707106781186548,0.));
#3150=DIRECTION('',(-0.707106781186548,0.707106781186548,0.));
#3151=DIRECTION('',(-0.707106781186548,0.707106781186548,0.));
#3152=DIRECTION('',(-0.707106781186548,-0.707106781186548,0.));
#3153=DIRECTION('',(-1.,0.,0.));
#3154=DIRECTION('',(0.,0.,1.));
#3155=DIRECTION('',(-0.707106781186548,-0.707106781186548,0.));
#3156=DIRECTION('',(-0.707106781186548,0.707106781186548,0.));
#3157=DIRECTION('',(1.,0.,0.));
#3158=DIRECTION('',(0.,0.,-1.));
#3159=DIRECTION('',(0.707106781186548,-0.707106781186548,0.));
#3160=DIRECTION('',(0.707106781186548,0.707106781186548,0.));
#3161=DIRECTION('',(0.,-1.,0.));
#3162=DIRECTION('',(0.,0.,-1.));
#3163=DIRECTION('',(0.,-1.,0.));
#3164=DIRECTION('',(0.,0.,-1.));
#3165=DIRECTION('',(0.707106781186548,-0.707106781186548,0.));
#3166=DIRECTION('',(0.707106781186548,0.707106781186548,0.));
#3167=DIRECTION('',(-0.707106781186548,-0.707106781186548,0.));
#3168=DIRECTION('',(0.707106781186548,-0.707106781186548,0.));
#3169=DIRECTION('',(-1.,0.,0.));
#3170=DIRECTION('',(0.,0.,1.));
#3171=DIRECTION('',(-0.707106781186548,0.707106781186548,0.));
#3172=DIRECTION('',(-0.707106781186548,-0.707106781186548,0.));
#3173=DIRECTION('',(1.,0.,0.));
#3174=DIRECTION('',(0.,0.,-1.));
#3175=DIRECTION('',(0.707106781186548,0.707106781186548,0.));
#3176=DIRECTION('',(0.707106781186548,-0.707106781186548,0.));
#3177=DIRECTION('',(0.,1.,0.));
#3178=DIRECTION('',(0.,0.,1.));
#3179=DIRECTION('',(0.,-1.,0.));
#3180=DIRECTION('',(0.,0.,-1.));
#3181=DIRECTION('',(0.707106781186548,-0.707106781186548,0.));
#3182=DIRECTION('',(-0.707106781186548,-0.707106781186548,0.));
#3183=DIRECTION('',(-0.707106781186548,-0.707106781186548,0.));
#3184=DIRECTION('',(0.707106781186548,-0.707106781186548,0.));
#3185=DIRECTION('',(-1.,0.,0.));
#3186=DIRECTION('',(0.,0.,1.));
#3187=DIRECTION('',(-0.707106781186548,0.707106781186548,0.));
#3188=DIRECTION('',(-0.707106781186548,-0.707106781186548,0.));
#3189=DIRECTION('',(1.,0.,0.));
#3190=DIRECTION('',(0.,0.,-1.));
#3191=DIRECTION('',(0.707106781186548,0.707106781186548,0.));
#3192=DIRECTION('',(0.707106781186548,-0.707106781186548,0.));
#3193=DIRECTION('',(0.,1.,0.));
#3194=DIRECTION('',(0.,0.,1.));
#3195=DIRECTION('',(-1.,0.,0.));
#3196=DIRECTION('',(0.,0.,1.));
#3197=DIRECTION('',(1.,0.,0.));
#3198=DIRECTION('',(0.,0.,-1.));
#3199=DIRECTION('',(-1.,0.,0.));
#3200=DIRECTION('',(0.,0.,1.));
#3201=DIRECTION('',(1.,0.,0.));
#3202=DIRECTION('',(0.,0.,-1.));
#3203=DIRECTION('',(0.,-1.,0.));
#3204=DIRECTION('',(0.,0.,-1.));
#3205=DIRECTION('',(-0.707106781186548,-0.707106781186548,0.));
#3206=DIRECTION('',(0.707106781186548,-0.707106781186548,0.));
#3207=DIRECTION('',(-1.,0.,0.));
#3208=DIRECTION('',(0.,0.,1.));
#3209=DIRECTION('',(0.,-1.,0.));
#3210=DIRECTION('',(0.,0.,-1.));
#3211=DIRECTION('',(0.707106781186548,-0.707106781186548,0.));
#3212=DIRECTION('',(-0.707106781186548,-0.707106781186548,0.));
#3213=DIRECTION('',(-1.,0.,0.));
#3214=DIRECTION('',(0.,0.,1.));
#3215=DIRECTION('',(0.,1.,0.));
#3216=DIRECTION('',(0.,0.,1.));
#3217=DIRECTION('',(0.707106781186548,0.707106781186548,0.));
#3218=DIRECTION('',(-0.707106781186548,0.707106781186548,0.));
#3219=DIRECTION('',(1.,0.,0.));
#3220=DIRECTION('',(0.,0.,-1.));
#3221=DIRECTION('',(0.,1.,0.));
#3222=DIRECTION('',(0.,0.,1.));
#3223=DIRECTION('',(-0.707106781186548,0.707106781186548,0.));
#3224=DIRECTION('',(0.707106781186548,0.707106781186548,0.));
#3225=DIRECTION('',(1.,0.,0.));
#3226=DIRECTION('',(0.,0.,-1.));
#3227=DIRECTION('',(0.,0.,1.));
#3228=DIRECTION('',(1.,0.,0.));
#3229=DIRECTION('',(0.,-0.707106781186548,-0.707106781186548));
#3230=DIRECTION('',(0.,0.707106781186548,-0.707106781186548));
#3231=DIRECTION('',(0.,1.,0.));
#3232=DIRECTION('',(0.,0.,1.));
#3233=DIRECTION('',(-0.707106781186548,0.707106781186548,0.));
#3234=DIRECTION('',(-0.707106781186548,-0.707106781186548,0.));
#3235=DIRECTION('',(-1.,0.,0.));
#3236=DIRECTION('',(0.,0.,1.));
#3237=DIRECTION('',(-0.707106781186548,0.,-0.707106781186548));
#3238=DIRECTION('',(-0.707106781186548,0.,0.707106781186548));
#3239=DIRECTION('',(0.,0.,-1.));
#3240=DIRECTION('',(-1.,0.,0.));
#3241=DIRECTION('',(0.,0.,-1.));
#3242=DIRECTION('',(-1.,0.,0.));
#3243=DIRECTION('',(0.,-0.707106781186548,0.707106781186548));
#3244=DIRECTION('',(0.,0.707106781186548,0.707106781186548));
#3245=DIRECTION('',(0.,-1.,0.));
#3246=DIRECTION('',(0.,0.,-1.));
#3247=DIRECTION('',(0.707106781186548,-0.707106781186548,0.));
#3248=DIRECTION('',(-0.707106781186548,-0.707106781186548,0.));
#3249=DIRECTION('',(0.,0.,1.));
#3250=DIRECTION('',(1.,0.,0.));
#3251=DIRECTION('',(0.707106781186548,0.,-0.707106781186548));
#3252=DIRECTION('',(-0.707106781186548,0.,-0.707106781186548));
#3253=DIRECTION('',(1.,0.,0.));
#3254=DIRECTION('',(0.,0.,-1.));
#3255=DIRECTION('',(2.06514699521048E-16,1.,0.));
#3256=DIRECTION('',(-1.,2.06514699521048E-16,0.));
#3257=DIRECTION('',(0.707106781186548,0.707106781186547,0.));
#3258=DIRECTION('',(-0.707106781186547,0.707106781186548,0.));
#3259=DIRECTION('',(-0.707106781186548,0.707106781186548,0.));
#3260=DIRECTION('',(-0.707106781186548,-0.707106781186548,0.));
#3261=DIRECTION('',(1.,-1.23908819712629E-16,0.));
#3262=DIRECTION('',(1.23908819712629E-16,1.,0.));
#3263=DIRECTION('',(0.707106781186547,-0.707106781186548,0.));
#3264=DIRECTION('',(0.707106781186548,0.707106781186547,0.));
#3265=DIRECTION('',(-1.,0.,0.));
#3266=DIRECTION('',(0.,0.,1.));
#3267=DIRECTION('',(-0.707106781186548,-0.707106781186548,0.));
#3268=DIRECTION('',(-0.707106781186548,0.707106781186548,0.));
#3269=DIRECTION('',(-2.06514699521048E-16,-1.,0.));
#3270=DIRECTION('',(1.,-2.06514699521048E-16,0.));
#3271=CARTESIAN_POINT('',(0.,0.,0.));
#3272=CARTESIAN_POINT('',(0.,0.,0.0085));
#3273=CARTESIAN_POINT('',(-0.01075,-0.00825,0.0085));
#3274=CARTESIAN_POINT('',(-0.0115,-0.00825,0.0085));
#3275=CARTESIAN_POINT('',(-0.01,-0.00825,0.0085));
#3276=CARTESIAN_POINT('',(-0.01,0.00175,0.0085));
#3277=CARTESIAN_POINT('',(-0.01,-0.0055,0.0085));
#3278=CARTESIAN_POINT('',(0.,-0.0055,0.0085));
#3279=CARTESIAN_POINT('',(-0.0115,-0.0055,0.0085));
#3280=CARTESIAN_POINT('',(-0.0115,0.0095,0.0085));
#3281=CARTESIAN_POINT('',(0.,0.,0.0085));
#3282=CARTESIAN_POINT('',(-0.00075,0.01425,0.0085));
#3283=CARTESIAN_POINT('',(-0.00075,0.0135,0.0085));
#3284=CARTESIAN_POINT('',(-0.00075,0.015,0.0085));
#3285=CARTESIAN_POINT('',(-0.01075,0.015,0.0085));
#3286=CARTESIAN_POINT('',(-0.0115,0.015,0.0085));
#3287=CARTESIAN_POINT('',(-0.0115,0.0095,0.0085));
#3288=CARTESIAN_POINT('',(-0.0115,0.0055,0.0085));
#3289=CARTESIAN_POINT('',(-0.0115,0.0055,0.0085));
#3290=CARTESIAN_POINT('',(-0.01,0.0055,0.0085));
#3291=CARTESIAN_POINT('',(-0.01,0.00175,0.0085));
#3292=CARTESIAN_POINT('',(-0.01,0.0125,0.0085));
#3293=CARTESIAN_POINT('',(-0.009,0.0125,0.0085));
#3294=CARTESIAN_POINT('',(-0.009,0.0135,0.0085));
#3295=CARTESIAN_POINT('',(-0.0045,0.0135,0.0085));
#3296=CARTESIAN_POINT('',(0.,0.,0.0085));
#3297=CARTESIAN_POINT('',(0.0115,-0.0095,0.0085));
#3298=CARTESIAN_POINT('',(0.0115,0.0055,0.0085));
#3299=CARTESIAN_POINT('',(0.0115,0.00825,0.0085));
#3300=CARTESIAN_POINT('',(0.01075,0.00825,0.0085));
#3301=CARTESIAN_POINT('',(0.01,0.00825,0.0085));
#3302=CARTESIAN_POINT('',(0.01,-0.00175,0.0085));
#3303=CARTESIAN_POINT('',(0.01,0.0055,0.0085));
#3304=CARTESIAN_POINT('',(0.,0.0055,0.0085));
#3305=CARTESIAN_POINT('',(0.,0.,0.0085));
#3306=CARTESIAN_POINT('',(0.0045,-0.0135,0.0085));
#3307=CARTESIAN_POINT('',(0.00075,-0.0135,0.0085));
#3308=CARTESIAN_POINT('',(0.009,-0.0135,0.0085));
#3309=CARTESIAN_POINT('',(0.00075,-0.01425,0.0085));
#3310=CARTESIAN_POINT('',(0.00075,-0.015,0.0085));
#3311=CARTESIAN_POINT('',(0.005,-0.015,0.0085));
#3312=CARTESIAN_POINT('',(0.0115,-0.015,0.0085));
#3313=CARTESIAN_POINT('',(0.0115,-0.0095,0.0085));
#3314=CARTESIAN_POINT('',(0.0115,-0.0055,0.0085));
#3315=CARTESIAN_POINT('',(0.0115,-0.0055,0.0085));
#3316=CARTESIAN_POINT('',(0.01,-0.0055,0.0085));
#3317=CARTESIAN_POINT('',(0.01,-0.00175,0.0085));
#3318=CARTESIAN_POINT('',(0.01,-0.0125,0.0085));
#3319=CARTESIAN_POINT('',(0.009,-0.0125,0.0085));
#3320=CARTESIAN_POINT('',(0.,0.,0.0015));
#3321=CARTESIAN_POINT('',(0.0155,-0.003025,0.0015));
#3322=CARTESIAN_POINT('',(0.0155,-0.00055,0.0015));
#3323=CARTESIAN_POINT('',(0.0155,0.00055,0.0015));
#3324=CARTESIAN_POINT('',(0.,0.00055,0.0015));
#3325=CARTESIAN_POINT('',(0.0143351646544245,0.00055,0.0015));
#3326=CARTESIAN_POINT('',(0.0135,6.12323399573677E-20,0.0015));
#3327=CARTESIAN_POINT('',(0.0143351646544245,-0.00055,0.0015));
#3328=CARTESIAN_POINT('',(0.0155,-0.00055,0.0015));
#3329=CARTESIAN_POINT('',(0.,0.,0.0015));
#3330=CARTESIAN_POINT('',(-0.0115,0.,0.0015));
#3331=CARTESIAN_POINT('',(-0.0115,0.00055,0.0015));
#3332=CARTESIAN_POINT('',(-0.0115,-0.00055,0.0015));
#3333=CARTESIAN_POINT('',(-0.0155,0.00055,0.0015));
#3334=CARTESIAN_POINT('',(-0.0126648353455755,0.00055,0.0015));
#3335=CARTESIAN_POINT('',(-0.0135,6.12323399573677E-20,0.0015));
#3336=CARTESIAN_POINT('',(-0.0126648353455755,-0.00055,0.0015));
#3337=CARTESIAN_POINT('',(0.,-0.00055,0.0015));
#3338=CARTESIAN_POINT('',(0.0135,-0.004,0.0015));
#3339=CARTESIAN_POINT('',(0.0115,-0.004,0.04));
#3340=CARTESIAN_POINT('',(0.0115,-0.004,0.037));
#3341=CARTESIAN_POINT('',(0.0115,-0.004,0.01));
#3342=CARTESIAN_POINT('',(0.013,-0.004,0.01));
#3343=CARTESIAN_POINT('',(0.013,-0.004,0.01));
#3344=CARTESIAN_POINT('',(0.013,-0.004,0.0015));
#3345=CARTESIAN_POINT('',(0.013,-0.004,0.));
#3346=CARTESIAN_POINT('',(0.0135,-0.004,0.));
#3347=CARTESIAN_POINT('',(0.0115,-0.004,0.));
#3348=CARTESIAN_POINT('',(0.0115,-0.004,0.04));
#3349=CARTESIAN_POINT('',(0.0115,-0.004,-0.002));
#3350=CARTESIAN_POINT('',(0.0135,-0.004,-0.002));
#3351=CARTESIAN_POINT('',(0.0155,-0.004,-0.002));
#3352=CARTESIAN_POINT('',(0.0155,-0.004,0.0015));
#3353=CARTESIAN_POINT('',(0.0155,-0.004,0.037));
#3354=CARTESIAN_POINT('',(0.0135,-0.004,0.037));
#3355=CARTESIAN_POINT('',(0.0155,-0.003025,0.0015));
#3356=CARTESIAN_POINT('',(0.0155,-0.00205,0.04));
#3357=CARTESIAN_POINT('',(0.0155,-0.00205,0.037));
#3358=CARTESIAN_POINT('',(0.0155,-0.00205,0.003));
#3359=CARTESIAN_POINT('',(0.0155,-0.004,0.037));
#3360=CARTESIAN_POINT('',(0.0155,-0.003025,-0.002));
#3361=CARTESIAN_POINT('',(0.0155,-0.00205,-0.002));
#3362=CARTESIAN_POINT('',(0.0155,-0.00205,0.04));
#3363=CARTESIAN_POINT('',(0.0155,-0.00205,1.38777878078145E-17));
#3364=CARTESIAN_POINT('',(0.0155,-0.003025,0.));
#3365=CARTESIAN_POINT('',(0.0155,0.00205,0.));
#3366=CARTESIAN_POINT('',(0.0155,0.00205,0.04));
#3367=CARTESIAN_POINT('',(0.0155,0.00205,-0.002));
#3368=CARTESIAN_POINT('',(0.0155,0.003025,-0.002));
#3369=CARTESIAN_POINT('',(0.0155,0.004,-0.002));
#3370=CARTESIAN_POINT('',(0.0155,0.004,0.0015));
#3371=CARTESIAN_POINT('',(0.0155,0.004,0.037));
#3372=CARTESIAN_POINT('',(0.0155,0.00205,0.037));
#3373=CARTESIAN_POINT('',(0.0155,0.00205,0.037));
#3374=CARTESIAN_POINT('',(0.0155,0.00205,0.04));
#3375=CARTESIAN_POINT('',(0.0155,0.00205,0.003));
#3376=CARTESIAN_POINT('',(0.0155,0.00055,0.003));
#3377=CARTESIAN_POINT('',(0.0155,-0.00055,0.003));
#3378=CARTESIAN_POINT('',(0.0135,0.004,0.0015));
#3379=CARTESIAN_POINT('',(0.013,0.004,0.0085));
#3380=CARTESIAN_POINT('',(0.013,0.004,0.));
#3381=CARTESIAN_POINT('',(0.013,0.004,0.01));
#3382=CARTESIAN_POINT('',(0.0135,0.004,0.01));
#3383=CARTESIAN_POINT('',(0.0115,0.004,0.01));
#3384=CARTESIAN_POINT('',(0.0115,0.004,0.04));
#3385=CARTESIAN_POINT('',(0.0115,0.004,0.037));
#3386=CARTESIAN_POINT('',(0.0155,0.004,0.037));
#3387=CARTESIAN_POINT('',(0.0135,0.004,-0.002));
#3388=CARTESIAN_POINT('',(0.0115,0.004,-0.002));
#3389=CARTESIAN_POINT('',(0.0115,0.004,0.04));
#3390=CARTESIAN_POINT('',(0.0115,0.004,0.));
#3391=CARTESIAN_POINT('',(0.,0.004,0.));
#3392=CARTESIAN_POINT('',(-0.0135,0.004,0.0015));
#3393=CARTESIAN_POINT('',(-0.0115,0.004,0.04));
#3394=CARTESIAN_POINT('',(-0.0115,0.004,0.037));
#3395=CARTESIAN_POINT('',(-0.0115,0.004,0.01));
#3396=CARTESIAN_POINT('',(-0.013,0.004,0.01));
#3397=CARTESIAN_POINT('',(-0.013,0.004,0.01));
#3398=CARTESIAN_POINT('',(-0.013,0.004,1.38777878078145E-17));
#3399=CARTESIAN_POINT('',(-0.013,0.004,0.));
#3400=CARTESIAN_POINT('',(-0.0135,0.004,0.));
#3401=CARTESIAN_POINT('',(-0.0115,0.004,1.38777878078145E-17));
#3402=CARTESIAN_POINT('',(-0.0115,0.004,0.04));
#3403=CARTESIAN_POINT('',(-0.0115,0.004,-0.002));
#3404=CARTESIAN_POINT('',(-0.0135,0.004,-0.002));
#3405=CARTESIAN_POINT('',(-0.0155,0.004,-0.002));
#3406=CARTESIAN_POINT('',(-0.0155,0.004,0.0015));
#3407=CARTESIAN_POINT('',(-0.0155,0.004,0.037));
#3408=CARTESIAN_POINT('',(-0.0135,0.004,0.037));
#3409=CARTESIAN_POINT('',(-0.0155,-0.003025,0.0015));
#3410=CARTESIAN_POINT('',(-0.0155,0.00205,0.04));
#3411=CARTESIAN_POINT('',(-0.0155,0.00205,0.037));
#3412=CARTESIAN_POINT('',(-0.0155,0.00205,0.003));
#3413=CARTESIAN_POINT('',(-0.0155,-0.003025,0.037));
#3414=CARTESIAN_POINT('',(-0.0155,0.003025,-0.002));
#3415=CARTESIAN_POINT('',(-0.0155,0.00205,-0.002));
#3416=CARTESIAN_POINT('',(-0.0155,0.00205,0.04));
#3417=CARTESIAN_POINT('',(-0.0155,0.00205,0.));
#3418=CARTESIAN_POINT('',(-0.0155,-0.003025,0.));
#3419=CARTESIAN_POINT('',(-0.0155,-0.00205,0.));
#3420=CARTESIAN_POINT('',(-0.0155,-0.00205,0.04));
#3421=CARTESIAN_POINT('',(-0.0155,-0.00205,-0.002));
#3422=CARTESIAN_POINT('',(-0.0155,-0.003025,-0.002));
#3423=CARTESIAN_POINT('',(-0.0155,-0.004,-0.002));
#3424=CARTESIAN_POINT('',(-0.0155,-0.004,0.0015));
#3425=CARTESIAN_POINT('',(-0.0155,-0.004,0.037));
#3426=CARTESIAN_POINT('',(-0.0155,-0.003025,0.037));
#3427=CARTESIAN_POINT('',(-0.0155,-0.00205,0.037));
#3428=CARTESIAN_POINT('',(-0.0155,-0.00205,0.04));
#3429=CARTESIAN_POINT('',(-0.0155,-0.00205,0.003));
#3430=CARTESIAN_POINT('',(-0.0155,-0.00055,0.003));
#3431=CARTESIAN_POINT('',(-0.0155,-0.00055,0.0015));
#3432=CARTESIAN_POINT('',(-0.0155,-0.003025,0.0015));
#3433=CARTESIAN_POINT('',(-0.0155,0.00055,0.0015));
#3434=CARTESIAN_POINT('',(-0.0155,0.00055,0.003));
#3435=CARTESIAN_POINT('',(-0.0135,-0.004,0.0015));
#3436=CARTESIAN_POINT('',(-0.013,-0.004,0.0015));
#3437=CARTESIAN_POINT('',(-0.013,-0.004,0.));
#3438=CARTESIAN_POINT('',(-0.013,-0.004,0.01));
#3439=CARTESIAN_POINT('',(-0.0135,-0.004,0.01));
#3440=CARTESIAN_POINT('',(-0.0115,-0.004,0.01));
#3441=CARTESIAN_POINT('',(-0.0115,-0.004,0.04));
#3442=CARTESIAN_POINT('',(-0.0115,-0.004,0.037));
#3443=CARTESIAN_POINT('',(-0.0155,-0.004,0.037));
#3444=CARTESIAN_POINT('',(-0.0135,-0.004,-0.002));
#3445=CARTESIAN_POINT('',(-0.0115,-0.004,-0.002));
#3446=CARTESIAN_POINT('',(-0.0115,-0.004,0.04));
#3447=CARTESIAN_POINT('',(-0.0115,-0.004,0.));
#3448=CARTESIAN_POINT('',(0.,-0.004,0.));
#3449=CARTESIAN_POINT('',(-0.0115,-0.003025,0.04));
#3450=CARTESIAN_POINT('',(-0.0115,-0.003025,0.01));
#3451=CARTESIAN_POINT('',(-0.0115,-0.00205,0.01));
#3452=CARTESIAN_POINT('',(-0.0115,-0.00205,0.04));
#3453=CARTESIAN_POINT('',(-0.0115,-0.00205,0.037));
#3454=CARTESIAN_POINT('',(-0.0115,-0.004,0.037));
#3455=CARTESIAN_POINT('',(-0.0135,-0.00205,0.04));
#3456=CARTESIAN_POINT('',(-0.0115,-0.00205,0.04));
#3457=CARTESIAN_POINT('',(-0.0115,-0.00205,0.0085));
#3458=CARTESIAN_POINT('',(-0.0115,-0.00205,0.003));
#3459=CARTESIAN_POINT('',(-0.0135,-0.00205,0.003));
#3460=CARTESIAN_POINT('',(-0.0115,-0.00205,0.037));
#3461=CARTESIAN_POINT('',(-0.01,-0.00205,0.01));
#3462=CARTESIAN_POINT('',(-0.01,-0.00205,0.0085));
#3463=CARTESIAN_POINT('',(0.,-0.00205,0.0085));
#3464=CARTESIAN_POINT('',(-0.0115,0.003025,0.04));
#3465=CARTESIAN_POINT('',(-0.0115,0.00205,0.04));
#3466=CARTESIAN_POINT('',(-0.0115,0.00205,0.037));
#3467=CARTESIAN_POINT('',(-0.0115,0.00205,0.01));
#3468=CARTESIAN_POINT('',(-0.0115,0.003025,0.01));
#3469=CARTESIAN_POINT('',(-0.0115,0.00205,0.037));
#3470=CARTESIAN_POINT('',(-0.0135,0.00205,0.04));
#3471=CARTESIAN_POINT('',(-0.0115,0.00205,0.003));
#3472=CARTESIAN_POINT('',(-0.0115,0.00205,0.003));
#3473=CARTESIAN_POINT('',(-0.0115,0.00205,0.04));
#3474=CARTESIAN_POINT('',(-0.0115,0.00205,0.0085));
#3475=CARTESIAN_POINT('',(-0.0135,0.00205,0.0085));
#3476=CARTESIAN_POINT('',(-0.01,0.00205,0.0085));
#3477=CARTESIAN_POINT('',(-0.01,0.00205,0.01));
#3478=CARTESIAN_POINT('',(-0.0135,0.00205,0.037));
#3479=CARTESIAN_POINT('',(0.0115,0.003025,0.04));
#3480=CARTESIAN_POINT('',(0.0115,0.00205,0.01));
#3481=CARTESIAN_POINT('',(0.0115,0.00205,0.01));
#3482=CARTESIAN_POINT('',(0.0115,0.00205,0.04));
#3483=CARTESIAN_POINT('',(0.0115,0.00205,0.037));
#3484=CARTESIAN_POINT('',(0.0115,0.003025,0.037));
#3485=CARTESIAN_POINT('',(0.0135,0.00205,0.04));
#3486=CARTESIAN_POINT('',(0.0115,0.00205,0.04));
#3487=CARTESIAN_POINT('',(0.0115,0.00205,0.0085));
#3488=CARTESIAN_POINT('',(0.0115,0.00205,0.003));
#3489=CARTESIAN_POINT('',(0.0135,0.00205,0.003));
#3490=CARTESIAN_POINT('',(0.0115,0.00205,0.037));
#3491=CARTESIAN_POINT('',(0.01,0.00205,0.01));
#3492=CARTESIAN_POINT('',(0.01,0.00205,0.0085));
#3493=CARTESIAN_POINT('',(0.,0.00205,0.0085));
#3494=CARTESIAN_POINT('',(0.0115,-0.003025,0.04));
#3495=CARTESIAN_POINT('',(0.0115,-0.00205,0.04));
#3496=CARTESIAN_POINT('',(0.0115,-0.00205,0.037));
#3497=CARTESIAN_POINT('',(0.0115,-0.00205,0.01));
#3498=CARTESIAN_POINT('',(0.0115,-0.004,0.01));
#3499=CARTESIAN_POINT('',(0.0115,-0.003025,0.037));
#3500=CARTESIAN_POINT('',(0.0135,-0.00205,0.04));
#3501=CARTESIAN_POINT('',(0.0115,-0.00205,0.003));
#3502=CARTESIAN_POINT('',(0.0115,-0.00205,0.003));
#3503=CARTESIAN_POINT('',(0.0115,-0.00205,0.04));
#3504=CARTESIAN_POINT('',(0.0115,-0.00205,0.0085));
#3505=CARTESIAN_POINT('',(0.0135,-0.00205,0.0085));
#3506=CARTESIAN_POINT('',(0.01,-0.00205,0.0085));
#3507=CARTESIAN_POINT('',(0.01,-0.00205,0.01));
#3508=CARTESIAN_POINT('',(0.0135,-0.00205,0.037));
#3509=CARTESIAN_POINT('',(0.,0.,0.0015));
#3510=CARTESIAN_POINT('',(0.0135,6.12323399573677E-20,0.0015));
#3511=CARTESIAN_POINT('',(0.0126648353455755,0.00055,0.0015));
#3512=CARTESIAN_POINT('',(0.0126648353455755,-0.00055,0.0015));
#3513=CARTESIAN_POINT('',(0.,0.00055,0.0015));
#3514=CARTESIAN_POINT('',(0.0115,0.00055,0.0015));
#3515=CARTESIAN_POINT('',(0.0115,0.,0.0015));
#3516=CARTESIAN_POINT('',(0.0115,-0.00055,0.0015));
#3517=CARTESIAN_POINT('',(0.0155,-0.00055,0.0015));
#3518=CARTESIAN_POINT('',(0.,0.,0.0015));
#3519=CARTESIAN_POINT('',(-0.0135,6.12323399573677E-20,0.0015));
#3520=CARTESIAN_POINT('',(-0.0143351646544245,-0.00055,0.0015));
#3521=CARTESIAN_POINT('',(-0.0143351646544245,0.00055,0.0015));
#3522=CARTESIAN_POINT('',(-0.0155,0.00055,0.0015));
#3523=CARTESIAN_POINT('',(0.,-0.00055,0.0015));
#3524=CARTESIAN_POINT('',(-0.0115,-0.0065,0.0015));
#3525=CARTESIAN_POINT('',(-0.0115,0.00055,0.003));
#3526=CARTESIAN_POINT('',(-0.0115,-0.00055,0.003));
#3527=CARTESIAN_POINT('',(-0.0115,0.0095,0.0085));
#3528=CARTESIAN_POINT('',(-0.0115,-0.0065,0.0015));
#3529=CARTESIAN_POINT('',(-0.0115,-0.0065,0.00075));
#3530=CARTESIAN_POINT('',(-0.0115,-0.015,0.00075));
#3531=CARTESIAN_POINT('',(-0.0115,-0.00825,0.00075));
#3532=CARTESIAN_POINT('',(-0.0115,-0.00825,0.0015));
#3533=CARTESIAN_POINT('',(-0.0115,-0.0055,0.0015));
#3534=CARTESIAN_POINT('',(-0.0115,-0.0055,0.));
#3535=CARTESIAN_POINT('',(-0.0115,-0.0065,0.));
#3536=CARTESIAN_POINT('',(-0.0115,-0.015,0.));
#3537=CARTESIAN_POINT('',(-0.0115,-0.015,0.0015));
#3538=CARTESIAN_POINT('',(0.0115,-0.0095,0.0015));
#3539=CARTESIAN_POINT('',(0.0115,-0.0095,0.));
#3540=CARTESIAN_POINT('',(0.0115,-0.015,0.));
#3541=CARTESIAN_POINT('',(0.0115,-0.0055,0.));
#3542=CARTESIAN_POINT('',(0.0115,-0.0055,0.0015));
#3543=CARTESIAN_POINT('',(0.0115,-0.015,0.0015));
#3544=CARTESIAN_POINT('',(0.0115,-0.0095,0.0015));
#3545=CARTESIAN_POINT('',(0.0115,0.00055,0.003));
#3546=CARTESIAN_POINT('',(0.0115,-0.0095,0.0085));
#3547=CARTESIAN_POINT('',(0.0115,-0.00055,0.003));
#3548=CARTESIAN_POINT('',(0.,0.,0.));
#3549=CARTESIAN_POINT('',(0.,0.01125,0.));
#3550=CARTESIAN_POINT('',(0.00775,0.01125,0.));
#3551=CARTESIAN_POINT('',(-0.00775,0.01125,0.));
#3552=CARTESIAN_POINT('',(-0.00775,1.60048892128813E-18,0.));
#3553=CARTESIAN_POINT('',(-0.00775,-0.01125,0.));
#3554=CARTESIAN_POINT('',(0.007,-0.01125,0.));
#3555=CARTESIAN_POINT('',(0.00775,-0.01125,0.));
#3556=CARTESIAN_POINT('',(0.00775,0.0105,0.));
#3557=CARTESIAN_POINT('',(-0.0135,6.12323399573677E-20,0.));
#3558=CARTESIAN_POINT('',(-0.0125,6.12323399573677E-20,0.));
#3559=CARTESIAN_POINT('',(0.0135,6.12323399573677E-20,0.));
#3560=CARTESIAN_POINT('',(0.0145,6.12323399573677E-20,0.));
#3561=CARTESIAN_POINT('',(0.,0.00205,0.));
#3562=CARTESIAN_POINT('',(-0.0115,0.00205,0.));
#3563=CARTESIAN_POINT('',(-0.0115,0.,0.));
#3564=CARTESIAN_POINT('',(-0.013,0.0055,0.));
#3565=CARTESIAN_POINT('',(-0.0115,0.0055,0.));
#3566=CARTESIAN_POINT('',(-0.0115,0.0095,0.));
#3567=CARTESIAN_POINT('',(-0.0115,0.015,0.));
#3568=CARTESIAN_POINT('',(-0.01075,0.015,0.));
#3569=CARTESIAN_POINT('',(0.0115,0.015,0.));
#3570=CARTESIAN_POINT('',(0.0115,0.012,0.));
#3571=CARTESIAN_POINT('',(0.0115,0.0055,0.));
#3572=CARTESIAN_POINT('',(0.013,0.0055,0.));
#3573=CARTESIAN_POINT('',(0.0115,0.,0.));
#3574=CARTESIAN_POINT('',(0.0115,0.00205,1.38777878078145E-17));
#3575=CARTESIAN_POINT('',(0.,0.00205,0.));
#3576=CARTESIAN_POINT('',(0.,-0.00205,0.));
#3577=CARTESIAN_POINT('',(0.0115,-0.00205,1.38777878078145E-17));
#3578=CARTESIAN_POINT('',(0.0115,0.,0.));
#3579=CARTESIAN_POINT('',(0.013,-0.0055,0.));
#3580=CARTESIAN_POINT('',(-0.005,-0.015,0.));
#3581=CARTESIAN_POINT('',(-0.013,-0.0055,0.));
#3582=CARTESIAN_POINT('',(-0.0115,0.,0.));
#3583=CARTESIAN_POINT('',(-0.0115,-0.00205,1.38777878078145E-17));
#3584=CARTESIAN_POINT('',(0.,-0.00205,0.));
#3585=CARTESIAN_POINT('',(0.,0.,0.0015));
#3586=CARTESIAN_POINT('',(-0.00775,0.0105,0.0015));
#3587=CARTESIAN_POINT('',(-0.00775,-0.01125,0.0015));
#3588=CARTESIAN_POINT('',(-0.00775,0.01125,0.0015));
#3589=CARTESIAN_POINT('',(0.007,0.01125,0.0015));
#3590=CARTESIAN_POINT('',(0.00775,0.01125,0.0015));
#3591=CARTESIAN_POINT('',(0.00775,-1.60048892128813E-18,0.0015));
#3592=CARTESIAN_POINT('',(0.00775,-0.01125,0.0015));
#3593=CARTESIAN_POINT('',(-1.39397422176708E-18,-0.01125,0.0015));
#3594=CARTESIAN_POINT('',(-0.01,2.42054438508392E-18,0.0015));
#3595=CARTESIAN_POINT('',(-0.01,0.0125,0.0015));
#3596=CARTESIAN_POINT('',(-0.01,-0.00825,0.0015));
#3597=CARTESIAN_POINT('',(-0.01075,-0.00825,0.0015));
#3598=CARTESIAN_POINT('',(-0.01075,-0.009,0.0015));
#3599=CARTESIAN_POINT('',(-0.01075,0.,0.0015));
#3600=CARTESIAN_POINT('',(-0.01075,-0.01425,0.0015));
#3601=CARTESIAN_POINT('',(-3.46944695195361E-18,-0.01425,0.0015));
#3602=CARTESIAN_POINT('',(-3.46944695195361E-18,-0.01425,0.0015));
#3603=CARTESIAN_POINT('',(0.00075,-0.01425,0.0015));
#3604=CARTESIAN_POINT('',(0.00075,-0.0135,0.0015));
#3605=CARTESIAN_POINT('',(-2.60208521396521E-18,-0.0135,0.0015));
#3606=CARTESIAN_POINT('',(0.009,-0.0135,0.0015));
#3607=CARTESIAN_POINT('',(0.009,-0.0125,0.0015));
#3608=CARTESIAN_POINT('',(0.01,-0.0125,0.0015));
#3609=CARTESIAN_POINT('',(0.01,-1.61369625672261E-18,0.0015));
#3610=CARTESIAN_POINT('',(0.01,0.00825,0.0015));
#3611=CARTESIAN_POINT('',(0.01075,0.00825,0.0015));
#3612=CARTESIAN_POINT('',(0.01075,0.009,0.0015));
#3613=CARTESIAN_POINT('',(0.01075,0.015,0.0015));
#3614=CARTESIAN_POINT('',(0.01075,0.01425,0.0015));
#3615=CARTESIAN_POINT('',(0.,0.01425,0.0015));
#3616=CARTESIAN_POINT('',(-3.06161699786838E-19,0.01425,0.0015));
#3617=CARTESIAN_POINT('',(-0.00075,0.01425,0.0015));
#3618=CARTESIAN_POINT('',(-0.00075,0.0135,0.0015));
#3619=CARTESIAN_POINT('',(2.60208521396521E-18,0.0135,0.0015));
#3620=CARTESIAN_POINT('',(-0.009,0.0135,0.0015));
#3621=CARTESIAN_POINT('',(-0.009,0.0125,0.0015));
#3622=CARTESIAN_POINT('',(-0.0115,-0.0065,0.0015));
#3623=CARTESIAN_POINT('',(-0.0115,0.0055,0.0085));
#3624=CARTESIAN_POINT('',(-0.0115,0.015,0.0015));
#3625=CARTESIAN_POINT('',(-0.005,-0.015,0.0015));
#3626=CARTESIAN_POINT('',(0.00075,-0.015,0.0015));
#3627=CARTESIAN_POINT('',(0.00075,-0.015,0.00075));
#3628=CARTESIAN_POINT('',(-0.0115,-0.015,0.00075));
#3629=CARTESIAN_POINT('',(0.0115,-0.0095,0.0015));
#3630=CARTESIAN_POINT('',(0.0115,0.009,0.00075));
#3631=CARTESIAN_POINT('',(0.0115,0.015,0.00075));
#3632=CARTESIAN_POINT('',(0.0115,0.00825,0.00075));
#3633=CARTESIAN_POINT('',(0.0115,0.00825,0.0085));
#3634=CARTESIAN_POINT('',(0.0115,0.0055,0.));
#3635=CARTESIAN_POINT('',(0.0115,0.015,0.0015));
#3636=CARTESIAN_POINT('',(-0.01075,0.015,0.0015));
#3637=CARTESIAN_POINT('',(-0.00075,0.015,0.0015));
#3638=CARTESIAN_POINT('',(-0.00075,0.015,0.00075));
#3639=CARTESIAN_POINT('',(-0.01075,0.015,0.00075));
#3640=CARTESIAN_POINT('',(-0.0135,6.12323399573677E-20,0.0015));
#3641=CARTESIAN_POINT('',(-0.0143351646544245,-0.00055,0.0015));
#3642=CARTESIAN_POINT('',(-0.0141515297948704,-0.000828846080036001,0.0015));
#3643=CARTESIAN_POINT('',(-0.0135006784927179,-0.00117115181035634,0.00163818235941532));
#3644=CARTESIAN_POINT('',(-0.0128484728315351,-0.000828850068183275,0.0015));
#3645=CARTESIAN_POINT('',(-0.0126648353455755,-0.00055,0.0015));
#3646=CARTESIAN_POINT('',(-0.0126648353455755,0.00055,0.0015));
#3647=CARTESIAN_POINT('',(-0.0128484702051296,0.000828846080036002,0.0015));
#3648=CARTESIAN_POINT('',(-0.0134993215072821,0.00117115181035634,0.00163818235941532));
#3649=CARTESIAN_POINT('',(-0.0141515271684649,0.000828850068183275,0.0015));
#3650=CARTESIAN_POINT('',(-0.0143351646544245,0.00055,0.0015));
#3651=CARTESIAN_POINT('',(0.0135,6.12323399573677E-20,0.0015));
#3652=CARTESIAN_POINT('',(0.0143351646544245,0.00055,0.0015));
#3653=CARTESIAN_POINT('',(0.0141515297948704,0.000828846080036002,0.0015));
#3654=CARTESIAN_POINT('',(0.0135006784927179,0.00117115181035634,0.00163818235941532));
#3655=CARTESIAN_POINT('',(0.0128484728315351,0.000828850068183275,0.0015));
#3656=CARTESIAN_POINT('',(0.0126648353455755,0.00055,0.0015));
#3657=CARTESIAN_POINT('',(0.0126648353455755,-0.00055,0.0015));
#3658=CARTESIAN_POINT('',(0.0128484702051296,-0.000828846080036002,0.0015));
#3659=CARTESIAN_POINT('',(0.0134993215072821,-0.00117115181035634,0.00163818235941532));
#3660=CARTESIAN_POINT('',(0.0141515271684649,-0.000828850068183275,0.0015));
#3661=CARTESIAN_POINT('',(0.0143351646544245,-0.00055,0.0015));
#3662=CARTESIAN_POINT('',(0.01,-0.00175,0.0085));
#3663=CARTESIAN_POINT('',(0.01,0.00825,0.0085));
#3664=CARTESIAN_POINT('',(0.01,-0.0125,0.0085));
#3665=CARTESIAN_POINT('',(0.01,-0.00175,0.0085));
#3666=CARTESIAN_POINT('',(0.01,-0.00175,0.0085));
#3667=CARTESIAN_POINT('',(0.01,-0.00175,0.0085));
#3668=CARTESIAN_POINT('',(0.009,-0.0125,0.0085));
#3669=CARTESIAN_POINT('',(0.009,-0.0135,0.0085));
#3670=CARTESIAN_POINT('',(0.0045,-0.0135,0.0085));
#3671=CARTESIAN_POINT('',(0.00075,-0.0135,0.0085));
#3672=CARTESIAN_POINT('',(0.,0.,0.0085));
#3673=CARTESIAN_POINT('',(-0.01,0.00175,0.0085));
#3674=CARTESIAN_POINT('',(-0.01,-0.00825,0.0015));
#3675=CARTESIAN_POINT('',(-0.01,0.0125,0.0085));
#3676=CARTESIAN_POINT('',(-0.01,0.00175,0.0085));
#3677=CARTESIAN_POINT('',(-0.01,0.00175,0.0085));
#3678=CARTESIAN_POINT('',(-0.01,0.00175,0.0085));
#3679=CARTESIAN_POINT('',(-0.009,0.0125,0.0085));
#3680=CARTESIAN_POINT('',(-0.009,0.0135,0.0085));
#3681=CARTESIAN_POINT('',(-0.0045,0.0135,0.0085));
#3682=CARTESIAN_POINT('',(-0.00075,0.0135,0.0085));
#3683=CARTESIAN_POINT('',(0.,0.,0.0085));
#3684=CARTESIAN_POINT('',(0.,0.,-0.002));
#3685=CARTESIAN_POINT('',(-0.0135,-0.00205,-0.002));
#3686=CARTESIAN_POINT('',(-0.0115,-0.00205,-0.002));
#3687=CARTESIAN_POINT('',(-0.0115,-0.003025,-0.002));
#3688=CARTESIAN_POINT('',(-0.0135,-0.00205,0.04));
#3689=CARTESIAN_POINT('',(-0.0115,-0.00205,0.04));
#3690=CARTESIAN_POINT('',(-0.0115,-0.003025,0.04));
#3691=CARTESIAN_POINT('',(0.,0.,-0.002));
#3692=CARTESIAN_POINT('',(0.0135,0.00205,-0.002));
#3693=CARTESIAN_POINT('',(0.0115,0.00205,-0.002));
#3694=CARTESIAN_POINT('',(0.0115,0.003025,-0.002));
#3695=CARTESIAN_POINT('',(0.0135,0.00205,0.04));
#3696=CARTESIAN_POINT('',(0.0115,0.00205,0.04));
#3697=CARTESIAN_POINT('',(0.0115,0.003025,0.04));
#3698=CARTESIAN_POINT('',(0.,0.,-0.002));
#3699=CARTESIAN_POINT('',(0.0115,-0.003025,-0.002));
#3700=CARTESIAN_POINT('',(0.0115,-0.00205,-0.002));
#3701=CARTESIAN_POINT('',(0.0135,-0.00205,-0.002));
#3702=CARTESIAN_POINT('',(0.0115,-0.003025,0.04));
#3703=CARTESIAN_POINT('',(0.0115,-0.00205,0.04));
#3704=CARTESIAN_POINT('',(0.0135,-0.00205,0.04));
#3705=CARTESIAN_POINT('',(0.,0.,-0.002));
#3706=CARTESIAN_POINT('',(-0.0135,0.00205,-0.002));
#3707=CARTESIAN_POINT('',(-0.0115,0.00205,-0.002));
#3708=CARTESIAN_POINT('',(-0.0115,0.003025,-0.002));
#3709=CARTESIAN_POINT('',(-0.0115,0.003025,0.04));
#3710=CARTESIAN_POINT('',(-0.0115,0.00205,0.04));
#3711=CARTESIAN_POINT('',(-0.0135,0.00205,0.04));
#3712=CARTESIAN_POINT('',(-3.46944695195361E-18,3.46944695195361E-18,0.0385));
#3713=CARTESIAN_POINT('',(-3.46944695195361E-18,0.00055,0.0385));
#3714=CARTESIAN_POINT('',(-0.017,0.00055,0.0385));
#3715=CARTESIAN_POINT('',(-0.01,0.00055,0.0385));
#3716=CARTESIAN_POINT('',(-0.01,0.004,0.0385));
#3717=CARTESIAN_POINT('',(-0.01,0.0055,0.0385));
#3718=CARTESIAN_POINT('',(-3.46944695195361E-18,0.0055,0.0385));
#3719=CARTESIAN_POINT('',(-0.017,0.0055,0.0385));
#3720=CARTESIAN_POINT('',(-0.017,3.46944695195361E-18,0.0385));
#3721=CARTESIAN_POINT('',(-0.01,-0.00205,0.0385));
#3722=CARTESIAN_POINT('',(-0.01,-0.0055,0.0385));
#3723=CARTESIAN_POINT('',(-0.01,-0.00055,0.0385));
#3724=CARTESIAN_POINT('',(-0.0155,-0.00055,0.0385));
#3725=CARTESIAN_POINT('',(-0.017,-0.00055,0.0385));
#3726=CARTESIAN_POINT('',(-0.017,3.46944695195361E-18,0.0385));
#3727=CARTESIAN_POINT('',(-0.017,-0.0055,0.0385));
#3728=CARTESIAN_POINT('',(-0.0115,-0.0055,0.0385));
#3729=CARTESIAN_POINT('',(-3.46944695195361E-18,-0.00055,0.0385));
#3730=CARTESIAN_POINT('',(0.017,-0.00055,0.0385));
#3731=CARTESIAN_POINT('',(0.01,-0.00055,0.0385));
#3732=CARTESIAN_POINT('',(0.01,3.46944695195361E-18,0.0385));
#3733=CARTESIAN_POINT('',(0.01,-0.0055,0.0385));
#3734=CARTESIAN_POINT('',(-3.46944695195361E-18,-0.0055,0.0385));
#3735=CARTESIAN_POINT('',(0.017,-0.0055,0.0385));
#3736=CARTESIAN_POINT('',(0.017,-0.00205,0.0385));
#3737=CARTESIAN_POINT('',(0.0115,0.0055,0.0385));
#3738=CARTESIAN_POINT('',(0.017,0.0055,0.0385));
#3739=CARTESIAN_POINT('',(0.01,0.0055,0.0385));
#3740=CARTESIAN_POINT('',(0.01,3.46944695195361E-18,0.0385));
#3741=CARTESIAN_POINT('',(0.01,0.00055,0.0385));
#3742=CARTESIAN_POINT('',(0.0155,0.00055,0.0385));
#3743=CARTESIAN_POINT('',(0.017,0.00055,0.0385));
#3744=CARTESIAN_POINT('',(0.017,0.004,0.0385));
#3745=CARTESIAN_POINT('',(-0.0215,0.01,0.0385));
#3746=CARTESIAN_POINT('',(-0.0215,0.006,0.0385));
#3747=CARTESIAN_POINT('',(-0.0215,0.014,0.0385));
#3748=CARTESIAN_POINT('',(-0.014,0.006,0.0385));
#3749=CARTESIAN_POINT('',(-0.0065,0.006,0.0385));
#3750=CARTESIAN_POINT('',(-0.0065,0.01,0.0385));
#3751=CARTESIAN_POINT('',(-0.0065,0.014,0.0385));
#3752=CARTESIAN_POINT('',(-0.014,0.014,0.0385));
#3753=CARTESIAN_POINT('',(-0.0065,-0.01,0.0385));
#3754=CARTESIAN_POINT('',(-0.0065,-0.014,0.0385));
#3755=CARTESIAN_POINT('',(-0.0065,-0.006,0.0385));
#3756=CARTESIAN_POINT('',(-0.014,-0.006,0.0385));
#3757=CARTESIAN_POINT('',(-0.0215,-0.006,0.0385));
#3758=CARTESIAN_POINT('',(-0.0215,-0.01,0.0385));
#3759=CARTESIAN_POINT('',(-0.0215,-0.014,0.0385));
#3760=CARTESIAN_POINT('',(-0.014,-0.014,0.0385));
#3761=CARTESIAN_POINT('',(0.014,-0.006,0.0385));
#3762=CARTESIAN_POINT('',(0.0215,-0.006,0.0385));
#3763=CARTESIAN_POINT('',(0.0065,-0.006,0.0385));
#3764=CARTESIAN_POINT('',(0.0065,-0.01,0.0385));
#3765=CARTESIAN_POINT('',(0.0065,-0.014,0.0385));
#3766=CARTESIAN_POINT('',(0.014,-0.014,0.0385));
#3767=CARTESIAN_POINT('',(0.0215,-0.014,0.0385));
#3768=CARTESIAN_POINT('',(0.0215,-0.01,0.0385));
#3769=CARTESIAN_POINT('',(0.0065,0.01,0.0385));
#3770=CARTESIAN_POINT('',(0.0065,0.014,0.0385));
#3771=CARTESIAN_POINT('',(0.0065,0.006,0.0385));
#3772=CARTESIAN_POINT('',(0.014,0.006,0.0385));
#3773=CARTESIAN_POINT('',(0.0215,0.006,0.0385));
#3774=CARTESIAN_POINT('',(0.0215,0.01,0.0385));
#3775=CARTESIAN_POINT('',(0.0215,0.014,0.0385));
#3776=CARTESIAN_POINT('',(0.014,0.014,0.0385));
#3777=CARTESIAN_POINT('',(0.,0.0175,0.0385));
#3778=CARTESIAN_POINT('',(-0.0245,0.0175,0.0385));
#3779=CARTESIAN_POINT('',(0.0245,0.0175,0.0385));
#3780=CARTESIAN_POINT('',(0.0245,0.0125,0.0385));
#3781=CARTESIAN_POINT('',(0.0295,0.0125,0.0385));
#3782=CARTESIAN_POINT('',(0.0295,1.7347234759768E-18,0.0385));
#3783=CARTESIAN_POINT('',(0.0295,-0.0125,0.0385));
#3784=CARTESIAN_POINT('',(0.0245,-0.0125,0.0385));
#3785=CARTESIAN_POINT('',(0.0245,-0.0175,0.0385));
#3786=CARTESIAN_POINT('',(0.,-0.0175,0.0385));
#3787=CARTESIAN_POINT('',(-0.0245,-0.0175,0.0385));
#3788=CARTESIAN_POINT('',(-0.0245,-0.0125,0.0385));
#3789=CARTESIAN_POINT('',(-0.0295,-0.0125,0.0385));
#3790=CARTESIAN_POINT('',(-0.0295,0.,0.0385));
#3791=CARTESIAN_POINT('',(-0.0295,0.0125,0.0385));
#3792=CARTESIAN_POINT('',(-0.0245,0.0125,0.0385));
#3793=CARTESIAN_POINT('',(0.,0.0175,0.0385));
#3794=CARTESIAN_POINT('',(0.,0.0175,0.04));
#3795=CARTESIAN_POINT('',(-0.0245,0.0175,0.04));
#3796=CARTESIAN_POINT('',(0.0245,0.0175,0.04));
#3797=CARTESIAN_POINT('',(0.0245,0.0175,0.0385));
#3798=CARTESIAN_POINT('',(-0.0245,0.0175,0.0385));
#3799=CARTESIAN_POINT('',(-0.0245,0.0125,0.0385));
#3800=CARTESIAN_POINT('',(-0.0245,0.0125,0.04));
#3801=CARTESIAN_POINT('',(-0.0295,0.0125,0.04));
#3802=CARTESIAN_POINT('',(-0.0295,0.0125,0.0385));
#3803=CARTESIAN_POINT('',(-0.0295,0.,0.0385));
#3804=CARTESIAN_POINT('',(-0.0295,0.,0.04));
#3805=CARTESIAN_POINT('',(-0.0295,-0.0125,0.04));
#3806=CARTESIAN_POINT('',(-0.0295,-0.0125,0.0385));
#3807=CARTESIAN_POINT('',(-0.0245,-0.0125,0.0385));
#3808=CARTESIAN_POINT('',(-0.0245,-0.0125,0.04));
#3809=CARTESIAN_POINT('',(-0.0245,-0.0175,0.04));
#3810=CARTESIAN_POINT('',(-0.0245,-0.0175,0.0385));
#3811=CARTESIAN_POINT('',(0.,-0.0175,0.0385));
#3812=CARTESIAN_POINT('',(0.,-0.0175,0.04));
#3813=CARTESIAN_POINT('',(0.0245,-0.0175,0.04));
#3814=CARTESIAN_POINT('',(0.0245,-0.0175,0.0385));
#3815=CARTESIAN_POINT('',(0.0245,-0.0125,0.0385));
#3816=CARTESIAN_POINT('',(0.0245,-0.0125,0.04));
#3817=CARTESIAN_POINT('',(0.0295,-0.0125,0.04));
#3818=CARTESIAN_POINT('',(0.0295,-0.0125,0.0385));
#3819=CARTESIAN_POINT('',(0.0295,1.7347234759768E-18,0.0385));
#3820=CARTESIAN_POINT('',(0.0295,1.7347234759768E-18,0.04));
#3821=CARTESIAN_POINT('',(0.0295,0.0125,0.04));
#3822=CARTESIAN_POINT('',(0.0295,0.0125,0.0385));
#3823=CARTESIAN_POINT('',(0.0065,0.01,0.0385));
#3824=CARTESIAN_POINT('',(0.0065,0.01,0.04));
#3825=CARTESIAN_POINT('',(0.0065,0.014,0.04));
#3826=CARTESIAN_POINT('',(0.0065,0.006,0.04));
#3827=CARTESIAN_POINT('',(0.0065,0.006,0.0385));
#3828=CARTESIAN_POINT('',(0.0065,0.014,0.0385));
#3829=CARTESIAN_POINT('',(0.014,0.014,0.0385));
#3830=CARTESIAN_POINT('',(0.014,0.014,0.04));
#3831=CARTESIAN_POINT('',(0.0215,0.014,0.04));
#3832=CARTESIAN_POINT('',(0.0215,0.014,0.0385));
#3833=CARTESIAN_POINT('',(0.0215,0.01,0.0385));
#3834=CARTESIAN_POINT('',(0.0215,0.01,0.04));
#3835=CARTESIAN_POINT('',(0.0215,0.006,0.04));
#3836=CARTESIAN_POINT('',(0.0215,0.006,0.0385));
#3837=CARTESIAN_POINT('',(0.014,-0.006,0.0385));
#3838=CARTESIAN_POINT('',(0.014,-0.006,0.04));
#3839=CARTESIAN_POINT('',(0.0215,-0.006,0.04));
#3840=CARTESIAN_POINT('',(0.0065,-0.006,0.04));
#3841=CARTESIAN_POINT('',(0.0065,-0.006,0.0385));
#3842=CARTESIAN_POINT('',(0.0215,-0.006,0.0385));
#3843=CARTESIAN_POINT('',(0.0215,-0.01,0.0385));
#3844=CARTESIAN_POINT('',(0.0215,-0.01,0.04));
#3845=CARTESIAN_POINT('',(0.0215,-0.014,0.04));
#3846=CARTESIAN_POINT('',(0.0215,-0.014,0.0385));
#3847=CARTESIAN_POINT('',(0.014,-0.014,0.0385));
#3848=CARTESIAN_POINT('',(0.014,-0.014,0.04));
#3849=CARTESIAN_POINT('',(0.0065,-0.014,0.04));
#3850=CARTESIAN_POINT('',(0.0065,-0.014,0.0385));
#3851=CARTESIAN_POINT('',(-0.0065,-0.01,0.0385));
#3852=CARTESIAN_POINT('',(-0.0065,-0.01,0.04));
#3853=CARTESIAN_POINT('',(-0.0065,-0.014,0.04));
#3854=CARTESIAN_POINT('',(-0.0065,-0.006,0.04));
#3855=CARTESIAN_POINT('',(-0.0065,-0.006,0.0385));
#3856=CARTESIAN_POINT('',(-0.0065,-0.014,0.0385));
#3857=CARTESIAN_POINT('',(-0.014,-0.014,0.0385));
#3858=CARTESIAN_POINT('',(-0.014,-0.014,0.04));
#3859=CARTESIAN_POINT('',(-0.0215,-0.014,0.04));
#3860=CARTESIAN_POINT('',(-0.0215,-0.014,0.0385));
#3861=CARTESIAN_POINT('',(-0.0215,-0.01,0.0385));
#3862=CARTESIAN_POINT('',(-0.0215,-0.01,0.04));
#3863=CARTESIAN_POINT('',(-0.0215,-0.006,0.04));
#3864=CARTESIAN_POINT('',(-0.0215,-0.006,0.0385));
#3865=CARTESIAN_POINT('',(-0.0215,0.01,0.0385));
#3866=CARTESIAN_POINT('',(-0.0215,0.01,0.04));
#3867=CARTESIAN_POINT('',(-0.0215,0.006,0.04));
#3868=CARTESIAN_POINT('',(-0.0215,0.014,0.04));
#3869=CARTESIAN_POINT('',(-0.0215,0.006,0.0385));
#3870=CARTESIAN_POINT('',(-0.0215,0.014,0.0385));
#3871=CARTESIAN_POINT('',(-0.014,0.014,0.0385));
#3872=CARTESIAN_POINT('',(-0.014,0.014,0.04));
#3873=CARTESIAN_POINT('',(-0.0065,0.014,0.04));
#3874=CARTESIAN_POINT('',(-0.0065,0.014,0.0385));
#3875=CARTESIAN_POINT('',(-0.0065,0.01,0.0385));
#3876=CARTESIAN_POINT('',(-0.0065,0.01,0.04));
#3877=CARTESIAN_POINT('',(-0.0065,0.006,0.04));
#3878=CARTESIAN_POINT('',(-0.0065,0.006,0.0385));
#3879=CARTESIAN_POINT('',(0.014,0.006,0.0385));
#3880=CARTESIAN_POINT('',(0.014,0.006,0.04));
#3881=CARTESIAN_POINT('',(0.0065,-0.01,0.0385));
#3882=CARTESIAN_POINT('',(0.0065,-0.01,0.04));
#3883=CARTESIAN_POINT('',(-0.014,-0.006,0.0385));
#3884=CARTESIAN_POINT('',(-0.014,-0.006,0.04));
#3885=CARTESIAN_POINT('',(-0.014,0.006,0.0385));
#3886=CARTESIAN_POINT('',(-0.014,0.006,0.04));
#3887=CARTESIAN_POINT('',(0.0245,0.0125,0.0385));
#3888=CARTESIAN_POINT('',(0.0245,0.0125,0.04));
#3889=CARTESIAN_POINT('',(0.,0.,0.04));
#3890=CARTESIAN_POINT('',(0.013,0.0055,0.0015));
#3891=CARTESIAN_POINT('',(0.013,0.0055,0.01));
#3892=CARTESIAN_POINT('',(0.013,-0.0055,0.0015));
#3893=CARTESIAN_POINT('',(0.013,-0.0055,0.01));
#3894=CARTESIAN_POINT('',(-0.013,-0.0055,0.0015));
#3895=CARTESIAN_POINT('',(-0.013,-0.0055,0.01));
#3896=CARTESIAN_POINT('',(-0.013,0.0055,0.0015));
#3897=CARTESIAN_POINT('',(-0.013,0.0055,0.01));
#3898=CARTESIAN_POINT('',(-3.46944695195361E-18,-0.0055,0.037));
#3899=CARTESIAN_POINT('',(-0.017,-0.0055,0.037));
#3900=CARTESIAN_POINT('',(-0.01,-0.0055,0.037));
#3901=CARTESIAN_POINT('',(-0.01,3.46944695195361E-18,0.037));
#3902=CARTESIAN_POINT('',(-0.01,-0.00055,0.037));
#3903=CARTESIAN_POINT('',(-0.017,-0.003025,0.037));
#3904=CARTESIAN_POINT('',(-0.017,-0.00055,0.037));
#3905=CARTESIAN_POINT('',(-3.46944695195361E-18,-0.00055,0.037));
#3906=CARTESIAN_POINT('',(-0.017,-0.003025,0.037));
#3907=CARTESIAN_POINT('',(-0.017,0.0055,0.037));
#3908=CARTESIAN_POINT('',(-0.017,0.00055,0.037));
#3909=CARTESIAN_POINT('',(-0.0135,0.00055,0.037));
#3910=CARTESIAN_POINT('',(-0.01,0.00055,0.037));
#3911=CARTESIAN_POINT('',(-0.0135,0.0055,0.037));
#3912=CARTESIAN_POINT('',(-0.01,0.0055,0.037));
#3913=CARTESIAN_POINT('',(-0.01,3.46944695195361E-18,0.037));
#3914=CARTESIAN_POINT('',(0.017,3.46944695195361E-18,0.037));
#3915=CARTESIAN_POINT('',(0.017,-0.00055,0.037));
#3916=CARTESIAN_POINT('',(0.017,-0.0055,0.037));
#3917=CARTESIAN_POINT('',(0.0135,-0.0055,0.037));
#3918=CARTESIAN_POINT('',(0.01,-0.0055,0.037));
#3919=CARTESIAN_POINT('',(0.0135,-0.00055,0.037));
#3920=CARTESIAN_POINT('',(0.01,-0.00055,0.037));
#3921=CARTESIAN_POINT('',(0.01,-0.003025,0.037));
#3922=CARTESIAN_POINT('',(0.017,3.46944695195361E-18,0.037));
#3923=CARTESIAN_POINT('',(0.017,0.0055,0.037));
#3924=CARTESIAN_POINT('',(0.017,0.00055,0.037));
#3925=CARTESIAN_POINT('',(-3.46944695195361E-18,0.00055,0.037));
#3926=CARTESIAN_POINT('',(0.01,0.00055,0.037));
#3927=CARTESIAN_POINT('',(-3.46944695195361E-18,0.0055,0.037));
#3928=CARTESIAN_POINT('',(0.01,0.0055,0.037));
#3929=CARTESIAN_POINT('',(0.01,0.003025,0.037));
#3930=CARTESIAN_POINT('',(-0.0135,0.00055,0.003));
#3931=CARTESIAN_POINT('',(0.,-0.00055,0.003));
#3932=CARTESIAN_POINT('',(0.,0.00055,0.003));
#3933=CARTESIAN_POINT('',(0.0135,-0.00055,0.003));
#3934=CARTESIAN_POINT('',(0.01,0.,0.01));
#3935=CARTESIAN_POINT('',(0.01,0.0055,0.01));
#3936=CARTESIAN_POINT('',(0.0135,0.0055,0.01));
#3937=CARTESIAN_POINT('',(0.01,0.,0.01));
#3938=CARTESIAN_POINT('',(0.01,-0.0055,0.01));
#3939=CARTESIAN_POINT('',(0.0135,-0.0055,0.01));
#3940=CARTESIAN_POINT('',(-0.01,-0.003025,0.01));
#3941=CARTESIAN_POINT('',(-0.01,-0.0055,0.01));
#3942=CARTESIAN_POINT('',(-0.0135,-0.0055,0.01));
#3943=CARTESIAN_POINT('',(-0.01,0.003025,0.01));
#3944=CARTESIAN_POINT('',(-0.01,0.0055,0.01));
#3945=CARTESIAN_POINT('',(-0.0135,0.0055,0.01));
#3946=CARTESIAN_POINT('',(-0.01075,-0.00825,0.0085));
#3947=CARTESIAN_POINT('',(-0.01075,-0.00825,0.00075));
#3948=CARTESIAN_POINT('',(-0.01075,-0.0065,0.00075));
#3949=CARTESIAN_POINT('',(-0.01075,-0.01425,0.00075));
#3950=CARTESIAN_POINT('',(0.,-0.01425,0.00075));
#3951=CARTESIAN_POINT('',(0.00075,-0.01425,0.00075));
#3952=CARTESIAN_POINT('',(0.00075,-0.01425,0.0015));
#3953=CARTESIAN_POINT('',(0.01075,0.00825,0.0085));
#3954=CARTESIAN_POINT('',(0.01075,0.00825,0.00075));
#3955=CARTESIAN_POINT('',(0.01075,0.,0.00075));
#3956=CARTESIAN_POINT('',(0.01075,0.01425,0.00075));
#3957=CARTESIAN_POINT('',(-0.00075,0.01425,0.0085));
#3958=CARTESIAN_POINT('',(-0.00075,0.01425,0.00075));
#3959=CARTESIAN_POINT('',(-0.01075,0.01425,0.00075));
#3960=CARTESIAN_POINT('',(0.00775,-1.88960950061759E-18,0.00075));
#3961=CARTESIAN_POINT('',(0.00775,-0.01125,0.00075));
#3962=CARTESIAN_POINT('',(0.00775,0.01125,0.00075));
#3963=CARTESIAN_POINT('',(-3.56237856673808E-18,-0.01125,0.00075));
#3964=CARTESIAN_POINT('',(-0.00775,-0.01125,0.00075));
#3965=CARTESIAN_POINT('',(0.,0.01125,0.00075));
#3966=CARTESIAN_POINT('',(-0.00775,0.01125,0.00075));
#3967=CARTESIAN_POINT('',(-0.00775,1.60048892128813E-18,0.00075));
#3968=MECHANICAL_DESIGN_GEOMETRIC_PRESENTATION_REPRESENTATION('',(#2365),
#3969);
#3969=(
GEOMETRIC_REPRESENTATION_CONTEXT(3)
GLOBAL_UNCERTAINTY_ASSIGNED_CONTEXT((#3970))
GLOBAL_UNIT_ASSIGNED_CONTEXT((#3973,#3972,#3971))
REPRESENTATION_CONTEXT('Battery Holder','TOP_LEVEL_ASSEMBLY_PART')
);
#3970=UNCERTAINTY_MEASURE_WITH_UNIT(LENGTH_MEASURE(2.E-5),#3973,
'DISTANCE_ACCURACY_VALUE','Maximum Tolerance applied to model');
#3971=(
NAMED_UNIT(*)
SI_UNIT($,.STERADIAN.)
SOLID_ANGLE_UNIT()
);
#3972=(
NAMED_UNIT(*)
PLANE_ANGLE_UNIT()
SI_UNIT($,.RADIAN.)
);
#3973=(
LENGTH_UNIT()
NAMED_UNIT(*)
SI_UNIT($,.METRE.)
);
#3974=PRODUCT_DEFINITION_SHAPE('','',#3975);
#3975=PRODUCT_DEFINITION('','',#3977,#3976);
#3976=PRODUCT_DEFINITION_CONTEXT('',#3983,'design');
#3977=PRODUCT_DEFINITION_FORMATION_WITH_SPECIFIED_SOURCE('','',#3979,
 .NOT_KNOWN.);
#3978=PRODUCT_RELATED_PRODUCT_CATEGORY('','',(#3979));
#3979=PRODUCT('Battery Holder','Battery Holder','Battery Holder',(#3981));
#3980=PRODUCT_CATEGORY('','');
#3981=PRODUCT_CONTEXT('',#3983,'mechanical');
#3982=APPLICATION_PROTOCOL_DEFINITION('international standard',
'ap242_managed_model_based_3d_engineering',2020,#3983);
#3983=APPLICATION_CONTEXT('managed model based 3d engineering');
ENDSEC;
END-ISO-10303-21;
